loan_id,collateral_type,city,state,zip,value,vehicle_year,vehicle_make,vehicle_model,cross_foot,insurable_value
loan_id_0155,1110, , , ,$0.00 , , , ,$0.00 ,$0.00 
loan_id_0452,1110, , , ,$0.00 , , , ,$0.00 ,$0.00 
loan_id_2014,1110, , , ,$0.00 , , , ,$0.00 ,$0.00 
loan_id_2046,1110, , , ,$0.00 , , , ,$0.00 ,$0.00 
loan_id_0213,1110, , , ,"$2,318,606.00 ", , , ,$0.00 ,$0.00 
loan_id_0773,1110,GRANTS PASS,OR,97526,$0.00 , , , ,$0.00 ,$0.00 
loan_id_2230,1110, , , ,$0.00 , , , ,$0.00 ,$0.00 
loan_id_1440,1110, , , ,$0.00 , , , ,$0.00 ,$0.00 
loan_id_1771,1110, , , ,$0.00 , , , ,$0.00 ,$0.00 
loan_id_0733,1110, , , ,$0.00 , , , ,$0.00 ,$0.00 
loan_id_2016,1110, , , ,$0.00 , , , ,$0.00 ,$0.00 
loan_id_2015,1110, , , ,$0.00 , , , ,$0.00 ,$0.00 
loan_id_1564,1110, , , ,$0.00 , , , ,$0.00 ,$0.00 
loan_id_1771,1110, , , ,$0.00 , , , ,$0.00 ,$0.00 
loan_id_1771,1110, , , ,$0.00 , , , ,$0.00 ,$0.00 
loan_id_0733,1110, , , ,$0.00 , , , ,$0.00 ,$0.00 
loan_id_2073,1110, , , ,$0.00 , , , ,$0.00 ,$0.00 
loan_id_0277,1110, , , ,$0.00 , , , ,$0.00 ,$0.00 
loan_id_2009,1125,CAVE JUNCTION,OR,97523,"$1,630,000.00 ", , , ,$0.00 ,$0.00 
loan_id_0099,1125,ST PAUL,OR,97137,"$5,600,000.00 ", , , ,$0.00 ,"$1,174,959.00 "
loan_id_0109,1125,MEDFORD,OR,97504,"$4,000,000.00 ", , , ,$0.00 ,"$500,000.00 "
loan_id_0941,1125,MOLALLA,OR,97038,"$1,330,000.00 ", , , ,$0.00 ,$0.00 
loan_id_0942,1125,MOLALLA,OR,97038,"$1,330,000.00 ", , , ,$0.00 ,$0.00 
loan_id_0099,1125, ,ID, ,$0.00 , , , ,$0.00 ,"$117,200.00 "
loan_id_1893,1125,BROWNSVILLE,OR,97327,"$2,700,000.00 ", , , ,$0.00 ,$0.00 
loan_id_1851,1125, ,OR, ,"$1,100,000.00 ", , , ,$0.00 ,$0.00 
loan_id_1859,1125,LOSTINE,OR,97857,"$281,400.00 ", , , ,$0.00 ,$0.00 
loan_id_0110,1125,PHOENIX,OR,97535,"$735,000.00 ", , , ,$0.00 ,$0.00 
loan_id_0099,1125,ST PAUL,OR,97137,"$850,000.00 ", , , ,$0.00 ,$0.00 
loan_id_0697,1125,BROWNSVILLE,OR,97327,"$1,720,000.00 ", , , ,$0.00 ,$0.00 
loan_id_0099,1125,SAINT PAUL,OR, ,"$1,800,000.00 ", , , ,$0.00 ,$0.00 
loan_id_1463,1140,MEDFORD,OR,97501,"$320,588.00 ", , , ,$0.00 ,"$247,588.00 "
loan_id_1454,1140,MEDFORD,OR,97501,"$350,000.00 ", , , ,$0.00 ,$0.00 
loan_id_1453,1140, ,OR,97501,"$350,000.00 ", , , ,$0.00 ,$0.00 
loan_id_1457,1140,MEDFORD,OR,97501,"$350,000.00 ", , , ,$0.00 ,$0.00 
loan_id_1456,1140,MEDFORD,OR,97501,"$350,000.00 ", , , ,$0.00 ,$0.00 
loan_id_1445,1140,MEDFORD,OR,97501,"$320,588.00 ", , , ,$0.00 ,"$247,588.00 "
loan_id_1983,1140,EAGLE POINT,OR,97524,"$492,000.00 ", , , ,$0.00 ,"$397,426.00 "
loan_id_1668,1140,EUGENE,OR,97405,"$796,490.00 ", , , ,$0.00 ,"$665,490.00 "
loan_id_1973,1141,CENTRAL POINT,OR,97502,"$575,000.00 ", , , ,$0.00 ,"$504,200.00 "
loan_id_1974,1141,CENTRAL POINT,OR,97502,"$575,000.00 ", , , ,$0.00 ,"$504,200.00 "
loan_id_1972,1141,CENTRAL POINT,OR,97502,"$575,000.00 ", , , ,$0.00 ,$0.00 
loan_id_1122,1141,ASHLAND,OR,97520,"$752,000.00 ", , , ,$0.00 ,"$530,000.00 "
loan_id_2181,1141,EAGLE POINT,OR,97524,"$420,000.00 ", , , ,$0.00 ,"$343,689.00 "
loan_id_1121,1141,ASHLAND,OR,97520,"$775,000.00 ", , , ,$0.00 ,$0.00 
loan_id_1455,1141,MEDFORD,OR,97501,"$350,000.00 ", , , ,$0.00 ,$0.00 
loan_id_1459,1141,MEDFORD,OR,97501,"$350,000.00 ", , , ,$0.00 ,$0.00 
loan_id_1460,1141,MEDFORD,OR,97501,"$283,834.00 ", , , ,$0.00 ,$0.00 
loan_id_1452,1141,MEDFORD,OR,97501,"$215,000.00 ", , , ,$0.00 ,"$174,078.00 "
loan_id_1969,1141,CENTRAL POINT,OR,97502,"$470,000.00 ", , , ,$0.00 ,$0.00 
loan_id_1970,1141,CENTRAL POINT,OR,97502,"$470,000.00 ", , , ,$0.00 ,$0.00 
loan_id_1968,1141,CENTRAL POINT,OR,97502,"$470,000.00 ", , , ,$0.00 ,$0.00 
loan_id_0945,1144,EUGENE ,OR,97404,"$705,000.00 ", , , ,$0.00 ,$0.00 
loan_id_0662,1144,GRANTS PASS,OR,97527,"$915,000.00 ", , , ,$0.00 ,$0.00 
loan_id_0973,1144,MEDFORD,OR,97501,"$1,495,000.00 ", , , ,$0.00 ,"$330,746.00 "
loan_id_2312,1144,CENTRAL POINT,OR,97502,"$5,100,000.00 ", , , ,$0.00 ,$0.00 
loan_id_2037,1144,MEDFORD,OR,97501,"$1,280,000.00 ", , , ,$0.00 ,$0.00 
loan_id_0001,1145,MEDFORD,OR,97501,"$365,000.00 ", , , ,"$1,242,920.00 ",$0.00 
loan_id_0372,1145,IDANHA ,OR,97350,"$51,000.00 ", , , ,$0.00 ,$0.00 
loan_id_2370,1146,SALEM,OR,97317,"$1,540,000.00 ", , , ,$0.00 ,"$1,200,000.00 "
loan_id_0919,1146,GRANTS PASS,OR,97526,"$2,860,000.00 ", , , ,$0.00 ,"$1,300,000.00 "
loan_id_0448,1148,KLAMATH FALLS,OR,97601,"$105,000.00 ", , , ,"$290,000.00 ","$400,312.00 "
loan_id_0179,1148,MYRTLE CREEK,OR,97457,"$415,000.00 ", , , ,$0.00 ,"$337,748.00 "
loan_id_1766,1148,WHITE CITY,OR,97503,"$2,150,000.00 ", , , ,$0.00 ,$0.00 
loan_id_1305,1148,DRAIN,OR,97435,"$367,500.00 ", , , ,$0.00 ,"$220,553.00 "
loan_id_0802,1148,GRANTS PASS,OR,97526,"$450,000.00 ", , , ,$0.00 ,$0.00 
loan_id_1471,1148,EUGENE ,OR,97401,"$405,000.00 ", , , ,$0.00 ,"$317,096.00 "
loan_id_1547,1148,MEDFORD,OR,97504,"$600,000.00 ", , , ,$0.00 ,$0.00 
loan_id_1921,1148,TALENT,OR,97540,"$447,633.00 ", , , ,$0.00 ,$0.00 
loan_id_1195,1148,WILLIAMS,OR,97544,"$281,000.00 ", , , ,$0.00 ,"$181,594.00 "
loan_id_1762,1148,LAKEVIEW,OR,97630,"$304,000.00 ", , , ,$0.00 ,$0.00 
loan_id_0741,1148,GOLD HILL,OR,97525,"$796,000.00 ", , , ,$0.00 ,"$519,978.00 "
loan_id_0196,1148,KLAMATH FALLS,OR,97601,"$316,000.00 ", , , ,$0.00 ,$0.00 
loan_id_2187,1148,ALBANY,OR,97321,"$536,000.00 ", , , ,$0.00 ,"$292,204.00 "
loan_id_1719,1148,CORVALLIS,OR,97333,"$335,000.00 ", , , ,$0.00 ,"$230,772.00 "
loan_id_0345,1148,TALENT,OR,97540,"$424,000.00 ", , , ,$0.00 ,"$331,261.00 "
loan_id_1209,1148,MEDFORD,OR,97504,"$342,000.00 ", , , ,$0.00 ,"$228,086.00 "
loan_id_1257,1148,MEDFORD,OR,97501,"$453,000.00 ", , , ,$0.00 ,"$377,065.00 "
loan_id_1181,1148,ELMIRA,OR,97437,"$965,000.00 ", , , ,$0.00 ,"$631,135.00 "
loan_id_2274,1148,MONROE,OR,97456,"$485,000.00 ", , , ,$0.00 ,"$252,032.00 "
loan_id_0924,1148,SWEET HOME,OR,97386,"$1,025,000.00 ", , , ,$0.00 ,"$420,745.00 "
loan_id_0488,1148,MONROE,OR,97456,"$1,500,000.00 ", , , ,$0.00 ,"$1,213,847.00 "
loan_id_1196,1148,CENTRAL POINT,OR,97502,"$381,250.00 ", , , ,$0.00 ,$0.00 
loan_id_2191,1148,GRANTS PASS,OR,97527,"$279,000.00 ", , , ,"$123,000.00 ","$81,540.00 "
loan_id_0448,1148,KLAMATH FALLS,OR,97601,"$105,000.00 ", , , ,"$290,000.00 ","$71,440.00 "
loan_id_0562,1148,CORVALLIS,OR,97333,"$1,000,000.00 ", , , ,$0.00 ,"$760,205.00 "
loan_id_0163,1148,EAGLE POINT,OR,97524,"$1,650,000.00 ", , , ,$0.00 ,"$602,071.00 "
loan_id_2290,1148,ASHLAND,OR,97520,"$865,000.00 ", , , ,$0.00 ,"$744,938.00 "
loan_id_0239,1148,MEDFORD,OR,97504,"$430,000.00 ", , , ,$0.00 ,$0.00 
loan_id_1584,1148,GOLD BEACH,OR,97444,"$800,000.00 ", , , ,$0.00 ,"$536,390.00 "
loan_id_1758,1148,MEDFORD,OR,97504,"$627,000.00 ", , , ,$0.00 ,"$496,528.00 "
loan_id_1998,1148,GRANTS PASS,OR,97526,"$630,000.00 ", , , ,$0.00 ,"$515,000.00 "
loan_id_2281,1148,MEDFORD,OR,97501,"$435,000.00 ", , , ,$0.00 ,$0.00 
loan_id_0241,1148,CENTRAL POINT,OR,97502,"$412,000.00 ", , , ,$0.00 ,$0.00 
loan_id_0149,1148,JACKSONVILLE,OR,97530,$0.00 , , , ,$0.00 ,$0.00 
loan_id_0149,1148,JACKSONVILLE,OR,97530,"$690,000.00 ", , , ,$0.00 ,$0.00 
loan_id_0611,1148,ALBANY,OR,97321,"$390,000.00 ", , , ,$0.00 ,"$375,264.00 "
loan_id_0417,1148,SPRINGFIELD,OR,97478,"$1,286,000.00 ", , , ,$0.00 ,"$805,231.00 "
loan_id_0565,1148,MEDFORD,OR,97504,"$580,000.00 ", , , ,"$417,000.00 ",$0.00 
loan_id_0237,1148,MEDFORD,OR,97504,"$1,232,000.00 ", , , ,$0.00 ,"$1,076,184.00 "
loan_id_0219,1148,MEDFORD,OR,97504,"$750,000.00 ", , , ,$0.00 ,"$574,000.00 "
loan_id_1186,1148,SALEM,OR,97302,"$610,000.00 ", , , ,$0.00 ,"$563,687.00 "
loan_id_0219,1148,MEDFORD,OR,97504,"$757,000.00 ", , , ,$0.00 ,"$622,000.00 "
loan_id_1513,1148,SILVERTON,OR,97381,"$1,830,000.00 ", , , ,$0.00 ,"$1,220,795.00 "
loan_id_0396,1148,YACHATS,OR,97498,"$875,000.00 ", , , ,$0.00 ,"$443,979.00 "
loan_id_2293,1148,INDIAN WELLS,CA,92210,"$4,800,000.00 ", , , ,$0.00 ,$0.00 
loan_id_0479,1148,MEDFORD,OR,97501,"$550,000.00 ", , , ,$0.00 ,"$290,000.00 "
loan_id_1736,1148,MEDFORD,OR,97504,"$630,000.00 ", , , ,"$471,700.00 ","$390,770.00 "
loan_id_0605,1148,SHADY COVE,OR,97539,"$470,000.00 ", , , ,$0.00 ,$0.00 
loan_id_1185,1148,CHEMULT,OR ,97731,"$170,000.00 ", , , ,$0.00 ,$0.00 
loan_id_1612,1148,EAGLE POINT,OR,97524,"$1,200,000.00 ", , , ,$0.00 ,"$577,421.00 "
loan_id_1234,1148,ASHLAND,OR,97520,"$1,440,000.00 ", , , ,$0.00 ,$0.00 
loan_id_1482,1148,COOS BAY,OR,97420,"$683,000.00 ", , , ,$0.00 ,"$503,950.00 "
loan_id_1650,1148,CENTRAL POINT,OR,97502,"$176,000.00 ", , , ,$0.00 ,$0.00 
loan_id_0165,1148,GRANTS PASS,OR,97526,"$342,700.00 ", , , ,$0.00 ,$0.00 
loan_id_1252,1148,NEWBERG,OR,97132,"$524,200.00 ", , , ,$0.00 ,"$352,557.00 "
loan_id_1659,1148,ASHLAND,OR,97520,$0.00 , , , ,$0.00 ,$0.00 
loan_id_1660,1148,ASHLAND,OR,97520,$0.00 , , , ,$0.00 ,$0.00 
loan_id_1002,1148,MEDFORD,OR,97504,"$1,100,000.00 ", , , ,$0.00 ,"$1,088,925.00 "
loan_id_0860,1148,SALEM,OR,97317,"$1,925,000.00 ", , , ,$0.00 ,"$1,502,373.00 "
loan_id_0935,1148,OAKRIDGE,OR,97463,"$300,000.00 ", , , ,$0.00 ,"$238,120.00 "
loan_id_0747,1148,DRAIN,OR,97435,"$545,000.00 ", , , ,$0.00 ,"$361,816.00 "
loan_id_1374,1148,JACKSONVILLE,OR,97530,"$1,300,000.00 ", , , ,$0.00 ,"$951,948.00 "
loan_id_2363,1148,JACKSONVILLE,OR,97530,"$358,000.00 ", , , ,$0.00 ,"$200,400.00 "
loan_id_2364,1148,JACKSONVILLE,OR,97530,"$358,000.00 ", , , ,$0.00 ,"$200,400.00 "
loan_id_0281,1148,EUGENE,OR,97405,"$845,000.00 ", , , ,$0.00 ,"$499,595.00 "
loan_id_0294,1148,GERVAIS,OR,97026,"$1,050,000.00 ", , , ,$0.00 ,"$421,205.00 "
loan_id_2270,1148,EAGLE POINT,OR,97524,"$530,000.00 ", , , ,$0.00 ,$0.00 
loan_id_0292,1148,EUGENE,OR,97408,"$780,000.00 ", , , ,$0.00 ,"$365,400.00 "
loan_id_0775,1148,GOLD BEACH,OR,97444,"$580,000.00 ", , , ,$0.00 ,"$358,170.00 "
loan_id_0981,1148,CHEMULT,OR,97731,"$189,000.00 ", , , ,$0.00 ,$0.00 
loan_id_1095,1148, , , ,"$450,000.00 ", , , ,$0.00 ,"$365,383.00 "
loan_id_0335,1149,ASHLAND,OR,97520,"$504,500.00 ", , , ,"$259,253.00 ","$215,740.00 "
loan_id_1989,1149,MEDFORD,OR,97504,"$413,300.00 ", , , ,"$110,181.00 ","$222,440.00 "
loan_id_0413,1149,GRANTS PASS,OR,97526,"$383,000.00 ", , , ,$0.00 ,"$392,000.00 "
loan_id_1995,1149,GRANTS PASS,OR,97527,"$445,000.00 ", , , ,$0.00 ,"$337,200.00 "
loan_id_1273,1149,ASHLAND,OR,97520,"$800,000.00 ", , , ,$0.00 ,"$394,124.00 "
loan_id_0302,1149,MEDFORD,OR,97504,"$400,000.00 ", , , ,"$158,403.00 ","$237,240.00 "
loan_id_1399,1149,MEDFORD,OR,97504,"$266,100.00 ", , , ,$0.00 ,"$121,420.00 "
loan_id_1379,1149,GRANTS PASS,OR,97526,"$605,000.00 ", , , ,"$165,485.00 ","$495,150.00 "
loan_id_1834,1149,WILLIAMS,OR,97544,"$435,000.00 ", , , ,$0.00 ,"$264,211.00 "
loan_id_1367,1149,BEND,OR,97703,"$999,999.00 ", , , ,$0.00 ,$0.00 
loan_id_1228,1149,CENTRAL POINT,OR,97502,"$310,000.00 ", , , ,$0.00 ,"$182,320.00 "
loan_id_0883,1149,ASHLAND,OR,97520,"$539,000.00 ", , , ,$0.00 ,$0.00 
loan_id_0839,1149,MEDFORD,OR,97504,"$250,740.00 ", , , ,$0.00 ,"$108,670.00 "
loan_id_0846,1149,CENTRAL POINT,OR,97502,"$994,000.00 ", , , ,$0.00 ,"$895,000.00 "
loan_id_0847,1149,CENTRAL POINT,OR,97502,"$994,000.00 ", , , ,$0.00 ,"$895,000.00 "
loan_id_1753,1149,BUTTE FALLS,OR,97522,"$104,510.00 ", , , ,$0.00 ,"$67,590.00 "
loan_id_1222,1149,CENTRAL POINT,OR,97502,"$356,000.00 ", , , ,"$253,831.00 ","$321,660.00 "
loan_id_1598,1149,PHOENIX,OR,97535,"$520,600.00 ", , , ,$0.00 ,$0.00 
loan_id_1928,1149,CENTRAL POINT,OR,97502,"$492,800.00 ", , , ,"$281,654.00 ","$353,810.00 "
loan_id_0782,1149,MEDFORD,OR,97504,"$540,000.00 ", , , ,$0.00 ,"$374,395.00 "
loan_id_1041,1149,ASHLAND,OR,97520,"$605,000.00 ", , , ,"$323,000.00 ",$0.00 
loan_id_0782,1149,MEDFORD,OR,97504,"$651,000.00 ", , , ,$0.00 ,"$386,770.00 "
loan_id_1692,1149,MEDFORD,OR,97530,"$1,150,000.00 ", , , ,$0.00 ,$0.00 
loan_id_0943,1149,CENTRAL POINT,OR,97502,"$385,000.00 ", , , ,$0.00 ,"$165,000.00 "
loan_id_1160,1149,GOLD HILL,OR,97525,"$539,000.00 ", , , ,$0.00 ,$0.00 
loan_id_0677,1149,LINCOLN CITY,OR,97367,"$265,000.00 ", , , ,$0.00 ,$0.00 
loan_id_1611,1149,EAGLE POINT,OR,97524,"$578,800.00 ", , , ,$0.00 ,"$350,040.00 "
loan_id_0393,1149,ASHLAND,OR,97520,"$722,000.00 ", , , ,$0.00 ,"$562,860.00 "
loan_id_2245,1150,SHADY COVE,OR,97539,"$264,700.00 ", , , ,"$13,963.00 ",$0.00 
loan_id_0293,1150,SALEM,OR,97301,"$336,290.00 ", , , ,"$181,541.00 ","$213,290.00 "
loan_id_1700,1150,ASHLAND,OR,97520,"$544,500.00 ", , , ,$0.00 ,"$334,900.00 "
loan_id_0330,1150,INDEPENDENCE,OR,97351,"$1,033,560.00 ", , , ,$0.00 ,$0.00 
loan_id_0437,1150,PHOENIX,OR,97535,"$400,000.00 ", , , ,$0.00 ,$0.00 
loan_id_1844,1150,ASHLAND,OR,97520,"$1,000,000.00 ", , , ,$0.00 ,"$696,520.00 "
loan_id_1833,1150,ALBANY,OR,97321,"$485,200.00 ", , , ,$0.00 ,"$380,400.00 "
loan_id_1932,1150,CENTRAL POINT,OR,97502,"$2,500,000.00 ", , , ,"$322,311.00 ",$0.00 
loan_id_1172,1150,ASHLAND,OR,97520,"$493,000.00 ", , , ,$0.00 ,"$186,440.00 "
loan_id_0380,1150,ASHLAND,OR,97520,"$796,860.00 ", , , ,$0.00 ,"$619,370.00 "
loan_id_0665,1150,GRANTS PASS,OR,97527,"$414,000.00 ", , , ,"$135,676.00 ","$328,070.00 "
loan_id_2356,1150,TALENT,OR,97540,"$1,600,000.00 ", , , ,"$650,000.00 ","$1,002,724.00 "
loan_id_1671,1150,GRANTS PASS,OR,97526,"$357,815.00 ", , , ,$0.00 ,"$182,010.00 "
loan_id_0091,1150,KLAMATH FALLS,OR,97603,"$316,400.00 ", , , ,$0.00 ,"$252,400.00 "
loan_id_1614,1150,GRANTS PASS,OR,97526,"$1,500,000.00 ", , , ,$0.00 ,"$1,030,030.00 "
loan_id_1637,1150,KLAMATH FALLS,OR,97601,"$162,000.00 ", , , ,$0.00 ,"$127,600.00 "
loan_id_0071,1150,ASHLAND,OR,97520,"$873,300.00 ", , , ,$0.00 ,"$578,060.00 "
loan_id_2342,1150,MEDFORD,OR,97501,"$579,090.00 ", , , ,$0.00 ,"$580,000.00 "
loan_id_1806,1150,MEDFORD,OR,97504,"$357,000.00 ", , , ,"$237,000.00 ",$0.00 
loan_id_2308,1150,MEDFORD,OR,97501,"$400,000.00 ", , , ,$0.00 ,$0.00 
loan_id_0428,1150,MEDFORD,OR,97504,"$1,041,000.00 ", , , ,"$414,000.00 ","$693,880.00 "
loan_id_2035,1150,CENTRAL POINT,OR,97502,"$1,235,000.00 ", , , ,$0.00 ,"$954,081.00 "
loan_id_1164,1150,CENTRAL POINT,OR,97502,"$1,235,000.00 ", , , ,$0.00 ,"$954,081.00 "
loan_id_1313,1150,GRANTS PASS,OR,97527,"$340,000.00 ", , , ,$0.00 ,"$232,300.00 "
loan_id_0737,1150,ALBANY,OR,97321,"$218,000.00 ", , , ,$0.00 ,"$151,504.00 "
loan_id_0369,1150,ASHLAND,OR,97520,"$718,000.00 ", , , ,"$253,168.00 ","$500,333.00 "
loan_id_0997,1150,MEDFORD,OR,97501,"$398,000.00 ", , , ,$0.00 ,"$349,620.00 "
loan_id_1602,1150,CENTRAL POINT,OR,97502,"$3,746,582.00 ", , , ,"$1,752,000.00 ",$0.00 
loan_id_2028,1150,MEDFORD,OR,97504,"$502,000.00 ", , , ,$0.00 ,"$291,730.00 "
loan_id_2055,1150,ASHLAND,OR,97520,"$438,000.00 ", , , ,$0.00 ,"$137,530.00 "
loan_id_1335,1150,KLAMATH FALLS ,OR,97601,"$206,041.00 ", , , ,$0.00 ,$0.00 
loan_id_1520,1150,KLAMATH FALLS,OR,97603,"$374,330.00 ", , , ,$0.00 ,"$322,330.00 "
loan_id_0180,1150,WHITE CITY,OR,97503,"$174,600.00 ", , , ,$0.00 ,"$107,560.00 "
loan_id_1760,1150,GRANTS PASS,OR,97527,"$586,700.00 ", , , ,$0.00 ,"$453,680.00 "
loan_id_0266,1150,MEDFORD,OR,97504,"$435,000.00 ", , , ,"$177,000.00 ","$251,480.00 "
loan_id_0206,1150,MEDFORD,OR,97504,"$580,000.00 ", , , ,$0.00 ,$0.00 
loan_id_0806,1150,CENTRAL POINT,OR,97502,"$476,590.00 ", , , ,"$12,741.00 ",$0.00 
loan_id_2282,1150,MEDFORD,OR,97504,"$270,000.00 ", , , ,$0.00 ,"$148,160.00 "
loan_id_0810,1150,MEDFORD,OR,97504,"$314,200.00 ", , , ,$0.00 ,"$164,370.00 "
loan_id_1704,1150,GRANTS PASS,OR,97527,"$808,000.00 ", , , ,"$53,000.00 ","$654,050.00 "
loan_id_2084,1150,MEDFORD,OR,97504,"$845,000.00 ", , , ,$0.00 ,"$798,470.00 "
loan_id_0151,1150,LINN,OR,97355,"$520,000.00 ", , , ,$0.00 ,"$372,500.00 "
loan_id_0844,1150,MEDFORD,OR,97504,"$402,900.00 ", , , ,$0.00 ,"$301,670.00 "
loan_id_0625,1150,MEDFORD,OR,97504,"$433,900.00 ", , , ,$0.00 ,"$276,830.00 "
loan_id_0422,1150,CENTRAL POINT,OR,97502,"$935,000.00 ", , , ,"$363,206.00 ","$813,440.00 "
loan_id_2288,1150,GRANTS PASS,OR,97526,"$313,500.00 ", , , ,$0.00 ,"$147,360.00 "
loan_id_1378,1150,MEDFORD,OR,97504,"$950,000.00 ", , , ,$0.00 ,"$762,610.00 "
loan_id_0545,1150,MEDFORD,OR,97504,"$871,000.00 ", , , ,$0.00 ,"$1,285,323.00 "
loan_id_0254,1150,MEDFORD,OR,97504,"$1,460,000.00 ", , , ,$0.00 ,"$1,000,000.00 "
loan_id_0988,1150,MEDFORD,OR,97504,"$668,280.00 ", , , ,$0.00 ,"$300,000.00 "
loan_id_1714,1150,MEDFORD,OR,97504,"$443,500.00 ", , , ,"$174,559.00 ","$168,470.00 "
loan_id_0582,1150,MEDFORD,OR,97501,"$1,007,250.00 ", , , ,$0.00 ,"$748,510.00 "
loan_id_0829,1150,KLAMATH FALLS,OR,97601,"$345,000.00 ", , , ,$0.00 ,"$293,500.00 "
loan_id_0164,1150,GRANTS PASS,OR,97527,"$720,000.00 ", , , ,$0.00 ,$0.00 
loan_id_1912,1150,ASHLAND,OR,97520,"$736,500.00 ", , , ,$0.00 ,"$439,660.00 "
loan_id_0557,1150,MEDFORD,OR,97501,"$760,800.00 ", , , ,"$256,140.00 ","$549,350.00 "
loan_id_1296,1150,INDEPENDENCE,OR,97351,"$464,930.00 ", , , ,$0.00 ,"$420,603.00 "
loan_id_0566,1150,ASHLAND,OR,97520,"$870,300.00 ", , , ,"$169,467.00 ","$527,620.00 "
loan_id_2008,1150,CENTRAL POINT,OR,97502,"$1,000,000.00 ", , , ,"$420,495.00 ","$750,000.00 "
loan_id_0830,1150,ALBANY,OR,97321,"$635,000.00 ", , , ,$0.00 ,"$449,257.00 "
loan_id_0046,1150,TALENT,OR,97540,"$1,055,000.00 ", , , ,$0.00 ,"$160,000.00 "
loan_id_2317,1150,MEDFORD,OR,97504,"$543,802.00 ", , , ,$0.00 ,"$364,070.00 "
loan_id_0614,1150,JACKSONVILLE,OR,97530,"$950,000.00 ", , , ,$0.00 ,"$791,255.00 "
loan_id_1028,1150,GRANTS PASS,OR,97527,"$272,800.00 ", , , ,$0.00 ,"$124,640.00 "
loan_id_1861,1150,BEND,OR,97707,"$875,000.00 ", , , ,"$181,000.00 ",$0.00 
loan_id_1529,1150,GOLD HILL,OR,97525,"$702,995.00 ", , , ,"$355,012.00 ","$477,525.00 "
loan_id_1906,1150,JACKSONVILLE,OR,97530,"$312,000.00 ", , , ,$0.00 ,"$25,210.00 "
loan_id_0801,1150,ASHLAND,OR,97520,"$777,180.00 ", , , ,"$383,067.00 ","$636,400.00 "
loan_id_0394,1150,JACKSONVILLE,OR,97530,"$783,800.00 ", , , ,"$258,394.00 ","$515,950.00 "
loan_id_0705,1150,JACKSONVILLE,OR,97530,"$1,963,000.00 ", , , ,$0.00 ,"$1,563,000.00 "
loan_id_1396,1150,ALBANY,OR,97321,"$434,700.00 ", , , ,$0.00 ,$0.00 
loan_id_0770,1150,SALEM,OR,97304,"$300,000.00 ", , , ,$0.00 ,$0.00 
loan_id_0630,1150,ASHLAND,OR,97520,"$503,000.00 ", , , ,"$307,594.00 ","$179,130.00 "
loan_id_1608,1151,EUGENE,OR,97404,"$620,000.00 ", , , ,$0.00 ,"$603,770.00 "
loan_id_1223,1151,GRANTS PASS,OR,97526,"$347,000.00 ", , , ,$0.00 ,"$304,026.00 "
loan_id_0976,1151,MEDFORD,OR,97501,"$375,000.00 ", , , ,$0.00 ,"$241,162.00 "
loan_id_2117,1151,GOLD HILL,OR,97525,"$170,000.00 ", , , ,$0.00 ,"$124,320.00 "
loan_id_1100,1151,ASHLAND,OR,97520,"$850,000.00 ", , , ,$0.00 ,"$291,000.00 "
loan_id_0137,1151,STATELINE,NV,89449,"$700,000.00 ", , , ,$0.00 ,"$426,300.00 "
loan_id_0977,1151,MEDFORD,OR,97501,"$300,500.00 ", , , ,$0.00 ,"$199,210.00 "
loan_id_1323,1151,LAKEHEAD,CA,96051,"$347,000.00 ", , , ,$0.00 ,$0.00 
loan_id_0065,1151,MEDFORD,OR,97501,"$480,000.00 ", , , ,$0.00 ,"$386,960.00 "
loan_id_1152,1151,MEDFORD,OR,97504,"$470,400.00 ", , , ,$0.00 ,$0.00 
loan_id_0096,1151,MEDFORD,OR,97504,"$385,000.00 ", , , ,$0.00 ,$0.00 
loan_id_1889,1151,ALBANY,OR,97321,"$655,000.00 ", , , ,$0.00 ,"$620,155.00 "
loan_id_0001,1151,MEDFORD,OR,97501,"$455,000.00 ", , , ,"$1,242,920.00 ","$330,880.00 "
loan_id_2339,1151,MEDFORD,OR,97501,"$455,000.00 ", , , ,$0.00 ,"$330,880.00 "
loan_id_0036,1151,ASHLAND,OR,97520,"$388,000.00 ", , , ,$0.00 ,"$303,108.00 "
loan_id_0089,1151,MEDFORD,OR,97501,"$269,000.00 ", , , ,$0.00 ,"$94,000.00 "
loan_id_0504,1151,ASHLAND,OR,97520,"$430,820.00 ", , , ,$0.00 ,"$181,360.00 "
loan_id_1749,1151,MEDFORD,OR,97504,"$420,000.00 ", , , ,$0.00 ,"$489,192.00 "
loan_id_1027,1151,GOLD HILL,OR,97525,"$570,000.00 ", , , ,$0.00 ,"$465,600.00 "
loan_id_0008,1151,CENTRAL POINT,OR,97502,"$425,000.00 ", , , ,$0.00 ,"$380,922.00 "
loan_id_0455,1151,MEDFORD,OR,97504,"$450,000.00 ", , , ,$0.00 ,"$315,000.00 "
loan_id_2219,1151,GOLD HILL,OR,97525,"$113,000.00 ", , , ,$0.00 ,"$69,450.00 "
loan_id_0866,1151,TRAIL,OR,97541,"$925,000.00 ", , , ,$0.00 ,"$720,819.00 "
loan_id_1986,1151,EAGLE POINT,OR,97524,"$650,000.00 ", , , ,$0.00 ,"$574,190.00 "
loan_id_1985,1151,EAGLE POINT,OR,97524,"$620,000.00 ", , , ,$0.00 ,"$233,400.00 "
loan_id_1987,1151,EAGLE POINT,OR,97524,"$1,140,000.00 ", , , ,$0.00 ,"$853,221.00 "
loan_id_1179,1151,LAKEVIEW,OR,97630,"$145,000.00 ", , , ,$0.00 ,$0.00 
loan_id_1179,1151,LAKEVIEW,OR,97630,"$145,000.00 ", , , ,$0.00 ,$0.00 
loan_id_1710,1151,KLAMATH FALLS,OR,97601,"$690,000.00 ", , , ,$0.00 ,$0.00 
loan_id_2105,1152,DRAIN,OR,97435,"$1,440,000.00 ", , , ,$0.00 ,"$1,320,000.00 "
loan_id_1815,1152,REDMOND,OR,97756,"$8,160,000.00 ", , , ,$0.00 ,"$4,053,021.00 "
loan_id_0905,1152,SHADY COVE,OR,97539,"$560,000.00 ", , , ,$0.00 ,"$474,200.00 "
loan_id_0804,1152,ALBANY,OR,97321,"$455,000.00 ", , , ,$0.00 ,$0.00 
loan_id_0166,1152,MEDFORD,OR,97501,"$1,235,000.00 ", , , ,$0.00 ,"$900,000.00 "
loan_id_0815,1152,ALBANY,OR,97321,"$433,000.00 ", , , ,$0.00 ,$0.00 
loan_id_1791,1152,EAGLE POINT,OR,97524,"$1,040,000.00 ", , , ,$0.00 ,"$913,000.00 "
loan_id_0546,1152,OREGON CITY,OR,97045,"$215,000.00 ", , , ,$0.00 ,"$130,000.00 "
loan_id_0546,1152,OREGON CITY,OR,97045,"$215,000.00 ", , , ,$0.00 ,"$135,000.00 "
loan_id_0546,1152,OREGON CITY,OR,97045,"$215,000.00 ", , , ,$0.00 ,"$230,000.00 "
loan_id_0546,1152,OREGON CITY,OR,97045,"$215,000.00 ", , , ,$0.00 ,"$140,000.00 "
loan_id_0546,1152,OREGON CITY,OR,97045,"$215,000.00 ", , , ,$0.00 ,"$165,000.00 "
loan_id_1177,1152,SALEM,OR,97302,$0.00 , , , ,$0.00 ,$0.00 
loan_id_0815,1152,ALBANY,OR,97321,"$433,000.00 ", , , ,$0.00 ,$0.00 
loan_id_0887,1152,GRANTS PASS,OR,97526,"$1,435,000.00 ", , , ,$0.00 ,"$907,610.00 "
loan_id_1177,1152,SALEM,OR,97302,$0.00 , , , ,$0.00 ,$0.00 
loan_id_1037,1152,ASHLAND,OR,97520,"$4,400,000.00 ", , , ,$0.00 ,$0.00 
loan_id_1582,1152,GRANTS PASS,OR,97527,"$740,000.00 ", , , ,$0.00 ,"$420,000.00 "
loan_id_2027,1152,JACKSONVILLE,OR,97530,"$920,000.00 ", , , ,$0.00 ,"$780,000.00 "
loan_id_1672,1152,DALLAS,OR,97338,"$3,475,000.00 ", , , ,$0.00 ,"$2,940,000.00 "
loan_id_0815,1152,ALBANY,OR,97321,"$625,000.00 ", , , ,$0.00 ,$0.00 
loan_id_0023,1152,GRANTS PASS,OR,97527,"$875,000.00 ", , , ,$0.00 ,"$593,331.00 "
loan_id_0681,1152,DALLAS,OR,97338,"$436,072.00 ", , , ,$0.00 ,"$271,072.00 "
loan_id_0743,1152,GRANTS PASS,OR,97527,"$424,000.00 ", , , ,$0.00 ,"$262,010.00 "
loan_id_0683,1152,DALLAS,OR,97338,"$650,000.00 ", , , ,$0.00 ,"$520,000.00 "
loan_id_0683,1152,DALLAS,OR,97338,"$650,000.00 ", , , ,$0.00 ,"$520,000.00 "
loan_id_0682,1152,DALLAS,OR,97338,"$3,680,000.00 ", , , ,$0.00 ,"$2,200,000.00 "
loan_id_0170,1152,TALENT,OR,97540,"$1,524,000.00 ", , , ,$0.00 ,$0.00 
loan_id_2031,1152,LEBANON,OR,97355,"$12,455,000.00 ", , , ,$0.00 ,"$8,780,000.00 "
loan_id_1274,1152,MEDFORD,OR,97501,"$1,060,000.00 ", , , ,$0.00 ,"$790,820.00 "
loan_id_2334,1152,MEDFORD,OR,97504,"$1,783,333.00 ", , , ,$0.00 ,"$1,079,846.00 "
loan_id_2334,1152,MEDFORD,OR,97504,"$1,783,333.00 ", , , ,$0.00 ,"$1,079,846.00 "
loan_id_2334,1152,MEDFORD,OR,97504,"$1,783,333.00 ", , , ,$0.00 ,"$1,079,846.00 "
loan_id_2334,1152,MEDFORD,OR,97504,"$1,783,333.00 ", , , ,$0.00 ,"$1,079,846.00 "
loan_id_2335,1152,MEDFORD,OR,97504,"$1,475,000.00 ", , , ,$0.00 ,"$960,000.00 "
loan_id_2335,1152,MEDFORD,OR,97504,"$1,475,000.00 ", , , ,$0.00 ,"$960,000.00 "
loan_id_2335,1152,MEDFORD,OR,97504,"$1,475,000.00 ", , , ,$0.00 ,"$960,000.00 "
loan_id_2335,1152, , , ,"$1,475,000.00 ", , , ,$0.00 ,"$960,000.00 "
loan_id_2335,1152,MEDFORD,OR,97504,"$1,475,000.00 ", , , ,$0.00 ,"$960,000.00 "
loan_id_2335,1152,MEDFORD,OR,97504,"$1,475,000.00 ", , , ,$0.00 ,"$960,000.00 "
loan_id_2335,1152,MEDFORD,OR,97504,"$1,475,000.00 ", , , ,$0.00 ,"$960,000.00 "
loan_id_2335,1152,MEDFORD,OR,97504,"$1,475,000.00 ", , , ,$0.00 ,"$960,000.00 "
loan_id_2334,1152,MEDFORD,OR,97504,"$1,783,333.00 ", , , ,$0.00 ,"$1,079,846.00 "
loan_id_2334,1152,MEDFORD,OR,97504,"$1,783,333.00 ", , , ,$0.00 ,"$1,079,846.00 "
loan_id_0374,1152,SHADY COVE,OR,97539,"$68,000.00 ", , , ,$0.00 ,$0.00 
loan_id_0374,1152,SHADY COVE,OR,97539,"$68,000.00 ", , , ,$0.00 ,$0.00 
loan_id_0374,1152,SHADY COVE,OR,97539,"$68,000.00 ", , , ,$0.00 ,$0.00 
loan_id_0374,1152,SHADY COVE,OR,97539,"$68,000.00 ", , , ,$0.00 ,$0.00 
loan_id_0279,1152,PHOENIX,OR,97535,"$5,665,000.00 ", , , ,$0.00 ,"$4,345,000.00 "
loan_id_1087,1152,GRANTS PASS,OR,97526,"$1,250,000.00 ", , , ,$0.00 ,$0.00 
loan_id_1088,1152,GRANTS PASS,OR,97526,"$1,250,000.00 ", , , ,$0.00 ,$0.00 
loan_id_0886,1152,ASHLAND,OR,97520,"$600,000.00 ", , , ,$0.00 ,$0.00 
loan_id_1384,1152,KLAMATH FALLS,OR,97601,"$825,000.00 ", , , ,$0.00 ,"$1,050,000.00 "
loan_id_1872,1152,MEDFORD,OR,97504,"$1,000,000.00 ", , , ,$0.00 ,$0.00 
loan_id_1820,1152,ALBANY,OR,97321,"$365,000.00 ", , , ,$0.00 ,$0.00 
loan_id_1089,1152,GRANTS PASS,OR,97527,"$2,600,000.00 ", , , ,$0.00 ,$0.00 
loan_id_0005,1152,GRANTS PASS,OR,97526,"$2,130,000.00 ", , , ,$0.00 ,"$1,952,300.00 "
loan_id_0902,1152,KLAMATH FALLS,OR,97601,"$225,000.00 ", , , ,$0.00 ,"$259,000.00 "
loan_id_0903,1152,KLAMATH FALLS,OR,97601,"$225,000.00 ", , , ,$0.00 ,"$259,000.00 "
loan_id_2295,1152,CENTRAL POINT,OR,97502,"$2,070,000.00 ", , , ,$0.00 ,"$235,000.00 "
loan_id_0815,1152,ALBANY,OR,97321,"$425,000.00 ", , , ,$0.00 ,$0.00 
loan_id_0573,1152,KLAMATH FALLS ,OR,97601,"$1,980,000.00 ", , , ,$0.00 ,$0.00 
loan_id_0815,1152,ALBANY,OR,97321,"$505,000.00 ", , , ,$0.00 ,$0.00 
loan_id_0212,1152,TALENT,OR,97540,"$805,000.00 ", , , ,$0.00 ,"$553,040.00 "
loan_id_2160,1152,ALBANY,OR,97321,"$1,715,000.00 ", , , ,$0.00 ,"$1,458,350.00 "
loan_id_0389,1152,KLAMATH FALLS ,OR ,97601,"$1,000,000.00 ", , , ,$0.00 ,$0.00 
loan_id_0815,1152,ALBANY,OR,97321,$0.00 , , , ,$0.00 ,$0.00 
loan_id_1871,1152,KLAMATH FALLS,OR,97601,"$1,485,000.00 ", , , ,$0.00 ,$0.00 
loan_id_1010,1152,CAVE JUNCTION,OR,97523,"$1,960,000.00 ", , , ,$0.00 ,$0.00 
loan_id_0978,1152,MONMOUTH,OR,97361,"$2,040,000.00 ", , , ,$0.00 ,$0.00 
loan_id_0238,1152,SALEM,OR,97301,"$4,072,000.00 ", , , ,$0.00 ,$0.00 
loan_id_1053,1152,SALEM,OR,97302,"$1,100,000.00 ", , , ,$0.00 ,$0.00 
loan_id_1633,1152,KLAMATH FALLS,OR,97603,"$1,740,000.00 ", , , ,$0.00 ,"$1,830,000.00 "
loan_id_0251,1152,MEDFORD,OR,97504,"$915,000.00 ", , , ,"$860,000.00 ",$0.00 
loan_id_0005,1152,GRANTS PASS,OR,97526,$0.00 , , , ,$0.00 ,$0.00 
loan_id_0565,1152,MEDFORD,OR,97501,"$950,000.00 ", , , ,"$417,000.00 ","$514,778.00 "
loan_id_0001,1152,MEDFORD,OR,97501,"$950,000.00 ", , , ,"$1,242,920.00 ","$514,778.00 "
loan_id_0037,1152,ASHLAND,OR,97520,"$458,000.00 ", , , ,$0.00 ,"$140,400.00 "
loan_id_0815,1152,ALBANY,OR,97321,"$766,000.00 ", , , ,$0.00 ,$0.00 
loan_id_0815,1152,ALBANY,OR,97321,"$775,000.00 ", , , ,$0.00 ,$0.00 
loan_id_1288,1152,SPRINGFIELD,OR,97477,"$4,830,000.00 ", , , ,$0.00 ,"$4,360,000.00 "
loan_id_0361,1152,KLAMATH FALLS,OR,97601,"$6,900,000.00 ", , , ,$0.00 ,"$6,744,621.48 "
loan_id_0175,1152,GOLD HILL,OR,97525,"$900,000.00 ", , , ,$0.00 ,"$850,000.00 "
loan_id_1177,1152,SALEM,OR,97302,"$11,300,000.00 ", , , ,$0.00 ,"$9,108,882.00 "
loan_id_1177,1152,SALEM,OR,97302,$0.00 , , , ,$0.00 ,$0.00 
loan_id_2255,1152,KEIZER,OR,97303,"$33,170,000.00 ", , , ,$0.00 ,$0.00 
loan_id_0769,1152,SALEM,OR,97301,"$2,265,000.00 ", , , ,$0.00 ,"$1,514,836.00 "
loan_id_0568,1152,ROGUE RIVER,OR,97537,"$1,700,000.00 ", , , ,$0.00 ,"$1,048,690.00 "
loan_id_0175,1152,MEDFORD,OR,97501,"$780,000.00 ", , , ,$0.00 ,"$725,000.00 "
loan_id_0904,1152,SHADY COVE,OR,97539,"$580,000.00 ", , , ,$0.00 ,"$504,300.00 "
loan_id_2118,1152,EUGENE,OR,97404,"$16,640,000.00 ", , , ,$0.00 ,"$24,250,000.00 "
loan_id_1010,1152,CAVE JUNCTION,OR,97523,"$310,000.00 ", , , ,$0.00 ,$0.00 
loan_id_1010,1152,CAVE JUNCTION,OR,97523,"$260,000.00 ", , , ,$0.00 ,$0.00 
loan_id_1797,1152,MEDFORD,OR,97501,"$955,000.00 ", , , ,$0.00 ,"$730,070.00 "
loan_id_0980,1152,EUGENE,OR,97401,"$830,000.00 ", , , ,$0.00 ,"$681,788.00 "
loan_id_1394,1152,MEDFORD,OR,97501,"$1,225,000.00 ", , , ,$0.00 ,"$865,000.00 "
loan_id_0815,1152,ALBANY,OR,97321,"$520,000.00 ", , , ,$0.00 ,$0.00 
loan_id_0161,1152,KLAMATH FALLS,OR,97601,"$1,550,000.00 ", , , ,$0.00 ,"$850,000.00 "
loan_id_2314,1152,KLAMATH FALLS,OR,97601,"$350,000.00 ", , , ,$0.00 ,"$334,830.00 "
loan_id_1691,1152,MEDFORD,OR,97501,"$1,060,000.00 ", , , ,$0.00 ,"$962,000.00 "
loan_id_0022,1152,GRANTS PASS,OR,97526,"$1,365,000.00 ", , , ,$0.00 ,"$1,067,000.00 "
loan_id_2297,1152,SHADY COVE,OR,97539,"$550,000.00 ", , , ,$0.00 ,$0.00 
loan_id_2168,1152,WOLF CREEK,OR,97497,"$440,000.00 ", , , ,$0.00 ,"$257,624.00 "
loan_id_2161,1152,ALBANY,OR,97322,"$3,500,000.00 ", , , ,$0.00 ,"$3,180,000.00 "
loan_id_0574,1152,KLAMATH FALLS,OR,97601,"$500,000.00 ", , , ,$0.00 ,$0.00 
loan_id_0906,1152,MEDFORD,OR,97501,"$1,060,000.00 ", , , ,$0.00 ,$0.00 
loan_id_1131,1152,SHADY COVE,OR,97539,"$2,100,000.00 ", , , ,$0.00 ,"$1,950,000.00 "
loan_id_1515,1152,GRANTS PASS,OR,97526,"$2,350,000.00 ", , , ,$0.00 ,$0.00 
loan_id_1691,1152,MEDFORD,OR,97501,"$715,000.00 ", , , ,$0.00 ,"$507,580.00 "
loan_id_1391,1152,ASHLAND,OR,97520,"$240,000.00 ", , , ,$0.00 ,"$35,790.00 "
loan_id_1493,1152,LEBANON,OR,97355,"$12,670,000.00 ", , , ,$0.00 ,"$6,630,000.00 "
loan_id_1494,1152,LEBANON,OR,97355,"$12,670,000.00 ", , , ,$0.00 ,"$6,630,000.00 "
loan_id_1351,1152,AUMSVILLE,OR,97325,"$5,100,000.00 ", , , ,$0.00 ,"$4,179,161.00 "
loan_id_0473,1152,MEDFORD,OR,97501,"$580,000.00 ", , , ,$0.00 ,"$520,000.00 "
loan_id_2168,1152,GRANTS PASS,OR,97526,"$480,000.00 ", , , ,$0.00 ,$0.00 
loan_id_1727,1152,GRANTS PASS,OR,97526,$0.00 , , , ,$0.00 ,"$140,000.00 "
loan_id_1727,1152,GRANTS PASS,OR,97526,$0.00 , , , ,$0.00 ,"$140,000.00 "
loan_id_1727,1152,GRANTS PASS,OR,97526,$0.00 , , , ,$0.00 ,"$140,000.00 "
loan_id_1727,1152,GRANTS PASS,OR,97526,$0.00 , , , ,$0.00 ,"$140,000.00 "
loan_id_1727,1152,GRANTS PASS,OR,97526,$0.00 , , , ,$0.00 ,"$140,000.00 "
loan_id_1727,1152,GRANTS PASS,OR ,97526,$0.00 , , , ,$0.00 ,"$140,000.00 "
loan_id_1727,1152,GRANTS PASS,OR,97526,$0.00 , , , ,$0.00 ,"$140,000.00 "
loan_id_1727,1152,GRANTS PASS,OR,97526,$0.00 , , , ,$0.00 ,"$140,000.00 "
loan_id_1727,1152,GRANTS PASS,OR,97526,"$2,230,000.00 ", , , ,$0.00 ,"$140,000.00 "
loan_id_1727,1152,GRANTS PASS,OR,97526,$0.00 , , , ,$0.00 ,"$140,000.00 "
loan_id_0640,1152,GRANTS PASS,OR,97527,"$1,900,000.00 ", , , ,$0.00 ,$0.00 
loan_id_0815,1152,ALBANY,OR,97321,$0.00 , , , ,$0.00 ,$0.00 
loan_id_0690,1153,DALLAS,OR,97338,"$2,100,000.00 ", , , ,$0.00 ,$0.00 
loan_id_0926,1153,ALBANY,OR,97321,"$175,000.00 ", , , ,$0.00 ,$0.00 
loan_id_1817,1154,REDMOND,OR,97756,"$475,000.00 ", , , ,$0.00 ,"$303,840.00 "
loan_id_1817,1154,REDMOND,OR,97756,"$305,770.00 ", , , ,$0.00 ,$0.00 
loan_id_0529,1154,MEDFORD,OR,97501,"$511,000.00 ", , , ,$0.00 ,"$411,000.00 "
loan_id_0529,1154,MEDFORD,OR,97501,"$511,000.00 ", , , ,$0.00 ,"$411,000.00 "
loan_id_0129,1154,KLAMATH FALLS,OR,97603,"$653,000.00 ", , , ,$0.00 ,"$645,957.00 "
loan_id_0529,1154,GRANTS PASS,OR,97527,"$521,000.00 ", , , ,$0.00 ,"$417,000.00 "
loan_id_0641,1154,GRANTS PASS,OR ,97527,"$605,000.00 ", , , ,$0.00 ,"$358,652.00 "
loan_id_0003,1154,GRANTS PASS,OR,97526,"$1,045,000.00 ", , , ,$0.00 ,$0.00 
loan_id_0044,1154,MEDFORD,OR ,97504,"$610,000.00 ", , , ,$0.00 ,"$494,748.00 "
loan_id_0044,1154,MEDFORD,OR,97504,"$450,000.00 ", , , ,$0.00 ,$0.00 
loan_id_0529,1154,GRANTS PASS,OR,97527,"$825,000.00 ", , , ,$0.00 ,"$824,000.00 "
loan_id_0529,1154,GRANTS PASS,OR,97527,"$470,000.00 ", , , ,$0.00 ,"$413,000.00 "
loan_id_1105,1154,GRANTS PASS,OR,97526,"$1,140,000.00 ", , , ,$0.00 ,$0.00 
loan_id_0529,1154,GRANTS PASS,OR,97527,"$470,000.00 ", , , ,$0.00 ,"$414,000.00 "
loan_id_0846,1154,GRANTS PASS,OR,97527,"$430,000.00 ", , , ,$0.00 ,"$307,000.00 "
loan_id_0847,1154,GRANTS PASS,OR,97527,"$430,000.00 ", , , ,$0.00 ,"$307,000.00 "
loan_id_0689,1154,DALLAS,OR,97338,"$374,000.00 ", , , ,$0.00 ,"$339,000.00 "
loan_id_0689,1154,DALLAS,OR,97338,"$359,000.00 ", , , ,$0.00 ,"$305,000.00 "
loan_id_0529,1154,GRANTS PASS,OR,97526,"$475,000.00 ", , , ,$0.00 ,"$380,000.00 "
loan_id_1093,1154,GRANTS PASS,OR,97527,"$850,000.00 ", , , ,$0.00 ,$0.00 
loan_id_1358,1154,MEDFORD,OR,97501,"$118,000.00 ", , , ,$0.00 ,$0.00 
loan_id_2285,1154,SAN FRANCISCO,CA,94103,"$1,375,000.00 ", , , ,$0.00 ,"$310,528.00 "
loan_id_0140,1154,ASHLAND,OR,97520,"$960,000.00 ", , , ,$0.00 ,"$850,000.00 "
loan_id_1000,1154,ALBANY,OR,97322,"$350,000.00 ", , , ,$0.00 ,"$213,120.00 "
loan_id_0711,1154,JACKSONVILLE,OR,97530,"$1,465,000.00 ", , , ,$0.00 ,$0.00 
loan_id_0141,1154, , , ,"$970,000.00 ", , , ,$0.00 ,"$850,000.00 "
loan_id_0685,1154,DALLAS,OR,97338,"$1,475,000.00 ", , , ,$0.00 ,"$1,006,478.00 "
loan_id_0529,1154,GRANTS PASS,OR,97526,"$745,000.00 ", , , ,$0.00 ,"$745,000.00 "
loan_id_0529,1154,GRANTS PASS,OR,97526,"$760,000.00 ", , , ,$0.00 ,"$648,000.00 "
loan_id_0529,1154,MEDFORD,OR,97504,"$465,000.00 ", , , ,$0.00 ,"$365,000.00 "
loan_id_2217,1154,CORVALLIS,OR,97330,"$2,020,000.00 ", , , ,$0.00 ,"$1,705,500.00 "
loan_id_0178,1154,CORVALLIS,OR,97330,"$1,510,000.00 ", , , ,$0.00 ,"$1,299,925.00 "
loan_id_2218,1154,CORVALLIS,OR,97330,"$800,000.00 ", , , ,$0.00 ,"$776,320.00 "
loan_id_0236,1154,KLAMATH FALLS,OR,97601,"$130,000.00 ", , , ,$0.00 ,"$109,130.00 "
loan_id_0256,1154,MEDFORD,OR,97504,"$170,000.00 ", , , ,$0.00 ,"$170,000.00 "
loan_id_0529,1154,GRANTS PASS,OR,97526,"$585,000.00 ", , , ,$0.00 ,"$508,000.00 "
loan_id_0171,1154,TALENT,OR,97540,"$635,000.00 ", , , ,$0.00 ,$0.00 
loan_id_0529,1154,MEDFORD,OR,97501,"$525,000.00 ", , , ,$0.00 ,"$456,000.00 "
loan_id_0529,1154,MEDFORD,OR,97501,"$610,000.00 ", , , ,$0.00 ,"$529,000.00 "
loan_id_2284,1154,LAKEVIEW,OR,97630,"$290,000.00 ", , , ,$0.00 ,$0.00 
loan_id_0529,1154,GRANTS PASS,OR,97527,"$535,000.00 ", , , ,$0.00 ,"$463,000.00 "
loan_id_0933,1154,ALBANY,OR,97321,"$430,000.00 ", , , ,$0.00 ,$0.00 
loan_id_1798,1154,GRANTS PASS ,OR,97527,"$435,000.00 ", , , ,$0.00 ,"$340,000.00 "
loan_id_1798,1154,GRANTS PASS ,OR,97527,"$525,000.00 ", , , ,$0.00 ,"$383,000.00 "
loan_id_0529,1154,MEDFORD,OR,97504,"$695,000.00 ", , , ,$0.00 ,"$595,000.00 "
loan_id_1646,1154,KLAMATH FALLS,OR,97601,"$497,000.00 ", , , ,$0.00 ,"$420,811.00 "
loan_id_1275,1154,ALBANY,OR,97321,"$770,000.00 ", , , ,$0.00 ,"$394,455.00 "
loan_id_1798,1154,MEDFORD,OR,97504,"$595,000.00 ", , , ,$0.00 ,"$741,600.00 "
loan_id_0529,1154,MEDFORD,OR,97501,"$610,000.00 ", , , ,$0.00 ,"$493,000.00 "
loan_id_0529,1154,MEDFORD,OR,97504,"$495,000.00 ", , , ,$0.00 ,"$387,000.00 "
loan_id_0529,1154,ROGUE RIVER,OR,97537,"$385,000.00 ", , , ,$0.00 ,"$302,000.00 "
loan_id_0529,1154,TALENT,OR,97540,"$710,000.00 ", , , ,$0.00 ,"$332,000.00 "
loan_id_0529,1154,GRANTS PASS,OR,97526,"$603,900.00 ", , , ,$0.00 ,"$492,000.00 "
loan_id_0001,1154,MEDFORD,OR,97504,"$215,000.00 ", , , ,"$1,242,920.00 ",$0.00 
loan_id_0846,1154,GRANTS PASS,OR,97526,"$293,400.00 ", , , ,$0.00 ,$0.00 
loan_id_0529,1154,TALENT ,OR,97540,"$715,000.00 ", , , ,$0.00 ,"$441,000.00 "
loan_id_1000,1154,ALBANY,OR,97322,"$325,000.00 ", , , ,$0.00 ,"$207,360.00 "
loan_id_0529,1154,CENTRAL POINT,OR,97502,"$615,000.00 ", , , ,$0.00 ,"$613,000.00 "
loan_id_0686,1154,DALLAS,OR,97338,"$568,000.00 ", , , ,$0.00 ,"$404,900.00 "
loan_id_0687,1154,DALLAS,OR,97338,"$365,000.00 ", , , ,$0.00 ,"$299,700.00 "
loan_id_0687,1154,DALLAS,OR,97338,"$367,000.00 ", , , ,$0.00 ,"$305,300.00 "
loan_id_0688,1154,DALLAS,OR,97338,"$365,000.00 ", , , ,$0.00 ,"$299,700.00 "
loan_id_0688,1154,DALLAS,OR,97338,"$367,000.00 ", , , ,$0.00 ,"$308,100.00 "
loan_id_1480,1154,MEDFORD,OR,97504,"$440,000.00 ", , , ,$0.00 ,"$241,165.00 "
loan_id_0474,1154,MEDFORD,OR,97504,$0.00 , , , ,$0.00 ,$0.00 
loan_id_1798,1154,MEDFORD,OR,97504,"$1,050,000.00 ", , , ,$0.00 ,"$430,000.00 "
loan_id_1000,1154,ALBANY,OR,97322,"$350,000.00 ", , , ,$0.00 ,"$213,140.00 "
loan_id_1747,1154,PHOENIX,OR,97535,"$233,000.00 ", , , ,$0.00 ,$0.00 
loan_id_2326,1154,MEDFORD,OR,97501,"$175,470.00 ", , , ,$0.00 ,"$108,890.00 "
loan_id_0529,1154,MEDFORD,OR,97501,"$840,000.00 ", , , ,$0.00 ,"$363,100.00 "
loan_id_2298,1154,SHADY COVE,OR,97539,"$249,120.00 ", , , ,$0.00 ,"$100,000.00 "
loan_id_1104,1154,KEIZER,OR,97303,"$239,904.00 ", , , ,$0.00 ,$0.00 
loan_id_0529,1154,GRANTS PASS,OR,97526,"$379,000.00 ", , , ,$0.00 ,"$337,000.00 "
loan_id_0529,1154,MEDFORD,OR,97501,"$385,000.00 ", , , ,$0.00 ,"$332,000.00 "
loan_id_0255,1154,CENTRAL POINT,OR,97502,"$215,000.00 ", , , ,$0.00 ,$0.00 
loan_id_0529,1154,ASHLAND,OR,97520,"$730,000.00 ", , , ,$0.00 ,"$575,000.00 "
loan_id_0529,1154,MEDFORD,OR,97501,"$490,000.00 ", , , ,$0.00 ,"$309,000.00 "
loan_id_1746,1154,ASHLAND,OR,97520,"$258,000.00 ", , , ,$0.00 ,$0.00 
loan_id_0529,1154,ASHLAND,OR,97520,"$710,000.00 ", , , ,$0.00 ,"$510,000.00 "
loan_id_1988,1154,WHITE CITY,OR,97503,"$2,170,000.00 ", , , ,$0.00 ,"$1,446,403.00 "
loan_id_0529,1154,MEDFORD,OR,97501,"$525,000.00 ", , , ,$0.00 ,"$449,000.00 "
loan_id_1750,1154,CENTRAL POINT,OR,97502,"$976,000.00 ", , , ,$0.00 ,$0.00 
loan_id_0290,1154,GOLD HILL,OR,97525,"$490,000.00 ", , , ,$0.00 ,"$359,680.00 "
loan_id_2167,1170,MEDFORD,OR,97504,"$310,000.00 ", , , ,$0.00 ,"$276,000.00 "
loan_id_1761,1170,ROSEBURG,OR,97470,"$20,200,000.00 ", , , ,$0.00 ,"$9,490,000.00 "
loan_id_0119,1170,ASHLAND,OR,97520,"$14,065,000.00 ", , , ,$0.00 ,"$10,590,000.00 "
loan_id_1099,1170,ASHLAND,OR,97520,"$2,825,000.00 ", , , ,$0.00 ,"$2,085,000.00 "
loan_id_1290,1170,CENTRAL POINT,OR,97502,"$5,655,000.00 ", , , ,$0.00 ,"$4,785,000.00 "
loan_id_0620,1170,MEDFORD,OR,97504,"$5,700,000.00 ", , , ,$0.00 ,$0.00 
loan_id_2167,1170,MEDFORD,OR,97501,"$275,000.00 ", , , ,$0.00 ,"$230,000.00 "
loan_id_1559,1170,WHITE CITY,OR,97503,"$6,550,000.00 ", , , ,$0.00 ,"$3,410,000.00 "
loan_id_0377,1170,MEDFORD,OR,97501,"$4,900,000.00 ", , , ,$0.00 ,"$3,325,000.00 "
loan_id_1681,1172,ASHLAND,OR,97520,"$1,450,000.00 ", , , ,$0.00 ,$0.00 
loan_id_1598,1172,PHOENIX,OR,97535,"$4,540,000.00 ", , , ,$0.00 ,$0.00 
loan_id_1168,1172,JACKSONVILLE,OR,97530,"$734,690.00 ", , , ,"$306,000.00 ","$687,270.00 "
loan_id_0287,1172,MEDFORD,OR,97501,"$1,400,000.00 ", , , ,$0.00 ,"$882,360.00 "
loan_id_1071,1173,MEDFORD,OR,97501,"$980,000.00 ", , , ,$0.00 ,$0.00 
loan_id_2377,1173,JACKSONVILLE,OR,97530,"$845,000.00 ", , , ,$0.00 ,$0.00 
loan_id_0070,1173,ALBANY,OR,97321,"$2,000,000.00 ", , , ,$0.00 ,$0.00 
loan_id_1571,1173,GRANTS PASS,OR,97527,"$555,000.00 ", , , ,$0.00 ,$0.00 
loan_id_0708,1173,GRANTS PASS,OR,97526,"$2,300,000.00 ", , , ,$0.00 ,"$1,710,000.00 "
loan_id_0709,1173,GRANTS PASS,OR,97526,"$2,300,000.00 ", , , ,$0.00 ,"$1,710,000.00 "
loan_id_1686,1173,GRANTS PASS,OR,97526,"$635,000.00 ", , , ,$0.00 ,"$440,060.00 "
loan_id_2367,1173,MEDFORD,OR,97501,"$510,000.00 ", , , ,$0.00 ,$0.00 
loan_id_1757,1173,BUTTE FALLS,OR,97522,"$175,000.00 ", , , ,$0.00 ,"$104,220.00 "
loan_id_0727,1174,ASHLAND,OR,97520,"$650,000.00 ", , , ,$0.00 ,$0.00 
loan_id_1422,1174,ASHLAND,OR,97520,"$650,000.00 ", , , ,$0.00 ,$0.00 
loan_id_1140,1174,SALEM,OR,97302,"$227,710.00 ", , , ,$0.00 ,"$62,370.00 "
loan_id_0726,1174,TALENT,OR,97540,"$205,000.00 ", , , ,$0.00 ,"$117,340.00 "
loan_id_1422,1174,TALENT,OR,97540,"$205,000.00 ", , , ,$0.00 ,"$117,340.00 "
loan_id_2170,1174,EUGENE,OR,97408,"$2,260,000.00 ", , , ,$0.00 ,"$820,000.00 "
loan_id_0159,1174,ALBANY,OR,97321,"$310,000.00 ", , , ,$0.00 ,"$227,000.00 "
loan_id_1593,1174,BEND,OR,97701,"$1,160,000.00 ", , , ,$0.00 ,$0.00 
loan_id_1594,1174,BEND,OR,97701,"$1,160,000.00 ", , , ,$0.00 ,$0.00 
loan_id_1898,1174,INDEPENDENCE,OR,97351,"$2,110,000.00 ", , , ,$0.00 ,"$2,110,000.00 "
loan_id_1899,1174,INDEPENDENCE,OR,97351,"$2,110,000.00 ", , , ,$0.00 ,"$2,110,000.00 "
loan_id_1890,1174,PHOENIX,OR,97535,"$445,000.00 ", , , ,$0.00 ,"$333,220.00 "
loan_id_0670,1174,KLAMATH FALLS,OR,97601,"$530,000.00 ", , , ,$0.00 ,"$400,000.00 "
loan_id_1077,1174,MEDFORD,OR,97501,"$1,000,000.00 ", , , ,$0.00 ,"$560,000.00 "
loan_id_1563,1174,MEDFORD,OR,97501,"$1,700,000.00 ", , , ,$0.00 ,"$850,000.00 "
loan_id_0066,1174,ALBANY,OR,97321,"$2,540,000.00 ", , , ,$0.00 ,"$1,020,000.00 "
loan_id_0885,1174,MEDFORD,OR,97501,"$826,420.00 ", , , ,$0.00 ,"$304,070.00 "
loan_id_0863,1174,ASHLAND,OR,97520,"$1,566,950.00 ", , , ,"$305,040.00 ",$0.00 
loan_id_1593,1174,REDMOND,OR,97756,"$605,000.00 ", , , ,$0.00 ,$0.00 
loan_id_1594,1174,REDMOND,OR,97756,"$605,000.00 ", , , ,$0.00 ,$0.00 
loan_id_1486,1174,ALBANY,OR,97321,"$510,000.00 ", , , ,$0.00 ,"$510,000.00 "
loan_id_0094,1174,ASHLAND,OR,97520,"$615,000.00 ", , , ,$0.00 ,$0.00 
loan_id_1655,1174,WILLIAMS,OR,97544,"$378,313.00 ", , , ,$0.00 ,"$235,433.00 "
loan_id_1852,1174,ASHLAND,OR,97520,"$2,170,440.00 ", , , ,$0.00 ,$0.00 
loan_id_0244,1174,CENTRAL POINT,OR,97502,"$1,145,000.00 ", , , ,$0.00 ,"$126,000.00 "
loan_id_1074,1174,GRANTS PASS,OR,97526,"$2,200,000.00 ", , , ,$0.00 ,"$1,936,890.00 "
loan_id_0638,1174,KLAMATH FALLS,OR,97601,"$3,660,000.00 ", , , ,$0.00 ,"$670,000.00 "
loan_id_2128,1174,JACKSONVILLE,OR,97530,"$440,000.00 ", , , ,$0.00 ,"$280,410.00 "
loan_id_1748,1174,JACKSONVILLE,OR,97530,"$440,000.00 ", , , ,$0.00 ,"$280,410.00 "
loan_id_0754,1174,ASHLAND,OR,97520,"$148,500.00 ", , , ,$0.00 ,"$37,780.00 "
loan_id_0907,1174,EAGLE POINT,OR,97524,"$600,000.00 ", , , ,$0.00 ,$0.00 
loan_id_1128,1174,JACKSONVILLE,OR,97530,"$1,055,000.00 ", , , ,$0.00 ,"$510,000.00 "
loan_id_1145,1174,MEDFORD,OR,97501,"$180,000.00 ", , , ,$0.00 ,"$84,120.00 "
loan_id_1896,1174,MEDFORD,OR,97501,"$550,000.00 ", , , ,$0.00 ,$0.00 
loan_id_2244,1174,MEDFORD,OR,97501,"$580,000.00 ", , , ,$0.00 ,$0.00 
loan_id_1350,1174,SALEM,OR,97302,"$1,960,000.00 ", , , ,$0.00 ,"$1,330,000.00 "
loan_id_0937,1174,MEDFORD,OR,97501,"$129,650.00 ", , , ,$0.00 ,"$22,160.00 "
loan_id_2145,1174,JACKSONVILLE,OR,97530,"$321,000.00 ", , , ,$0.00 ,"$214,380.00 "
loan_id_0619,1174,ASHLAND,OR,97520,"$3,300,000.00 ", , , ,$0.00 ,"$2,150,000.00 "
loan_id_1994,1174,GRANTS PASS,OR,97526,"$750,000.00 ", , , ,$0.00 ,"$370,000.00 "
loan_id_1557,1174,MEDFORD,OR,97504,"$640,000.00 ", , , ,$0.00 ,$0.00 
loan_id_0340,1174,MEDFORD,OR,97504,"$640,000.00 ", , , ,$0.00 ,"$475,000.00 "
loan_id_1029,1174,SHADY COVE,OR,97539,"$375,000.00 ", , , ,$0.00 ,"$215,631.00 "
loan_id_2242,1174,MEDFORD,OR,97501,"$2,000,000.00 ", , , ,$0.00 ,$0.00 
loan_id_1368,1174,BEND,OR,97702,"$1,625,000.00 ", , , ,$0.00 ,"$610,000.00 "
loan_id_1367,1174,BEND,OR,97702,"$1,625,000.00 ", , , ,$0.00 ,"$610,000.00 "
loan_id_1385,1174,ELKTON,OR,97436,"$630,000.00 ", , , ,$0.00 ,"$575,664.00 "
loan_id_1075,1174,GRANTS PASS,OR,97527,"$4,000,000.00 ", , , ,$0.00 ,"$3,025,000.00 "
loan_id_0458,1174,MEDFORD,OR,97504,"$1,150,000.00 ", , , ,$0.00 ,"$840,000.00 "
loan_id_0459,1174,MEDFORD,OR,97504,"$1,150,000.00 ", , , ,$0.00 ,"$840,000.00 "
loan_id_1283,1174,MEDFORD,OR,97501,"$5,200,000.00 ", , , ,$0.00 ,"$3,660,000.00 "
loan_id_1850,1174,MEDFORD,OR,97501,"$880,000.00 ", , , ,$0.00 ,$0.00 
loan_id_0300,1174,EAGLE POINT,OR,97524,"$1,598,680.00 ", , , ,$0.00 ,"$1,401,380.00 "
loan_id_0052,1174,CENTRAL POINT ,OR,97502,"$3,175,000.00 ", , , ,$0.00 ,"$2,215,000.00 "
loan_id_1208,1174,GOLD HILL,OR,97525,"$250,000.00 ", , , ,$0.00 ,$0.00 
loan_id_0219,1174,PHOENIX,OR,97535,"$5,750,000.00 ", , , ,$0.00 ,"$3,300,000.00 "
loan_id_2236,1174,SALEM,OR,97305,"$5,900,000.00 ", , , ,$0.00 ,"$1,130,000.00 "
loan_id_1591,1174,CENTRAL POINT,OR,97502,"$2,400,000.00 ", , , ,$0.00 ,"$2,232,360.00 "
loan_id_0638,1174,KLAMATH FALLS,OR,97601,"$3,770,000.00 ", , , ,$0.00 ,"$980,000.00 "
loan_id_1006,1174,GRANTS PASS,OR,97527,"$530,000.00 ", , , ,$0.00 ,"$387,960.00 "
loan_id_2080,1174,GRANTS PASS,OR,97527,"$725,000.00 ", , , ,$0.00 ,"$570,000.00 "
loan_id_1101,1174,JACKSONVILLE,OR,97530,"$1,000,000.00 ", , , ,$0.00 ,$0.00 
loan_id_1390,1174,MOLALLA,OR,97038,"$6,500,000.00 ", , , ,$0.00 ,"$1,930,000.00 "
loan_id_0723,1174,ALBANY,OR,97321,"$340,000.00 ", , , ,$0.00 ,"$114,540.00 "
loan_id_2243,1174,GRANTS PASS,OR,97526,"$2,750,000.00 ", , , ,$0.00 ,"$2,400,000.00 "
loan_id_2241,1174,GRANTS PASS,OR,97526,"$1,292,000.00 ", , , ,$0.00 ,$0.00 
loan_id_2241,1174,GRANTS PASS,OR,97526,"$798,000.00 ", , , ,$0.00 ,$0.00 
loan_id_2241,1174,GRANTS PASS,OR,97526,"$210,000.00 ", , , ,$0.00 ,$0.00 
loan_id_0832,1174,CENTRAL POINT,OR,97502,"$625,000.00 ", , , ,$0.00 ,"$475,000.00 "
loan_id_1167,1174,MEDFORD,OR,97504,"$1,800,000.00 ", , , ,$0.00 ,$0.00 
loan_id_0028,1174,MEDFORD,OR,97501,"$1,104,630.00 ", , , ,$0.00 ,"$924,220.00 "
loan_id_0576,1174,MEDFORD,OR,97501,"$385,000.00 ", , , ,$0.00 ,"$355,420.00 "
loan_id_1146,1174,MEDFORD,OR,97501,"$520,000.00 ", , , ,$0.00 ,$0.00 
loan_id_1511,1175,SALEM,OR,97304,"$3,900,000.00 ", , , ,$0.00 ,$0.00 
loan_id_2349,1175,ALBANY,OR,97321,"$339,180.00 ", , , ,$0.00 ,"$296,840.00 "
loan_id_2010,1175,MEDFORD,OR,97504,"$627,000.00 ", , , ,$0.00 ,"$305,290.00 "
loan_id_1339,1175,MEDFORD,OR,97504,"$13,980,000.00 ", , , ,$0.00 ,"$11,550,000.00 "
loan_id_0367,1175,MEDFORD,OR,97504,"$2,195,000.00 ", , , ,$0.00 ,"$1,410,000.00 "
loan_id_1303,1175,MEDFORD,OR,97504,"$513,410.00 ", , , ,$0.00 ,"$451,970.00 "
loan_id_0836,1175,MEDFORD,OR,97504,"$169,860.00 ", , , ,$0.00 ,"$169,860.00 "
loan_id_0651,1175,ASHLAND,OR,97520,"$768,000.00 ", , , ,$0.00 ,$0.00 
loan_id_1688,1175,CENTRAL POINT,OR,97502,"$800,000.00 ", , , ,$0.00 ,"$760,000.00 "
loan_id_1534,1175,CAVE JUNCTION,OR,97523,"$190,000.00 ", , , ,$0.00 ,"$163,660.00 "
loan_id_1534,1175,CAVE JUNCTION,OR,97523,$0.00 , , , ,$0.00 ,$0.00 
loan_id_1068,1175,ALBANY,OR,97321,"$550,000.00 ", , , ,$0.00 ,$0.00 
loan_id_1156,1175,MEDFORD,OR,97501,"$450,000.00 ", , , ,$0.00 ,"$172,960.00 "
loan_id_0607,1175,MEDFORD,OR,97504,"$700,000.00 ", , , ,$0.00 ,"$410,000.00 "
loan_id_2250,1175,MEDFORD,OR,97504,"$915,000.00 ", , , ,$0.00 ,"$645,000.00 "
loan_id_2251,1175,MEDFORD,OR,97504,"$915,000.00 ", , , ,$0.00 ,"$645,000.00 "
loan_id_0565,1175,MEDFORD,OR,97501,"$845,000.00 ", , , ,"$417,000.00 ","$628,960.00 "
loan_id_0152,1175,MEDFORD,OR,97504,"$2,700,000.00 ", , , ,$0.00 ,"$2,255,000.00 "
loan_id_0585,1175,MEDFORD,OR,97504,"$1,450,000.00 ", , , ,$0.00 ,"$1,140,000.00 "
loan_id_0584,1175,MEDFORD,OR,97501,"$1,425,000.00 ", , , ,$0.00 ,$0.00 
loan_id_0486,1175,PHOENIX,OR,97535,"$1,185,000.00 ", , , ,$0.00 ,"$650,000.00 "
loan_id_0912,1175,ALBANY,OR,97321,"$2,700,000.00 ", , , ,$0.00 ,$0.00 
loan_id_0717,1175,MEDFORD,OR,97504,"$625,000.00 ", , , ,$0.00 ,"$315,680.00 "
loan_id_1533,1175,CENTRAL POINT,OR,97502,"$690,000.00 ", , , ,$0.00 ,"$602,770.00 "
loan_id_0259,1175,MEDFORD,OR,97504,"$125,000.00 ", , , ,$0.00 ,"$95,150.00 "
loan_id_0059,1177,MEDFORD,OR,97504,"$5,310,000.00 ", , , ,$0.00 ,"$2,279,615.00 "
loan_id_0736,1179,WHITE CITY,OR,97503,"$2,770,000.00 ", , , ,$0.00 ,"$780,000.00 "
loan_id_2061,1179,EAGLE POINT,OR,97524,"$4,740,000.00 ", , , ,$0.00 ,"$2,020,000.00 "
loan_id_2062,1179,EAGLE POINT,OR,97524,"$4,740,000.00 ", , , ,$0.00 ,"$2,020,000.00 "
loan_id_0058,1179,GRANTS PASS,OR,97526,"$3,245,000.00 ", , , ,$0.00 ,"$1,940,000.00 "
loan_id_0002,1179,PHILOMATH,OR,97370,"$235,000.00 ", , , ,$0.00 ,"$105,000.00 "
loan_id_1835,1179,MOLALLA,OR,97038,"$1,250,000.00 ", , , ,$0.00 ,$0.00 
loan_id_0316,1179,WHITE CITY,OR,97503,"$2,450,000.00 ", , , ,$0.00 ,$0.00 
loan_id_2359,1179,SALEM,OR,97301,$0.00 , , , ,$0.00 ,$0.00 
loan_id_1473,1179,GRANTS PASS,OR,97526,"$660,000.00 ", , , ,$0.00 ,"$880,000.00 "
loan_id_0594,1179,EAGLE POINT,OR,97524,"$458,330.00 ", , , ,$0.00 ,$0.00 
loan_id_1886,1179,MEDFORD,OR,97501,"$890,000.00 ", , , ,$0.00 ,$0.00 
loan_id_0169,1179,TALENT,OR,97540,"$1,000,000.00 ", , , ,$0.00 ,"$700,000.00 "
loan_id_0827,1179,MEDFORD,OR,97501,"$2,480,000.00 ", , , ,$0.00 ,$0.00 
loan_id_0812,1179,AURORA,OR,97002,"$850,000.00 ", , , ,$0.00 ,"$300,000.00 "
loan_id_0358,1179,WHITE CITY,OR,97503,"$948,308.00 ", , , ,$0.00 ,"$729,428.00 "
loan_id_2150,1179,MEDFORD,OR,97501,"$1,800,000.00 ", , , ,$0.00 ,"$1,255,000.00 "
loan_id_1191,1179,MEDFORD,OR,97501,"$1,800,000.00 ", , , ,$0.00 ,"$1,255,000.00 "
loan_id_1139,1179,KLAMATH FALLS,OR,97603,"$176,968.50 ", , , ,$0.00 ,$0.00 
loan_id_0015,1179,TANGENT,OR,97389,"$700,000.00 ", , , ,$0.00 ,$0.00 
loan_id_2331,1179,ASHLAND,OR,97520,"$550,000.00 ", , , ,$0.00 ,"$327,860.00 "
loan_id_0145,1179,MEDFORD,OR,97501,"$2,000,000.00 ", , , ,$0.00 ,"$1,723,390.00 "
loan_id_1903,1179,TANGENT,OR,97389,"$5,980,000.00 ", , , ,$0.00 ,"$3,018,980.00 "
loan_id_2148,1179,MEDFORD,OR,97501,"$930,000.00 ", , , ,$0.00 ,"$693,032.00 "
loan_id_2328,1179,ASHLAND,OR,97520,"$3,600,000.00 ", , , ,$0.00 ,$0.00 
loan_id_1320,1179,KLAMATH FALLS,OR,97603,"$250,000.00 ", , , ,$0.00 ,"$76,430.00 "
loan_id_2351,1179,GRANTS PASS,OR,97527,"$1,500,000.00 ", , , ,$0.00 ,"$880,200.00 "
loan_id_0355,1179,PHOENIX,OR,97535,"$530,000.00 ", , , ,$0.00 ,"$458,902.00 "
loan_id_0356,1179,PHOENIX,OR,97535,"$530,000.00 ", , , ,$0.00 ,"$458,902.00 "
loan_id_0018,1179,PHOENIX,OR,97535,"$246,000.00 ", , , ,$0.00 ,"$69,770.00 "
loan_id_1799,1179,CENTRAL POINT,OR,97502,"$1,340,000.00 ", , , ,$0.00 ,$0.00 
loan_id_2061,1179,CENTRAL POINT,OR,97502,"$2,380,000.00 ", , , ,$0.00 ,"$1,750,000.00 "
loan_id_2062,1179,CENTRAL POINT,OR,97502,"$2,380,000.00 ", , , ,$0.00 ,"$1,750,000.00 "
loan_id_1400,1179,SWEET HOME,OR,97386,"$850,000.00 ", , , ,$0.00 ,$0.00 
loan_id_1091,1179,CENTRAL POINT,OR,97502,"$639,470.00 ", , , ,$0.00 ,"$437,880.00 "
loan_id_1090,1179,CENTRAL POINT,OR,97502,"$1,270,000.00 ", , , ,$0.00 ,"$1,130,000.00 "
loan_id_1581,1179,MEDFORD,OR,97501,"$280,000.00 ", , , ,$0.00 ,$0.00 
loan_id_1835,1179,MOLALLA,OR,97038,"$1,250,000.00 ", , , ,$0.00 ,"$850,000.00 "
loan_id_0553,1179,MEDFORD,OR,97501,"$860,000.00 ", , , ,$0.00 ,$0.00 
loan_id_1380,1179,CENTRAL POINT,OR,97502,"$1,945,000.00 ", , , ,$0.00 ,"$1,785,000.00 "
loan_id_2380,1179,CENTRAL POINT,OR,97502,"$875,000.00 ", , , ,$0.00 ,"$501,730.00 "
loan_id_1809,1179,MEDFORD,OR,97501,"$680,000.00 ", , , ,$0.00 ,$0.00 
loan_id_0378,1179,MEDFORD,OR,97504,"$625,000.00 ", , , ,$0.00 ,"$226,000.00 "
loan_id_0167,1179,WHITE CITY,OR,97503,"$1,778,191.00 ", , , ,$0.00 ,"$1,335,000.00 "
loan_id_0334,1179,GRANTS PASS,OR,97527,"$1,600,000.00 ", , , ,$0.00 ,"$1,165,000.00 "
loan_id_2066,1179,WHITE CITY,OR,97503,"$4,570,000.00 ", , , ,$0.00 ,"$4,090,000.00 "
loan_id_0230,1179,WHITE CITY,OR,97503,"$360,000.00 ", , , ,$0.00 ,"$230,000.00 "
loan_id_2324,1179,PORTLAND,OR,97222,"$515,000.00 ", , , ,$0.00 ,"$360,000.00 "
loan_id_0088,1179,MEDFORD ,OR,97504,"$1,350,000.00 ", , , ,$0.00 ,"$1,175,000.00 "
loan_id_1190,1179,INDEPENDENCE,OR,97531,"$1,990,000.00 ", , , ,$0.00 ,"$1,660,000.00 "
loan_id_1589,1180,YREKA,CA,96097,"$2,550,000.00 ", , , ,$0.00 ,$0.00 
loan_id_0043,1180,JACKSONVILLE,OR,97530,"$2,125,000.00 ", , , ,$0.00 ,"$1,925,000.00 "
loan_id_0073,1180,GRANTS PASS,OR,97526,"$3,510,000.00 ", , , ,$0.00 ,$0.00 
loan_id_1106,1180,MEDFORD,OR,97504,"$7,850,000.00 ", , , ,$0.00 ,$0.00 
loan_id_1031,1180,PORTLAND,OR,97217,"$10,190,000.00 ", , , ,$0.00 ,"$9,200,000.00 "
loan_id_1501,1180,PORTLAND,OR,97210,"$14,850,000.00 ", , , ,$0.00 ,"$7,270,000.00 "
loan_id_1417,1180,ASHLAND,OR,97520,"$4,698,000.00 ", , , ,$0.00 ,$0.00 
loan_id_1418,1180,ASHLAND,OR,97520,"$4,698,000.00 ", , , ,$0.00 ,$0.00 
loan_id_0783,1180,SPRINGFIELD,OR,97477,"$28,241,000.00 ", , , ,$0.00 ,"$24,500,000.00 "
loan_id_0785,1180,SPRINGFIELD,OR,97477,"$28,241,000.00 ", , , ,$0.00 ,"$24,500,000.00 "
loan_id_0838,1180,MEDFORD,OR,97504,"$7,300,000.00 ", , , ,$0.00 ,"$6,618,370.00 "
loan_id_0040,1180,ASHLAND,OR,97520,"$1,050,000.00 ", , , ,$0.00 ,$0.00 
loan_id_1381,1180,MEDFORD,OR,97501,"$1,410,000.00 ", , , ,$0.00 ,"$1,200,270.00 "
loan_id_1590,1180,MEDFORD,OR,97501,"$650,000.00 ", , , ,$0.00 ,$0.00 
loan_id_1687,1181,GRANTS PASS,OR,97526,"$450,000.00 ", , , ,$0.00 ,$0.00 
loan_id_1489,1181,MEDFORD ,OR,97501,"$975,000.00 ", , , ,$0.00 ,"$344,600.00 "
loan_id_1423,1181,JACKSONVILLE,OR,97530,"$575,000.00 ", , , ,$0.00 ,$0.00 
loan_id_0131,1182,KLAMATH FALLS,OR,97601,"$855,000.00 ", , , ,$0.00 ,"$575,421.00 "
loan_id_2049,1182,ALBANY,OR,97322,"$1,015,000.00 ", , , ,$0.00 ,"$583,090.00 "
loan_id_0426,1182,CHILOQUIN,OR,97624,"$775,000.00 ", , , ,$0.00 ,"$1,326,905.00 "
loan_id_0799,1182,EAGLE POINT,OR,97524,"$370,000.00 ", , , ,$0.00 ,"$258,560.00 "
loan_id_0632,1182,KLAMATH FALLS,OR,97601,"$257,000.00 ", , , ,$0.00 ,"$520,000.00 "
loan_id_0825,1182,GRANTS PASS,OR,97526,"$5,500,000.00 ", , , ,$0.00 ,"$3,976,030.00 "
loan_id_1180,1182,GRANTS PASS,OR,97526,"$765,000.00 ", , , ,$0.00 ,"$762,000.00 "
loan_id_0599,1182,ASHLAND,OR,97520,"$2,125,000.00 ", , , ,$0.00 ,"$2,004,120.00 "
loan_id_2006,1182,MEDFORD,OR,97501,"$2,310,000.00 ", , , ,$0.00 ,$0.00 
loan_id_1916,1182,MEDFORD,OR,97504,"$3,950,000.00 ", , , ,$0.00 ,"$1,724,040.00 "
loan_id_1366,1182,EUGENE,OR,97401,"$3,200,000.00 ", , , ,$0.00 ,$0.00 
loan_id_2131,1182,EAGLE POINT,OR,97524,"$825,000.00 ", , , ,$0.00 ,"$707,180.00 "
loan_id_0117,1182,ASHLAND,OR,97520,"$12,310,000.00 ", , , ,$0.00 ,$0.00 
loan_id_1044,1182,JEFFERSON,OR,97532,"$350,000.00 ", , , ,$0.00 ,"$238,000.00 "
loan_id_1536,1182,ASHLAND,OR,97520,"$1,670,000.00 ", , , ,$0.00 ,"$1,020,000.00 "
loan_id_1487,1182,MEDFORD,OR,97501,"$855,430.00 ", , , ,$0.00 ,"$641,140.00 "
loan_id_2167,1182,GRANTS PASS,OR,97526,"$1,500,370.00 ", , , ,$0.00 ,"$885,000.00 "
loan_id_1693,1182,KLAMATH FALLS,OR,97603,"$250,000.00 ", , , ,$0.00 ,$0.00 
loan_id_2116,1182,ASHLAND,OR,97520,"$4,580,000.00 ", , , ,$0.00 ,"$2,850,000.00 "
loan_id_0315,1182,TALENT,OR,97540,"$2,930,000.00 ", , , ,$0.00 ,"$2,365,000.00 "
loan_id_1925,1182,MEDFORD,OR,97501,"$1,680,000.00 ", , , ,$0.00 ,"$668,400.00 "
loan_id_2115,1182,ASHLAND,OR,97520,"$4,700,000.00 ", , , ,$0.00 ,"$3,916,450.00 "
loan_id_2327,1182,KLAMATH FALLS,OR,97601,"$2,560,000.00 ", , , ,$0.00 ,$0.00 
loan_id_1192,1182,LEBANON,OR,97355,"$8,700,000.00 ", , , ,$0.00 ,$0.00 
loan_id_1402,1182,PHOENIX,OR,97535,"$460,000.00 ", , , ,$0.00 ,"$156,170.00 "
loan_id_2347,1182,MEDFORD,OR,97501,"$750,000.00 ", , , ,$0.00 ,"$347,990.00 "
loan_id_0398,1182,SALEM,OR,97302,"$560,000.00 ", , , ,$0.00 ,"$270,000.00 "
loan_id_1141,1182,CENTRAL POINT,OR,97502,"$3,250,000.00 ", , , ,$0.00 ,"$650,000.00 "
loan_id_0284,1182,ALBANY,OR,97322,"$280,000.00 ", , , ,$0.00 ,"$141,900.00 "
loan_id_0895,1182,ALBANY,OR,97321,"$553,590.00 ", , , ,$0.00 ,"$529,400.00 "
loan_id_1386,1182,CANYONVILLE,OR,97417,"$435,000.00 ", , , ,$0.00 ,"$377,040.00 "
loan_id_0182,1182,KLAMATH FALLS ,OR,97601,"$616,000.00 ", , , ,$0.00 ,$0.00 
loan_id_0481,1182,ALBANY,OR,97321,"$1,395,000.00 ", , , ,$0.00 ,$0.00 
loan_id_2021,1182,GRANTS PASS,OR,97527,"$780,000.00 ", , , ,$0.00 ,"$395,000.00 "
loan_id_1873,1182,MEDFORD,OR,97504,"$1,300,000.00 ", , , ,$0.00 ,"$299,500.00 "
loan_id_0482,1182,ALBANY,OR,97321,"$3,270,000.00 ", , , ,$0.00 ,$0.00 
loan_id_1798,1182,MEDFORD ,OR,97504,"$700,000.00 ", , , ,$0.00 ,"$756,100.00 "
loan_id_2020,1182,ASHLAND,OR,97520,"$1,165,000.00 ", , , ,$0.00 ,"$610,000.00 "
loan_id_0999,1182,MEDFORD,OR,97501,"$260,000.00 ", , , ,$0.00 ,$0.00 
loan_id_1800,1182,MEDFORD,OR,97501,"$535,000.00 ", , , ,$0.00 ,"$100,000.00 "
loan_id_0814,1182,ALBANY,OR,97322,"$2,900,000.00 ", , , ,$0.00 ,$0.00 
loan_id_0016,1182,ALBANY,OR,97322,"$1,925,000.00 ", , , ,$0.00 ,"$1,663,800.00 "
loan_id_1816,1183,GRANTS PASS,OR,97526,"$335,000.00 ", , , ,$0.00 ,"$177,380.00 "
loan_id_1170,1183,ASHLAND,OR,97520,"$329,000.00 ", , , ,$0.00 ,"$200,250.00 "
loan_id_1133,1183,CORVALLIS,OR,97330,"$2,750,000.00 ", , , ,$0.00 ,"$1,725,000.00 "
loan_id_0602,1183,MEDFORD,OR,97504,"$1,379,000.00 ", , , ,$0.00 ,"$1,143,000.00 "
loan_id_0612,1183,MEDFORD,OR,97504,"$3,850,000.00 ", , , ,$0.00 ,$0.00 
loan_id_1245,1183,MEDFORD,OR,97504,"$2,090,000.00 ", , , ,$0.00 ,$0.00 
loan_id_0623,1183,WEED,CA,96094,"$4,790,000.00 ", , , ,$0.00 ,"$4,787,783.00 "
loan_id_0190,1183,WEED,CA,96094,"$4,790,000.00 ", , , ,$0.00 ,"$4,787,783.00 "
loan_id_0038,1183,KEIZER,OR,97303,"$8,100,000.00 ", , , ,$0.00 ,"$6,750,000.00 "
loan_id_1467,1183,YUBA CITY,CA,95991,"$625,000.00 ", , , ,$0.00 ,$0.00 
loan_id_0385,1184,CENTRAL POINT,OR,97502,"$1,375,000.00 ", , , ,$0.00 ,"$675,000.00 "
loan_id_0386,1184,CENTRAL POINT,OR,97502,"$1,375,000.00 ", , , ,$0.00 ,"$675,000.00 "
loan_id_1807,1184,CENTRAL POINT,OR,97502,"$2,750,000.00 ", , , ,$0.00 ,"$250,000.00 "
loan_id_1558,1184,SWEET HOME,OR,97386,"$780,000.00 ", , , ,$0.00 ,$0.00 
loan_id_1732,1184,CENTRAL POINT,OR,97502,"$2,750,000.00 ", , , ,$0.00 ,$0.00 
loan_id_1733,1184,CENTRAL POINT,OR,97502,"$2,750,000.00 ", , , ,$0.00 ,$0.00 
loan_id_1341,1184,EAGLE POINT,OR,97524,"$1,200,000.00 ", , , ,$0.00 ,$0.00 
loan_id_1332,1185,GRANTS PASS,OR,97526,"$1,620,000.00 ", , , ,$0.00 ,"$1,412,720.00 "
loan_id_0122,1185,SWEET HOME,OR,97386,"$1,170,000.00 ", , , ,$0.00 ,$0.00 
loan_id_0443,1185,CENTRAL POINT,OR,97502,"$4,250,000.00 ", , , ,$0.00 ,"$3,950,000.00 "
loan_id_0444,1185,CENTRAL POINT,OR,97502,"$4,250,000.00 ", , , ,$0.00 ,"$3,950,000.00 "
loan_id_0444,1185,CENTRAL POINT ,OR,97502,"$125,000.00 ", , , ,$0.00 ,$0.00 
loan_id_2018,1185,MEDFORD,OR,97501,"$1,975,000.00 ", , , ,$0.00 ,$0.00 
loan_id_2019,1185,MEDFORD,OR,97501,"$1,975,000.00 ", , , ,$0.00 ,$0.00 
loan_id_0304,1185,DEPOE BAY,OR,97341,"$865,000.00 ", , , ,$0.00 ,"$466,440.00 "
loan_id_0305,1185,DEPOE BAY,OR,97341,"$865,000.00 ", , , ,$0.00 ,"$466,440.00 "
loan_id_0057,1185,GRANTS PASS,OR,97526,"$1,577,000.00 ", , , ,$0.00 ,"$1,272,180.00 "
loan_id_0896,1185,KLAMATH FALLS,OR,97603,"$5,650,000.00 ", , , ,$0.00 ,$0.00 
loan_id_1316,1185,ALBANY,OR,97322,"$1,880,000.00 ", , , ,$0.00 ,"$1,690,000.00 "
loan_id_0456,1185,TALENT,OR,97540,"$2,740,000.00 ", , , ,$0.00 ,"$1,190,000.00 "
loan_id_0383,1185,KLAMATH FALLS,OR,97603,"$3,375,000.00 ", , , ,$0.00 ,"$3,100,000.00 "
loan_id_0850,1186,ASHLAND,OR,97520,"$640,000.00 ", , , ,$0.00 ,$0.00 
loan_id_0609,1186,KLAMATH FALLS,OR,97601,"$2,600,000.00 ", , , ,$0.00 ,"$2,522,557.00 "
loan_id_1253,1187,MEDFORD,OR,97501,"$200,000.00 ", , , ,$0.00 ,$0.00 
loan_id_0403,1187,ALBANY,OR,97322,"$575,000.00 ", , , ,$0.00 ,$0.00 
loan_id_1531,1187,CLACKAMAS,OR,97015,"$1,760,000.00 ", , , ,$0.00 ,"$498,381.00 "
loan_id_0324,1187,KLAMATH FALLS,OR,97601,"$697,160.00 ", , , ,$0.00 ,"$649,410.00 "
loan_id_1825,1187,MEDFORD,OR,97501,"$1,175,000.00 ", , , ,$0.00 ,$0.00 
loan_id_0537,1187,MEDFORD,OR,97501,"$6,970,000.00 ", , , ,$0.00 ,"$6,970,000.00 "
loan_id_1474,1187,GRANTS PASS,OR,97526,"$960,000.00 ", , , ,$0.00 ,"$1,295,000.00 "
loan_id_0676,1187,ALBANY,OR,97322,"$1,825,000.00 ", , , ,$0.00 ,$0.00 
loan_id_0675,1187,ALBANY,OR,97322,"$740,000.00 ", , , ,$0.00 ,$0.00 
loan_id_0703,1187,MEDFORD,OR,97501,"$425,000.00 ", , , ,$0.00 ,$0.00 
loan_id_1314,1187,SALEM,OR,97302,"$2,325,000.00 ", , , ,$0.00 ,"$1,337,457.00 "
loan_id_1055,1187,TANGENT,OR,97389,"$3,460,000.00 ", , , ,$0.00 ,$0.00 
loan_id_1056,1187,TANGENT,OR,97389,"$3,460,000.00 ", , , ,$0.00 ,$0.00 
loan_id_0144,1187,MEDFORD,OR,97501,"$2,565,000.00 ", , , ,$0.00 ,"$2,242,660.00 "
loan_id_0350,1187,SALEM,OR,97301,"$5,950,000.00 ", , , ,$0.00 ,"$3,920,000.00 "
loan_id_1054,1187,CORNELIUS,OR,97123,"$2,680,000.00 ", , , ,$0.00 ,$0.00 
loan_id_1058,1187,CORNELIUS,OR,97123,"$2,680,000.00 ", , , ,$0.00 ,$0.00 
loan_id_0060,1187,MEDFORD,OR,97504,"$2,300,000.00 ", , , ,$0.00 ,"$1,846,320.00 "
loan_id_0359,1187,ALBANY,OR,97322,"$2,580,000.00 ", , , ,$0.00 ,"$768,905.25 "
loan_id_0360,1187,ALBANY,OR,97322,"$2,580,000.00 ", , , ,$0.00 ,"$768,905.25 "
loan_id_1057,1187,SALEM,OR,97305,"$2,660,000.00 ", , , ,$0.00 ,$0.00 
loan_id_1472,1187,MEDFORD,OR,97501,"$1,810,000.00 ", , , ,$0.00 ,"$1,421,870.00 "
loan_id_1291,1187,MEDFORD,OR,97502,"$2,320,000.00 ", , , ,$0.00 ,"$1,290,000.00 "
loan_id_1073,1187,CORVALLIS,OR,97330,"$3,760,000.00 ", , , ,$0.00 ,"$2,090,000.00 "
loan_id_0606,1187,CENTRAL POINT,OR,97502,"$1,870,000.00 ", , , ,$0.00 ,$0.00 
loan_id_1157,1187,MEDFORD,OR,97502,"$4,450,000.00 ", , , ,$0.00 ,$0.00 
loan_id_0702,1187,MEDFORD,OR,97501,"$375,000.00 ", , , ,$0.00 ,"$218,870.00 "
loan_id_0891,1187,WHITE CITY,OR,97503,"$1,190,000.00 ", , , ,$0.00 ,"$645,000.00 "
loan_id_0901,1189,MEDFORD,OR,97504,"$2,550,000.00 ", , , ,$0.00 ,"$2,259,700.00 "
loan_id_0867,1189,ASHLAND,OR,97520,"$1,972,220.00 ", , , ,$0.00 ,"$500,000.00 "
loan_id_0797,1189,EAGLE POINT,OR,97524,"$325,000.00 ", , , ,$0.00 ,"$269,480.00 "
loan_id_0798,1189,EAGLE POINT,OR,97524,"$325,000.00 ", , , ,$0.00 ,"$269,480.00 "
loan_id_0795,1189,EAGLE POINT,OR,97524,"$325,000.00 ", , , ,$0.00 ,"$269,480.00 "
loan_id_0982,1189,MEDFORD,OR,97504,"$5,685,000.00 ", , , ,$0.00 ,"$4,285,000.00 "
loan_id_2352,1189,GRANTS PASS,OR,97527,"$1,930,000.00 ", , , ,$0.00 ,"$1,510,000.00 "
loan_id_0232,1189,MEDFORD,OR,97504,"$288,000.00 ", , , ,$0.00 ,$0.00 
loan_id_1904,1189,MEDFORD,OR,97501,"$415,440.00 ", , , ,$0.00 ,"$302,200.00 "
loan_id_1763,1189,GRANTS PASS,OR,97526,"$371,000.00 ", , , ,$0.00 ,"$242,490.00 "
loan_id_0730,1189,ASHLAND,OR,97520,"$550,000.00 ", , , ,$0.00 ,$0.00 
loan_id_1796,1189,MEDFORD,OR,97501,"$3,000,000.00 ", , , ,$0.00 ,"$1,880,850.00 "
loan_id_1098,1189,CENTRAL POINT,OR,97502,"$320,000.00 ", , , ,$0.00 ,$0.00 
loan_id_2325,1189,MEDFORD,OR,97504,"$1,040,000.00 ", , , ,$0.00 ,"$640,000.00 "
loan_id_0296,1189,MEDFORD,OR,97504,"$7,940,000.00 ", , , ,$0.00 ,"$7,142,430.00 "
loan_id_1317,1189,MEDFORD,OR,97504,"$7,940,000.00 ", , , ,$0.00 ,"$7,142,430.00 "
loan_id_2048,1189,KLAMATH FALLS,OR,97601,"$490,000.00 ", , , ,$0.00 ,$0.00 
loan_id_0095,1189,ASHLAND,OR,97520,"$1,390,000.00 ", , , ,$0.00 ,"$1,097,720.00 "
loan_id_2024,1189,MEDFORD,OR,97504,"$7,780,000.00 ", , , ,$0.00 ,"$6,660,000.00 "
loan_id_0027,1189,JACKSONVILLE,OR,97530,"$550,000.00 ", , , ,$0.00 ,"$154,970.00 "
loan_id_1215,1189,SALEM,OR,97301,"$1,420,000.00 ", , , ,$0.00 ,"$1,132,510.00 "
loan_id_1891,1189,MEDFORD,OR,97501,"$785,000.00 ", , , ,$0.00 ,$0.00 
loan_id_0711,1189,HEALDSBURG,CA,95448,$0.00 , , , ,$0.00 ,$0.00 
loan_id_1310,1189,MEDFORD,OR,97504,"$1,220,000.00 ", , , ,$0.00 ,$0.00 
loan_id_1311,1189,MEDFORD,OR,97504,"$1,220,000.00 ", , , ,$0.00 ,$0.00 
loan_id_1431,1189,MEDFORD,OR,97504,"$910,000.00 ", , , ,$0.00 ,"$760,000.00 "
loan_id_0124,1189,ASHLAND,OR,97520,"$1,373,110.00 ", , , ,$0.00 ,$0.00 
loan_id_1914,1190,MEDFORD,OR,97504,"$916,885.00 ", , , ,$0.00 ,$0.00 
loan_id_0300,1190,EAGLE POINT,OR,97524,$0.00 , , , ,$0.00 ,$0.00 
loan_id_0300,1190,EAGLE POINT,OR,97524,$0.00 , , , ,$0.00 ,$0.00 
loan_id_1367,1190,TALENT,OR,97540,"$75,000.00 ", , , ,$0.00 ,$0.00 
loan_id_1521,1190,ROGUE RIVER,OR,97537,"$535,000.00 ", , , ,$0.00 ,$0.00 
loan_id_0154,1190,MEDFORD,OR,97504,"$1,210,000.00 ", , , ,$0.00 ,$0.00 
loan_id_1730,1191,LEBANON,OR,97355,"$420,000.00 ", , , ,$0.00 ,"$25,100.00 "
loan_id_0106,1191,LEBANON,OR,97355,"$420,000.00 ", , , ,$0.00 ,"$25,100.00 "
loan_id_1034,1191,ALBANY,OR,97321,"$405,000.00 ", , , ,$0.00 ,"$168,370.00 "
loan_id_0696,1191,ALBANY,OR,97321,"$1,155,000.00 ", , , ,$0.00 ,"$548,448.00 "
loan_id_1237,1191,MEDFORD,OR,97501,"$6,920,000.00 ", , , ,$0.00 ,"$5,900,000.00 "
loan_id_1869,1191,JACKSONVILLE,OR,97530,"$835,000.00 ", , , ,$0.00 ,$0.00 
loan_id_1775,1191,JACKSONVILLE,OR,97530,"$870,000.00 ", , , ,$0.00 ,"$768,239.00 "
loan_id_1535,1191,MEDFORD,OR,97501,"$3,040,000.00 ", , , ,$0.00 ,$0.00 
loan_id_0321,1191,SALEM ,OR,97302,"$930,000.00 ", , , ,$0.00 ,"$665,000.00 "
loan_id_1997,1191,GRANTS PASS,OR,97526,"$1,690,000.00 ", , , ,$0.00 ,$0.00 
loan_id_1592,1191,ASHLAND,OR,97520,"$1,600,000.00 ", , , ,$0.00 ,$0.00 
loan_id_0006,1191, , , ,"$574,761.00 ", , , ,$0.00 ,"$333,753.00 "
loan_id_0332,1191,SALEM,OR,97302,"$330,000.00 ", , , ,$0.00 ,$0.00 
loan_id_0636,1191,MEDFORD,OR,97501,"$385,000.00 ", , , ,$0.00 ,$0.00 
loan_id_0793,1191,MEDFORD,OR,97504,"$230,000.00 ", , , ,$0.00 ,"$153,020.00 "
loan_id_0794,1191,MEDFORD,OR,97504,"$230,000.00 ", , , ,$0.00 ,"$153,020.00 "
loan_id_1300,1191,SALEM,OR,97302,"$2,100,000.00 ", , , ,$0.00 ,"$2,011,200.00 "
loan_id_0004,1191,GRANTS PASS,OR,97526,"$59,450.00 ", , , ,$0.00 ,$0.00 
loan_id_2134,1191,MEDFORD,OR,97501,"$246,050.00 ", , , ,$0.00 ,"$172,000.00 "
loan_id_1430,1191,ASHLAND,OR,97520,"$1,375,000.00 ", , , ,$0.00 ,$0.00 
loan_id_0411,1191,ALBANY,OR,97321,"$319,000.00 ", , , ,$0.00 ,$0.00 
loan_id_0004,1191,GRANTS PASS,OR,97526,"$1,329,650.00 ", , , ,$0.00 ,$0.00 
loan_id_0496,1191,MEDFORD,OR,97504,"$1,050,000.00 ", , , ,$0.00 ,"$435,350.00 "
loan_id_0004,1191,GRANTS PASS,OR,97526,"$60,900.00 ", , , ,$0.00 ,$0.00 
loan_id_0101,1191,GRANTS PASS,OR,97526,"$325,000.00 ", , , ,$0.00 ,"$235,000.00 "
loan_id_2292,1191,GRANTS PASS,OR,97526,"$314,000.00 ", , , ,$0.00 ,"$198,660.00 "
loan_id_1535,1191,MEDFORD,OR ,97504,$0.00 , , , ,$0.00 ,$0.00 
loan_id_1535,1191,MEDFORD,OR,97504,$0.00 , , , ,$0.00 ,$0.00 
loan_id_1675,1191,MEDFORD,OR,97504,"$6,270,000.00 ", , , ,$0.00 ,"$5,855,000.00 "
loan_id_0373,1191,KLAMATH FALLS,OR,97603,"$100,000.00 ", , , ,$0.00 ,"$80,450.00 "
loan_id_0591,1191,MEDFORD,OR,97504,"$1,325,000.00 ", , , ,$0.00 ,"$916,641.00 "
loan_id_0353,1191,SALEM,OR,97301,"$5,311,720.00 ", , , ,$0.00 ,"$4,774,500.00 "
loan_id_0351,1191,SALEM ,OR,97301,"$4,540,000.00 ", , , ,$0.00 ,$0.00 
loan_id_2141,1191,SALEM,OR,97302,"$2,470,000.00 ", , , ,$0.00 ,"$2,080,000.00 "
loan_id_2142,1191,SALEM,OR,97302,"$2,470,000.00 ", , , ,$0.00 ,"$2,080,000.00 "
loan_id_0213,1191,JACKSONVILLE,OR,97530,"$4,380,000.00 ", , , ,$0.00 ,$0.00 
loan_id_0410,1191,CENTRAL POINT,OR,97502,"$4,500,000.00 ", , , ,$0.00 ,"$4,035,000.00 "
loan_id_0691,1191,ALBANY,OR,97321,"$425,000.00 ", , , ,$0.00 ,"$285,470.00 "
loan_id_0006,1191,ASHLAND,OR,97520,"$200,239.00 ", , , ,$0.00 ,"$116,275.00 "
loan_id_0009,1191,ASHLAND,OR,97520,"$390,000.00 ", , , ,$0.00 ,"$327,300.00 "
loan_id_1685,1191,SALEM,OR,97306,"$1,300,000.00 ", , , ,$0.00 ,"$950,000.00 "
loan_id_2179,1191,GRANTS PASS,OR,97526,"$330,000.00 ", , , ,$0.00 ,$0.00 
loan_id_1865,1191,ALBANY,OR,97321,"$378,515.00 ", , , ,$0.00 ,$0.00 
loan_id_2159,1191,MEDFORD,OR,97504,"$157,371.43 ", , , ,$0.00 ,"$199,261.00 "
loan_id_2159,1191,MEDFORD,OR,97504,"$323,828.57 ", , , ,$0.00 ,"$356,284.00 "
loan_id_2159,1191,MEDFORD,OR,97504,"$509,600.00 ", , , ,$0.00 ,"$592,462.00 "
loan_id_1915,1191,MEDFORD,OR,97504,"$193,500.00 ", , , ,$0.00 ,"$165,370.00 "
loan_id_0276,1191,CENTRAL POINT,OR,97502,"$2,140,000.00 ", , , ,$0.00 ,"$2,012,630.00 "
loan_id_1329,1191,CENTRAL POINT,OR,97502,"$620,000.00 ", , , ,$0.00 ,$0.00 
loan_id_1856,1191,SALEM,OR,97302,"$2,260,000.00 ", , , ,$0.00 ,$0.00 
loan_id_1084,1191,LEBANON,OR,97355,"$490,000.00 ", , , ,$0.00 ,"$1,689,000.00 "
loan_id_0370,1191,ALBANY,OR,97321,"$370,000.00 ", , , ,$0.00 ,"$233,690.00 "
loan_id_2205,1191,MEDFORD,OR,97504,"$690,000.00 ", , , ,$0.00 ,"$454,810.00 "
loan_id_2206,1191,MEDFORD,OR,97504,"$690,000.00 ", , , ,$0.00 ,"$454,810.00 "
loan_id_0797,1191,WHITE CITY,OR,97503,"$470,770.00 ", , , ,$0.00 ,"$289,740.00 "
loan_id_0798,1191,WHITE CITY,OR,97503,"$470,770.00 ", , , ,$0.00 ,"$289,740.00 "
loan_id_0795,1191,WHITE CITY,OR,97503,"$470,770.00 ", , , ,$0.00 ,"$289,740.00 "
loan_id_1738,1191,JACKSONVILLE,OR,97530,"$395,000.00 ", , , ,$0.00 ,"$294,230.00 "
loan_id_1739,1191,JACKSONVILLE,OR,97530,"$395,000.00 ", , , ,$0.00 ,"$294,230.00 "
loan_id_2206,1191, , , ,"$300,000.00 ", , , ,$0.00 ,$0.00 
loan_id_1819,1191,GRANTS PASS,OR,97526,"$450,000.00 ", , , ,$0.00 ,$0.00 
loan_id_2361,1191,ASHLAND,OR,97520,"$75,000.00 ", , , ,$0.00 ,"$100,000.00 "
loan_id_2360,1191,ASHLAND,OR,97520,"$135,000.00 ", , , ,$0.00 ,"$140,000.00 "
loan_id_0357,1191,GRANTS PASS,OR,97526,"$795,000.00 ", , , ,$0.00 ,"$425,560.00 "
loan_id_2268,1191,MEDFORD,OR,97501,"$255,000.00 ", , , ,$0.00 ,"$107,090.00 "
loan_id_2329,1193,ASHLAND,OR,97520,"$450,000.00 ", , , ,$0.00 ,"$153,300.00 "
loan_id_1171,1193,DALLAS,OR,97338,"$1,300,000.00 ", , , ,$0.00 ,"$450,000.00 "
loan_id_0245,1193,BEAVERCREEK,OR,97004,"$2,630,000.00 ", , , ,$0.00 ,"$2,987,140.00 "
loan_id_0246,1193,BEAVERCREEK,OR,97004,"$2,630,000.00 ", , , ,$0.00 ,"$2,987,140.00 "
loan_id_1035,1193,HALSEY,OR,97348,"$1,937,000.00 ", , , ,$0.00 ,$0.00 
loan_id_0020,1193,SHEDD,OR,97377,"$330,000.00 ", , , ,$0.00 ,"$91,800.00 "
loan_id_0019,1193,SHEDD,OR,97377,"$650,000.00 ", , , ,$0.00 ,$0.00 
loan_id_1432,1193,BROWNSVILLE,OR,97327,"$1,213,000.00 ", , , ,$0.00 ,"$123,500.00 "
loan_id_0326,1193,SCIO,OR,97374,"$1,075,000.00 ", , , ,$0.00 ,"$345,000.00 "
loan_id_0327,1193,SCIO,OR,97374,"$1,075,000.00 ", , , ,$0.00 ,"$345,000.00 "
loan_id_2133,1193,MEDFORD,OR,97504,"$1,450,000.00 ", , , ,"$407,442.00 ",$0.00 
loan_id_1258,1193,JACKSONVILLE,OR,97530,"$1,600,000.00 ", , , ,$0.00 ,$0.00 
loan_id_0616,1193,INDEPENDENCE,OR,97351,"$1,110,000.00 ", , , ,$0.00 ,$0.00 
loan_id_2353,1193,GRANTS PASS,OR,97527,"$2,285,000.00 ", , , ,$0.00 ,$0.00 
loan_id_1280,1193,SALEM,OR,97305,"$1,800,000.00 ", , , ,$0.00 ,$0.00 
loan_id_1371,1193,SALEM,OR,97305,"$1,800,000.00 ", , , ,$0.00 ,$0.00 
loan_id_1280,1193,SALEM,OR,97305,$0.00 , , , ,$0.00 ,$0.00 
loan_id_1371,1193,SALEM,OR,97305,$0.00 , , , ,$0.00 ,$0.00 
loan_id_1601,1193,CENTRAL POINT,OR,97502,"$1,600,000.00 ", , , ,$0.00 ,"$1,040,908.00 "
loan_id_1661,1193,JACKSONVILLE,OR,97530,"$5,465,000.00 ", , , ,$0.00 ,"$2,035,000.00 "
loan_id_1503,1194,GRANTS PASS,OR,97526,$0.00 , , , ,$0.00 ,$0.00 
loan_id_1503,1194,GRANTS PASS,OR,97526,$0.00 , , , ,$0.00 ,$0.00 
loan_id_0339,1195,GRANTS PASS,OR,97526,"$2,650,000.00 ", , , ,$0.00 ,$0.00 
loan_id_1759,1195,GRANTS PASS,OR,97526,"$2,650,000.00 ", , , ,$0.00 ,"$197,500.00 "
loan_id_0567,1195,MEDFORD,OR,97501,"$540,000.00 ", , , ,$0.00 ,$0.00 
loan_id_0100,1195,MEDFORD,OR,97504,"$850,000.00 ", , , ,$0.00 ,"$669,930.00 "
loan_id_0257,1195,CENTRAL POINT,OR,97502,"$570,000.00 ", , , ,$0.00 ,$0.00 
loan_id_1026,1195,PHOENIX,OR,97535,"$6,490,000.00 ", , , ,$0.00 ,$0.00 
loan_id_2023,1195,CENTRAL POINT,OR,97520,"$9,600,000.00 ", , , ,$0.00 ,"$8,700,000.00 "
loan_id_1326,1195,CENTRAL POINT ,OR,97502,"$315,000.00 ", , , ,$0.00 ,"$315,000.00 "
loan_id_1326,1195,CENTRAL POINT,OR,97502,"$270,000.00 ", , , ,$0.00 ,"$270,000.00 "
loan_id_1326,1195,CENTRAL POINT,OR,97502,"$290,000.00 ", , , ,$0.00 ,"$290,000.00 "
loan_id_0273,1195,WHITE CITY,OR,97503,"$3,750,000.00 ", , , ,$0.00 ,"$3,457,250.00 "
loan_id_1326,1195,CENTRAL POINT,OR,97502,"$315,000.00 ", , , ,$0.00 ,"$315,000.00 "
loan_id_1326,1195,CENTRAL POINT,OR,97502,"$315,000.00 ", , , ,$0.00 ,"$315,000.00 "
loan_id_0530,1195,ALBANY,OR,97321,"$895,000.00 ", , , ,$0.00 ,"$650,000.00 "
loan_id_2190,1195,WHITE CITY,OR,97503,"$425,000.00 ", , , ,$0.00 ,"$384,310.00 "
loan_id_1659,1195,WHITE CITY,OR,97503,"$8,470,000.00 ", , , ,$0.00 ,"$3,420,000.00 "
loan_id_1660,1195,WHITE CITY,OR,97503,"$8,470,000.00 ", , , ,$0.00 ,"$3,420,000.00 "
loan_id_2119,1195,WHITE CITY,OR,97503,"$8,470,000.00 ", , , ,$0.00 ,"$3,420,000.00 "
loan_id_1680,1196,CENTRAL POINT,OR,97502,"$165,000.00 ", , , ,$0.00 ,"$71,260.00 "
loan_id_2293,2100, , , ,"$546,000.00 ", , , ,$0.00 ,$0.00 
loan_id_0782,2100, , , ,"$8,630,000.00 ", , , ,$0.00 ,$0.00 
loan_id_0885,4300, , , ,$0.00 , , , ,$0.00 ,$0.00 
loan_id_0251,4300, , , ,$0.00 , , , ,"$860,000.00 ",$0.00 
loan_id_1598,4300, , , ,$0.00 , , , ,$0.00 ,$0.00 
loan_id_0167,4300, , , ,$0.00 , , , ,$0.00 ,$0.00 
loan_id_0276,4300, , , ,$0.00 , , , ,$0.00 ,$0.00 
loan_id_2191,4300, , , ,$0.00 , , , ,"$123,000.00 ",$0.00 
loan_id_1235,4300, , , ,$0.00 , , , ,$0.00 ,$0.00 
loan_id_1236,4300, , , ,$0.00 , , , ,$0.00 ,$0.00 
loan_id_1423,4300, , , ,$0.00 , , , ,$0.00 ,$0.00 
loan_id_1661,4300, , , ,$0.00 , , , ,$0.00 ,$0.00 
loan_id_0565,4300, , , ,$0.00 , , , ,"$417,000.00 ",$0.00 
loan_id_0276,4300, , , ,$0.00 , , , ,$0.00 ,$0.00 
loan_id_0782,4300, , , ,$0.00 , , , ,$0.00 ,$0.00 
loan_id_0244,4300, , , ,$0.00 , , , ,$0.00 ,$0.00 
loan_id_1423,4300, , , ,$0.00 , , , ,$0.00 ,$0.00 
loan_id_1029,4300, , , ,"$500,000.00 ", , , ,$0.00 ,"$500,000.00 "
loan_id_2364,4300, , , ,$0.00 , , , ,$0.00 ,$0.00 
loan_id_2365,4300, , , ,$0.00 , , , ,$0.00 ,$0.00 
loan_id_2363,4300, , , ,$0.00 , , , ,$0.00 ,$0.00 
loan_id_1736,4300, , , ,$0.00 , , , ,"$471,700.00 ",$0.00 
loan_id_0782,4300, , , ,$0.00 , , , ,$0.00 ,$0.00 
loan_id_0782,4300, , , ,$0.00 , , , ,$0.00 ,$0.00 
loan_id_2001,4300, , , ,$0.00 , , , ,$0.00 ,$0.00 
loan_id_2002,4300, , , ,$0.00 , , , ,$0.00 ,$0.00 
loan_id_1235,4300, , , ,$0.00 , , , ,$0.00 ,$0.00 
loan_id_1236,4300, , , ,$0.00 , , , ,$0.00 ,$0.00 
loan_id_0585,4300, , , ,$0.00 , , , ,$0.00 ,$0.00 
loan_id_1598,4300, , , ,$0.00 , , , ,$0.00 ,$0.00 
loan_id_1411,4300, , , ,$0.00 , , , ,$0.00 ,$0.00 
loan_id_0567,4300, , , ,$0.00 , , , ,$0.00 ,$0.00 
loan_id_1856,4300, , , ,$0.00 , , , ,$0.00 ,$0.00 
loan_id_1208,4300, , , ,$0.00 , , , ,$0.00 ,$0.00 
loan_id_1611,4300, , , ,$0.00 , , , ,$0.00 ,$0.00 
loan_id_1341,4300, , , ,$0.00 , , , ,$0.00 ,$0.00 
loan_id_1368,4300, , , ,$0.00 , , , ,$0.00 ,$0.00 
loan_id_1367,4300, , , ,$0.00 , , , ,$0.00 ,$0.00 
loan_id_0165,4300, , , ,$0.00 , , , ,$0.00 ,$0.00 
loan_id_0479,4300, , , ,$0.00 , , , ,$0.00 ,$0.00 
loan_id_1368,4300, , , ,$0.00 , , , ,$0.00 ,$0.00 
loan_id_1367,4300, , , ,$0.00 , , , ,$0.00 ,$0.00 
loan_id_0616,4411, , , ,$0.00 , , , ,$0.00 ,$0.00 
loan_id_1289,4411, , , ,$0.00 , , , ,$0.00 ,$0.00 
loan_id_1841,4411, , , ,$0.00 , , , ,$0.00 ,$0.00 
loan_id_0941,4411, , , ,$0.00 , , , ,$0.00 ,$0.00 
loan_id_1201,4411, , , ,$0.00 , , , ,$0.00 ,$0.00 
loan_id_1280,4411, , , ,"$689,100.00 ", , , ,$0.00 ,$0.00 
loan_id_0701,4411, , , ,$0.00 , , , ,$0.00 ,$0.00 
loan_id_2266,4411, , , ,$0.00 , , , ,$0.00 ,$0.00 
loan_id_2267,4411, , , ,$0.00 , , , ,$0.00 ,$0.00 
loan_id_0715,4411, , , ,$0.00 , , , ,$0.00 ,$0.00 
loan_id_1661,4411, , , ,$0.00 , , , ,$0.00 ,$0.00 
loan_id_1601,4411, , , ,$0.00 , , , ,$0.00 ,$0.00 
loan_id_0081,4415, , , ,"$85,000.00 ", , , ,$0.00 ,$0.00 
loan_id_0326,4417, , , ,$0.00 , , , ,$0.00 ,$0.00 
loan_id_0327,4417, , , ,$0.00 , , , ,$0.00 ,$0.00 
loan_id_0328,4417, , , ,$0.00 , , , ,$0.00 ,$0.00 
loan_id_0329,4417, , , ,$0.00 , , , ,$0.00 ,$0.00 
loan_id_1203,4417, , , ,$0.00 , , , ,$0.00 ,$0.00 
loan_id_1663,5400, , , ,"$251,545.00 ", , , ,$0.00 ,$0.00 
loan_id_1664,5400, , , ,"$251,545.00 ", , , ,$0.00 ,$0.00 
loan_id_1504,5400, , , ,"$330,056.00 ", , , ,$0.00 ,"$264,046.00 "
loan_id_1652,5400, , , ,"$3,664,605.00 ", , , ,$0.00 ,$0.00 
loan_id_1164,5400, , , ,"$463,207.00 ", , , ,$0.00 ,$0.00 
loan_id_1164,5400, , , ,$0.00 , , , ,$0.00 ,$0.00 
loan_id_1643,5400, , , ,$0.00 , , , ,$0.00 ,$0.00 
loan_id_0046,5410, , , ,"$34,000.00 ", , , ,$0.00 ,"$34,000.00 "
loan_id_1208,5415, , , ,$0.00 , , , ,$0.00 ,$0.00 
loan_id_1074,5415, , , ,$0.00 , , , ,$0.00 ,$0.00 
loan_id_0094,5415, , , ,"$311,616.00 ", , , ,$0.00 ,$0.00 
loan_id_1411,5415, , , ,"$10,000.00 ", , , ,$0.00 ,"$10,000.00 "
loan_id_1411,5415, , , ,"$2,000.00 ", , , ,$0.00 ,"$2,000.00 "
loan_id_1411,5415, , , ,$0.00 , , , ,$0.00 ,$0.00 
loan_id_2365,5415, , , ,"$12,000.00 ", , , ,$0.00 ,"$12,000.00 "
loan_id_1411,5415, , , ,"$3,500.00 ", , , ,$0.00 ,"$3,500.00 "
loan_id_1411,5415, , , ,"$3,500.00 ", , , ,$0.00 ,"$3,500.00 "
loan_id_1411,5415, , , ,"$12,000.00 ", , , ,$0.00 ,"$12,000.00 "
loan_id_1411,5415, , , ,"$10,000.00 ", , , ,$0.00 ,"$10,000.00 "
loan_id_1411,5415, , , ,"$5,000.00 ", , , ,$0.00 ,"$5,000.00 "
loan_id_1411,5415, , , ,"$2,500.00 ", , , ,$0.00 ,"$2,500.00 "
loan_id_1411,5415, , , ,"$10,750.00 ", , , ,$0.00 ,"$10,750.00 "
loan_id_1411,5415, , , ,"$4,000.00 ", , , ,$0.00 ,"$4,000.00 "
loan_id_1411,5415, , , ,"$4,000.00 ", , , ,$0.00 ,"$4,000.00 "
loan_id_1411,5415, , , ,"$4,000.00 ", , , ,$0.00 ,"$4,000.00 "
loan_id_1411,5415, , , ,"$6,000.00 ", , , ,$0.00 ,"$6,000.00 "
loan_id_1411,5415, , , ,"$3,500.00 ", , , ,$0.00 ,"$3,500.00 "
loan_id_1411,5415, , , ,"$8,500.00 ", , , ,$0.00 ,"$8,500.00 "
loan_id_1411,5415, , , ,"$11,500.00 ", , , ,$0.00 ,"$11,500.00 "
loan_id_2365,5415, , , ,"$35,000.00 ", , , ,$0.00 ,"$35,000.00 "
loan_id_2365,5415, , , ,"$10,000.00 ", , , ,$0.00 ,"$10,000.00 "
loan_id_1411,5415, , , ,"$4,500.00 ", , , ,$0.00 ,"$4,500.00 "
loan_id_2365,5415, , , ,"$10,000.00 ", , , ,$0.00 ,"$10,000.00 "
loan_id_2365,5415, , , ,"$12,000.00 ", , , ,$0.00 ,"$12,000.00 "
loan_id_1411,5415, , , ,"$4,000.00 ", , , ,$0.00 ,"$4,000.00 "
loan_id_1411,5415, , , ,"$10,000.00 ", , , ,$0.00 ,"$10,000.00 "
loan_id_1804,5415, , , ,"$18,500.00 ", , , ,$0.00 ,"$18,500.00 "
loan_id_1411,5415, , , ,"$4,000.00 ", , , ,$0.00 ,"$4,000.00 "
loan_id_1411,5415, , , ,"$4,500.00 ", , , ,$0.00 ,"$4,500.00 "
loan_id_2365,5415, , , ,"$40,000.00 ", , , ,$0.00 ,"$40,000.00 "
loan_id_0992,5415, , , ,"$50,000.00 ", , , ,$0.00 ,$0.00 
loan_id_1827,5415, , , ,"$75,000.00 ", , , ,$0.00 ,$0.00 
loan_id_2368,5415, , , ,"$150,000.00 ", , , ,$0.00 ,"$131,900.00 "
loan_id_1725,5415, , , ,"$215,300.00 ", , , ,$0.00 ,"$215,300.00 "
loan_id_1598,5415, , , ,$0.00 , , , ,$0.00 ,$0.00 
loan_id_0783,5415, , , ,"$3,259,000.00 ", , , ,$0.00 ,$0.00 
loan_id_0785,5415, , , ,"$3,259,000.00 ", , , ,$0.00 ,$0.00 
loan_id_1397,5415, , , ,$0.00 , , , ,$0.00 ,$0.00 
loan_id_1397,5415, , , ,"$244,000.00 ", , , ,$0.00 ,"$244,000.00 "
loan_id_1468,5415, , , ,"$95,931.00 ", , , ,$0.00 ,"$95,931.00 "
loan_id_1236,5415, , , ,$0.00 , , , ,$0.00 ,$0.00 
loan_id_1552,5420, , , ,"$8,340.00 ", , , ,$0.00 ,$0.00 
loan_id_0419,5420, , , ,"$160,000.00 ", , , ,$0.00 ,"$160,000.00 "
loan_id_0420,5420, , , ,"$160,000.00 ", , , ,$0.00 ,"$160,000.00 "
loan_id_1236,5420, , , ,"$85,350.00 ", , , ,$0.00 ,"$85,350.00 "
loan_id_1236,5420, , , ,"$5,380.00 ", , , ,$0.00 ,"$5,380.00 "
loan_id_1236,5420, , , ,"$34,627.00 ", , , ,$0.00 ,"$34,627.00 "
loan_id_1236,5420, , , ,"$65,956.00 ", , , ,$0.00 ,"$65,953.00 "
loan_id_0419,5420, , , ,"$425,000.00 ", , , ,$0.00 ,"$425,000.00 "
loan_id_0420,5420, , , ,"$425,000.00 ", , , ,$0.00 ,"$425,000.00 "
loan_id_1552,5420, , , ,"$60,000.00 ", , , ,$0.00 ,"$60,000.00 "
loan_id_0420,5420, , , ,"$220,000.00 ", , , ,$0.00 ,"$220,000.00 "
loan_id_1554,5420, , , ,"$125,486.00 ", , , ,$0.00 ,"$125,486.00 "
loan_id_1792,5425, , , ,"$12,000.00 ",1979,OMEGO,CR,$0.00 ,"$12,000.00 "
loan_id_0419,5425, , , ,"$18,000.00 ",1986,VLVW,TR,$0.00 ,"$18,000.00 "
loan_id_0420,5425, , , ,"$18,000.00 ",1986,VLVW,TR,$0.00 ,"$18,000.00 "
loan_id_1411,5425, , , ,"$45,000.00 ",1988,KENWORTH,T80,$0.00 ,"$45,000.00 "
loan_id_0419,5425, , , ,"$35,000.00 ",1989,KW,TK,$0.00 ,"$35,000.00 "
loan_id_0420,5425, , , ,"$35,000.00 ",1989,KW,TK,$0.00 ,"$35,000.00 "
loan_id_1397,5425, , , ,"$225,000.00 ",1997,KW DS, ,$0.00 ,"$244,000.00 "
loan_id_2262,5425, , , ,"$28,000.00 ",2001,VERN,UT,$0.00 ,"$28,000.00 "
loan_id_1411,5425, , , ,"$10,000.00 ",2002,ASMBL,TRAILER,$0.00 ,"$10,000.00 "
loan_id_0419,5425, , , ,"$50,000.00 ",2002,PTRB,TT,$0.00 ,"$50,000.00 "
loan_id_0420,5425, , , ,"$50,000.00 ",2002,PTRB,TT,$0.00 ,"$50,000.00 "
loan_id_1770,5425, , , ,"$30,633.00 ",2003,GENER TR, ,$0.00 ,"$30,633.00 "
loan_id_1770,5425, , , ,"$64,000.00 ",2003,KW,T80 TK,$0.00 ,"$64,000.00 "
loan_id_0165,5425, , , ,"$25,000.00 ",2004,FRHT,CHA VN,$0.00 ,"$25,000.00 "
loan_id_2345,5425, , , ,"$33,000.00 ",2006,TRAIL KING,LOWBOY,$0.00 ,"$33,000.00 "
loan_id_0165,5425, , , ,"$10,000.00 ",2007,SNAP_ON TRIALER,I716TA2,$0.00 ,"$10,000.00 "
loan_id_2090,5425, , , ,"$79,500.00 ",2009,AUTOCAR ,WAYNE CURTENDER SIDE LOADER,$0.00 ,"$79,500.00 "
loan_id_2095,5425, , , ,"$79,500.00 ",2009,AUTOCAR ,WAYNE CURTENDER SIDE LOADER,$0.00 ,"$79,500.00 "
loan_id_2097,5425, , , ,"$79,500.00 ",2009,AUTOCAR ,WAYNE CURTENDER SIDE LOADER,$0.00 ,"$79,500.00 "
loan_id_0913,5425, , , ,"$103,000.00 ",2012,PETERBILT,367 QUAD AXEL DUMP TRUCK,$0.00 ,"$103,000.00 "
loan_id_1854,5425, , , ,"$70,000.00 ",2012,PETERBILT,389,$0.00 ,"$70,000.00 "
loan_id_1767,5425, , , ,"$38,125.00 ",2014,UTIL HT, ,$0.00 ,"$38,125.00 "
loan_id_1767,5425, , , ,"$38,125.00 ",2014,UTIL HT, ,$0.00 ,"$38,125.00 "
loan_id_1767,5425, , , ,"$38,125.00 ",2014,UTILI RF, ,$0.00 ,"$38,125.00 "
loan_id_1767,5425, , , ,"$38,125.00 ",2014,UTIL RF, ,$0.00 ,"$38,125.00 "
loan_id_1767,5425, , , ,"$38,125.00 ",2014,UTIL RF, ,$0.00 ,"$38,125.00 "
loan_id_1767,5425, , , ,"$38,125.00 ",2014,UTIL RF, ,$0.00 ,"$38,125.00 "
loan_id_1768,5425, , , ,"$120,000.00 ",2015,PTRB 389,TR,$0.00 ,"$120,000.00 "
loan_id_1724,5425, , , ,"$159,000.00 ",2016,KW TK,W90,$0.00 ,"$159,000.00 "
loan_id_1768,5425, , , ,"$90,000.00 ",2017,PTRB 389,TR,$0.00 ,"$90,000.00 "
loan_id_1854,5425, , , ,"$60,000.00 ",2017,WILX,FB,$0.00 ,"$60,000.00 "
loan_id_0116,5425, , , ,"$172,638.67 ",2018,FASSI,F280 SE22,$0.00 ,"$172,638.67 "
loan_id_0165,5425, , , ,"$130,000.00 ",2018,FRHT,CB,$0.00 ,"$130,000.00 "
loan_id_1724,5425, , , ,"$192,000.00 ", , , ,$0.00 ,$0.00 
loan_id_0765,5425, , , ,"$68,245.00 ",2018,KW,T680,$0.00 ,"$68,245.00 "
loan_id_2090,5425, , , ,"$183,000.00 ",2018,KW,PK CON,$0.00 ,"$183,000.00 "
loan_id_2095,5425, , , ,"$183,000.00 ",2018,KW,PK CON,$0.00 ,"$183,000.00 "
loan_id_2097,5425, , , ,"$183,000.00 ",2018,KW,PK CON,$0.00 ,"$183,000.00 "
loan_id_2095,5425, , , ,"$78,129.00 ",2018,PEERLESS,REFUSE TRAILER,$0.00 ,"$78,129.00 "
loan_id_2097,5425, , , ,"$78,129.00 ",2018,PEERLESS,REFUSE TRAILER,$0.00 ,"$78,129.00 "
loan_id_2095,5425, , , ,"$78,129.00 ",2018,PEERLESS,REFUSE TRAILER,$0.00 ,"$78,129.00 "
loan_id_2097,5425, , , ,"$78,129.00 ",2018,PEERLESS,REFUSE TRAILER,$0.00 ,"$78,129.00 "
loan_id_2095,5425, , , ,"$209,900.00 ",2018,PETERBILT,520 CURBTENDER SIDE LOADER,$0.00 ,"$209,900.00 "
loan_id_2097,5425, , , ,"$209,900.00 ",2018,PETERBILT,520 CURBTENDER SIDE LOADER,$0.00 ,"$209,900.00 "
loan_id_2092,5425, , , ,"$112,000.00 ",2018,PETERBUILT,579 TRUCK,$0.00 ,"$112,000.00 "
loan_id_2095,5425, , , ,"$112,000.00 ",2018,PETERBUILT,579 TRUCK,$0.00 ,"$112,000.00 "
loan_id_2097,5425, , , ,"$112,000.00 ",2018,PETERBUILT,579 TRUCK,$0.00 ,"$112,000.00 "
loan_id_0758,5425, , , ,"$92,860.75 ",2019,KW,TR CON,$0.00 ,"$92,860.75 "
loan_id_0758,5425, , , ,"$92,860.75 ",2019,KW,TR CON,$0.00 ,"$92,860.75 "
loan_id_2095,5425, , , ,"$89,000.00 ",2019,PEERLESS,REFUSE TRAILER,$0.00 ,"$89,000.00 "
loan_id_2097,5425, , , ,"$89,000.00 ",2019,PEERLESS,REFUSE TRAILER,$0.00 ,"$89,000.00 "
loan_id_1724,5425, , , ,"$204,776.00 ",2020,KW CB, ,$0.00 ,"$204,776.00 "
loan_id_0758,5425, , , ,"$82,000.00 ",2020,KW,TR CON,$0.00 ,"$82,000.00 "
loan_id_2090,5425, , , ,"$292,734.34 ",2020,PETERBILT,MODEL 520 TRUCK,$0.00 ,"$292,734.34 "
loan_id_2095,5425, , , ,"$292,734.34 ",2020,PETERBILT,MODEL 520 TRUCK,$0.00 ,"$292,734.34 "
loan_id_2097,5425, , , ,"$292,734.34 ",2020,PETERBILT,MODEL 520 TRUCK,$0.00 ,"$292,734.34 "
loan_id_2098,5425, , , ,"$90,000.00 ",2020,WSTI TRL,REFUSE TRAILER,$0.00 ,"$90,000.00 "
loan_id_1059,5425, , , ,"$225,000.00 ",2021,PETERBILT, ,$0.00 ,"$225,000.00 "
loan_id_1026,5425, , , ,"$630,000.00 ", , , ,$0.00 ,"$630,000.00 "
loan_id_2097,5425, , , ,"$223,162.94 ",2023,KENWORTH,T480,$0.00 ,"$223,162.94 "
loan_id_2099,5425, , , ,"$190,649.56 ",20230,KENWORTH,T880,$0.00 ,"$190,649.56 "
loan_id_0116,5425, , , ,"$192,091.33 ",2024,FREIGHTLINER,114SD,$0.00 ,"$192,091.33 "
loan_id_2100,5425, , , ,"$377,829.50 ",2024,PETERBILT,520,$0.00 ,"$377,829.50 "
loan_id_0649,5425, , , ,"$95,826.00 ",2025,FREIGHTLINER,M2+ EXT CAB,$0.00 ,"$95,826.00 "
loan_id_2101,5425, , , ,"$395,632.76 ", , , ,$0.00 ,"$395,632.76 "
loan_id_0767,5425, , , ,"$157,592.00 ",2025,PETERBILT 567, ,$0.00 ,"$157,592.00 "
loan_id_0767,5425, , , ,"$157,592.00 ",2025,PETERBILT 567, ,$0.00 ,"$157,592.00 "
loan_id_2345,5425, , , ,$0.00 , , , ,$0.00 ,$0.00 
loan_id_1764,5425, , , ,$0.00 , , , ,$0.00 ,$0.00 
loan_id_1244,5500, , , ,"$3,000.00 ",19860,TOYT,UT 4RN,$0.00 ,"$3,000.00 "
loan_id_2363,5500, , , ,"$3,500.00 ",1995,PENN,TRAILER,$0.00 ,"$3,500.00 "
loan_id_1804,5500, , , ,"$7,000.00 ",2000,FORD,LL EXC,$0.00 ,"$7,000.00 "
loan_id_1827,5500, , , ,"$15,000.00 ",20010,FORD,3CH VA,$0.00 ,"$15,000.00 "
loan_id_1769,5500, , , ,"$90,000.00 ",2001,PTRB TR,378,$0.00 ,"$90,000.00 "
loan_id_1769,5500, , , ,"$60,000.00 ",2002,KW TR,T80,$0.00 ,"$60,000.00 "
loan_id_0046,5500, , , ,"$2,762.00 ",2006,CHRY CRU,4D,$0.00 ,"$2,762.00 "
loan_id_0046,5500, , , ,"$1,841.00 ",2006,CHRY CRU,VN,$0.00 ,"$1,841.00 "
loan_id_0616,5500, , , ,"$15,000.00 ",2011,JEEP,WRG LL,$0.00 ,"$15,000.00 "
loan_id_1551,5500, , , ,"$7,800.00 ",2012,CARS,FB,$0.00 ,"$7,800.00 "
loan_id_1792,5500, , , ,"$35,000.00 ",2016,FORD F150,4WD SUPERCREW,$0.00 ,"$35,000.00 "
loan_id_1551,5500, , , ,"$17,322.00 ",2016,FORD F35,PK,$0.00 ,"$17,322.00 "
loan_id_1551,5500, , , ,"$19,859.00 ",2017,RAM 550,TR,$0.00 ,"$19,859.00 "
loan_id_1551,5500, , , ,"$10,000.00 ",2021,BIGT,TRL,$0.00 ,"$10,000.00 "
loan_id_1421,5500, , , ,"$32,600.00 ",2019,FORD,F_1,$0.00 ,"$32,600.00 "
loan_id_1736,5500, , , ,"$45,000.00 ",2019,JEEP,LL GRA,"$471,700.00 ","$45,000.00 "
loan_id_1551,5500, , , ,"$64,380.00 ",2020,CAMI,TRL,$0.00 ,"$64,380.00 "
loan_id_1421,5500, , , ,"$32,600.00 ",2020,GMC,CYN,$0.00 ,"$32,600.00 "
loan_id_0424,5500, , , ,"$60,000.00 ",2020,MAC,TNAR48AA0,$0.00 ,"$60,000.00 "
loan_id_1551,5500, , , ,"$7,800.00 ",2021,BIGT,TRL,$0.00 ,"$7,800.00 "
loan_id_1551,5500, , , ,"$23,374.00 ",2021,FORD F_1,PK,$0.00 ,"$23,374.00 "
loan_id_0759,5500, , , ,"$74,000.00 ",2022,CHEV CB, ,$0.00 ,"$74,000.00 "
loan_id_0402,5500, , , ,"$49,998.00 ",2022,CHEVROLET,SILVERADO,$0.00 ,"$49,998.00 "
loan_id_0168,5500, , , ,"$95,385.00 ",2022,FORD,F_4 PICKUP,$0.00 ,"$95,385.00 "
loan_id_1405,5500, , , ,"$20,000.00 ",2022,TUFFTRAILER USA INC,TSA 13500T,$0.00 ,"$20,000.00 "
loan_id_1644,5500, , , ,"$66,056.00 ",2023,CHEVROLET,SILVERADO 3500,$0.00 ,"$66,056.00 "
loan_id_1645,5500, , , ,"$64,163.00 ",2023,CHEV,SIL PK,$0.00 ,"$64,163.00 "
loan_id_1793,5500, , , ,"$85,331.27 ",2023,RAM ,3500 UT,$0.00 ,"$85,331.27 "
loan_id_0771,5500, , , ,"$95,000.00 ",2024,FORD,F550,$0.00 ,"$95,000.00 "
loan_id_0771,5500, , , ,"$95,000.00 ",2024,FORD,F550,$0.00 ,"$95,000.00 "
loan_id_2058,5500, , , ,"$77,320.00 ",2024,FORD T_350, ,$0.00 ,"$77,320.00 "
loan_id_2189,5500, , , ,"$159,177.21 ",2025,FHRT XXX,TR,$0.00 ,"$159,177.21 "
loan_id_2189,5500, , , ,"$159,177.21 ",2025,FHRT XXX,TR,$0.00 ,"$159,177.21 "
loan_id_0886,5700, , , ,"$50,000.00 ", , , ,$0.00 ,$0.00 
loan_id_1611,5700, , , ,"$50,000.00 ", , , ,$0.00 ,$0.00 
loan_id_1340,5700, , , ,$0.00 , , , ,$0.00 ,$0.00 
loan_id_1804,5700, , , ,"$112,275.00 ", , , ,$0.00 ,"$112,275.00 "
loan_id_1629,5800, , , ,"$1,432,942.00 ", , , ,$0.00 ,"$400,000.00 "
loan_id_0001,5800, , , ,$0.00 , , , ,"$1,242,920.00 ",$0.00 
loan_id_2363,5800, , , ,"$460,356.00 ", , , ,$0.00 ,$0.00 
loan_id_0046,5800, , , ,"$134,290.00 ", , , ,$0.00 ,"$53,172.00 "
loan_id_2252,5800, , , ,"$512,693.00 ", , , ,$0.00 ,$0.00 
loan_id_0740,5900, , , ,"$2,902,107.00 ", , , ,$0.00 ,$0.00 
loan_id_0863,5900, , , ,$0.00 , , , ,"$305,040.00 ",$0.00 
loan_id_0471,5900, , , ,"$404,545.00 ", , , ,$0.00 ,"$427,746.00 "
loan_id_1341,5900, , , ,$0.00 , , , ,$0.00 ,$0.00 
loan_id_1778,5900, , , ,"$268,298.00 ", , , ,$0.00 ,$0.00 
loan_id_1730,5900, , , ,"$1,109,667.00 ", , , ,$0.00 ,"$749,835.00 "
loan_id_0724,5900, , , ,"$306,958.00 ", , , ,$0.00 ,"$100,000.00 "
loan_id_2001,5900, , , ,"$164,540.00 ", , , ,$0.00 ,$0.00 
loan_id_2002,5900, , , ,"$164,540.00 ", , , ,$0.00 ,$0.00 
loan_id_0479,5900, , , ,"$342,000.00 ", , , ,$0.00 ,$0.00 
loan_id_1417,5900, , , ,$0.00 , , , ,$0.00 ,$0.00 
loan_id_1418,5900, , , ,$0.00 , , , ,$0.00 ,$0.00 
loan_id_0701,5900, , , ,"$947,106.00 ", , , ,$0.00 ,"$400,000.00 "
loan_id_1174,5900, , , ,"$584,688.00 ", , , ,$0.00 ,"$584,688.00 "
loan_id_1765,5900, , , ,"$830,903.00 ", , , ,$0.00 ,"$100,000.00 "
loan_id_2018,5900, , , ,$0.00 , , , ,$0.00 ,$0.00 
loan_id_2019,5900, , , ,$0.00 , , , ,$0.00 ,$0.00 
loan_id_0678,5900, , , ,"$380,692.00 ", , , ,$0.00 ,"$380,692.00 "
loan_id_0619,5900, , , ,"$687,096.00 ", , , ,$0.00 ,$0.00 
loan_id_1908,5900, , , ,"$270,054.00 ", , , ,$0.00 ,"$127,852.00 "
loan_id_0846,5900, , , ,"$270,054.00 ", , , ,$0.00 ,"$127,852.00 "
loan_id_0847,5900, , , ,"$270,054.00 ", , , ,$0.00 ,"$127,852.00 "
loan_id_2248,5900, , , ,"$797,483.00 ", , , ,$0.00 ,$0.00 
loan_id_0694,5900, , , ,"$8,235.00 ", , , ,$0.00 ,$0.00 
loan_id_0501,5900, , , ,$0.00 , , , ,$0.00 ,$0.00 
loan_id_1563,5900, , , ,"$1,498,232.00 ", , , ,$0.00 ,$0.00 
loan_id_1509,5900, , , ,"$882,997.00 ", , , ,$0.00 ,$0.00 
loan_id_1164,5900, , , ,"$107,933.00 ", , , ,$0.00 ,$0.00 
loan_id_1795,5900, , , ,"$614,037.00 ", , , ,$0.00 ,"$175,000.00 "
loan_id_1486,5900, , , ,"$525,008.00 ", , , ,$0.00 ,"$349,237.00 "
loan_id_1513,5900, , , ,"$52,000.00 ", , , ,$0.00 ,"$52,000.00 "
loan_id_1860,5900, , , ,"$355,185.00 ", , , ,$0.00 ,$0.00 
loan_id_0334,5900, , , ,$0.00 , , , ,$0.00 ,$0.00 
loan_id_0334,5900, , , ,$0.00 , , , ,$0.00 ,$0.00 
loan_id_2291,5900, , , ,"$609,601.00 ", , , ,$0.00 ,"$547,326.00 "
loan_id_1427,5900, , , ,"$291,818.00 ", , , ,$0.00 ,$0.00 
loan_id_1429,5900, , , ,"$291,818.00 ", , , ,$0.00 ,$0.00 
loan_id_1551,5900, , , ,"$257,567.00 ", , , ,$0.00 ,"$105,499.00 "
loan_id_1552,5900, , , ,"$257,567.00 ", , , ,$0.00 ,"$105,499.00 "
loan_id_0357,5900, , , ,$0.00 , , , ,$0.00 ,$0.00 
loan_id_1858,5900, , , ,"$1,027,991.00 ", , , ,$0.00 ,"$780,922.00 "
loan_id_0610,5900, , , ,"$122,312.00 ", , , ,$0.00 ,$0.00 
loan_id_0727,5900, , , ,$0.00 , , , ,$0.00 ,$0.00 
loan_id_2009,5900, , , ,$0.00 , , , ,$0.00 ,$0.00 
loan_id_1558,5900, , , ,$0.00 , , , ,$0.00 ,$0.00 
loan_id_2088,5900, , , ,"$2,431,000.00 ", , , ,$0.00 ,"$1,100,000.00 "
loan_id_2090,5900, , , ,"$2,431,000.00 ", , , ,$0.00 ,"$1,100,000.00 "
loan_id_2094,5900, , , ,"$2,431,000.00 ", , , ,$0.00 ,"$1,100,000.00 "
loan_id_2095,5900, , , ,"$2,431,000.00 ", , , ,$0.00 ,"$1,100,000.00 "
loan_id_2097,5900, , , ,"$2,431,000.00 ", , , ,$0.00 ,"$1,100,000.00 "
loan_id_0120,5900, , , ,"$1,843,655.00 ", , , ,$0.00 ,$0.00 
loan_id_0213,5900, , , ,$0.00 , , , ,$0.00 ,$0.00 
loan_id_2124,5900, , , ,"$1,219,817.00 ", , , ,$0.00 ,$0.00 
loan_id_2125,5900, , , ,"$1,219,817.00 ", , , ,$0.00 ,$0.00 
loan_id_0448,5900, , , ,"$394,237.00 ", , , ,"$290,000.00 ",$0.00 
loan_id_0251,5900, , , ,"$371,851.00 ", , , ,"$860,000.00 ",$0.00 
loan_id_1546,5900, , , ,"$217,062.00 ", , , ,$0.00 ,"$27,473.00 "
loan_id_1533,5900, , , ,$0.00 , , , ,$0.00 ,$0.00 
loan_id_0001,5900, , , ,$0.00 , , , ,"$1,242,920.00 ",$0.00 
loan_id_0001,5900, , , ,"$456,212.00 ", , , ,"$1,242,920.00 ",$0.00 
loan_id_0677,5900, , , ,"$139,200.00 ", , , ,$0.00 ,$0.00 
loan_id_0102,5900, , , ,"$237,838.00 ", , , ,$0.00 ,"$250,000.00 "
loan_id_2363,5900, , , ,"$412,597.00 ", , , ,$0.00 ,$0.00 
loan_id_0941,5900, , , ,"$3,080,396.00 ", , , ,$0.00 ,"$1,000,000.00 "
loan_id_1769,5900, , , ,"$605,668.00 ", , , ,$0.00 ,$0.00 
loan_id_0222,5900, , , ,"$158,027.00 ", , , ,$0.00 ,"$100,000.00 "
loan_id_0223,5900, , , ,"$158,027.00 ", , , ,$0.00 ,"$100,000.00 "
loan_id_0117,5900, , , ,$0.00 , , , ,$0.00 ,$0.00 
loan_id_0119,5900, , , ,$0.00 , , , ,$0.00 ,$0.00 
loan_id_0757,5900, , , ,"$2,295,329.00 ", , , ,$0.00 ,"$1,778,200.00 "
loan_id_0768,5900, , , ,"$2,295,329.00 ", , , ,$0.00 ,"$1,778,200.00 "
loan_id_0479,5900, , , ,"$1,000,000.00 ", , , ,$0.00 ,$0.00 
loan_id_1048,5900, , , ,"$191,048.00 ", , , ,$0.00 ,$0.00 
loan_id_1201,5900, , , ,"$4,033,751.00 ", , , ,$0.00 ,$0.00 
loan_id_1203,5900, , , ,"$4,033,751.00 ", , , ,$0.00 ,$0.00 
loan_id_1280,5900, , , ,"$1,752,076.00 ", , , ,$0.00 ,"$1,258,215.00 "
loan_id_0494,5900, , , ,"$240,718.00 ", , , ,$0.00 ,$0.00 
loan_id_0626,5900, , , ,"$1,993,976.89 ", , , ,$0.00 ,$0.00 
loan_id_1232,5900, , , ,"$16,239,884.00 ", , , ,$0.00 ,$0.00 
loan_id_0069,5900, , , ,"$930,889.00 ", , , ,$0.00 ,$0.00 
loan_id_0267,5900, , , ,"$250,000.00 ", , , ,$0.00 ,$0.00 
loan_id_1411,5900, , , ,"$357,135.00 ", , , ,$0.00 ,$0.00 
loan_id_2134,5900, , , ,$0.00 , , , ,$0.00 ,$0.00 
loan_id_1077,5900, , , ,"$280,000.00 ", , , ,$0.00 ,$0.00 
loan_id_0472,5900, , , ,"$80,673.00 ", , , ,$0.00 ,$0.00 
loan_id_2191,5900, , , ,"$1,400,000.00 ", , , ,"$123,000.00 ",$0.00 
loan_id_0152,5900, , , ,$0.00 , , , ,$0.00 ,$0.00 
loan_id_1886,5900, , , ,$0.00 , , , ,$0.00 ,$0.00 
loan_id_0458,5900, , , ,"$77,000.00 ", , , ,$0.00 ,$0.00 
loan_id_0459,5900, , , ,"$77,000.00 ", , , ,$0.00 ,$0.00 
loan_id_0165,5900, , , ,"$566,000.00 ", , , ,$0.00 ,$0.00 
loan_id_2367,5900, , , ,$0.00 , , , ,$0.00 ,$0.00 
loan_id_0043,5900, , , ,$0.00 , , , ,$0.00 ,$0.00 
loan_id_1601,5900, , , ,$0.00 , , , ,$0.00 ,$0.00 
loan_id_1367,5900, , , ,"$750,000.00 ", , , ,$0.00 ,$0.00 
loan_id_0782,5900, , , ,"$4,025,606.00 ", , , ,$0.00 ,$0.00 
loan_id_1405,5900, , , ,"$48,000.00 ", , , ,$0.00 ,$0.00 
loan_id_1995,5900, , , ,"$150,000.00 ", , , ,$0.00 ,$0.00 
loan_id_1553,5900, , , ,"$3,920,038.00 ", , , ,$0.00 ,"$69,650.00 "
loan_id_0219,5900, , , ,"$1,042,500.00 ", , , ,$0.00 ,"$1,042,500.00 "
loan_id_2234,5900, , , ,"$92,500.00 ", , , ,$0.00 ,"$117,764.00 "
loan_id_1621,5900, , , ,"$294,380.00 ", , , ,$0.00 ,"$200,000.00 "
loan_id_2254,5900, , , ,"$37,600.00 ", , , ,$0.00 ,$0.00 
loan_id_1652,5900, , , ,$0.00 , , , ,$0.00 ,$0.00 
loan_id_1385,5900, , , ,"$65,000.00 ", , , ,$0.00 ,$0.00 
loan_id_1386,5900, , , ,"$65,000.00 ", , , ,$0.00 ,$0.00 
loan_id_0943,5900, , , ,"$21,580.00 ", , , ,$0.00 ,"$21,500.00 "
loan_id_0044,5900, , , ,"$120,350.00 ", , , ,$0.00 ,$0.00 
loan_id_1468,5900, , , ,"$209,712.00 ", , , ,$0.00 ,"$104,069.00 "
loan_id_1160,5900, , , ,"$5,000.00 ", , , ,$0.00 ,$0.00 
loan_id_1160,5900, , , ,"$462,319.00 ", , , ,$0.00 ,$0.00 
loan_id_0056,5900, , , ,$0.00 , , , ,$0.00 ,$0.00 
loan_id_0056,5900, , , ,"$870,112.00 ", , , ,$0.00 ,$0.00 
loan_id_0616,5900, , , ,"$157,390.00 ", , , ,$0.00 ,$0.00 
loan_id_0835,5900, , , ,"$121,560.00 ", , , ,$0.00 ,$0.00 
loan_id_1289,5900, , , ,"$368,000.00 ", , , ,$0.00 ,"$40,000.00 "
loan_id_0620,5900, , , ,$0.00 , , , ,$0.00 ,$0.00 
loan_id_1070,5900, , , ,"$849,540.00 ", , , ,$0.00 ,$0.00 
loan_id_1162,5900, , , ,"$769,872.00 ", , , ,$0.00 ,$0.00 
loan_id_1570,5900, , , ,"$547,618.00 ", , , ,$0.00 ,"$200,000.00 "
loan_id_0375,5900, , , ,"$32,000.00 ", , , ,$0.00 ,$0.00 
loan_id_1642,5900, , , ,$0.00 , , , ,$0.00 ,$0.00 
loan_id_0673,5900, , , ,"$195,664.00 ", , , ,$0.00 ,"$195,664.00 "
loan_id_1841,5900, , , ,"$5,695,521.00 ", , , ,$0.00 ,"$905,000.00 "
loan_id_1756,5900, , , ,"$453,000.00 ", , , ,$0.00 ,"$453,000.00 "
loan_id_1635,5900, , , ,"$968,073.00 ", , , ,$0.00 ,$0.00 
loan_id_1235,5900, , , ,"$1,684,348.00 ", , , ,$0.00 ,$0.00 
loan_id_1236,5900, , , ,"$1,684,348.00 ", , , ,$0.00 ,$0.00 
loan_id_1592,6000, , , ,$0.00 , , , ,$0.00 ,$0.00 
loan_id_1208,6000, , , ,$0.00 , , , ,$0.00 ,$0.00 
loan_id_0259,6000, , , ,$0.00 , , , ,$0.00 ,$0.00 
loan_id_2018,6000, , , ,$0.00 , , , ,$0.00 ,$0.00 
loan_id_2019,6000, , , ,$0.00 , , , ,$0.00 ,$0.00 
loan_id_0981,6000, , , ,$0.00 , , , ,$0.00 ,$0.00 
loan_id_1170,6000, , , ,$0.00 , , , ,$0.00 ,$0.00 
loan_id_1417,6000, , , ,$0.00 , , , ,$0.00 ,$0.00 
loan_id_1418,6000, , , ,$0.00 , , , ,$0.00 ,$0.00 
loan_id_2010,6000, , , ,$0.00 , , , ,$0.00 ,$0.00 
loan_id_0567,6000, , , ,$0.00 , , , ,$0.00 ,$0.00 
loan_id_0410,6000, , , ,$0.00 , , , ,$0.00 ,$0.00 
loan_id_1074,6000, , , ,$0.00 , , , ,$0.00 ,$0.00 
loan_id_0572,6000, , , ,$0.00 , , , ,$0.00 ,$0.00 
loan_id_0357,6000, , , ,$0.00 , , , ,$0.00 ,$0.00 
loan_id_2009,6000, , , ,$0.00 , , , ,$0.00 ,$0.00 
loan_id_0886,6000, , , ,$0.00 , , , ,$0.00 ,$0.00 
loan_id_0213,6000, , , ,$0.00 , , , ,$0.00 ,$0.00 
loan_id_0251,6000, , , ,"$174,606.00 ", , , ,"$860,000.00 ",$0.00 
loan_id_1533,6000, , , ,$0.00 , , , ,$0.00 ,$0.00 
loan_id_0001,6000, , , ,"$47,587.00 ", , , ,"$1,242,920.00 ",$0.00 
loan_id_0001,6000, , , ,$0.00 , , , ,"$1,242,920.00 ",$0.00 
loan_id_0677,6000, , , ,$0.00 , , , ,$0.00 ,$0.00 
loan_id_0117,6000, , , ,$0.00 , , , ,$0.00 ,$0.00 
loan_id_0619,6000, , , ,$0.00 , , , ,$0.00 ,$0.00 
loan_id_1589,6000, , , ,$0.00 , , , ,$0.00 ,$0.00 
loan_id_1106,6000, , , ,$0.00 , , , ,$0.00 ,$0.00 
loan_id_1071,6000, , , ,$0.00 , , , ,$0.00 ,$0.00 
loan_id_1171,6000, , , ,$0.00 , , , ,$0.00 ,$0.00 
loan_id_0090,6100, , , ,"$5,000.00 ", , , ,$0.00 ,"$5,000.00 "
loan_id_0856,6100, , , ,"$5,500.00 ", , , ,$0.00 ,"$5,500.00 "
loan_id_2167,6100, , , ,"$43,650.00 ", , , ,$0.00 ,"$43,650.00 "
loan_id_0782,6100, , , ,"$80,000.00 ", , , ,$0.00 ,"$80,000.00 "
loan_id_1863,6130, , , ,"$25,000.00 ", , , ,$0.00 ,"$25,000.00 "
loan_id_1224,6130, , , ,"$17,000.00 ", , , ,$0.00 ,"$17,000.00 "
loan_id_0338,6130, , , ,"$50,000.00 ", , , ,$0.00 ,"$50,000.00 "
loan_id_0628,6130, , , ,"$75,000.00 ", , , ,$0.00 ,"$75,000.00 "
loan_id_1244,6130, , , ,"$6,300.00 ", , , ,$0.00 ,"$6,300.00 "
loan_id_1862,6130, , , ,"$36,000.00 ", , , ,$0.00 ,"$36,000.00 "
loan_id_2368,6130, , , ,"$100,000.00 ", , , ,$0.00 ,"$100,000.00 "
loan_id_1535,6130, , , ,"$141,853.73 ", , , ,$0.00 ,"$141,853.73 "
loan_id_0233,6130, , , ,"$159,440.00 ", , , ,$0.00 ,"$159,440.00 "
loan_id_0234,6130, , , ,"$159,440.00 ", , , ,$0.00 ,"$159,440.00 "
loan_id_1598,6130, , , ,"$50,000.00 ", , , ,$0.00 ,$0.00 
loan_id_2233,6200, , , ,"$2,952.00 ",1992,TOYT,PK HTP,$0.00 ,"$2,952.00 "
loan_id_1611,6200, , , ,"$7,000.00 ",1996,MB,HR,$0.00 ,"$7,000.00 "
loan_id_1616,6200, , , ,"$7,040.00 ",2005,GMC,ENV 4W,$0.00 ,"$7,040.00 "
loan_id_1611,6200, , , ,"$5,300.00 ",2006,NISSAN,TTN PC,$0.00 ,"$5,300.00 "
loan_id_0777,6200, , , ,"$16,056.00 ",2009,FORD,EC3 VA,$0.00 ,"$16,056.00 "
loan_id_1403,6200, , , ,"$12,999.00 ",2013,HONDA,CR_V EX ,$0.00 ,"$12,999.00 "
loan_id_0102,6200, , , ,"$24,648.00 ",2015,FORD,F350 PU,$0.00 ,"$24,648.00 "
loan_id_1236,6200, , , ,"$99,415.00 ",2015,NISSAN,GT_R,$0.00 ,"$99,415.00 "
loan_id_0102,6200, , , ,"$25,065.00 ",2016,FORD,F350 4C,$0.00 ,"$25,065.00 "
loan_id_0102,6200, , , ,"$25,065.00 ",2016,FORD,F350 4C,$0.00 ,"$25,065.00 "
loan_id_0102,6200, , , ,"$29,445.00 ",2017,FORD,F350 TK,$0.00 ,"$29,445.00 "
loan_id_1576,6200, , , ,"$40,744.00 ",2019,GMC,K1500 SIERRA,$0.00 ,"$40,744.00 "
loan_id_0063,6200, , , ,"$24,080.00 ", , , ,$0.00 ,"$24,080.00 "
loan_id_1236,6200, , , ,"$28,233.00 ",2021,TESLA ,MOD 4D,$0.00 ,"$28,233.00 "
loan_id_1236,6200, , , ,"$63,311.00 ",2022,CHEV,SIL PK,$0.00 ,"$63,311.00 "
loan_id_1236,6200, , , ,"$70,576.00 ",2022,GMC ,SIE PK,$0.00 ,"$70,576.00 "
loan_id_2176,6220, , , ,"$825,000.00 ",1978,,,$0.00 ,"$825,000.00 "
loan_id_2174,6220, , , ,"$650,000.00 ",1980,,,$0.00 ,"$650,000.00 "
loan_id_0390,6220, , , ,"$385,000.00 ",1980,,,$0.00 ,"$390,000.00 "
loan_id_2175,6220, , , ,"$540,000.00 ",1981,,,$0.00 ,"$540,000.00 "
loan_id_2213,6220, , , ,"$1,775,000.00 ",2001,,,$0.00 ,"$1,775,000.00 "
loan_id_2216,6220, , , ,"$1,775,000.00 ",2001,,,$0.00 ,"$1,775,000.00 "
loan_id_0268,6220, , , ,"$900,000.00 ",2001,,,$0.00 ,"$900,000.00 "
loan_id_0268,6220, , , ,$0.00 , ,,,$0.00 ,$0.00 
loan_id_2176,6220, , , ,$0.00 ,1978,,,$0.00 ,$0.00 
loan_id_1611,6225, , , ,"$2,795.00 ",1999,BOMBRAIDER, ,$0.00 ,"$2,795.00 "
loan_id_1611,6225, , , ,"$2,795.00 ",1999,BOMBRAIDER, ,$0.00 ,"$2,795.00 "
loan_id_1764,6225, , , ,"$119,281.00 ",2016,ROGUE ,JET BTWKS,$0.00 ,"$119,281.00 "
loan_id_1764,6225, , , ,"$155,718.00 ",2020,MARINE 1,PASSENGER,$0.00 ,"$155,718.00 "
loan_id_1405,6225, , , ,"$213,105.00 ",2023,RAIDER 290,SEA RAIDER,$0.00 ,"$213,105.00 "
loan_id_1558,6230, , , ,$0.00 ,1965,NASHUA, ,$0.00 ,$0.00 
loan_id_1558,6230, , , ,"$6,500.00 ",1968,MARLETTE, ,$0.00 ,$0.00 
loan_id_1881,6230,MEDFORD,OR,97501,"$60,000.00 ",1971,MARLETTE, ,$0.00 ,$0.00 
loan_id_1558,6230, , , ,"$1,750.00 ",1971,RIDEA, ,$0.00 ,$0.00 
loan_id_2021,6230,GRANTS PASS,OR,97527,$0.00 ,1972,GOLDEN WEST HOMES, ,$0.00 ,$0.00 
loan_id_1010,6230, , , ,$0.00 ,1972,HOMETTE,M201272 ,$0.00 ,$0.00 
loan_id_0558,6230,GRANTS PASS,OR,97526,"$139,000.00 ", , , ,$0.00 ,$0.00 
loan_id_1064,6230,GRANTS PASS,OR,97526,"$65,000.00 ", , , ,$0.00 ,$0.00 
loan_id_1254,6230,MEDFORD,OR,97501,"$89,500.00 ", , , ,$0.00 ,$0.00 
loan_id_0859,6230,ROGUE RIVER,OR,97537,"$85,000.00 ",1977,STATLER, ,$0.00 ,$0.00 
loan_id_1013,6230,CENTRAL POINT,OR,97502,"$105,000.00 ",19790,FLEETWOOD,0RFL2B925480324,$0.00 ,$0.00 
loan_id_1010,6230, , , ,$0.00 ,1980,WESTWOOD,M204944 ,$0.00 ,$0.00 
loan_id_1010,6230, , , ,$0.00 ,1982,SKYLINE,M205234 ,$0.00 ,$0.00 
loan_id_1010,6230, , , ,$0.00 ,1984,GUERDON,M205776 ,$0.00 ,$0.00 
loan_id_2366,6230,GRANTS PASS,OR,97527,"$189,000.00 ",1984,REX, ,$0.00 ,$0.00 
loan_id_1010,6230, , , ,$0.00 ,1985,FLEETWOOD,M205850 ,$0.00 ,$0.00 
loan_id_0928,6230,MEDFORD,OR,97501,"$75,000.00 ",1985,NASHUA, ,$0.00 ,$0.00 
loan_id_1690,6230,MEDFORD ,OR,97501,"$125,000.00 ",1987,LIBERTY OAK BROOK , ,$0.00 ,$0.00 
loan_id_1010,6230, , , ,$0.00 ,1990,GUERDON,M206989,$0.00 ,$0.00 
loan_id_1010,6230, , , ,$0.00 ,1990,GUERDON,M206990 ,$0.00 ,$0.00 
loan_id_1010,6230, , , ,$0.00 ,1990,GUERDON,M206991,$0.00 ,$0.00 
loan_id_1010,6230, , , ,$0.00 ,1990,GUERDON,M206992 ,$0.00 ,$0.00 
loan_id_1010,6230, , , ,$0.00 ,1990,GUERDON,M206993,$0.00 ,$0.00 
loan_id_1010,6230, , , ,$0.00 ,1991,GUERDON,M207024 ,$0.00 ,$0.00 
loan_id_1010,6230, , , ,$0.00 ,1991,GUERDON,M207166,$0.00 ,$0.00 
loan_id_1010,6230, , , ,$0.00 ,1991,GUERDON,M207167 ,$0.00 ,$0.00 
loan_id_1010,6230, , , ,$0.00 ,1991,GUERDON,M207168 ,$0.00 ,$0.00 
loan_id_1010,6230, , , ,$0.00 ,1991,GUERDON,M207169 ,$0.00 ,$0.00 
loan_id_1010,6230, , , ,$0.00 ,1991,GUERDON,M207176 ,$0.00 ,$0.00 
loan_id_0561,6230,MEDFORD,OR,97501,"$65,000.00 ",1992,CHAMPION HOMEBUIDLER CO, ,$0.00 ,$0.00 
loan_id_2379,6230,SHADY COVE,OR,9756,"$125,000.00 ",1993,ROYAL OAKS, ,$0.00 ,$0.00 
loan_id_0608,6230,GRANTS PASS,OR,97526,"$160,000.00 ",1993,SILVER CREST, ,$0.00 ,$0.00 
loan_id_1010,6230, , , ,$0.00 ,1994,SILVERCREST,M207912 ,$0.00 ,$0.00 
loan_id_1010,6230, , , ,$0.00 ,1994,SILVERCREST,M207911 ,$0.00 ,$0.00 
loan_id_1010,6230, , , ,$0.00 ,1994,SKYLINE,M207910 ,$0.00 ,$0.00 
loan_id_2336,6230,LAKEVIEW,OR,97630,"$30,000.00 ",1995,FLEETWOOD, ,$0.00 ,$0.00 
loan_id_0803,6230,KLAMATH FALLS,OR,97603,"$75,000.00 ",1997,ST HELENS,MANUFACTURED HOME,$0.00 ,$0.00 
loan_id_1341,6230, , , ,$0.00 ,1998,BIGTYE, ,$0.00 ,$0.00 
loan_id_1341,6230, , , ,$0.00 ,1999,NASHU,2U,$0.00 ,$0.00 
loan_id_1341,6230, , , ,$0.00 ,1999,SEW,RT,$0.00 ,$0.00 
loan_id_1341,6230, , , ,$0.00 ,2000,STEW,RT,$0.00 ,$0.00 
loan_id_1341,6230, , , ,$0.00 ,1999,STEW,RT,$0.00 ,$0.00 
loan_id_1341,6230, , , ,$0.00 ,2003,PIONE,RT,$0.00 ,$0.00 
loan_id_2280,6230, , , ,"$240,000.00 ",2007,CHARIOT EAGLE WEST,E_9400,$0.00 ,$0.00 
loan_id_1279,6230,MEDFORD,OR,97501,"$150,000.00 ",2014,FLEETWOOD HOMES, ,$0.00 ,$0.00 
loan_id_1306,6230,PHOENIX,OR,97535,"$183,000.00 ",2022,WEST RIDGE,2F 1265 CT,$0.00 ,$0.00 
loan_id_0874,6230,MEDFORD,OR,97501,"$124,975.00 ",2026,CMH,72TEM24442AH26,$0.00 ,"$124,975.00 "
loan_id_0650,6235,HARRISBURG,OR,97443,"$326,000.00 ", , , ,$0.00 ,$0.00 
loan_id_1611,6236, , , ,"$5,000.00 ",1994,NUWA,RT,$0.00 ,"$5,000.00 "
loan_id_1558,6236, , , ,$0.00 ,2000,LAYTO RT, ,$0.00 ,$0.00 
loan_id_1558,6236, , , ,$0.00 ,2000,TERRY RT, ,$0.00 ,$0.00 
loan_id_1382,6236, , , ,"$16,700.00 ",2003,HOLIDAY,RAMBLER ATLANTIS,$0.00 ,"$16,700.00 "
loan_id_2208,6236, , , ,"$28,350.00 ",2008,ATLANTIS,SE 131,$0.00 ,"$28,350.00 "
loan_id_0382,6236, , , ,"$22,500.00 ",2008,HRLD,CT,$0.00 ,"$22,500.00 "
loan_id_2261,6236, , , ,"$67,568.00 ",2011,JAY MH, ,$0.00 ,"$67,568.00 "
loan_id_0142,6236, , , ,"$52,000.00 ",2013,HEARTLAND,RW400,$0.00 ,"$52,000.00 "
loan_id_0318,6236, , , ,"$37,500.00 ",2015,FORD,AXIS,$0.00 ,"$37,500.00 "
loan_id_0578,6236, , , ,"$65,000.00 ",2018,FOREST RIVER CEDAR CREEK,RT 2540A,$0.00 ,"$65,000.00 "
loan_id_0900,6236, , , ,"$118,000.00 ",2020,FOREST RIVER,FR3 34DS,$0.00 ,"$118,000.00 "
loan_id_1697,6236, , , ,"$53,000.00 ",2020,ORVM ,28 RCT,$0.00 ,"$53,000.00 "
loan_id_1575,6236, , , ,"$62,000.00 ",2022,TIMBER RIDGE,22FQS TITANIUM,$0.00 ,"$62,000.00 "
loan_id_1616,6240, , , ,"$18,030.00 ",1999,HD,LTS MC,$0.00 ,"$18,030.00 "
loan_id_1160,6240, , , ,"$3,200.00 ",2003,KAWK,MX,$0.00 ,"$3,200.00 "
loan_id_1160,6240, , , ,$450.00 ,2004,HOND ,RF5 MC,$0.00 ,$450.00 
loan_id_1740,6240, , , ,"$16,225.00 ",2017,HARLEY DAVIDSON,ROAD GLIDE,$0.00 ,"$16,225.00 "
loan_id_1160,6240, , , ,"$5,400.00 ",2017,KTM 500,MC,$0.00 ,"$5,400.00 "
loan_id_1160,6240, , , ,"$6,000.00 ",2018,KTM 300,XC_W SIX DAYS,$0.00 ,"$6,000.00 "
loan_id_1160,6240, , , ,"$4,500.00 ",2022,GAS GAS MC,86  3/14,$0.00 ,"$4,500.00 "
loan_id_1160,6240, , , ,"$3,200.00 ",2023,KTM MX, ,$0.00 ,"$3,200.00 "
