customer_id,loan_id,report_code,current_balance,interest_due,interest_rate,next_payment,maturity_date,regular_payment,escrow_payment,letter_of_credit,balloon_date,branch_id,igl,term_of_note,payment_frequency,participation_code,payment_type,balloon_loan_indicator,balloon_loan_term,purpose_code,original_principal,committed_liability,original_loan_amount,revolving_indicator,principal_paid_mtd,interest_paid_mtd,interest_paid_qtd,interest_paid_ltd,interest_accrued_ytd,interest_accrued_qtd,remaining_installments,officer_id,date_on_file,note_date,date_interest_begin,first_payment_date,date_last_renewal,interest_paid_through_date,misc_fees_balance,payoff_date,payoff_amount,prepayment_type,prepayment_paid,rate_index,rate_review_date,rate_review_interval,accrual_method,original_interest_rate,index_rate_at_last_review,original_index,new_interest_rate_pending,date_new_rate_effective,rate_change_date,rate_margin,periodic_rate_increase_limit,periodic_rate_decrease_limit,rate_floor,rate_ceiling,escrow_balance,late_charge_code,late_charge_percentage,minimum_late_charge,maximum_late_charge,late_charge_waived_jan,late_charge_waived_feb,late_charge_waived_mar,late_charge_waived_apr,late_charge_waived_may,late_charge_waived_jun,late_charge_waived_jul,late_charge_waived_aug,late_charge_waived_sept,late_charge_waived_oct,late_charge_waived_nov,late_charge_waived_dec,late_charge_paid_jan,late_charge_paid_feb,late_charge_paid_mar,late_charge_paid_apr,late_charge_paid_may,late_charge_paid_jun,late_charge_paid_jul,late_charge_paid_aug,late_charge_paid_sept,late_charge_paid_oct,late_charge_paid_nov,late_charge_paid_dec,deferred_int,deferred_int_expiration_date,late_charges_paid_ltd,date_last_delinquent,late_charges_paid_ytd,late_charges_waived_ytd,total_amount_delinquent,l12_05_days_delinquent,l12_10_days_delinquent,l12_15_days_delinquent,l12_30_days_delinquent,l12_60_days_delinquent,l12_90_days_delinquent,l12_120_days_delinquent,charge_off_code,previous_charge_off_code,unrec_income_at_nonaccrual_ltd,unrec_income_at_nonaccrual_ytd,unrec_income_since_nonaccrual_ltd,unrec_income_since_nonaccrual_ytd,bank_principal,bank_interest,bank_late_charge,bank_interest_paid_charge_off,bank_principal_mtd,bank_interest_mtd,bank_principal_ytd,bank_interest_ytd,bank_principal_ltd,bank_interest_ltd,current_risk_code,original_risk_code,special_participation_code,fasb_unamortized_balance,fasb_cost_unamortized_balance2,fasb_net_unamortized_balance3,fasb_net_unamortized_balance4,cra_annual_sales,dti,flood_zone,cra_state,sba_guarantee_percent,sba_lenders_fee,account_status,city,state,zip
cif_cust_id_01450,loan_id_0156,Commercial,0,0,0,,1/1/2049,0,0,0,,branch_id_10,, ,Not Defined,0,, ,0,,0,0,0,Installment,0,0,0,0,0,0,0,officer_id_020,12/7/2023,12/7/2023,12/7/2023,,,,0,,0,No Prepayment Penatly,0,Fixed,, ,365/365,0,0,0,0,,,0,0,0,0,0,0,0,0,0,0,0,0,0,0,0,0,0,0,0,0,0,0,0,0,0,0,0,0,0,0,0,0,0,0,0,,0,,0,0,0,0,0,0,0,0,0,0,0,0,0,0,0,0,0,0,0,0,0,0,0,0,0,0,0,0, ,0,0,0,0,0,0, , ,0,0,Open,ENTERPRISE ,OR,978281331
cif_cust_id_02260,loan_id_0278,Commercial,0,0,0,,5/8/2044,0,0,0,,branch_id_10,,M360,Not Defined,0,, ,0,,0,0,0,Installment,0,0,0,0,0,0,0,officer_id_020,3/29/2022,3/2/2022,3/2/2022,,,,0,,0,No Prepayment Penatly,0,Fixed,, ,365/365,0,0,0,0,,,0,0,0,0,0,0,0,0,0,0,0,0,0,0,0,0,0,0,0,0,0,0,0,0,0,0,0,0,0,0,0,0,0,0,0,,0,,0,0,0,0,0,0,0,0,0,0,0,0,0,0,0,0,0,0,0,0,0,0,0,0,0,0,0,0, ,0,0,0,0,0,0, , ,0,0,Open,ENTERPRISE ,OR,978281331
cif_cust_id_03766,loan_id_0452,Commercial,0,0,0,,2/1/2041,0,0,0,,branch_id_10,,M240,Not Defined,0,, ,0,,0,0,0,Installment,0,0,0,0,0,0,0,officer_id_020,3/29/2022,3/1/2022,3/1/2022,,,,0,,0,No Prepayment Penatly,0,Fixed,, ,365/365,0,0,0,0,,,0,0,0,0,0,0,0,0,0,0,0,0,0,0,0,0,0,0,0,0,0,0,0,0,0,0,0,0,0,0,0,0,0,0,0,,0,,0,0,0,0,0,0,0,0,0,0,0,0,0,0,0,0,0,0,0,0,0,0,0,0,0,0,0,0, ,0,0,0,0,0,0, , ,0,0,Open,MEDFORD ,OR,975011409
cif_cust_id_06391,loan_id_0734,Commercial,0,0,0,,11/1/2042,0,0,0,,branch_id_10,, ,Not Defined,0,, ,0,,0,0,0,Installment,0,0,0,0,0,0,0,officer_id_020,9/6/2023,7/13/2023,7/13/2023,,,,0,,0,No Prepayment Penatly,0,Fixed,, ,365/365,0,0,0,0,,,0,0,0,0,0,0,0,0,0,0,0,0,0,0,0,0,0,0,0,0,0,0,0,0,0,0,0,0,0,0,0,0,0,0,0,,0,,0,0,0,0,0,0,0,0,0,0,0,0,0,0,0,0,0,0,0,0,0,0,0,0,0,0,0,0, ,0,0,0,0,0,0, , ,0,0,Open,MEDFORD ,OR,975011409
cif_cust_id_06432,loan_id_0766,Commercial,0,0,0,,8/23/2025,0,0,0,,branch_id_10,, ,Not Defined,0,, ,0,,0,0,0,Installment,0,0,0,0,0,0,0,officer_id_020,9/19/2024,8/23/2024,8/23/2024,,,,0,,0,No Prepayment Penatly,0,Fixed,, ,365/365,0,0,0,0,,,0,0,0,0,0,0,0,0,0,0,0,0,0,0,0,0,0,0,0,0,0,0,0,0,0,0,0,0,0,0,0,0,0,0,0,,0,,0,0,0,0,0,0,0,0,0,0,0,0,0,0,0,0,0,0,0,0,0,0,0,0,0,0,0,0, ,0,0,0,0,0,0, , ,0,0,Open,WHITE CITY ,OR,975031923
cif_cust_id_06476,loan_id_0774,Commercial,0,0,0,,7/25/2043,0,0,0,,branch_id_10,, ,Not Defined,0,, ,0,,0,0,0,Installment,0,0,0,0,0,0,0,officer_id_020,8/4/2023,7/25/2023,7/25/2023,,,,0,,0,No Prepayment Penatly,0,Fixed,, ,365/365,0,0,0,0,,,0,0,0,0,0,0,0,0,0,0,0,0,0,0,0,0,0,0,0,0,0,0,0,0,0,0,0,0,0,0,0,0,0,0,0,,0,,0,0,0,0,0,0,0,0,0,0,0,0,0,0,0,0,0,0,0,0,0,0,0,0,0,0,0,0, ,0,0,0,0,0,0, , ,0,0,Open,ENTERPRISE ,OR,978281331
cif_cust_id_13941,loan_id_1441,Commercial,0,0,0,,6/11/2050,0,0,0,,branch_id_10,,M360,Not Defined,0,, ,0,,0,0,0,Installment,0,0,0,0,0,0,0,officer_id_020,3/28/2022,6/11/2020,6/11/2020,,,,0,,0,No Prepayment Penatly,0,Fixed,, ,365/365,0,0,0,0,,,0,0,0,0,0,0,0,0,0,0,0,0,0,0,0,0,0,0,0,0,0,0,0,0,0,0,0,0,0,0,0,0,0,0,0,,0,,0,0,0,0,0,0,0,0,0,0,0,0,0,0,0,0,0,0,0,0,0,0,0,0,0,0,0,0, ,0,0,0,0,0,0, , ,0,0,Open,MEDFORD ,OR,975011409
cif_cust_id_13952,loan_id_1466,Commercial,0,0,0,,3/27/2026,0,0,0,,branch_id_10,, ,Not Defined,0,, ,0,,0,0,0,Installment,0,0,0,0,0,0,0,officer_id_020,9/11/2024,9/11/2024,9/11/2024,,,,0,,0,No Prepayment Penatly,0,Fixed,, ,365/365,0,0,0,0,,,0,0,0,0,0,0,0,0,0,0,0,0,0,0,0,0,0,0,0,0,0,0,0,0,0,0,0,0,0,0,0,0,0,0,0,,0,,0,0,0,0,0,0,0,0,0,0,0,0,0,0,0,0,0,0,0,0,0,0,0,0,0,0,0,0, ,0,0,0,0,0,0, , ,0,0,Open,ASHLAND ,OR,975202336
cif_cust_id_14391,loan_id_1565,Commercial,0,0,0,,8/1/2050,0,0,0,,branch_id_10,,M300,Not Defined,0,, ,0,,0,0,0,Installment,0,0,0,0,0,0,0,officer_id_020,7/23/2025,7/23/2025,7/23/2025,,,,0,,0,No Prepayment Penatly,0,Fixed,, ,365/365,0,0,0,0,,,0,0,0,0,0,0,0,0,0,0,0,0,0,0,0,0,0,0,0,0,0,0,0,0,0,0,0,0,0,0,0,0,0,0,0,,0,,0,0,0,0,0,0,0,0,0,0,0,0,0,0,0,0,0,0,0,0,0,0,0,0,0,0,0,0, ,0,0,0,0,0,0, , ,0,0,Open,ENTERPRISE ,OR,978281331
cif_cust_id_16203,loan_id_1772,Commercial,0,0,0,,2/17/2047,0,0,0,,branch_id_10,,M300,Not Defined,0,, ,0,,0,0,0,Installment,0,0,0,0,0,0,0,officer_id_020,3/29/2022,2/18/2022,2/18/2022,,,,0,,0,No Prepayment Penatly,0,Fixed,, ,365/365,0,0,0,0,,,0,0,0,0,0,0,0,0,0,0,0,0,0,0,0,0,0,0,0,0,0,0,0,0,0,0,0,0,0,0,0,0,0,0,0,,0,,0,0,0,0,0,0,0,0,0,0,0,0,0,0,0,0,0,0,0,0,0,0,0,0,0,0,0,0, ,0,0,0,0,0,0, , ,0,0,Open,ENTERPRISE ,OR,978281331
cif_cust_id_17492,loan_id_1982,Commercial,0,0,0,,2/13/2027,0,0,0,,branch_id_05,, ,Not Defined,0,, ,0,,0,0,0,Installment,0,0,0,0,0,0,0,officer_id_052,11/30/2023,11/1/2023,11/1/2023,,,,0,,0,No Prepayment Penatly,0,Fixed,, ,365/365,0,0,0,0,,,0,0,0,0,0,0,0,0,0,0,0,0,0,0,0,0,0,0,0,0,0,0,0,0,0,0,0,0,0,0,0,0,0,0,0,,0,,0,0,0,0,0,0,0,0,0,0,0,0,0,0,0,0,0,0,0,0,0,0,0,0,0,0,0,0, ,0,0,0,0,0,0, , ,0,0,Open,CENTRAL POINT ,OR,975029341
cif_cust_id_17663,loan_id_2017,Commercial,0,0,0,,9/1/2048,0,0,0,,branch_id_10,, ,Not Defined,0,, ,0,,0,0,0,Installment,0,0,0,0,0,0,0,officer_id_020,8/22/2023,8/22/2023,8/22/2023,,,,0,,0,No Prepayment Penatly,0,Fixed,, ,365/365,0,0,0,0,,,0,0,0,0,0,0,0,0,0,0,0,0,0,0,0,0,0,0,0,0,0,0,0,0,0,0,0,0,0,0,0,0,0,0,0,,0,,0,0,0,0,0,0,0,0,0,0,0,0,0,0,0,0,0,0,0,0,0,0,0,0,0,0,0,0, ,0,0,0,0,0,0, , ,0,0,Open,ENTERPRISE ,OR,978281331
cif_cust_id_17734,loan_id_2034,Commercial,56167.82,0,0,8/29/2067,8/29/2067,0,0,0,,branch_id_01,,M600,Not Defined,0,Single Pay, ,0,530,0,20000000,20000000,Revolving,801000,0,0,0,0,0,1,officer_id_012,8/29/2017,8/29/2017,8/29/2017,8/29/2067,8/29/2017,,0,,56167.82,No Prepayment Penatly,0,Fixed,, ,365/360,0,0,0,0,,,0,0,0,0,0,0,1,0.05,0,9999999.99,0,0,0,0,0,0,0,0,0,0,0,0,0,0,0,0,0,0,0,0,0,0,0,0,0,,0,,0,0,0,0,0,0,0,0,0,0,0,0,0,0,0,0,,,,,,,,,,,0,0, ,0,0,0,0,0,0, ,41,0,0,Open,MEDFORD ,OR,975044004
cif_cust_id_17850,loan_id_2047,Commercial,0,0,0,,5/28/2045,0,0,0,,branch_id_10,, ,Not Defined,0,, ,0,,0,0,0,Installment,0,0,0,0,0,0,0,officer_id_020,3/28/2022,5/28/2020,5/28/2020,,,,0,,0,No Prepayment Penatly,0,Fixed,, ,365/365,0,0,0,0,,,0,0,0,0,0,0,0,0,0,0,0,0,0,0,0,0,0,0,0,0,0,0,0,0,0,0,0,0,0,0,0,0,0,0,0,,0,,0,0,0,0,0,0,0,0,0,0,0,0,0,0,0,0,0,0,0,0,0,0,0,0,0,0,0,0, ,0,0,0,0,0,0, , ,0,0,Open,ROSEBURG ,OR,974704906
cif_cust_id_18047,loan_id_2074,Commercial,0,0,0,,11/1/2045,0,0,0,,branch_id_10,, ,Not Defined,0,, ,0,,0,0,0,Installment,0,0,0,0,0,0,0,officer_id_020,10/2/2025,10/2/2025,10/2/2025,,,,0,,0,No Prepayment Penatly,0,Fixed,, ,365/365,0,0,0,0,,,0,0,0,0,0,0,0,0,0,0,0,0,0,0,0,0,0,0,0,0,0,0,0,0,0,0,0,0,0,0,0,0,0,0,0,,0,,0,0,0,0,0,0,0,0,0,0,0,0,0,0,0,0,0,0,0,0,0,0,0,0,0,0,0,0, ,0,0,0,0,0,0, , ,0,0,Open,SHERWOOD ,OR,971409931
cif_cust_id_18193,loan_id_2102,Commercial,0,0,0,11/14/2024,11/14/2024,0,0,0,,branch_id_10,, ,Not Defined,0,, ,0,,0,0,0,Installment,0,0,0,0,0,0,0,officer_id_020,11/1/2022,8/25/2022,8/25/2022,11/14/2024,,,0,,0,No Prepayment Penatly,0,Fixed,, ,365/365,0,0,0,0,,,0,0,0,0,0,0,0,0,0,0,0,0,0,0,0,0,0,0,0,0,0,0,0,0,0,0,0,0,0,0,0,0,0,0,0,,0,,0,0,0,0,0,0,0,0,0,0,0,0,0,0,0,0,0,0,0,0,0,0,0,0,0,0,0,0, ,0,0,0,0,0,0, , ,0,0,Open,SUTHERLIN ,OR,974791931
cif_cust_id_19526,loan_id_2231,Commercial,0,0,0,,4/1/2040,0,0,0,,branch_id_10,, ,Not Defined,0,, ,0,,0,0,0,Installment,0,0,0,0,0,0,0,officer_id_020,3/25/2022,3/12/2020,4/1/2020,,,,0,,0,No Prepayment Penatly,0,Fixed,, ,365/365,0,0,0,0,,,0,0,0,0,0,0,0,0,0,0,0,0,0,0,0,0,0,0,0,0,0,0,0,0,0,0,0,0,0,0,0,0,0,0,0,,0,,0,0,0,0,0,0,0,0,0,0,0,0,0,0,0,0,0,0,0,0,0,0,0,0,0,0,0,0, ,0,0,0,0,0,0, , ,0,0,Open,ENTERPRISE ,OR,978281331
cif_cust_id_01831,loan_id_0233,Commercial,0,0,6.75,1/8/2025,9/8/2026,0,0,3,9/8/2026,branch_id_05,11,M024,Monthly,0,Int Only,Y,24,530,71440,71440,1540000,Non _ Revolving,0,0,0,0,0,0,21,officer_id_061,9/8/2023,9/8/2023,9/8/2023,10/8/2023,12/16/2024,,0,,0,No Prepayment Penatly,0,WSJ Prime,,0000,365/360,8.5,6.75,8.5,0,,,0,0,0,0,0,0,1,0.05,0,9999999.99,0,0,0,0,0,0,0,0,0,0,0,0,0,0,0,0,0,0,0,0,0,0,0,0,0,,0,,0,0,0,0,0,0,0,0,0,0,0,0,0,0,0,0,,,,,,,,,,,1,1, ,0,0,0,0,0,0, ,41,0,0,Open,LAS VEGAS ,NV,891357866
cif_cust_id_01831,loan_id_0234,Commercial,0,0,6.75,6/8/2025,4/18/2027,0,0,3,4/18/2027,branch_id_05,11,M024,Monthly,0,Int Only,Y,24,530,0,88000,880000,Non _ Revolving,0,0,0,0,0,0,23,officer_id_061,9/5/2024,9/4/2024,9/5/2024,10/8/2024,4/28/2025,,0,,0,No Prepayment Penatly,0,WSJ Prime,,0000,365/360,8.5,6.75,8.5,0,,,0,0,0,0,0,0,1,0.05,0,9999999.99,0,0,0,0,0,0,0,0,0,0,0,0,0,0,0,0,0,0,0,0,0,0,0,0,0,,0,,0,0,0,0,0,0,0,0,0,0,0,0,0,0,0,0,,,,,,,,,,,1,1, ,0,0,0,0,0,0, ,41,0,0,Open,LAS VEGAS ,NV,891357866
cif_cust_id_05859,loan_id_0628,Commercial,0,0,9.75,11/9/2025,10/9/2026,0,0,3,10/9/2026,branch_id_03,11,M012,Monthly,0,Int Only,Y,12,530,0,75000,75000,Non _ Revolving,0,0,0,0,0,0,12,officer_id_032,10/9/2018,10/9/2018,10/9/2018,10/9/2023,10/9/2025,,0,,0,No Prepayment Penatly,0,WSJ Prime,,0000,365/360,8.25,6.75,5.25,0,,,3,0,0,0,0,0,1,0.05,0,9999999.99,0,0,0,0,0,0,0,0,0,0,0,0,0,0,0,0,0,0,0,0,0,0,0,0,0,,0,,0,0,0,0,0,0,0,0,0,0,0,0,0,0,0,0,,,,,,,,,,,1,1, ,0,0,0,0,0,0, ,41,0,0,Open,JACKSONVILLE ,OR,975309391
cif_cust_id_09125,loan_id_1862,Installment,11418.21,_24.04,4.5,6/10/2026,1/10/2027,500,0,0,1/10/2027,Branch Not Assigned,_1,M024,Monthly,0,Reg P&I,Y,24,610,36000,0,36000,Installment,909.19,90.81,90.81,918.21,176.43,33.44,8,officer_id_011,1/10/2025,1/10/2025,1/10/2025,2/10/2025,,5/10/2026,0,,11394.17,No Prepayment Penatly,0,Fixed,, ,365/365,4.5,0,4.5,0,,,0,0,0,0,0,0,1,0.05,0,9999999.99,0,0,0,0,0,0,0,0,0,0,0,0,0,0,0,0,0,0,0,0,0,0,0,0,0,,0,1/10/2026,0,0,0,0,0,0,0,0,0,0,0,0,0,0,0,0,,,,,,,,,,,1,1, ,0,0,0,0,3,0, ,41,0,0,Open,CENTRAL POINT ,OR,975029481
cif_cust_id_03755,loan_id_0448,Commercial,83835.95,279.59,4.14,4/26/2026,12/26/2028,3046.53,0,0,,branch_id_12,25,M088,Monthly,0,Reg P&I, ,0,140,315000,0,315000,Installment,0,0,0,78323.08,1116.18,221.74,33,officer_id_054,12/26/2018,12/26/2018,12/26/2018,9/26/2021,12/9/2024,3/25/2026,323,,84438.54,% of Current Balance,0,FHLB 5_YR,8/26/2026,M060,365/360,6.5,5.5,5.25,0,,8/26/2026,2.95,0,0,4.14,0,0,1,0.05,0,9999999.99,0,0,0,0,0,0,0,0,0,0,0,0,0,0,0,0,0,0,0,0,0,0,0,0,0,,0,7/26/2025,0,0,0,0,0,0,0,0,0,0,0,0,0,0,0,0,,,,,,,,,,,2,5, ,0,0,0,0,612440,0,C ,41,0,0,Open,KLAMATH FALLS ,OR,976018719
cif_cust_id_16504,loan_id_1258,Commercial,230550.85,222.13,5.79,5/18/2026,7/18/2047,1592.83,0,0,,branch_id_03,22,M300,Monthly,0,Reg P&I, ,0,170,249793.6,0,249793.6,Installment,441.67,1151.16,1151.16,51928.83,4207.51,853.7,255,officer_id_032,7/21/2022,7/18/2022,7/21/2022,8/18/2022,,4/17/2026,154,,230926.98,No Prepayment Penatly,0,FHLB 5_YR,7/18/2027,M060,365/360,5.79,0,3.33,0,,7/18/2027,2.55,0,0,5.79,0,0,1,0.05,0,9999999.99,0,0,0,0,0,0,0,0,0,0,0,0,0,0,0,0,0,0,0,0,0,0,0,0,0,,0,1/18/2025,0,0,0,0,0,0,0,0,0,0,0,0,0,0,0,0,,,,,,,,,,,2,2, ,0,0,0,0,90840,0,X ,41,0,0,Open,JACKSONVILLE ,OR,975309773
cif_cust_id_13059,loan_id_1351,Commercial,548375.81,930.87,6.79,5/15/2026,8/15/2049,4897.78,0,0,,branch_id_02,35,M300,Monthly,0,Reg P&I, ,0,160,700000,0,700000,Installment,1681.63,3216.15,3216.15,76331.41,12399.33,2383.33,280,officer_id_064,8/22/2024,8/15/2024,8/22/2024,9/15/2024,,4/14/2026,154,,565911.95,% of Current Balance,16451.27,FHLB 5_YR,8/15/2029,M060,365/360,6.79,0,6.79,0,,8/15/2029,2.75,0,0,5.79,0,0,1,0.05,0,9999999.99,0,0,0,0,0,0,0,0,0,0,0,0,0,0,0,0,0,0,0,0,0,0,0,0,0,,0,2/15/2026,0,0,0,0,0,0,0,0,0,0,0,0,0,0,0,0,,,,,,,,,,,2,2, ,0,0,0,0,367324,0,X ,53,0,0,Open,PORT TOWNSEND ,WA,983689259
cif_cust_id_13916,loan_id_1431,Commercial,278456.76,476.09,6.84,5/15/2026,7/15/2043,2310.76,0,0,,Branch Not Assigned,22,M300,Monthly,0,Reg P&I,N,0,190,350000,0,350000,Installment,666.96,1643.8,1643.8,124229.48,6009.54,1218.45,207,officer_id_011,7/11/2018,7/11/2018,7/11/2018,8/15/2018,7/11/2018,4/14/2026,154,,279086.85,% of Current Balance,0,FHLB 5_YR,6/15/2030,M060,365/360,5.93,4.17,3.26,0,,6/15/2030,2.672,0,0,4.742,0,0,1,0.05,0,9999999.99,0,0,0,0,0,0,0,0,0,0,0,0,0,0,0,0,0,0,0,0,0,0,0,0,0,,0,2/15/2026,0,0,0,0,0,0,0,0,0,0,0,0,0,0,0,0,,,,,,,,,,,2,4, ,0,0,0,0,43446,0,X ,41,0,0,Open,JACKSONVILLE ,OR,975309870
cif_cust_id_16877,loan_id_1850,Commercial,238835.99,584.65,4.93,5/6/2026,7/6/2031,2287.52,0,0,7/6/2031,branch_id_03,22,M300,Monthly,0,Reg P&I,Y,120,170,391200,0,391200,Installment,0,0,0,75635.99,3765.81,752.27,63,officer_id_032,7/7/2021,7/6/2021,7/7/2021,8/6/2021,,4/5/2026,154,,241962.99,% of Current Balance,2388.35,Fixed,, ,365/360,4.93,0,4.93,0,,,0,0,0,0,0,0,1,0.05,0,9999999.99,0,0,0,0,0,0,0,0,0,0,0,0,0,0,0,0,0,0,0,0,0,0,0,0,0,,0,,0,0,0,0,0,0,0,0,0,0,0,0,0,0,0,0,,,,,,,,,,,2,2, ,0,0,0,0,52500,0,X* ,41,0,0,Open,MEDFORD ,OR,975014603
cif_cust_id_00006,loan_id_0002,Commercial,108396.06,310.56,3.82,4/28/2026,2/28/2029,943.2,0,0,2/28/2029,branch_id_02,10,M204,Monthly,0,Reg P&I,Y,120,510,0,0,154875,Installment,0,0,0,44658.91,1312.97,264.55,35,officer_id_064,2/28/2019,2/28/2019,2/28/2019,3/28/2022,,3/27/2026,154,,109944.58,% of Current Balance,1083.96,FHLB 5_YR,2/28/2027,M060,365/360,5.5,2.88,2.89,0,,2/28/2027,2.47,0,0,0,0,0,1,0.05,0,9999999.99,0,0,0,0,0,0,0,0,0,0,0,0,0,0,0,0,0,0,0,0,0,0,0,0,0,,0,3/28/2026,0,0,0,0,0,0,0,0,0,0,0,0,0,0,0,0,,,,,,,,,,,3,0, ,0,0,0,0,0,0,X ,41,0,0,Open,ALBANY ,OR,973227093
cif_cust_id_00017,loan_id_0004,Commercial,166914.7,80.49,4.34,5/20/2026,9/20/2027,10326.46,0,0,,branch_id_10,22,M120,Monthly,0,Reg P&I, ,0,170,1000000,0,1000000,Installment,9666.53,659.93,659.93,230540.08,2571.79,484.96,17,officer_id_020,9/12/2017,9/12/2017,9/12/2017,10/20/2017,9/12/2017,4/19/2026,154,,167149.19,% of Current Balance,0,Fixed,, ,365/360,0,0,0,0,,,0,0,0,0,0,0,1,0.05,0,9999999.99,0,0,0,0,0,0,0,0,0,0,0,0,0,0,0,0,0,0,0,0,0,0,0,0,0,,0,12/20/2025,0,0,0,0,0,0,0,0,0,0,0,0,0,0,0,0,,,,,,,,,,,3,3, ,323.12,0,0,0,0,0,X ,41,0,0,Open,GRANTS PASS ,OR,975262814
Borrower Not Found,loan_id_0036,Commercial,99698.23,22.15,4,5/22/2026,3/22/2031,1866.93,0,0,,branch_id_03,35,M120,Monthly,0,Reg P&I,N,0,160,285000,0,285000,Installment,1518.29,348.64,348.64,155382.9,1296.47,258.32,_49,officer_id_032,3/22/2011,3/22/2011,3/22/2011,4/22/2011,3/22/2021,4/21/2026,154,,99874.38,No Prepayment Penatly,0,Fixed,, ,365/360,0,0,0,0,,,0,0,0,0,0,0,1,0.05,0,9999999.99,0,0,0,0,0,0,0,0,0,0,0,0,0,0,0,0,0,0,0,0,0,0,0,0,0,,0,11/22/2025,0,0,0,0,0,0,0,0,0,0,0,0,0,0,0,0,,,,,,,,,,,3,4, ,0,0,0,0,0,0,X ,41,0,0,Open,MEDFORD ,OR,975010188
Borrower Not Found,loan_id_0037,Commercial,35361.01,58.94,4,5/9/2026,6/9/2031,631.19,0,0,,branch_id_03,35,M120,Monthly,0,Reg P&I,N,0,160,62171.93,0,95000,Installment,507.65,123.54,123.54,52408.04,456,90.82,62,officer_id_032,6/9/2011,6/9/2011,6/9/2011,7/9/2011,6/9/2021,4/8/2026,169,,35588.95,No Prepayment Penatly,0,Fixed,, ,365/360,0,0,0,0,,,0,0,0,0,0,0,1,0.05,0,9999999.99,0,0,0,0,0,0,0,0,0,0,0,0,0,0,0,0,0,0,0,0,0,0,0,0,0,,0,8/9/2025,0,0,0,0,0,0,0,0,0,0,0,0,0,0,0,0,,,,,,,,,,,3,4, ,0,0,0,0,0,0,X ,41,0,0,Open,MEDFORD ,OR,975010188
cif_cust_id_00223,loan_id_0042,Commercial,0,0,7.25,5/20/2026,10/20/2026,0,0,0,10/20/2026,branch_id_10,11,M012,Monthly,0,Int Only,Y,12,530,0,400000,100000,Revolving,0,0,0,25.28,0,0,10,officer_id_020,10/3/2018,10/20/2021,10/3/2018,11/20/2018,10/20/2025,,0,,0,No Prepayment Penatly,0,WSJ Prime,,0000,365/360,6.25,6.75,5.25,0,,,0.5,0,0,4,0,0,1,0.05,0,9999999.99,0,0,0,0,0,0,0,0,0,0,0,0,0,0,0,0,0,0,0,0,0,0,0,0,0,,0,,0,0,0,0,0,0,0,0,0,0,0,0,0,0,0,0,,,,,,,,,,,3,4, ,0,0,0,0,999999,0, ,41,0,0,Open,MEDFORD ,OR,975047140
cif_cust_id_00276,loan_id_0052,Commercial,12612,2.45,7,5/20/2026,4/20/2027,0,0,0,4/20/2027,branch_id_03,11,M012,Monthly,0,Int Only,Y,12,530,0,1000000,1000000,Revolving,0,0,0,0,2.45,2.45,12,officer_id_032,4/23/2026,4/20/2026,4/23/2026,5/20/2026,,4/22/2026,154,,12768.45,No Prepayment Penatly,0,WSJ Prime,,0000,365/360,7,0,6.75,0,,,0.25,0,0,7,0,0,1,0.05,0,9999999.99,0,0,0,0,0,0,0,0,0,0,0,0,0,0,0,0,0,0,0,0,0,0,0,0,0,,0,,0,0,0,0,0,0,0,0,0,0,0,0,0,0,0,0,,,,,,,,,,,3,3, ,0,0,0,0,397320,0, ,41,0,0,Open,CENTRAL POINT ,OR,975021041
cif_cust_id_00364,loan_id_0069,Commercial,133769.88,662.35,7.75,5/1/2026,1/1/2027,0,0,0,1/1/2027,branch_id_02,11,M012,Monthly,0,Int Only,Y,12,530,0,300000,200000,Revolving,0,892.73,892.73,49926.9,3247.61,662.35,9,officer_id_064,9/10/2020,9/10/2020,9/10/2020,9/1/2021,1/1/2026,3/31/2026,33,,134520.41,No Prepayment Penatly,0,WSJ Prime,,0000,365/360,5.25,6.75,3.25,0,,,1,0,0,6,0,0,1,0.05,0,9999999.99,0,0,0,0,0,0,0,0,0,0,0,0,0,0,0,0,0,0,0,0,0,0,0,0,0,,0,1/1/2026,0,0,0,0,0,2,0,0,0,0,0,0,0,0,0,0,,,,,,,,,,,3,0, ,0,0,0,0,999999,0, ,41,0,0,Open,TANGENT ,OR,973899799
cif_cust_id_06062,loan_id_0095,Commercial,389199.36,138.87,6.5,5/22/2026,8/22/2043,3145.71,0,0,,branch_id_03,22,M300,Monthly,0,Reg P&I, ,0,190,470812,0,470812,Installment,976.58,2180,2180,192286.29,7977.03,1617.38,208,officer_id_032,8/22/2018,8/22/2018,8/22/2018,9/22/2018,8/22/2018,4/21/2026,154,,389492.23,% of Current Balance,0,FHLB 3_YR,8/22/2027,M036,365/360,5.55,3.95,3,0,,8/22/2027,2.55,0,0,5.55,0,0,1,0.05,0,9999999.99,0,0,0,0,0,0,0,0,0,0,0,0,0,0,0,0,0,0,0,0,0,0,0,0,0,,21.74,12/22/2024,0,0,0,0,0,0,0,0,0,0,0,0,0,0,0,0,,,,,,,,,,,3,3, ,1517.94,0,0,0,166721,0,X ,41,0,0,Open,ASHLAND ,OR,975202113
cif_cust_id_01134,loan_id_0110,Commercial,418272.57,_83.81,7.15,5/25/2026,1/25/2029,3498.05,0,0,1/25/2029,branch_id_05,18,M300,Monthly,0,Reg P&I,Y,120,120,490000,0,490000,Installment,918.49,2579.56,2579.56,201831.17,9438.41,1914.34,33,officer_id_040,1/25/2019,1/25/2019,1/25/2019,2/25/2019,2/25/2021,4/24/2026,154,,422525.48,% of Current Balance,4182.72,FHLB 5_YR,1/25/2029,M060,365/360,6.11,4.2,3.16,0,,1/25/2029,2.95,0,0,5.16,0,0,1,0.05,0,9999999.99,0,0,0,0,0,0,0,0,0,0,0,0,0,0,0,0,0,0,0,0,0,0,0,0,0,,0,6/25/2022,0,0,0,0,0,0,0,0,0,0,0,0,0,0,0,0,,,,,,,,,,,3,4, ,0,0,0,0,53188,0,X ,41,0,0,Open,MEDFORD ,OR,975048900
cif_cust_id_01194,loan_id_0116,Commercial,69791.83,52.35,6.75,5/20/2026,5/20/2029,5406.45,0,0,,branch_id_03,10,M060,Monthly,0,Reg P&I, ,0,520,274000,0,274000,Installment,4971.89,434.56,434.56,20140.18,1716.76,318.69,37,officer_id_032,5/21/2024,5/20/2024,5/21/2024,6/20/2024,,4/19/2026,15,,69859.18,No Prepayment Penatly,0,Fixed,, ,365/360,6.75,0,6.75,0,,,0,0,0,0,0,0,1,0.05,0,9999999.99,0,0,0,0,0,0,0,0,0,0,0,0,0,0,0,0,0,0,0,0,0,0,0,0,0,,0,12/20/2025,0,0,0,0,0,0,0,0,0,0,0,0,0,0,0,0,,,,,,,,,,,3,3, ,792.65,0,0,0,999999,0, ,41,0,0,Open,ASHLAND ,OR,975200700
cif_cust_id_01442,loan_id_0152,Commercial,1093131.5,2656.63,6.72,5/11/2026,11/11/2046,8252.57,0,0,,branch_id_05,22,M294,Monthly,0,Reg P&I, ,0,170,0,0,2219076,Installment,1910.76,6341.81,6341.81,318536.5,23160.95,4701.01,247,officer_id_040,11/19/2020,11/11/2020,11/18/2020,6/11/2022,5/20/2022,4/10/2026,169,,1106888.44,% of Current Balance,10931.31,FHLB 5_YR,11/11/2030,M060,365/360,4.75,3.81,0.89,0,,11/11/2030,2.913,0,0,4.295,0,0,1,0.05,0,9999999.99,0,0,0,0,0,0,0,0,0,0,0,0,0,0,0,0,0,0,0,0,0,0,0,0,0,,0,4/11/2026,0,0,0,7,1,0,0,0,0,0,0,0,0,0,0,0,,,,,,,,,,,3,3, ,0,0,0,0,999999,0,X ,41,0,0,Open,MEDFORD ,OR,975010196
cif_cust_id_02214,loan_id_0267,Commercial,16115.25,27.93,4.52,5/10/2026,9/10/2026,3269.13,0,0,,branch_id_10,10,M060,Monthly,0,Reg P&I, ,0,510,175000,0,175000,Installment,3194.38,74.75,74.75,20917.4,317.02,49.75,5,officer_id_020,9/13/2021,9/10/2021,9/13/2021,10/10/2021,,4/9/2026,15,,16158.18,No Prepayment Penatly,0,Fixed,, ,365/360,4.52,0,4.52,0,,,0,0,0,0,0,0,1,0.05,0,9999999.99,0,0,0,0,0,0,0,0,0,0,0,0,0,0,0,0,0,0,0,0,0,0,0,0,0,,0,2/10/2026,0,0,0,2,0,0,0,0,0,0,0,0,0,0,0,0,,,,,,,,,,,3,3, ,22.55,0,0,0,0,0, ,41,0,0,Open,CENTRAL POINT ,OR,975023283
cif_cust_id_09255,loan_id_0273,Commercial,2157631.63,11442.64,6.36,4/25/2026,6/25/2043,17311.88,0,0,,branch_id_05,22,M300,Monthly,0,Reg P&I, ,0,170,2655000,0,2655000,Installment,0,0,0,965138.35,43273.03,8772.69,207,officer_id_069,6/25/2018,6/25/2018,6/25/2018,7/25/2018,6/25/2018,3/24/2026,154,,2170093.86,% of Current Balance,0,FHLB 7_YR,6/25/2032,M084,365/360,4.95,4.31,2.9,0,,6/25/2032,2.05,0,0,4.95,0,0,1,0.05,0,9999999.99,0,0,0,0,0,0,0,0,0,0,0,0,0,0,0,0,0,0,0,0,0,0,0,0,0,,0,10/25/2025,0,0,0,0,0,1,0,0,0,0,0,0,0,0,0,0,,,,,,,,,,,3,3, ,5470.21,0,0,0,0,0,X ,41,0,0,Open,BELDING ,MI,488099605
cif_cust_id_16947,loan_id_0304,Commercial,447346.21,1346.14,4.71,5/1/2026,2/1/2042,3361.13,0,0,,branch_id_05,22,M300,Monthly,0,Reg P&I,N,0,190,588000,0,588000,Installment,1540.52,1820.61,1820.61,229105.91,6651.19,1346.14,190,officer_id_061,1/31/2017,1/31/2017,1/31/2017,3/1/2017,2/1/2022,3/31/2026,154,,448846.35,% of Current Balance,0,FHLB 5_YR,1/1/2027,M060,365/360,4.71,1.95,1.46,0,,1/1/2027,3.25,0,0,4.71,0,0,1,0.05,0,9999999.99,0,0,0,0,0,0,0,0,0,0,0,0,0,0,0,0,0,0,0,0,0,0,0,0,0,,0,11/1/2025,0,0,0,0,0,0,0,0,0,0,0,0,0,0,0,0,,,,,,,,,,,3,4, ,0,0,0,0,226976,0,X ,41,0,0,Open,MEDFORD ,OR,975049719
cif_cust_id_02467,loan_id_0321,Commercial,684009.09,2128.22,4.87,5/1/2026,1/1/2048,4321.54,0,0,,branch_id_02,22,M306,Monthly,0,Reg P&I, ,0,170,0,0,743667,Installment,1447.01,2874.53,2874.53,127440.56,10493.38,2128.22,261,officer_id_064,7/6/2022,7/1/2022,7/6/2022,8/1/2022,9/29/2022,3/31/2026,154,,699971.49,% of Current Balance,13680.18,FHLB 5_YR,7/1/2027,M060,365/360,4.87,0,3.74,0,,7/1/2027,1.59,0,0,4.87,0,0,1,0.05,0,9999999.99,0,0,0,0,0,0,0,0,0,0,0,0,0,0,0,0,0,0,0,0,0,0,0,0,0,,0,11/1/2025,0,0,0,0,0,0,0,0,0,0,0,0,0,0,0,0,,,,,,,,,,,3,3, ,1169.55,0,0,0,212301,0,AE ,41,0,0,Open,SALEM ,OR,973022513
cif_cust_id_02795,loan_id_0353,Commercial,248535.45,662.21,6,5/8/2026,1/8/2051,1623.15,0,0,,Branch Not Assigned,22,M300,Monthly,0,Reg P&I, ,0,170,250000,0,250000,Installment,338.37,1284.78,1284.78,3404.9,4067.11,952.32,297,officer_id_063,1/16/2026,1/8/2026,1/16/2026,2/8/2026,,4/7/2026,154,,256807.72,% of Current Balance,7456.06,FHLB 3_YR,1/8/2029,M036,365/360,6,0,3.69,0,,1/8/2029,2.75,0,0,4.995,0,0,1,0.05,0,9999999.99,0,0,0,0,0,0,0,0,0,0,0,0,0,0,0,0,0,0,0,0,0,0,0,0,0,,0,,0,0,0,0,0,0,0,0,0,0,0,0,0,0,0,0,,,,,,,,,,,3,3, ,0,0,0,0,999999,0,X ,41,0,0,Open,SALEM ,OR,973070400
cif_cust_id_02819,loan_id_0355,Commercial,275405.51,346.71,4.12,5/13/2026,1/13/2047,1656.36,0,0,,branch_id_05,22,M300,Monthly,0,Reg P&I,N,0,170,308000,0,308000,Installment,676.89,979.47,979.47,51879.87,3579.98,725.86,249,officer_id_027,1/14/2022,1/13/2022,1/14/2022,2/13/2022,,4/12/2026,154,,278660.27,% of Current Balance,2754.05,FHLB 5_YR,1/13/2027,M060,365/360,4.12,0,1.9,0,,1/13/2027,2.7,0,0,4.12,0,0,1,0.05,0,9999999.99,0,0,0,0,0,0,0,0,0,0,0,0,0,0,0,0,0,0,0,0,0,0,0,0,0,,0,12/13/2025,0,0,0,0,0,0,0,0,0,0,0,0,0,0,0,0,,,,,,,,,,,3,3, ,0,0,0,0,100150,0,X ,41,0,0,Open,MEDFORD ,OR,975042185
cif_cust_id_02825,loan_id_0358,Commercial,469359.45,1700.14,4.83,4/28/2026,2/28/2047,2604.6,0,0,,branch_id_05,22,M300,Monthly,0,Reg P&I,N,0,170,500000,0,500000,Installment,0,0,0,96984.85,7132.72,1448.36,251,officer_id_040,2/28/2022,2/28/2022,2/28/2022,3/28/2022,,3/27/2026,154,,471213.59,No Prepayment Penatly,0,FHLB 5_YR,2/28/2027,M060,365/360,4.83,0,2.23,0,,2/28/2027,2.6,0,0,3.82,0,0,1,0.05,0,9999999.99,0,0,0,0,0,0,0,0,0,0,0,0,0,0,0,0,0,0,0,0,0,0,0,0,0,,0,,0,0,0,0,0,0,0,0,0,0,0,0,0,0,0,0,,,,,,,,,,,3,3, ,1839.37,0,0,0,999999,0,X ,41,0,0,Open,CENTRAL POINT ,OR,975020061
cif_cust_id_04310,loan_id_0367,Commercial,1092552.17,_152.68,5,5/25/2026,10/25/2047,6972.04,0,0,,branch_id_05,22,M300,Monthly,0,Reg P&I, ,0,170,1184000,0,1184000,Installment,2260.15,4711.89,4711.89,201377.85,17233.82,3496.69,258,officer_id_040,11/1/2022,10/25/2022,10/31/2022,11/25/2022,,4/24/2026,154,,1114404.53,% of Current Balance,21851.04,FHLB 7_YR,10/25/2029,M084,365/360,5,0,5,0,,10/25/2029,1.63,0,0,5,0,0,1,0.05,0,9999999.99,0,0,0,0,0,0,0,0,0,0,0,0,0,0,0,0,0,0,0,0,0,0,0,0,0,,0,1/25/2025,0,0,0,0,0,0,0,0,0,0,0,0,0,0,0,0,,,,,,,,,,,3,3, ,10872.82,0,0,0,999999,0,X ,41,0,0,Open,MEDFORD ,OR,975049410
cif_cust_id_02902,loan_id_0370,Commercial,246620.62,223.01,6.51,5/19/2026,5/19/2047,1811.75,0,0,,Branch Not Assigned,22,M300,Monthly,0,Reg P&I, ,0,170,277500,0,277500,Installment,503.12,1346.88,1346.88,51345.62,5061.47,1027.4,253,officer_id_011,5/19/2022,5/19/2022,5/19/2022,6/19/2022,,4/18/2026,154,,249463.83,% of Current Balance,2466.2,FHLB 3_YR,5/19/2028,M036,365/360,4.5,4.06,3.15,0,,5/19/2028,2.45,0,0,4.5,0,0,1,0.05,0,9999999.99,0,0,0,0,0,0,0,0,0,0,0,0,0,0,0,0,0,0,0,0,0,0,0,0,0,,0,4/19/2026,0,0,0,0,0,0,0,0,0,0,0,0,0,0,0,0,,,,,,,,,,,3,3, ,0,0,0,0,354317,0,X ,41,0,0,Open,ALBANY ,OR,973212438
cif_cust_id_03444,loan_id_0389,Commercial,549099.94,_287.43,3.75,5/29/2026,12/29/2040,4080.56,0,0,,branch_id_12,35,M240,Monthly,0,Reg P&I, ,0,160,685000,0,685000,Installment,2301.5,1779.06,1779.06,125255.78,6528.47,1320.82,176,officer_id_054,1/5/2021,12/29/2020,1/5/2021,1/29/2021,,4/28/2026,154,,554457.5,% of Current Balance,5490.99,FHLB 10_YR,12/29/2030,M120,365/360,3.75,0,1.44,0,,12/29/2030,2.28,0,0,3.75,0,0,1,0.05,0,9999999.99,0,0,0,0,0,0,0,0,0,0,0,0,0,0,0,0,0,0,0,0,0,0,0,0,0,,0,6/29/2024,0,0,0,0,0,0,0,0,0,0,0,0,0,0,0,0,,,,,,,,,,,3,3, ,3082.31,0,0,0,0,0,C ,41,0,0,Open,RANCHO SANTA FE ,CA,920672207
cif_cust_id_03450,loan_id_0390,Commercial,282475.83,329.52,5.25,5/16/2026,9/16/2040,2332.22,0,0,,branch_id_05,10,M240,Monthly,0,Reg P&I, ,0,520,350000,0,350000,Installment,1061.41,1280.81,1280.81,94752.73,4690.8,949.76,173,officer_id_061,9/18/2020,9/16/2020,9/16/2020,10/16/2020,2/6/2026,4/15/2026,15,,282820.35,No Prepayment Penatly,0,Fixed,, ,365/360,5.25,0,5.25,0,,,0,0,0,0,0,0,1,0.05,0,9999999.99,0,0,0,0,0,0,0,0,0,0,0,0,0,0,0,0,0,0,0,0,0,0,0,0,0,,0,8/16/2025,0,0,0,0,0,0,0,0,0,0,0,0,0,0,0,0,,,,,,,,,,,3,3, ,0,0,0,0,753222,0, ,41,0,0,Open,MEDFORD ,OR,975049181
cif_cust_id_09155,loan_id_0486,Commercial,358274.16,1130.75,4.37,4/29/2026,7/29/2047,2174,0,0,,branch_id_03,22,M300,Monthly,0,Reg P&I, ,0,170,393750,0,393750,Installment,0,0,0,61341.14,4932.89,1000.28,256,officer_id_032,7/29/2022,7/29/2022,7/29/2022,8/29/2022,,3/28/2026,154,,363141.65,% of Current Balance,3582.74,FHLB 5_YR,7/29/2027,M060,365/360,4.37,0,3.46,0,,7/29/2027,2.7,0,0,4.37,0,0,1,0.05,0,9999999.99,0,0,0,0,0,0,0,0,0,0,0,0,0,0,0,0,0,0,0,0,0,0,0,0,0,,0,11/29/2025,0,0,0,0,0,0,0,0,0,0,0,0,0,0,0,0,,,,,,,,,,,3,3, ,945.16,0,0,0,488256,0,X ,41,0,0,Open,PHOENIX ,OR,975359632
cif_cust_id_04544,loan_id_0494,Commercial,0,0,7.5,5/23/2026,11/23/2027,0,0,0,11/23/2027,branch_id_03,11,M024,Monthly,0,Int Only,Y,24,530,0,100000,30000,Revolving,0,0,0,3608.64,0,0,24,officer_id_032,7/28/2008,7/28/2008,7/28/2008,7/28/2010,11/23/2025,,15,,15,No Prepayment Penatly,0,WSJ Prime,,0000,365/360,4,6.75,5.25,0,,,0.75,0,0,4,0,0,1,0.05,0,9999999.99,0,0,0,0,0,0,0,0,0,0,0,0,0,0,0,0,0,0,0,0,0,0,0,0,0,,0,2/23/2020,0,0,0,1,0,0,0,0,0,0,0,0,0,0,0,0,,,,,,,,,,,3,3, ,0,0,0,0,999999,0, ,41,0,0,Open,ASHLAND ,OR,975209476
cif_cust_id_04867,loan_id_0530,Commercial,604139.97,3192.54,6.56,4/26/2026,11/26/2044,4724.02,0,0,,branch_id_02,22,M240,Monthly,0,Reg P&I, ,0,170,626000,0,626000,Installment,0,0,0,53724.29,12483.99,2532.02,224,officer_id_064,12/3/2024,11/26/2024,12/2/2024,12/26/2024,,3/25/2026,154,,619569.3,% of Current Balance,12082.79,FHLB 5_YR,11/26/2029,M060,365/360,6.56,0,4.28,0,,11/26/2029,2.55,0,0,5.56,0,0,1,0.05,0,9999999.99,0,0,0,0,0,0,0,0,0,0,0,0,0,0,0,0,0,0,0,0,0,0,0,0,0,,0,7/26/2025,0,0,0,0,0,0,0,0,0,0,0,0,0,0,0,0,,,,,,,,,,,3,3, ,0,0,0,0,999999,0,X500 ,41,0,0,Open,ALBANY ,OR,973212789
cif_cust_id_13303,loan_id_0537,Commercial,819315.39,4294.97,6.99,4/28/2026,8/28/2049,5986.02,0,0,,branch_id_05,22,M300,Monthly,0,Reg P&I, ,0,190,840000,0,840000,Installment,0,0,0,93049.77,18018.53,3658.93,281,officer_id_040,8/28/2024,8/28/2024,8/28/2024,9/28/2024,,3/27/2026,154,,840150.66,% of Current Balance,16386.3,FHLB 5_YR,8/28/2029,M060,365/360,6.99,0,3.83,0,,8/28/2029,2.75,0,0,5.99,0,0,1,0.05,0,9999999.99,0,0,0,0,0,0,0,0,0,0,0,0,0,0,0,0,0,0,0,0,0,0,0,0,0,,0,6/28/2025,0,0,0,0,0,0,0,0,0,0,0,0,0,0,0,0,,,,,,,,,,,3,3, ,4263.03,0,0,0,792922,0,X500 ,41,0,0,Open,WHITE CITY ,OR,975039555
cif_cust_id_05379,loan_id_0572,Commercial,62727.16,_128.05,6.25,6/5/2026,12/5/2027,3508.48,0,0,,branch_id_05,10,M060,Monthly,0,Reg P&I, ,0,520,180000,0,180000,Installment,3173.98,334.5,334.5,26574.84,1377.42,260.95,19,officer_id_040,12/9/2022,12/5/2022,12/9/2022,1/5/2023,,5/5/2026,179,,62778.11,No Prepayment Penatly,0,Fixed,, ,365/360,6.25,0,6.25,0,,,0,0,0,0,0,0,1,0.05,0,9999999.99,0,0,0,0,0,0,0,0,0,0,0,0,0,0,0,0,0,0,0,0,0,0,0,0,0,,0,,0,0,0,0,0,0,0,0,0,0,0,0,0,0,0,0,,,,,,,,,,,3,3, ,0,0,0,0,999999,0, ,41,0,0,Open,MEDFORD ,OR,975015730
cif_cust_id_05389,loan_id_0576,Commercial,61214.11,72.14,4.79,5/15/2026,6/15/2047,1664.59,0,0,,branch_id_03,22,M300,Monthly,0,Reg P&I, ,0,170,288750,0,288750,Installment,1741.08,258.92,258.92,32628.7,982.66,189.42,254,officer_id_032,6/16/2022,6/15/2022,6/15/2022,7/15/2022,,4/14/2026,154,,62052.39,% of Current Balance,612.14,FHLB 5_YR,6/15/2027,M060,365/360,4.79,3.8,3.8,0,,6/15/2027,2.5,0,0,4.79,0,0,1,0.05,0,9999999.99,0,0,0,0,0,0,0,0,0,0,0,0,0,0,0,0,0,0,0,0,0,0,0,0,0,,0,,0,0,0,0,0,0,0,0,0,0,0,0,0,0,0,0,,,,,,,,,,,3,3, ,0,0,0,0,82102,0,X ,41,0,0,Open,MEDFORD ,OR,975010043
cif_cust_id_05442,loan_id_0584,Commercial,611012.85,2469.2,5.17,4/27/2026,5/27/2048,4433.16,0,0,,branch_id_03,22,M312,Monthly,0,Reg P&I, ,0,170,0,0,740000,Installment,5018.79,2481.21,2481.21,119984.94,10058.39,2026.85,270,officer_id_032,6/9/2022,5/27/2022,6/8/2022,6/27/2022,,3/26/2026,154,,619746.17,% of Current Balance,6110.12,FHLB 5_YR,5/27/2027,M060,365/360,5.17,0,3.14,0,,5/27/2027,2.5,0,0,5.17,0,0,1,0.05,0,9999999.99,0,0,0,0,0,0,0,0,0,0,0,0,0,0,0,0,0,0,221.66,0,0,0,0,0,0,,221.66,3/27/2026,0,0,0,1,3,1,0,0,0,0,0,0,0,0,0,0,,,,,,,,,,,3,3, ,4227.1,0,0,0,74400,0,X ,41,0,0,Open,MEDFORD ,OR,975019012
cif_cust_id_05492,loan_id_0599,Commercial,228708.32,1111.91,7.62,5/1/2026,9/1/2030,5109.23,0,0,,branch_id_03,22,M120,Monthly,0,Reg P&I, ,0,190,457300,0,457300,Installment,0,0,0,92376.33,5597.6,1113.43,53,officer_id_032,9/14/2020,9/1/2020,9/14/2020,10/1/2020,,3/31/2026,154,,229974.23,% of Current Balance,0,FHLB 5_YR,9/1/2030,M060,365/360,4.5,3.87,0.76,0,,9/1/2030,3.75,0,0,0,0,0,1,0.05,0,9999999.99,0,0,0,0,0,0,0,0,0,0,0,0,0,0,0,0,0,0,0,0,0,0,0,0,0,,0,2/1/2024,0,0,0,0,0,0,0,0,0,0,0,0,0,0,0,0,,,,,,,,,,,3,3, ,0,0,0,0,196371,0,X ,41,0,0,Open,ASHLAND ,OR,975202113
cif_cust_id_05773,loan_id_0619,Commercial,1376059.38,3630.88,6.79,5/10/2026,5/10/2042,13816.28,0,0,,branch_id_03,22,M278,Monthly,0,Reg P&I, ,0,170,2863500,0,2863500,Installment,15684.82,8131.46,8131.46,933953.86,29952.07,5991.63,193,officer_id_032,5/10/2017,5/10/2017,5/10/2017,4/10/2019,6/10/2024,4/9/2026,323,,1421295.04,% of Current Balance,41281.78,FHLB 3_YR,6/10/2027,M036,365/360,4.61,4.6,1.86,0,,6/10/2027,1.975,0,0,0,0,0,1,0.05,0,9999999.99,0,0,0,0,0,0,0,0,0,0,0,0,0,0,0,0,0,0,0,0,0,0,0,0,0,,0,1/10/2026,0,0,0,0,0,0,0,0,0,0,0,0,0,0,0,0,,,,,,,,,,,3,4, ,4262.22,0,0,0,287030,0,X ,41,0,0,Open,ASHLAND ,OR,975200054
cif_cust_id_05773,loan_id_0620,Commercial,4017459.44,6364.29,6.75,5/16/2026,12/16/2051,0,0,0,,branch_id_03,20,M318,Monthly,0,Int Only, ,0,110,0,4267000,4267000,Non _ Revolving,0,22240.45,22240.45,146085.55,78615.42,17099.9,308,officer_id_032,6/18/2025,6/16/2025,6/18/2025,7/16/2025,,4/15/2026,323,,4024146.73,% of Current Balance,0,WSJ Prime,,0000,365/360,7.5,6.75,7.5,0,,,0,0,0,6,0,0,1,0.05,0,9999999.99,0,0,0,0,0,0,0,0,0,0,0,0,0,0,0,0,0,0,0,0,0,0,0,0,0,,0,7/16/2025,0,0,0,0,0,0,0,0,0,0,0,0,0,0,0,0,,,,,,,,,,,3,3, ,23170.43,0,0,0,296030,0,X ,41,0,0,Open,ASHLAND ,OR,975200054
cif_cust_id_06195,loan_id_0675,Commercial,255306.79,750.6,3.92,4/28/2026,6/28/2037,2349.77,0,0,,branch_id_02,22,M180,Monthly,0,Reg P&I, ,0,190,318150,0,318150,Installment,0,0,0,42896.44,3169.75,639.4,135,officer_id_064,6/30/2022,6/28/2022,6/30/2022,7/28/2022,,3/27/2026,154,,261317.52,% of Current Balance,5106.13,FHLB 5_YR,6/28/2027,M060,365/360,3.92,0,3.74,0,,6/28/2027,2.5,0,0,3.92,0,0,1,0.05,0,9999999.99,0,0,0,0,0,0,0,0,0,0,0,0,0,0,0,0,0,0,0,0,0,0,0,0,0,,0,3/28/2026,0,0,0,0,0,0,0,0,0,0,0,0,0,0,0,0,,,,,,,,,,,3,3, ,0,0,0,0,58000,0,X ,41,0,0,Open,ALBANY ,OR,973227093
cif_cust_id_06195,loan_id_0676,Commercial,941379.77,899.01,3.82,5/15/2026,10/15/2027,8868.47,0,0,10/15/2027,branch_id_02,22,M187,Monthly,0,Reg P&I,Y,67,170,0,0,1460000,Installment,6653.7,3118.51,3118.51,483145.19,11456.16,2307.37,18,officer_id_064,10/19/2017,10/19/2017,10/19/2017,4/15/2022,,4/14/2026,154,,951846.57,% of Current Balance,9413.79,FHLB 5_YR,3/15/2027,M060,365/360,5.1,2.28,2.1,0,,3/15/2027,2.47,0,0,0,0,0,1,0.05,0,9999999.99,0,0,0,0,0,0,0,0,0,0,0,0,0,0,0,0,0,0,0,0,0,0,0,0,0,,0,2/15/2026,0,0,0,0,0,0,0,0,0,0,0,0,0,0,0,0,,,,,,,,,,,3,0, ,1566.1,0,0,0,166000,0,X ,41,0,0,Open,ALBANY ,OR,973227093
cif_cust_id_06199,loan_id_0678,Commercial,0,0,7.25,5/15/2026,12/1/2026,0,0,0,12/1/2026,branch_id_18,11,M024,Monthly,0,Int Only,Y,24,530,0,200000,100000,Revolving,0,74.51,74.51,15292.59,74.51,0,14,officer_id_058,1/2/2013,1/2/2013,1/2/2013,5/10/2014,12/15/2024,,33,,33,No Prepayment Penatly,0,WSJ Prime,,0000,365/360,5.25,6.75,4.25,0,,,0.5,0,0,5.25,0,0,1,0.05,0,9999999.99,0,0,0,0,0,0,0,0,0,0,0,0,0,0,0,0,0,0,0,0,0,0,0,0,0,,10,12/15/2024,0,0,0,1,0,0,0,0,1,0,0,0,0,0,0,0,,,,,,,,,,,3,0, ,0,0,0,0,999999,0, ,41,0,0,Open,LEBANON ,OR,973559675
cif_cust_id_05549,loan_id_0705,Commercial,42920.62,65.73,8.75,5/17/2026,5/17/2029,0,0,0,5/17/2029,branch_id_05,26,M060,Monthly,0,Int Only,Y,60,180,0,500000,500000,Revolving,0,133.82,133.82,210395.94,252.79,154.87,52,officer_id_040,10/20/2010,10/20/2010,10/20/2010,10/20/2011,4/24/2024,4/17/2026,154,,43140.35,No Prepayment Penatly,0,WSJ Prime,,0000,365/360,5.75,6.75,3.75,0,,,2,0,0,5.75,0,0,1,0.05,0,9999999.99,0,0,0,0,0,0,0,0,0,0,0,0,0,0,0,0,0,0,0,0,0,0,0,0,0,,0,1/17/2026,0,0,0,0,0,0,0,0,0,0,0,0,0,0,0,0,,,,,,,,,,,3,5, ,2148.43,0,0,0,492839,0,X ,41,0,0,Open,MEDFORD ,OR,975010190
cif_cust_id_09501,loan_id_0708,Commercial,561361.04,2821.78,6.96,4/29/2026,8/29/2039,5413.29,0,0,,branch_id_10,22,M180,Monthly,0,Reg P&I, ,0,170,600000,0,600000,Installment,0,0,0,64213.55,12336.95,2496.19,161,officer_id_020,9/4/2024,8/29/2024,9/4/2024,9/29/2024,,3/28/2026,154,,575564.04,% of Current Balance,11227.22,FHLB 5_YR,8/29/2029,M060,365/360,6.96,0,3.83,0,,8/29/2029,2.75,0,0,5.96,0,0,1,0.05,0,9999999.99,0,0,0,0,0,0,0,0,0,0,0,0,0,0,0,0,0,0,0,0,0,0,0,0,0,,0,11/29/2025,0,0,0,0,0,0,0,0,0,0,0,0,0,0,0,0,,,,,,,,,,,3,3, ,4049.15,0,0,0,168700,0,X ,41,0,0,Open,GRANTS PASS ,OR,975261198
cif_cust_id_06284,loan_id_0718,Commercial,0,0,7.25,6/5/2026,8/5/2026,0,0,0,8/5/2026,branch_id_02,11,M024,Monthly,0,Int Only,Y,24,530,0,250000,100000,Revolving,0,0,0,0,0,0,24,officer_id_064,12/29/2022,12/22/2022,12/29/2022,1/22/2023,8/5/2024,,66,,66,No Prepayment Penatly,0,WSJ Prime,,0000,365/360,8.75,6.75,7.5,0,,,0.5,0,0,5.25,0,0,1,0.05,0,9999999.99,0,0,0,0,0,0,0,0,0,0,0,0,0,0,0,0,0,0,0,0,0,0,0,0,0,,0,,0,0,0,0,0,0,0,0,0,0,0,0,0,0,0,0,,,,,,,,,,,3,4, ,0,0,0,0,999999,0, ,41,0,0,Open,ALBANY ,OR,973223938
cif_cust_id_06432,loan_id_0765,Commercial,4137.62,_0.01,7.63,5/23/2026,6/23/2026,2130.72,0,0,,branch_id_10,10,M036,Monthly,0,Reg P&I, ,0,520,68245,0,68245,Installment,2091.12,39.6,39.6,8337.1,212.84,29.03,2,officer_id_020,6/27/2023,6/23/2023,6/27/2023,7/23/2023,,4/23/2026,0,,4137.61,No Prepayment Penatly,0,Fixed,, ,365/360,7.63,0,7.63,0,,,0,0,0,0,0,0,1,0.05,0,9999999.99,0,0,0,0,0,0,0,0,0,0,0,0,0,0,0,0,0,0,0,0,0,0,0,0,0,,0,2/23/2025,0,0,0,0,0,0,0,0,0,0,0,0,0,0,0,0,,,,,,,,,,,3,3, ,0,0,0,0,999999,0, ,41,0,0,Open,WHITE CITY ,OR,975031923
cif_cust_id_02136,loan_id_0794,Commercial,55417.94,157.02,6.8,5/9/2026,3/9/2046,426.31,0,0,,branch_id_05,22,M300,Monthly,0,Reg P&I, ,0,190,50000,0,65000,Installment,101.09,325.22,325.22,15287.71,1187.53,240.93,247,officer_id_040,3/10/2020,3/9/2020,3/9/2020,5/9/2021,,4/8/2026,154,,55728.96,No Prepayment Penatly,0,FHLB 5_YR,3/9/2030,M060,365/360,4.57,4.03,1.34,0,,3/9/2030,2.772,0,0,4.572,0,0,1,0.05,0,9999999.99,0,0,0,0,0,0,0,0,0,0,0,0,0,0,0,0,0,0,0,0,0,0,0,0,0,,0,3/9/2026,0,0,0,0,0,0,0,0,0,0,0,0,0,0,0,0,,,,,,,,,,,3,3, ,0,0,0,0,143659,0,X ,41,0,0,Open,WHITE CITY ,OR,975031109
cif_cust_id_06806,loan_id_0814,Commercial,1278777.01,_2402.87,4.75,6/8/2026,12/8/2047,7951.38,0,0,,branch_id_02,22,M300,Monthly,0,Reg P&I, ,0,190,1385000,0,1385000,Installment,3425.53,5074.47,5074.47,218679.22,19187.93,3881.63,259,officer_id_064,12/14/2022,12/8/2022,12/13/2022,1/8/2023,,5/7/2026,154,,1302103.68,% of Current Balance,25575.54,FHLB 7_YR,12/8/2029,M084,365/360,4.75,0,4.55,0,,12/8/2029,1.38,0,0,4.75,0,0,1,0.05,0,9999999.99,0,0,0,0,0,0,0,0,0,0,0,0,0,0,0,0,0,0,0,0,0,0,0,0,0,,0,6/8/2024,0,0,0,0,0,0,0,0,0,0,0,0,0,0,0,0,,,,,,,,,,,3,3, ,10386.68,0,0,0,999999,0,X ,41,0,0,Open,ALBANY ,OR,973212253
Borrower Not Found,loan_id_1310,Commercial,242808.78,472.23,4.12,5/7/2026,7/7/2046,1613.59,0,0,,branch_id_03,22,M300,Monthly,0,Reg P&I, ,0,190,300000,0,300000,Installment,749.69,863.9,863.9,52783.41,3157.43,639.47,243,officer_id_032,7/13/2021,7/7/2021,7/13/2021,8/7/2021,,4/6/2026,154,,245863.09,% of Current Balance,2428.08,FHLB 5_YR,7/7/2026,M060,365/360,4.12,0,1.19,0,,7/7/2026,2.7,0,0,4.12,0,0,1,0.05,0,9999999.99,0,0,0,0,0,0,0,0,0,0,0,0,0,0,0,0,0,0,0,0,0,0,0,0,0,,0,10/7/2021,0,0,0,0,0,0,0,0,0,0,0,0,0,0,0,0,,,,,,,,,,,3,3, ,0,0,0,0,381683,0,X500 ,41,0,0,Open,MEDFORD ,OR,975048525
cif_cust_id_07039,loan_id_0838,Commercial,3085996.04,19007.48,3.77,5/6/2026,7/6/2041,22284.31,0,0,7/6/2041,branch_id_05,22,M240,Monthly,0,Reg P&I,Y,240,190,4250000,0,4250000,Installment,12226.27,10058.04,10058.04,1433653.72,36780.45,7439.37,183,officer_id_061,7/6/2016,7/6/2016,7/6/2016,8/6/2016,7/6/2021,2/23/2026,154,,3105157.52,No Prepayment Penatly,0,FHLB 5_YR,7/6/2026,M060,365/360,4.1,1.19,1.1,0,,7/6/2026,2.55,0,0,3.77,0,0,1,0.05,0,9999999.99,0,0,0,0,0,0,0,0,0,0,0,0,0,0,0,0,0,0,0,0,0,0,0,0,13190.38,,0,12/6/2025,0,0,0,0,0,0,0,0,0,0,0,0,0,0,0,0,,,,,,,,,,,3,4, ,20686.99,0,0,0,0,0,X* ,41,0,0,Open,MODESTO ,CA,953569721
cif_cust_id_05046,loan_id_1530,Commercial,0,0,7.25,5/10/2026,5/10/2026,0,0,0,5/10/2026,branch_id_02,19,M024,Monthly,0,Int Only,Y,24,440,0,150000,150000,Revolving,0,0,0,4852.7,26.18,0,21,officer_id_064,2/3/2020,2/3/2020,2/3/2020,3/10/2020,5/10/2024,,33,,33,No Prepayment Penatly,0,WSJ Prime,,0000,365/360,5.25,6.75,4.75,0,,,0.5,0,0,5.25,0,0,1,0.05,0,9999999.99,0,0,0,0,0,0,0,0,0,0,0,0,0,0,0,0,0,0,0,0,0,0,0,0,0,,31.22,1/10/2023,0,0,0,0,2,1,0,0,0,0,0,0,0,0,0,0,,,,,,,,,,,3,0, ,0,0,0,0,999999,0, ,41,0,0,Open,ALBANY ,OR,973211328
cif_cust_id_07445,loan_id_0919,Commercial,10025,29.18,5.24,5/4/2026,2/4/2057,0,0,0,,branch_id_10,36,M377,Monthly,0,Int Only, ,0,110,0,1300000,1300000,Non _ Revolving,0,45.24,45.24,297.68,164.89,33.56,370,officer_id_020,9/12/2025,9/4/2025,9/12/2025,10/4/2025,,4/3/2026,154,,10208.18,% of Current Balance,0,FHLB 5_YR,9/4/2030,M060,365/360,5.24,3.68,3.85,0,,9/4/2030,1.315,0,0,4.325,0,0,1,0.05,0,9999999.99,0,0,0,0,0,0,0,0,0,0,0,0,0,0,0,0,0,0,0,0,0,0,0,0,0,,0,4/4/2026,0,0,0,0,1,0,0,0,0,0,0,0,0,0,0,0,,,,,,,,,,,3,3, ,6044.58,0,0,0,499978,0,X ,41,0,0,Open,GRANTS PASS ,OR,975280168
cif_cust_id_07507,loan_id_0937,Commercial,22506.69,85.48,9.25,5/9/2026,12/9/2028,798.02,0,0,,Branch Not Assigned,46,M180,Monthly,0,Reg P&I, ,0,190,85000,0,85000,Installment,614.66,183.36,183.36,47399.53,683.6,133.01,32,officer_id_011,12/9/2013,12/9/2013,12/9/2013,1/9/2014,12/9/2013,4/8/2026,154,,22746.17,No Prepayment Penatly,0,WSJ Prime,12/9/2026,M012,365/360,5.5,7,3.25,0,,12/9/2026,2.25,0,0,0,0,0,1,0.05,0,9999999.99,0,0,0,0,0,0,0,0,0,0,0,0,0,0,0,0,0,0,0,0,0,0,0,0,0,,0,12/9/2023,0,0,0,0,0,0,0,0,0,0,0,0,0,0,0,0,,,,,,,,,,,3,3, ,0,0,0,0,61204,0,X ,41,0,0,Open,MEDFORD ,OR,975016022
cif_cust_id_16295,loan_id_0977,Commercial,149585.24,692.1,7.24,5/1/2026,7/1/2045,1211.5,0,0,,branch_id_03,28,M300,Monthly,0,Reg P&I, ,0,140,170000,0,170000,Installment,276.93,934.57,934.57,53590.14,3411.41,692.1,231,officer_id_032,6/19/2020,6/18/2020,6/19/2020,8/1/2020,,3/31/2026,154,,150431.34,No Prepayment Penatly,0,FHLB 3_YR,7/1/2026,M036,365/360,4.42,4.56,0.63,0,,7/1/2026,2.682,0,0,4.422,0,0,1,0.05,0,9999999.99,0,0,0,0,0,0,0,0,0,0,0,0,0,0,0,0,0,0,0,0,0,0,0,0,0,,47.26,11/1/2025,0,0,0,0,0,0,0,0,0,0,0,0,0,0,0,0,,,,,,,,,,,3,3, ,597.1,0,0,0,483453,0,X ,41,0,0,Open,CENTRAL POINT ,OR,975020013
Borrower Not Found,loan_id_0711,Commercial,296237.78,648.75,6.57,5/12/2026,8/12/2026,2055.85,0,0,8/12/2026,Branch Not Assigned,25,M300,Monthly,0,Reg P&I,Y,12,140,300000,0,300000,Installment,378.33,1677.52,1677.52,12834.58,6124.09,1243.76,4,officer_id_027,8/19/2025,8/12/2025,8/19/2025,9/12/2025,,4/11/2026,308,,297194.53,No Prepayment Penatly,0,Fixed,, ,365/360,6.57,0,6.57,0,,,0,0,0,0,0,0,1,0.05,0,9999999.99,0,0,0,0,0,0,0,0,0,0,0,0,0,0,0,0,0,0,0,0,0,0,0,0,0,,0,4/12/2026,0,0,0,6,0,0,0,0,0,0,0,0,0,0,0,0,,,,,,,,,,,3,3, ,0,0,0,0,5846,0,X500 ,41,0,0,Open,MEDFORD ,OR,975019637
cif_cust_id_08296,loan_id_1037,Commercial,1281948.22,3448.1,4.21,5/1/2026,2/1/2041,9735.77,0,0,,branch_id_03,35,M240,Monthly,0,Reg P&I,N,0,160,1570000,0,1570000,Installment,5069.97,4665.8,4665.8,315565.96,17050.17,3448.09,181,officer_id_032,2/3/2021,2/1/2021,2/3/2021,3/1/2021,,3/31/2026,0,,1285396.32,No Prepayment Penatly,0,Fixed,, ,365/360,4.21,0,4.21,0,,,0,0,0,0,0,0,1,0.05,0,9999999.99,0,0,0,0,0,0,0,0,0,0,0,0,0,0,0,0,0,0,0,0,0,0,0,0,0,,0,11/1/2025,0,0,0,0,0,0,0,0,0,0,0,0,0,0,0,0,,,,,,,,,,,3,3, ,8345.18,0,0,0,412482,0,X ,41,0,0,Open,OREGON CITY ,OR,970451826
cif_cust_id_09691,loan_id_1084,Commercial,215136.59,695.91,6.85,5/7/2026,8/7/2038,2168.65,0,0,,branch_id_09,22,M180,Monthly,0,Reg P&I, ,0,170,242005.7,0,242005.7,Installment,894.37,1274.28,1274.28,42527.69,4661.82,942.54,148,officer_id_055,8/8/2023,8/7/2023,8/8/2023,9/7/2023,,4/6/2026,154,,218137.86,% of Current Balance,2151.36,FHLB 5_YR,8/7/2028,M060,365/360,6.85,0,4.49,0,,8/7/2028,2.85,0,0,5.85,0,0,1,0.05,0,9999999.99,0,0,0,0,0,0,0,0,0,0,0,0,0,0,0,0,0,0,0,0,0,0,0,0,0,,0,3/7/2026,0,0,0,0,0,0,0,0,0,0,0,0,0,0,0,0,,,,,,,,,,,3,3, ,794.55,0,0,0,109900,0,X ,41,0,0,Open,LEBANON ,OR,973553218
cif_cust_id_10476,loan_id_1128,Commercial,592355.78,1367.93,6.4,5/11/2026,2/11/2051,4012.11,0,0,,branch_id_03,46,M300,Monthly,0,Reg P&I, ,0,170,595000,0,595000,Installment,746.01,3266.1,3266.1,5380,6747.93,2421.51,298,officer_id_032,2/19/2026,2/11/2026,2/19/2026,3/11/2026,,4/10/2026,154,,611648.38,% of Current Balance,17770.67,FHLB 3_YR,2/11/2029,M036,365/360,6.4,0,3.62,0,,2/11/2029,2.675,0,0,5.395,0,0,1,0.05,0,9999999.99,0,0,0,0,0,0,0,0,0,0,0,0,0,0,0,0,0,0,0,0,0,0,0,0,0,,0,4/11/2026,0,0,0,0,0,0,0,0,0,0,0,0,0,0,0,0,,,,,,,,,,,3,3, ,4464.51,0,0,0,999999,0,X500 ,41,0,0,Open,JACKSONVILLE ,OR,975309237
cif_cust_id_10700,loan_id_1139,Commercial,97689,145.12,3.82,5/10/2026,10/10/2028,861.07,0,0,10/10/2028,branch_id_02,22,M199,Monthly,0,Reg P&I,Y,120,170,0,0,141575,Installment,628.63,323.41,323.41,41797.6,1185.95,239.02,30,officer_id_064,10/12/2018,10/12/2018,10/12/2018,4/10/2022,,4/9/2026,154,,98965.01,% of Current Balance,976.89,FHLB 5_YR,3/10/2027,M060,365/360,5.15,3.33,2.9,0,,3/10/2027,2.47,0,0,0,0,0,1,0.05,0,9999999.99,0,0,0,0,0,0,0,0,0,0,0,0,0,0,0,0,0,0,0,0,0,0,0,0,0,,0,1/10/2026,0,0,0,0,0,0,0,0,0,0,0,0,0,0,0,0,,,,,,,,,,,3,0, ,0,0,0,0,15000,0,C ,41,0,0,Open,ALBANY ,OR,973227021
cif_cust_id_10724,loan_id_1148,Commercial,0,0,7.75,5/15/2026,12/1/2026,0,0,0,12/1/2026,branch_id_18,11,M024,Monthly,0,Int Only,Y,24,530,0,200000,50000,Revolving,0,0,0,514.32,0,0,17,officer_id_058,7/25/2014,7/23/2014,7/23/2014,7/10/2016,12/15/2024,,33,,33.2,No Prepayment Penatly,0,WSJ Prime,,0000,365/360,4.25,6.75,3.25,0,,,1,0,0,5.25,0,0,1,0.05,0,9999999.99,0,0,0,0,0,0,0,0,0,0,0,0,0,0,0,0,0,0,0,0,0,0,0,0,0,,10,9/15/2025,0,0,0,1,0,0,0,0,0,0,0,0,0,0,0,0,,,,,,,,,,,3,0, ,0,0,0,0,999999,0, ,41,0,0,Open,LEBANON ,OR,973559675
cif_cust_id_10943,loan_id_1174,Commercial,0,0,7.75,5/12/2026,3/12/2027,0,0,0,3/12/2027,branch_id_05,11,M012,Monthly,0,Int Only,Y,12,530,0,300000,500000,Revolving,0,0,0,40999.83,64.59,0,12,officer_id_069,6/12/2013,6/12/2013,6/12/2013,6/12/2014,3/12/2026,,15,,15,No Prepayment Penatly,0,WSJ Prime,,0000,365/360,6,6.75,4.25,0,,,1,0,0,6,0,0,1,0.05,0,9999999.99,0,0,0,0,0,0,0,0,0,0,0,0,0,0,0,0,0,0,0,0,0,0,0,0,0,,0,11/12/2020,0,0,0,0,0,0,0,0,0,0,0,0,0,0,0,0,,,,,,,,,,,3,4, ,0,0,0,0,999999,0, ,41,0,0,Open,CENTRAL POINT ,OR,975020017
cif_cust_id_11243,loan_id_1192,Commercial,919827.82,947.43,4.12,5/15/2026,4/15/2037,8632.1,0,0,,branch_id_02,22,M180,Monthly,0,Reg P&I, ,0,170,1152814.67,0,1610000,Installment,5349.78,3282.32,3282.32,811101.42,12043.31,2429.77,132,officer_id_064,2/3/2012,2/2/2012,2/2/2012,5/15/2022,5/13/2025,4/14/2026,154,,930127.52,% of Current Balance,9198.27,FHLB 5_YR,4/15/2027,M060,365/360,3.87,0.5,0.74,0,,4/15/2027,2.75,0,0,4.12,0,0,1,0.05,0,9999999.99,0,0,0,0,0,0,0,0,0,0,0,0,0,0,0,0,0,0,0,0,0,0,0,0,0,,0,2/15/2026,0,0,0,0,0,0,0,0,0,0,0,0,0,0,0,0,,,,,,,,,,,3,0, ,2285.33,0,0,0,770582,0,X ,41,0,0,Open,LEBANON ,OR,973550808
cif_cust_id_12314,loan_id_1275,Commercial,245045.94,896.8,7.75,4/28/2026,4/28/2026,0,0,0,,branch_id_18,26,M060,Monthly,0,Int Only, ,0,150,0,500000,500000,Revolving,0,0,0,16768.87,3342.34,896.8,0,officer_id_058,5/5/2021,4/28/2021,5/5/2021,5/28/2021,,4/6/2026,0,,245942.74,No Prepayment Penatly,0,WSJ Prime,,0000,365/360,5,6.75,4,0,,,1,0,0,5,0,0,1,0.05,0,9999999.99,0,0,0,0,0,0,0,0,0,0,0,0,0,0,0,0,0,0,0,0,0,0,0,0,0,,0,1/28/2026,0,0,0,0,0,0,0,0,0,0,0,0,0,0,0,0,,,,,,,,,,,3,0, ,8.98,0,0,0,0,0,X ,41,0,0,Open,TURNER ,OR,973929456
cif_cust_id_12664,loan_id_1290,Commercial,0,0,6.42,6/6/2026,10/6/2051,0,0,0,,branch_id_05,20,M312,Monthly,0,Int Only, ,0,110,0,2645000,2645000,Non _ Revolving,0,0,0,0,0,0,306,officer_id_027,10/10/2025,10/6/2025,10/10/2025,11/6/2025,3/6/2026,,154,,154,% of Current Balance,0,FHLB 5_YR,10/6/2030,M060,365/360,6.42,0,3.82,0,,10/6/2030,3.04,0,0,6.14,0,0,1,0.05,0,9999999.99,0,0,0,0,0,0,0,0,0,0,0,0,0,0,0,0,0,0,0,0,0,0,0,0,0,,0,,0,0,0,0,0,0,0,0,0,0,0,0,0,0,0,0,,,,,,,,,,,3,3, ,8115.39,0,0,0,232748,0,X ,41,0,0,Open,CENTRAL POINT ,OR,975023224
cif_cust_id_13254,loan_id_1320,Commercial,106750.99,231.9,4.12,5/5/2026,1/5/2042,771.43,0,0,,branch_id_12,22,M240,Monthly,0,Reg P&I,N,0,170,125343.74,0,141230.26,Installment,0,0,0,53129.74,1389.22,280.99,189,officer_id_054,12/16/2014,12/16/2014,12/16/2014,2/5/2022,1/14/2022,4/4/2026,154,,108242.96,% of Current Balance,1067.5,FHLB 5_YR,1/5/2027,M060,365/360,5.5,1.93,2,0,,1/5/2027,2.7,0,0,4.12,0,0,1,0.05,0,9999999.99,0,0,0,0,0,0,0,0,0,0,0,0,0,0,0,0,0,0,0,0,0,0,0,0,0,,0,1/5/2026,0,0,0,2,0,0,0,0,0,0,0,0,0,0,0,0,,,,,,,,,,,3,5, ,0,0,0,0,0,0,C ,41,0,0,Open,KLAMATH FALLS ,OR,976010013
cif_cust_id_12865,loan_id_1339,Commercial,9043917.09,6019.23,5.99,5/20/2026,9/20/2048,61657.96,0,0,,branch_id_05,22,M300,Monthly,0,Reg P&I, ,0,170,9500000,0,9500000,Installment,14931.92,46726.04,46726.04,1455313.85,170734.52,34657.77,269,officer_id_061,9/21/2023,9/20/2023,9/21/2023,10/20/2023,,4/19/2026,154,,9230968.66,% of Current Balance,180878.34,FHLB 5_YR,9/20/2028,M060,365/360,5.99,0,4.62,0,,9/20/2028,2.65,0,0,4.99,0,0,1,0.05,0,9999999.99,0,0,0,0,0,0,0,0,0,0,0,0,0,0,0,0,0,0,0,0,0,0,0,0,0,,0,12/20/2025,0,0,0,0,0,0,0,0,0,0,0,0,0,0,0,0,,,,,,,,,,,3,3, ,15998.93,0,0,0,999999,0,X500* ,41,0,0,Open,MEDFORD ,OR,975048219
cif_cust_id_15794,loan_id_1384,Commercial,394413.75,180.78,4.12,5/20/2026,10/20/2046,2393.31,0,0,,branch_id_12,35,M300,Monthly,0,Reg P&I,N,0,160,445000,0,445000,Installment,990.63,1402.68,1402.68,78652.49,5131.22,1040.57,246,officer_id_054,10/29/2021,10/20/2021,10/29/2021,11/20/2021,,4/19/2026,154,,398692.66,% of Current Balance,3944.13,FHLB 5_YR,10/20/2026,M060,365/360,4.12,0,1.42,0,,10/20/2026,2.7,0,0,0,0,0,1,0.05,0,9999999.99,0,0,0,0,0,0,0,0,0,0,0,0,0,0,0,0,0,0,0,0,0,0,0,0,0,,0,4/20/2026,0,0,0,1,0,0,0,0,0,0,0,0,0,0,0,0,,,,,,,,,,,3,3, ,2452.49,0,0,0,98352,0,C ,41,0,0,Open,SUNLAND ,CA,910403346
cif_cust_id_13600,loan_id_1390,Commercial,2802336.1,1422.18,6.09,5/21/2026,11/21/2050,18441.64,0,0,,branch_id_02,22,M307,Monthly,0,Reg P&I, ,0,170,0,0,3255000,Installment,3726.18,14715.46,14715.46,125224.06,53759.85,10916.03,295,officer_id_064,5/23/2025,5/21/2025,5/22/2025,6/21/2025,2/10/2026,4/20/2026,154,,2889276.3,% of Current Balance,84070.08,FHLB 3_YR,1/21/2029,M036,365/360,8,3.62,7.5,0,,1/21/2029,2.475,0,0,5.09,0,0,1,0.05,0,9999999.99,0,0,922.08,0,0,0,0,0,0,0,0,0,0,0,0,0,0,0,0,0,0,0,0,0,0,,0,3/21/2026,0,922.08,0,0,2,2,1,0,0,0,0,0,0,0,0,0,,,,,,,,,,,3,3, ,27673.05,0,0,0,0,0,X ,41,0,0,Open,SALEM ,OR,973011907
cif_cust_id_13618,loan_id_1392,Commercial,0,0,7,5/23/2026,6/23/2026,0,0,0,6/23/2026,Branch Not Assigned,11,M012,Monthly,0,Int Only,Y,12,530,0,500000,250000,Revolving,0,126.39,126.39,38886.83,1182.41,0,4,officer_id_027,3/4/2022,2/23/2022,3/4/2022,3/23/2022,5/23/2025,,15,,15,No Prepayment Penatly,0,WSJ Prime,,0000,365/360,4,6.75,3.25,0,,,0.25,0,0,3.75,0,0,1,0.05,0,9999999.99,0,0,0,0,0,0,0,0,0,0,0,0,0,0,0,0,0,0,0,0,0,0,0,0,0,,0,1/23/2026,0,0,0,1,0,0,0,0,0,0,0,0,0,0,0,0,,,,,,,,,,,3,3, ,0,0,0,0,999999,0, ,41,0,0,Open,MEDFORD ,OR,975049742
cif_cust_id_13715,loan_id_1421,Commercial,33998.01,140.24,8.25,5/6/2026,12/6/2029,907.1,0,0,,branch_id_03,10,M063,Monthly,0,Reg P&I, ,0,520,0,0,125000,Installment,700.67,244.04,244.04,6054.87,912.97,180,56,officer_id_032,9/9/2024,9/6/2024,9/9/2024,10/6/2024,4/2/2025,4/5/2026,0,,34138.25,No Prepayment Penatly,0,WSJ Prime,9/6/2026,M012,365/360,9.25,7.5,8.5,0,,9/6/2026,0.75,0,0,7.25,0,0,1,0.05,0,9999999.99,0,0,0,0,0,0,0,0,0,0,0,0,0,0,0,0,0,0,0,0,0,0,0,0,0,,0,2/6/2026,0,0,0,2,2,0,0,0,0,0,0,0,0,0,0,0,,,,,,,,,,,3,3, ,344.8,0,0,0,999999,0, ,41,0,0,Open,ASHLAND ,OR,975203726
cif_cust_id_11670,loan_id_0723,Commercial,198049.09,595.03,6.76,5/8/2026,9/8/2050,1395.41,0,0,,branch_id_02,22,M300,Monthly,0,Reg P&I, ,0,170,200000,0,200000,Installment,241.14,1154.27,1154.27,7816.96,4213.17,855.67,293,officer_id_064,9/11/2025,9/8/2025,9/11/2025,10/8/2025,,4/7/2026,154,,208700.57,% of Current Balance,9902.45,FHLB 5_YR,9/8/2030,M060,365/360,6.76,0,3.85,0,,9/8/2030,2.95,0,0,5.76,0,0,1,0.05,0,9999999.99,0,0,0,0,0,0,0,0,0,0,0,69.77,0,0,0,0,0,0,0,0,0,0,0,0,0,,0,12/8/2025,0,0,0,1,1,1,0,0,0,0,0,0,0,0,0,0,,,,,,,,,,,3,3, ,536.26,0,0,0,17400,0,X ,41,0,0,Open,PHILOMATH ,OR,973709723
cif_cust_id_14134,loan_id_1493,Commercial,6210849.13,11645.34,3.75,5/6/2026,9/6/2052,31103.64,0,0,,branch_id_02,35,M363,Monthly,0,Reg P&I, ,0,160,0,0,6671622,Installment,11012.21,20091.43,20091.43,930572.94,73348.67,14885.89,317,officer_id_064,6/15/2022,6/6/2022,6/15/2022,7/6/2022,,4/5/2026,154,,6287867.32,% of Current Balance,62108.49,FHLB 5_YR,6/6/2027,M060,365/360,3.75,0,3.16,0,,6/6/2027,2.5,0,0,3.75,0,0,1,0.05,0,9999999.99,0,0,0,0,0,0,0,0,0,0,0,0,0,0,0,0,0,0,0,0,0,0,0,0,0,,0,12/6/2025,0,0,0,0,0,0,0,0,0,0,0,0,0,0,0,0,,,,,,,,,,,3,3, ,10289.76,0,0,0,665000,0,X ,41,0,0,Open,LEBANON ,OR,973550156
cif_cust_id_14134,loan_id_1494,Commercial,25567.94,33.62,6.76,5/17/2026,6/17/2032,424.74,0,0,,branch_id_02,35,M120,Monthly,0,Reg P&I, ,0,160,38000,0,38000,Installment,274.27,150.47,150.47,6003.66,555.39,111.28,74,officer_id_064,6/30/2022,6/17/2022,6/30/2022,7/17/2022,,4/16/2026,154,,26011.23,% of Current Balance,255.67,FHLB 3_YR,6/17/2028,M036,365/360,4.45,3.99,3.76,0,,6/17/2028,2.77,0,0,4.45,0,0,1,0.05,0,9999999.99,0,0,0,0,0,0,0,0,0,0,0,0,0,0,0,0,0,0,0,0,0,0,0,0,0,,0,1/17/2026,0,0,0,0,0,0,0,0,0,0,0,0,0,0,0,0,,,,,,,,,,,3,3, ,0,0,0,0,0,0,X ,41,0,0,Open,LEBANON ,OR,973550156
Borrower Not Found,loan_id_1847,Commercial,730000,1361.98,6.25,5/15/2026,9/15/2027,0,0,0,9/15/2027,branch_id_09,11,M024,Monthly,0,Int Only,Y,24,530,0,750000,500000,Revolving,20000,3105.9,3105.9,147969.76,11638.37,2759.55,17,officer_id_055,7/9/2013,7/9/2013,7/9/2013,7/15/2014,8/27/2025,4/12/2026,0,,731361.98,No Prepayment Penatly,0,WSJ Prime,,0000,365/360,3.75,6.75,3.25,0,,,_0.5,0,0,5.25,0,0,1,0.05,0,9999999.99,0,0,0,0,0,0,0,0,0,0,0,0,0,0,0,0,0,0,0,0,0,0,0,0,0,,0,2/15/2026,0,0,0,0,0,0,0,0,0,0,0,0,0,0,0,0,,,,,,,,,,,3,0, ,0,0,0,0,872587,0, ,41,0,0,Open,PORTLAND ,OR,972198507
cif_cust_id_14252,loan_id_1538,Commercial,0,0,6.5,3/1/2026,3/1/2026,0,0,0,3/1/2026,branch_id_02,11,M024,Monthly,0,Int Only,Y,24,530,0,300000,300000,Revolving,0,0,0,0,0,0,24,officer_id_064,10/3/2019,10/3/2019,10/3/2019,10/31/2019,3/1/2024,,33,,33,No Prepayment Penatly,0,WSJ Prime,,0000,365/360,6.5,6.75,5,0,,,_0.25,0,0,4,0,0,1,0.05,0,9999999.99,0,0,0,0,0,0,0,0,0,0,0,0,0,0,0,0,0,0,0,0,0,0,0,0,0,,0,,0,0,0,0,0,0,0,0,0,0,0,0,0,0,0,0,,,,,,,,,,,3,0, ,0,0,0,0,999999,0, ,41,0,0,Open,ALBANY ,OR,973212789
cif_cust_id_14364,loan_id_1559,Commercial,3147134.88,14667.06,6.15,4/30/2026,2/28/2051,20773.14,0,0,,branch_id_05,22,M306,Monthly,0,Reg P&I, ,0,170,0,0,3152827,Installment,5692.12,15081.02,15081.02,69066.26,55912.6,12367.56,299,officer_id_040,9/2/2025,8/29/2025,9/2/2025,9/30/2025,,3/27/2026,154,,3256369.98,% of Current Balance,94414.04,FHLB 5_YR,8/28/2028,M060,365/360,6.15,0,3.76,0,,8/28/2028,2.475,0,0,5.15,0,0,1,0.05,0,9999999.99,0,0,0,0,0,0,0,0,0,0,0,0,0,0,0,0,0,0,0,0,0,0,0,0,0,,0,3/31/2026,0,0,0,0,0,0,0,0,0,0,0,0,0,0,0,0,,,,,,,,,,,3,3, ,34666.29,0,0,0,0,0,X ,41,0,0,Open,EAGLE POINT ,OR,975240574
cif_cust_id_14389,loan_id_1563,Commercial,934441.68,3698.84,4.75,4/25/2026,9/25/2039,7874.11,0,0,,branch_id_05,22,M300,Monthly,0,Reg P&I, ,0,170,1371596,0,1371596,Installment,0,0,0,649472.86,14022.35,2835.78,162,officer_id_069,9/25/2014,9/25/2014,9/25/2014,10/25/2014,9/25/2014,3/24/2026,169,,938309.52,No Prepayment Penatly,0,FHLB 7_YR,9/25/2028,M084,365/360,4.75,1.48,2.25,0,,9/25/2028,2.5,0,0,4.75,0,0,1,0.05,0,9999999.99,0,0,0,0,0,0,0,0,0,0,0,0,0,0,0,0,0,0,0,0,0,0,0,0,0,,0,10/25/2025,0,0,0,0,0,0,0,0,0,0,0,0,0,0,0,0,,,,,,,,,,,3,3, ,30.33,0,0,0,0,0,X ,41,0,0,Open,MEDFORD ,OR,975012233
cif_cust_id_14235,loan_id_1533,Commercial,283806.07,357.28,4.12,5/13/2026,5/13/2044,1866.15,0,0,,branch_id_03,22,M271,Monthly,0,Reg P&I, ,0,170,621000,0,621000,Installment,856.23,1009.92,1009.92,128662.61,3693.32,748.22,217,officer_id_032,2/13/2019,2/13/2019,2/13/2019,11/13/2021,9/8/2023,4/12/2026,323,,287324.41,% of Current Balance,2838.06,FHLB 5_YR,10/13/2026,M060,365/360,6.44,2.89,2.92,0,,10/13/2026,3.522,0,0,4.12,0,0,1,0.05,0,9999999.99,0,0,0,0,0,0,0,0,0,0,0,0,0,0,0,0,0,0,0,0,0,0,0,0,0,,0,10/13/2019,0,0,0,0,0,0,0,0,0,0,0,0,0,0,0,0,,,,,,,,,,,3,5, ,0,0,0,0,999999,0,X ,41,0,0,Open,CENTRAL POINT ,OR,975020051
cif_cust_id_09309,loan_id_1607,Commercial,400729.9,_1365.93,7,6/11/2026,6/11/2027,0,0,0,6/11/2027,branch_id_09,10,M024,Monthly,0,Int Only,Y,24,510,0,500000,500000,Revolving,0,0,0,27019.83,8892.2,1792.15,13,officer_id_055,6/12/2025,6/11/2025,6/13/2025,7/11/2025,,5/11/2026,0,,399363.97,No Prepayment Penatly,0,WSJ Prime,,0000,365/360,7.75,6.75,7.5,0,,,0.25,0,0,5.25,0,0,1,0.05,0,9999999.99,0,0,0,0,0,0,0,0,0,0,0,0,0,0,0,0,0,0,0,0,0,0,0,0,0,,0,10/11/2025,0,0,0,2,0,0,0,0,0,0,0,0,0,0,0,0,,,,,,,,,,,3,3, ,2008.42,0,0,0,999999,0, ,41,0,0,Open,EUGENE ,OR,974013114
cif_cust_id_14948,loan_id_1621,Commercial,0,0,7.5,5/22/2026,6/22/2026,0,0,0,6/22/2026,branch_id_05,11,M024,Monthly,0,Int Only,Y,24,530,0,500000,500000,Revolving,0,0,0,0,0,0,25,officer_id_040,6/22/2023,6/22/2023,6/22/2023,7/22/2023,6/7/2024,,15,,15,No Prepayment Penatly,0,WSJ Prime,,0000,365/360,9,6.75,8.25,0,,,0.75,0,0,5.25,0,0,1,0.05,0,9999999.99,0,0,0,0,0,0,0,0,0,0,0,0,0,0,0,0,0,0,0,0,0,0,0,0,0,,0,,0,0,0,0,0,0,0,0,0,0,0,0,0,0,0,0,,,,,,,,,,,3,3, ,281.14,0,0,0,999999,0, ,41,0,0,Open,CENTRAL POINT ,OR,975023266
cif_cust_id_14336,loan_id_1556,Commercial,850000,_243.05,7,5/20/2026,5/20/2026,0,0,0,5/20/2026,Branch Not Assigned,11,M024,Monthly,0,Int Only,Y,24,530,0,1000000,500000,Revolving,0,0,0,59200.51,19382.23,3743.06,12,officer_id_063,10/28/2020,10/28/2020,10/28/2020,11/20/2020,5/17/2024,4/24/2026,33,,849791.84,No Prepayment Penatly,0,WSJ Prime,,0000,365/360,3.75,6.75,3.25,0,,,0.25,0,0,5.25,0,0,1,0.05,0,9999999.99,0,0,0,0,0,0,0,0,0,0,0,0,0,0,0,0,0,0,0,0,0,0,0,0,0,,0,6/20/2024,0,0,0,0,0,1,0,0,0,0,0,0,0,0,0,0,,,,,,,,,,,3,0, ,22.87,0,0,0,999999,0, ,41,0,0,Open,INDEPENDENCE ,OR,973511824
cif_cust_id_15089,loan_id_1663,Commercial,114115.45,300.75,4.3,5/2/2026,2/2/2031,2277.16,0,0,2/2/2031,branch_id_10,10,M120,Monthly,0,Reg P&I,Y,120,520,0,0,200000,Installment,1847.55,429.61,429.61,34666.08,1583.02,314.6,107,officer_id_020,2/8/2021,2/2/2021,2/8/2021,3/2/2021,,4/1/2026,15,,114431.2,No Prepayment Penatly,0,Fixed,, ,365/360,4.3,0,4.3,0,,,0,0,0,0,0,0,1,0.05,0,9999999.99,0,0,0,0,0,0,0,0,0,0,0,0,0,0,0,0,0,0,0,0,0,0,0,0,0,,0,4/2/2026,0,0,0,0,0,0,0,0,0,0,0,0,0,0,0,0,,,,,,,,,,,3,3, ,0,0,0,0,0,0, ,41,0,0,Open,JACKSONVILLE ,OR,975300697
cif_cust_id_15089,loan_id_1664,Commercial,73572.05,20.48,5.01,5/22/2026,3/22/2029,2268,0,0,,branch_id_10,10,M084,Monthly,0,Reg P&I, ,0,520,160000,0,160000,Installment,1942.22,325.78,325.78,24704.05,1228.41,241.17,35,officer_id_020,3/24/2022,3/22/2022,3/24/2022,4/22/2022,,4/21/2026,15,,73607.53,No Prepayment Penatly,0,Fixed,, ,365/360,5.01,0,5.01,0,,,0,0,0,0,0,0,1,0.05,0,9999999.99,0,0,0,0,0,0,0,0,0,0,0,0,0,0,0,0,0,0,0,0,0,0,0,0,0,,0,11/22/2025,0,0,0,0,0,0,0,0,0,0,0,0,0,0,0,0,,,,,,,,,,,3,3, ,0,0,0,0,999999,0, ,41,0,0,Open,JACKSONVILLE ,OR,975300697
cif_cust_id_16189,loan_id_1766,Commercial,461236.11,469.3,4.07,5/15/2026,2/15/2047,2674.68,0,0,,branch_id_05,25,M300,Monthly,0,Reg P&I,N,0,140,500000,0,500000,Installment,1054.75,1619.93,1619.93,83506.6,5921.25,1201.01,250,officer_id_040,2/22/2022,2/15/2022,2/15/2022,3/15/2022,,4/14/2026,154,,461859.41,No Prepayment Penatly,0,FHLB 5_YR,2/15/2027,M060,365/360,4.07,0,2.31,0,,2/15/2027,2.85,0,0,4.07,0,0,1,0.05,0,9999999.99,0,0,0,0,0,0,0,0,0,0,0,0,0,0,0,0,0,0,0,0,0,0,0,0,0,,0,,0,0,0,0,0,0,0,0,0,0,0,0,0,0,0,0,,,,,,,,,,,3,3, ,0,0,0,0,999999,0,X ,41,0,0,Open,CENTRAL POINT ,OR,975020061
cif_cust_id_16228,loan_id_1775,Commercial,381873.12,520.25,6.38,5/16/2026,6/16/2040,3477.45,0,0,,branch_id_10,22,M180,Monthly,0,Reg P&I, ,0,170,400000,0,400000,Installment,0,0,0,20170.17,7746.18,1555.34,170,officer_id_020,6/30/2025,6/16/2025,6/30/2025,7/16/2025,,4/15/2026,154,,394003.56,% of Current Balance,11456.19,FHLB 3_YR,6/16/2028,M036,365/360,6.38,0,4.06,0,,6/16/2028,2.48,0,0,5.375,0,0,1,0.05,0,9999999.99,0,0,0,0,0,0,0,0,0,0,0,0,0,0,0,0,0,0,0,0,0,0,0,0,0,,0,8/16/2025,0,0,0,0,0,0,0,0,0,0,0,0,0,0,0,0,,,,,,,,,,,3,3, ,2404.78,0,0,0,999999,0,X ,41,0,0,Open,JACKSONVILLE ,OR,975309735
cif_cust_id_16443,loan_id_1796,Commercial,37498.69,67.25,4.61,5/10/2026,9/10/2029,12540.49,0,0,,branch_id_03,22,M120,Monthly,0,Reg P&I,N,0,190,1200000,0,1200000,Installment,12342.55,197.94,197.94,247791.86,883.51,124.72,41,officer_id_032,9/13/2019,9/10/2019,9/13/2019,10/10/2019,,4/9/2026,154,,37719.94,% of Current Balance,0,Fixed,, ,365/360,4.61,0,4.61,0,,,0,0,0,0,0,0,1,0.05,0,9999999.99,0,0,0,0,0,0,0,0,0,0,0,0,0,0,0,0,0,0,0,0,0,0,0,0,0,,0,1/10/2026,0,0,0,0,0,0,0,0,0,0,0,0,0,0,0,0,,,,,,,,,,,3,3, ,2012.07,0,0,0,270155,0,X ,41,0,0,Open,MEDFORD ,OR,975016022
cif_cust_id_16865,loan_id_1841,Commercial,2273842.32,3432.89,7.75,5/17/2026,10/17/2026,0,0,0,10/17/2026,branch_id_02,19,M012,Monthly,0,Int Only,Y,12,440,0,2500000,2500000,Revolving,70670.7,13981.15,13981.15,74670.49,51149.36,10827.81,6,officer_id_064,10/24/2025,10/17/2025,10/24/2025,11/17/2025,,4/16/2026,30,,2277305.21,No Prepayment Penatly,0,WSJ Prime,,0000,365/360,8.25,6.75,7.25,0,,,1,0,0,6.25,0,0,1,0.05,0,9999999.99,0,0,0,0,0,0,0,0,0,0,0,0,0,0,0,0,0,0,0,0,0,0,0,0,0,,0,1/17/2026,0,0,0,0,0,0,0,0,0,0,0,0,0,0,0,0,,,,,,,,,,,3,3, ,0,0,0,0,999999,0, ,41,0,0,Open,GERVAIS ,OR,970268744
cif_cust_id_17069,loan_id_1873,Commercial,33989.33,47.01,5.53,5/15/2026,5/15/2029,1004.36,0,0,,Branch Not Assigned,22,M108,Monthly,0,Reg P&I,N,0,190,0,0,85000,Installment,838.45,165.91,165.91,21451.39,620.67,121.94,37,officer_id_011,5/15/2019,5/15/2019,5/15/2019,6/15/2019,2/5/2020,4/14/2026,154,,34190.34,No Prepayment Penatly,0,Fixed,, ,365/360,5.53,0,0,0,,,0,0,0,0,0,0,1,0.05,0,9999999.99,0,0,0,0,0,0,0,0,0,0,0,0,0,0,0,0,0,0,0,0,0,0,0,0,0,,0,2/15/2026,0,0,0,0,0,0,0,0,0,0,0,0,0,0,0,0,,,,,,,,,,,3,3, ,0,0,0,0,167380,0,X ,41,0,0,Open,CENTRAL POINT ,OR,975021347
cif_cust_id_04321,loan_id_1914,Commercial,34382.13,89.54,6.25,5/9/2026,9/9/2027,745.54,0,0,9/9/2027,branch_id_05,22,M096,Monthly,0,Reg P&I,Y,60,190,0,0,200000,Installment,557.5,188.04,188.04,111912.98,695.16,138.06,17,officer_id_069,9/9/2010,9/9/2010,9/9/2010,10/9/2010,9/9/2022,4/8/2026,154,,34625.67,No Prepayment Penatly,0,Fixed,, ,365/360,6.25,0,0,0,,,0,0,0,0,0,0,1,0.05,0,9999999.99,0,0,0,0,0,0,0,0,0,0,0,0,0,0,0,0,0,0,0,0,0,0,0,0,0,,0,8/9/2025,0,0,0,0,0,0,0,0,0,0,0,0,0,0,0,0,,,,,,,,,,,3,4, ,0,0,0,0,432000,0,A* ,41,0,0,Open,MEDFORD ,OR,975046124
cif_cust_id_05285,loan_id_1916,Commercial,1074127.3,18.61,6.04,5/22/2026,10/22/2038,10132.25,0,0,10/22/2038,branch_id_05,24,M243,Monthly,0,Reg P&I,Y,220,190,1400000,0,1400000,Installment,4522.07,5610.18,5610.18,576372.31,20566.65,4160.87,149,officer_id_069,10/22/2018,10/22/2018,10/22/2018,11/22/2018,10/22/2018,4/23/2026,154,,1074299.91,No Prepayment Penatly,0,Fixed,, ,365/360,0,0,0,0,,,0,0,0,0,0,0,1,0.05,0,9999999.99,0,0,0,0,0,0,0,0,0,0,0,0,0,0,0,0,0,0,0,0,0,0,0,0,0,,0,11/22/2025,0,0,0,0,0,0,0,0,0,0,0,0,0,0,0,0,,,,,,,,,,,3,3, ,716.13,0,0,0,322381,0,X ,41,0,0,Open,MEDFORD ,OR,975010152
cif_cust_id_17492,loan_id_1932,Commercial,100000,434.02,6.25,4/30/2026,12/30/2030,0,0,0,12/30/2030,branch_id_05,26,M060,Monthly,0,Int Only,Y,60,180,0,500000,500000,Revolving,0,0,0,62772.06,1961.81,399.3,57,officer_id_040,12/30/2020,12/30/2020,12/30/2020,1/30/2021,12/30/2025,3/29/2026,154,,100588.02,No Prepayment Penatly,0,WSJ Prime,,0000,365/360,4,6.75,3.25,0,,,_0.5,0,0,4,0,0,1,0.05,0,9999999.99,0,13.89,0,0,0,0,0,0,0,0,0,0,0,0,0,0,0,0,0,0,0,0,0,0,0,,0,12/30/2025,0,13.89,0,0,0,0,1,0,0,0,0,0,0,0,0,0,,,,,,,,,,,3,3, ,0,0,0,0,999999,0,X ,41,0,0,Open,CENTRAL POINT ,OR,975029341
cif_cust_id_17492,loan_id_1968,Commercial,226878.24,942.17,6.5,5/1/2026,5/3/2026,0,0,0,5/3/2026,branch_id_05,32,M004,Monthly,0,Int Only,Y,4,100,0,250000,250000,Non _ Revolving,0,1269.89,1269.89,13136.06,4628.95,942.17,1,officer_id_040,2/13/2025,2/3/2025,2/13/2025,3/1/2025,2/3/2026,3/31/2026,154,,227974.41,No Prepayment Penatly,0,WSJ Prime,,0000,365/360,6.5,0,7.5,0,,,_1,0,0,6.5,0,0,1,0.05,0,9999999.99,0,0,0,0,0,0,0,0,0,0,0,0,0,0,0,0,0,0,0,0,0,0,0,0,0,,0,4/1/2026,0,0,0,0,0,0,0,0,0,0,0,0,0,0,0,0,,,,,,,,,,,3,3, ,0,0,0,0,999999,0,X ,41,0,0,Open,CENTRAL POINT ,OR,975029341
cif_cust_id_17492,loan_id_1969,Commercial,204768.72,184.86,6.5,5/19/2026,6/19/2026,0,0,0,6/19/2026,branch_id_05,32,M005,Monthly,0,Int Only,Y,5,100,0,250000,250000,Non _ Revolving,0,1146.13,1146.13,11280.53,4177.85,850.35,2,officer_id_040,3/25/2025,3/19/2025,3/25/2025,4/19/2025,2/3/2026,4/18/2026,154,,205107.58,No Prepayment Penatly,0,WSJ Prime,,0000,365/360,6.5,0,7.5,0,,,_1,0,0,6.5,0,0,1,0.05,0,9999999.99,0,0,0,0,0,0,0,0,0,0,0,0,0,0,0,0,0,0,0,0,0,0,0,0,0,,0,12/19/2025,0,0,0,1,0,0,0,0,0,0,0,0,0,0,0,0,,,,,,,,,,,3,3, ,0,0,0,0,999999,0,X ,41,0,0,Open,CENTRAL POINT ,OR,975029341
cif_cust_id_17492,loan_id_1970,Commercial,196104.31,_247.85,6.5,6/1/2026,6/19/2026,0,0,0,6/19/2026,branch_id_05,32,M004,Monthly,0,Int Only,Y,5,100,0,250000,250000,Non _ Revolving,0,1062.23,1062.23,11346.75,4001.07,814.38,1,officer_id_040,3/25/2025,3/19/2025,3/25/2025,5/1/2025,2/3/2026,4/30/2026,154,,196010.46,No Prepayment Penatly,0,WSJ Prime,,0000,365/360,6.5,0,7.5,0,,,_1,0,0,6.5,0,0,1,0.05,0,9999999.99,0,0,0,0,0,0,0,0,0,0,0,0,0,0,0,0,0,0,0,0,0,0,0,0,0,,0,,0,0,0,0,0,0,0,0,0,0,0,0,0,0,0,0,,,,,,,,,,,3,3, ,0,0,0,0,999999,0,X ,41,0,0,Open,CENTRAL POINT ,OR,975029341
cif_cust_id_17492,loan_id_1972,Commercial,245406.9,1019.12,6.5,5/1/2026,6/2/2026,0,0,0,6/2/2026,branch_id_05,32,M012,Monthly,0,Int Only,Y,12,100,0,250000,250000,Non _ Revolving,0,1373.59,1373.59,8890.91,5007.11,1019.12,3,officer_id_040,6/5/2025,6/2/2025,6/5/2025,7/1/2025,,3/31/2026,154,,246580.02,No Prepayment Penatly,0,WSJ Prime,,0000,365/360,6.5,0,7.5,0,,,_1,0,0,6.5,0,0,1,0.05,0,9999999.99,0,0,0,0,0,0,0,0,0,0,0,0,0,0,0,0,0,0,0,0,0,0,0,0,0,,0,4/1/2026,0,0,0,0,0,0,0,0,0,0,0,0,0,0,0,0,,,,,,,,,,,3,3, ,0,0,0,0,999999,0,X ,41,0,0,Open,CENTRAL POINT ,OR,975029341
cif_cust_id_17492,loan_id_1973,Commercial,121069.36,502.78,6.5,5/1/2026,10/28/2026,0,0,0,10/28/2026,branch_id_05,32,M012,Monthly,0,Int Only,Y,12,100,0,250000,250000,Non _ Revolving,0,677.65,677.65,2622.16,2470.15,502.78,8,officer_id_040,10/31/2025,10/28/2025,10/31/2025,12/1/2025,,3/31/2026,154,,121726.14,No Prepayment Penatly,0,WSJ Prime,,0000,365/360,6.5,0,7.25,0,,,_1,0,0,6.5,0,0,1,0.05,0,9999999.99,0,0,0,0,0,0,0,0,0,0,0,0,0,0,0,0,0,0,0,0,0,0,0,0,0,,0,4/1/2026,0,0,0,0,0,0,0,0,0,0,0,0,0,0,0,0,,,,,,,,,,,3,3, ,0,0,0,0,999999,0,X ,41,0,0,Open,CENTRAL POINT ,OR,975029341
cif_cust_id_17492,loan_id_1974,Commercial,120675.57,501.14,6.5,5/1/2026,10/28/2026,0,0,0,10/28/2026,branch_id_05,32,M012,Monthly,0,Int Only,Y,12,100,0,250000,250000,Non _ Revolving,0,675.44,675.44,2613.7,2462.11,501.14,8,officer_id_040,10/31/2025,10/28/2025,10/31/2025,12/1/2025,,3/31/2026,154,,121330.71,No Prepayment Penatly,0,WSJ Prime,,0000,365/360,6.5,0,7.25,0,,,_1,0,0,6.5,0,0,1,0.05,0,9999999.99,0,0,0,0,0,0,0,0,0,0,0,0,0,0,0,0,0,0,0,0,0,0,0,0,0,,0,4/1/2026,0,0,0,0,0,0,0,0,0,0,0,0,0,0,0,0,,,,,,,,,,,3,3, ,0,0,0,0,999999,0,X ,41,0,0,Open,CENTRAL POINT ,OR,975029341
cif_cust_id_17492,loan_id_1983,Commercial,206299.45,856.72,6.5,5/1/2026,7/3/2026,0,0,0,7/3/2026,branch_id_05,32,M012,Monthly,0,Int Only,Y,12,100,0,250000,250000,Non _ Revolving,0,1154.7,1154.7,8912.7,4209.09,856.72,4,officer_id_040,7/15/2025,7/3/2025,7/15/2025,8/1/2025,,3/31/2026,154,,207310.17,No Prepayment Penatly,0,WSJ Prime,,0000,365/360,6.5,0,7.5,0,,,_1,0,0,6.5,0,0,1,0.05,0,9999999.99,0,0,0,0,0,0,0,0,0,0,0,0,0,0,0,0,0,0,0,0,0,0,0,0,0,,0,4/1/2026,0,0,0,0,0,0,0,0,0,0,0,0,0,0,0,0,,,,,,,,,,,3,3, ,0,0,0,0,999999,0,X ,41,0,0,Open,CENTRAL POINT ,OR,975029341
cif_cust_id_17566,loan_id_1998,Commercial,409261.66,_887.58,7.05,6/5/2026,3/5/2049,3098.76,0,0,,branch_id_10,25,M300,Monthly,0,Reg P&I, ,0,140,432600,0,432600,Installment,2588.44,2411.56,2411.56,64834.38,9184.24,1852.71,274,officer_id_020,3/15/2024,3/5/2024,3/15/2024,4/5/2024,,5/4/2026,154,,412620.69,% of Current Balance,4092.61,FHLB 3_YR,3/5/2027,M036,365/360,7.05,0,4.59,0,,3/5/2027,2.475,0,0,6.045,0,0,1,0.05,0,9999999.99,0,0,0,0,0,0,0,0,0,0,0,0,0,0,0,0,0,0,0,0,0,0,0,0,0,,0,7/5/2025,0,0,0,0,0,0,0,0,0,0,0,0,0,0,0,0,,,,,,,,,,,3,3, ,449.05,0,0,0,999999,0,X ,41,0,0,Open,GRANTS PASS ,OR,975261363
cif_cust_id_17582,loan_id_2000,Commercial,0,0,7.25,5/14/2026,6/14/2027,0,0,0,6/14/2027,branch_id_03,11,M024,Monthly,0,Int Only,Y,24,530,0,150000,150000,Revolving,0,0,0,1674.38,0,0,20,officer_id_032,6/17/2024,6/14/2024,6/17/2024,7/14/2024,6/14/2025,,15,,15,No Prepayment Penatly,0,WSJ Prime,,0000,365/360,9,6.75,8.5,0,,,0.5,0,0,5.25,0,0,1,0.05,0,9999999.99,0,0,0,0,0,0,0,0,0,0,0,0,0,0,0,0,0,0,0,0,0,0,0,0,0,,0,6/14/2025,0,0,0,0,0,0,0,0,0,0,0,0,0,0,0,0,,,,,,,,,,,3,3, ,0,0,0,0,999999,0, ,41,0,0,Open,MEDFORD ,OR,975047782
cif_cust_id_17992,loan_id_2066,Commercial,1974970.18,7775.46,4.57,4/24/2026,7/24/2046,12476.79,0,0,,branch_id_05,22,M298,Monthly,0,Reg P&I, ,0,170,4113000,0,4113000,Installment,0,0,0,600365.46,28444.93,5768.89,298,officer_id_061,7/31/2020,7/24/2020,7/30/2020,11/24/2021,10/20/2021,3/23/2026,308,,2002803.34,% of Current Balance,19749.7,FHLB 7_YR,8/24/2027,M084,365/360,5.02,0,1.05,0,,8/24/2027,2.612,0,0,4.322,0,0,1,0.05,0,9999999.99,0,0,0,0,0,0,0,0,0,0,0,0,0,0,0,0,0,0,0,0,0,0,0,0,0,,0,1/24/2026,0,0,0,0,0,0,0,0,0,0,0,0,0,0,0,0,,,,,,,,,,,3,3, ,30166.53,0,0,0,0,0,X ,41,0,0,Open,MEDFORD ,OR,975010160
cif_cust_id_09845,loan_id_2115,Commercial,381200.73,1402.81,5.76,5/1/2026,7/1/2029,2834.85,0,0,7/1/2029,branch_id_03,22,M300,Monthly,0,Reg P&I,Y,120,190,446500,0,446500,Installment,939.43,1895.42,1895.42,164323.58,6920.8,1402.81,39,officer_id_032,7/1/2019,7/1/2019,7/1/2019,8/1/2019,,3/31/2026,154,,382757.54,No Prepayment Penatly,0,FHLB 10_YR,7/1/2029,M120,365/360,5.76,0,2.64,0,,7/1/2029,3,0,0,5.76,0,0,1,0.05,0,9999999.99,0,0,0,0,0,0,0,0,0,0,0,0,0,0,0,0,0,0,0,0,0,0,0,0,0,,0,11/1/2025,0,0,0,0,0,0,0,0,0,0,0,0,0,0,0,0,,,,,,,,,,,3,3, ,0,0,0,0,307727,0,X ,41,0,0,Open,ASHLAND ,OR,975202601
cif_cust_id_09845,loan_id_2116,Commercial,257862.78,727.17,6.35,5/8/2026,10/8/2050,1742.03,0,0,,branch_id_03,22,M300,Monthly,0,Reg P&I, ,0,190,210000,0,260000,Installment,331.36,1410.67,1410.67,7795.41,5150.69,1045.72,294,officer_id_032,10/9/2025,10/8/2025,10/9/2025,11/8/2025,11/26/2025,4/7/2026,154,,266479.83,% of Current Balance,7735.88,FHLB 3_YR,10/8/2028,M036,365/360,6.35,0,3.71,0,,10/8/2028,2.68,0,0,5.345,0,0,1,0.05,0,9999999.99,87.1,0,0,0,0,0,0,0,0,0,0,0,0,0,0,0,0,0,0,0,0,0,0,0,0,,0,2/8/2026,0,87.1,0,0,1,1,0,0,0,0,0,0,0,0,0,0,,,,,,,,,,,3,3, ,538.07,0,0,0,185873,0,X ,41,0,0,Open,ASHLAND ,OR,975202601
cif_cust_id_18517,loan_id_2118,Commercial,5974171.49,12196.85,6.68,5/13/2026,1/13/2050,42242.83,0,0,,branch_id_09,22,M300,Monthly,0,Reg P&I, ,0,190,6100000,0,6100000,Installment,7828.91,34413.92,34413.92,507813.94,125651,25516.77,285,officer_id_055,1/15/2025,1/13/2025,1/15/2025,2/13/2025,8/11/2025,4/12/2026,308,,6106159.76,% of Current Balance,119483.42,FHLB 3_YR,1/13/2028,M036,365/360,6.68,0,4.44,0,,1/13/2028,2.28,0,0,5.68,0,0,1,0.05,0,9999999.99,0,0,0,0,0,0,0,0,0,0,0,0,0,0,0,0,0,0,0,0,0,0,0,0,0,,0,4/13/2026,0,0,0,0,0,0,0,0,0,0,0,0,0,0,0,0,,,,,,,,,,,3,3, ,23344.54,0,0,0,999999,0,X ,41,0,0,Open,EUGENE ,OR,974042030
cif_cust_id_18676,loan_id_2133,Commercial,0,0,8,2/12/2026,2/12/2026,0,0,0,2/12/2026,branch_id_05,67,M060,Monthly,0,Int Only,Y,60,120,0,40000,40000,Revolving,0,0,0,3347.83,0,0,60,officer_id_040,12/12/2014,12/12/2014,12/12/2014,12/12/2015,2/12/2021,,154,,154,No Prepayment Penatly,0,WSJ Prime,,0000,365/360,5.25,6.75,3.25,0,,,1.25,0,0,5,0,0,1,0.05,0,9999999.99,0,0,0,0,0,0,0,0,0,0,0,0,0,0,0,0,0,0,0,0,0,0,0,0,0,,0,4/12/2019,0,0,0,0,0,0,0,0,0,0,0,0,0,0,0,0,,,,,,,,,,,3,4, ,0,0,0,0,0,0,X ,41,0,0,Open,MEDFORD ,OR,975045894
cif_cust_id_18725,loan_id_2141,Commercial,574916.38,2155.93,6.75,5/4/2026,4/4/2050,4915.04,0,0,,branch_id_18,22,M300,Monthly,0,Reg P&I, ,0,170,705000,0,705000,Installment,2816.92,3358.08,3358.08,42756.42,12285.8,2480.91,288,officer_id_058,4/10/2025,4/4/2025,4/10/2025,5/4/2025,,4/3/2026,154,,588724.63,% of Current Balance,11498.32,FHLB 3_YR,4/4/2028,M036,365/360,6.75,0,3.98,0,,4/4/2028,2.675,0,0,5.75,0,0,1,0.05,0,9999999.99,0,0,0,0,0,0,0,0,0,0,0,0,0,0,0,0,0,0,0,0,0,0,0,0,0,,0,4/4/2026,0,0,0,0,0,0,0,0,0,0,0,0,0,0,0,0,,,,,,,,,,,3,3, ,1987.51,0,0,0,377988,0,X ,41,0,0,Open,SALEM ,OR,973023990
cif_cust_id_18725,loan_id_2142,Commercial,0,0,7.25,6/4/2026,4/4/2030,0,0,0,4/4/2030,branch_id_18,11,M060,Monthly,0,Int Only,Y,60,530,0,100000,100000,Revolving,0,0,0,0,0,0,60,officer_id_058,4/10/2025,4/4/2025,4/10/2025,5/4/2025,,,154,,154,No Prepayment Penatly,0,WSJ Prime,,0000,365/360,8,6.75,7.5,0,,,0.5,0,0,5.25,0,0,1,0.05,0,9999999.99,0,0,0,0,0,0,0,0,0,0,0,0,0,0,0,0,0,0,0,0,0,0,0,0,0,,0,,0,0,0,0,0,0,0,0,0,0,0,0,0,0,0,0,,,,,,,,,,,3,3, ,0,0,0,0,377988,0,X ,41,0,0,Open,SALEM ,OR,973023990
cif_cust_id_08080,loan_id_2160,Commercial,0,0,7.5,5/10/2026,6/10/2028,0,0,0,6/10/2028,Branch Not Assigned,35,M060,Monthly,0,Int Only,Y,60,160,0,500000,500000,Revolving,0,0,0,39358.94,0,0,0,officer_id_063,10/19/2018,10/19/2018,10/19/2018,11/10/2018,6/16/2023,,154,,154,No Prepayment Penatly,0,WSJ Prime,,0000,365/360,5.75,6.75,5.25,0,,,0.75,0,0,5.25,0,0,1,0.05,0,9999999.99,0,0,0,0,0,0,0,0,0,0,0,0,0,0,0,0,0,0,0,0,0,0,0,0,0,,0,4/10/2023,0,0,0,0,0,0,0,0,0,0,0,0,0,0,0,0,,,,,,,,,,,3,0, ,497.73,0,0,0,185427,0,X ,41,0,0,Open,ALBANY ,OR,973210652
cif_cust_id_19074,loan_id_2170,Commercial,1083397.15,6628,6.67,4/22/2026,3/22/2048,7902.16,0,0,,Branch Not Assigned,46,M300,Monthly,0,Reg P&I, ,0,170,1135000,0,1135000,Installment,2120.33,6478.73,6478.73,257963.31,25158.06,4616.78,264,officer_id_063,3/28/2023,3/22/2023,3/28/2023,4/22/2023,,3/21/2026,154,,1101013.12,% of Current Balance,10833.97,FHLB 3_YR,3/22/2029,M036,365/360,7.67,3.76,4.48,0,,3/22/2029,1.95,0,0,6.67,0,0,1,0.05,0,9999999.99,0,0,0,0,0,0,0,0,0,0,0,0,0,0,0,0,0,0,0,0,0,0,0,0,0,,0,4/22/2026,0,0,7902.16,12,0,0,0,0,0,0,0,0,0,0,0,0,,,,,,,,,,,3,3, ,731.77,0,0,0,999999,0,X ,41,0,0,Open,EUGENE ,OR,974016713
cif_cust_id_19100,loan_id_2176,Commercial,525000,814.33,6.98,5/13/2026,4/13/2036,6118.37,0,0,,branch_id_03,10,M120,Monthly,0,Reg P&I, ,0,520,525000,0,525000,Installment,0,0,0,0,814.33,814.33,120,officer_id_032,4/16/2026,4/13/2026,4/16/2026,5/13/2026,,4/15/2026,15,,541579.33,% of Current Balance,15750,FHLB 5_YR,4/13/2031,M060,365/360,6.98,0,4.06,0,,4/13/2031,3.5,0,0,0,0,0,1,0.05,0,9999999.99,0,0,0,0,0,0,0,0,0,0,0,0,0,0,0,0,0,0,0,0,0,0,0,0,0,,0,,0,0,0,0,0,0,0,0,0,0,0,0,0,0,0,0,,,,,,,,,,,3,3, ,1410.73,0,0,0,999999,0, ,41,0,0,Open,ASHLAND ,OR,975200045
cif_cust_id_18281,loan_id_2210,Commercial,0,0,7.25,4/18/2026,4/18/2026,0,0,0,4/18/2026,branch_id_18,11,M024,Monthly,0,Int Only,Y,24,530,0,250000,250000,Revolving,0,0,0,0,0,0,23,officer_id_058,4/23/2019,4/23/2019,4/23/2019,5/18/2019,4/18/2024,,0,,0,No Prepayment Penatly,0,WSJ Prime,,0000,365/360,6,6.75,5.5,0,,,0.5,0,0,5,0,0,1,0.05,0,9999999.99,0,0,0,0,0,0,0,0,0,0,0,0,0,0,0,0,0,0,0,0,0,0,0,0,0,,0,,0,0,0,0,0,0,0,0,0,0,0,0,0,0,0,0,,,,,,,,,,,3,0, ,0,0,0,0,3,0, ,41,0,0,Open,SALEM ,OR,973058297
cif_cust_id_19673,loan_id_2250,Commercial,627166.63,147.38,4.23,5/22/2026,12/22/2046,3818.5,0,0,,branch_id_05,46,M287,Monthly,0,Reg P&I,N,0,170,0,0,684500,Installment,1528.47,2290.03,2290.03,120099.64,8376.54,1698.69,243,officer_id_040,12/23/2021,12/22/2021,12/23/2021,9/22/2022,8/22/2022,4/21/2026,154,,633739.67,% of Current Balance,6271.66,FHLB 5_YR,12/22/2026,M060,365/360,4.23,0,1.59,0,,12/22/2026,2.7,0,0,4.23,0,0,1,0.05,0,9999999.99,0,0,0,0,0,0,0,0,0,0,0,0,0,0,0,0,0,0,0,0,0,0,0,0,0,,0,11/22/2025,0,0,0,0,0,0,0,0,0,0,0,0,0,0,0,0,,,,,,,,,,,3,3, ,3691.67,0,0,0,0,0,X ,41,0,0,Open,MEDFORD ,OR,975046909
cif_cust_id_19673,loan_id_2251,Commercial,44451.48,191.36,5.74,4/28/2026,8/28/2047,303.25,0,0,,branch_id_05,46,M300,Monthly,0,Reg P&I, ,0,170,0,0,47500,Installment,0,0,0,8889.38,803.45,163.01,260,officer_id_040,9/7/2022,8/29/2022,9/7/2022,9/29/2022,,3/27/2026,154,,45241.35,% of Current Balance,444.51,FHLB 5_YR,8/28/2027,M060,365/360,5.74,0,3.52,0,,8/28/2027,2.55,0,0,5.74,0,0,1,0.05,0,9999999.99,0,0,0,0,0,0,0,0,0,0,0,0,0,0,0,0,0,0,0,0,0,0,0,0,0,,0,3/28/2026,0,0,0,0,0,0,0,0,0,0,0,0,0,0,0,0,,,,,,,,,,,3,3, ,0,0,0,0,75800,0,X ,41,0,0,Open,MEDFORD ,OR,975046909
cif_cust_id_08136,loan_id_2292,Commercial,64951.81,262.79,6.33,5/1/2026,9/1/2045,488.76,0,0,,Branch Not Assigned,22,M300,Monthly,0,Reg P&I,N,0,170,75000,0,75000,Installment,134.16,354.6,354.6,18550.93,1295.18,262.79,233,officer_id_011,9/4/2020,9/1/2020,9/4/2020,10/1/2020,,3/31/2026,154,,65368.6,No Prepayment Penatly,0,FHLB 5_YR,9/1/2030,M060,365/360,4.5,3.87,0.78,0,,9/1/2030,2.46,0,0,4.5,0,0,1,0.05,0,9999999.99,0,0,0,0,0,0,0,0,0,0,0,0,0,0,0,0,0,0,0,0,0,0,0,0,0,,20.98,4/1/2026,0,0,0,2,1,0,0,0,0,0,0,0,0,0,0,0,,,,,,,,,,,3,3, ,0,0,0,0,549164,0,X ,41,0,0,Open,GRANTS PASS ,OR,975277532
cif_cust_id_04387,loan_id_2314,Commercial,68965.52,192.46,8.37,5/12/2026,8/12/2041,671.71,0,0,,branch_id_12,35,M240,Monthly,0,Reg P&I, ,0,160,80000,0,80000,Installment,173.27,498.44,498.44,21441.56,1822.08,369.33,184,officer_id_054,8/19/2021,8/12/2021,8/19/2021,9/12/2021,,4/11/2026,154,,69311.98,% of Current Balance,0,FHLB 3_YR,8/12/2027,M036,365/360,4.95,3.91,0.74,0,,8/12/2027,4.46,0,0,4.95,0,0,1,0.05,0,9999999.99,0,0,0,0,0,0,0,0,0,0,0,0,0,0,0,0,0,0,0,0,0,0,0,0,0,,0,10/12/2025,0,0,0,0,0,0,0,0,0,0,0,0,0,0,0,0,,,,,,,,,,,3,3, ,0,0,0,0,53250,0,C ,41,0,0,Open,KLAMATH FALLS ,OR,976016142
cif_cust_id_09472,loan_id_2328,Commercial,2448918.71,2556.06,4.18,5/15/2026,4/15/2031,15146.95,0,0,4/15/2031,branch_id_03,22,M300,Monthly,0,Reg P&I,Y,120,170,2800000,0,2800000,Installment,6320.02,8826.93,8826.93,557735.71,32272.4,6542.42,60,officer_id_032,4/15/2021,4/15/2021,4/15/2021,5/15/2021,,4/14/2026,154,,2476117.95,% of Current Balance,24489.18,Fixed,, ,365/360,4.18,0,4.18,0,,,0,0,0,0,0,0,1,0.05,0,9999999.99,0,0,0,0,0,0,0,0,0,0,0,0,0,0,0,0,0,0,0,0,0,0,0,0,0,,0,2/15/2026,0,0,0,0,0,0,0,0,0,0,0,0,0,0,0,0,,,,,,,,,,,3,3, ,2826.98,0,0,0,0,0,X ,41,0,0,Open,ASHLAND ,OR,975203118
cif_cust_id_13129,loan_id_2344,Revolving Credit,0,0,8.75,5/30/2026,8/30/2027,0,0,0,8/30/2027,branch_id_02,_2,M060,Monthly,0,Reg P&I,Y,60,630,0,5000,5000,Revolving,0,0,0,646.15,0,0,60,officer_id_064,8/31/2022,8/30/2022,8/31/2022,9/30/2022,,,0,,0,No Prepayment Penatly,0,RVC Prime,5/1/2026,M001,365/365,7.5,6.75,5.5,0,,5/1/2026,2,1,1,0,18,0,1,0.05,0,9999999.99,0,0,0,0,0,0,0,0,0,0,0,0,0,0,0,0,0,0,0,0,0,0,0,0,0,,0,8/30/2025,0,0,0,0,0,0,0,0,0,0,0,0,0,0,0,0,,,,,,,,,,,3,3, ,0,0,0,0,3,0, ,41,0,0,Open,SHEDD ,OR,973770047
cif_cust_id_14078,loan_id_2348,Commercial,250000,906.25,7.25,5/6/2026,5/6/2026,0,0,0,5/6/2026,branch_id_05,11,M024,Monthly,0,Int Only,Y,24,530,0,250000,250000,Revolving,0,1560.76,1560.76,38498.67,5689.24,1157.99,1,officer_id_069,5/8/2024,5/6/2024,5/8/2024,6/6/2024,,4/5/2026,0,,250906.25,No Prepayment Penatly,0,WSJ Prime,,0000,365/360,9,6.75,8.5,0,,,0.5,0,0,5.25,0,0,1,0.05,0,9999999.99,0,0,0,0,0,0,0,0,0,0,0,0,0,0,0,0,0,0,0,0,0,0,0,0,0,,0,7/6/2024,0,0,0,0,0,0,0,0,0,0,0,0,0,0,0,0,,,,,,,,,,,3,3, ,0,0,0,0,999999,0, ,41,0,0,Open,MEDFORD ,OR,975049185
cif_cust_id_20288,loan_id_2353,Commercial,385335.49,673.14,4.49,5/10/2026,6/10/2045,2515.92,0,0,,branch_id_10,22,M300,Monthly,0,Reg P&I, ,0,170,450000,0,450000,Installment,1021.45,1494.47,1494.47,111449.89,5461.86,1107.01,230,officer_id_020,6/11/2020,6/10/2020,6/11/2020,7/10/2020,11/23/2022,4/9/2026,154,,386162.63,% of Current Balance,0,Fixed,, ,365/360,4.49,0,4.49,0,,,0,0,0,0,0,0,1,0.05,0,9999999.99,0,0,0,0,0,0,0,0,0,0,0,0,0,0,0,0,0,0,0,0,0,0,0,0,0,,0,1/10/2026,0,0,0,0,0,0,0,0,0,0,0,0,0,0,0,0,,,,,,,,,,,3,3, ,0,0,0,0,999999,0,X ,41,0,0,Open,GRANTS PASS ,OR,975279475
cif_cust_id_00340,loan_id_2367,Commercial,156018.03,56.82,4.37,5/21/2026,6/21/2046,1656.25,0,0,,branch_id_03,22,M300,Monthly,0,Reg P&I,N,0,170,300000,0,300000,Installment,2956.41,598.22,598.22,50796.29,2233.64,442.77,242,officer_id_032,6/21/2021,6/21/2021,6/21/2021,7/21/2021,,4/20/2026,323,,157958.03,% of Current Balance,1560.18,FHLB 5_YR,6/21/2026,M060,365/360,4.37,0,2.95,0,,6/21/2026,2.95,0,0,4.37,0,0,1,0.05,0,9999999.99,0,0,0,0,0,0,0,0,0,0,0,0,0,0,0,0,0,0,0,0,0,0,0,0,0,,0,3/21/2026,0,0,0,0,0,0,0,0,0,0,0,0,0,0,0,0,,,,,,,,,,,3,3, ,0,0,0,0,113400,0,X500 ,41,0,0,Open,DAMASCUS ,OR,970898736
cif_cust_id_00016,loan_id_0003,Commercial,632930.2,1325.34,6.85,5/13/2026,1/13/2046,4919.13,0,0,,branch_id_10,28,M300,Monthly,0,Reg P&I,N,0,140,731500,0,731500,Installment,1177.14,3741.99,3741.99,147275.19,13047.54,2773.85,237,officer_id_020,1/14/2021,1/13/2021,1/14/2021,2/13/2021,,4/12/2026,154,,640738.84,% of Current Balance,6329.3,FHLB 5_YR,1/13/2031,M060,365/360,3.92,3.84,0.87,0,,1/13/2031,3.013,0,0,3.92,0,0,1,0.05,0,9999999.99,0,0,0,0,0,0,0,0,0,0,0,0,0,0,0,0,0,0,0,0,0,0,0,0,0,,0,12/13/2025,0,0,0,0,0,0,0,0,0,0,0,0,0,0,0,0,,,,,,,,,,,4,4, ,3992.44,0,0,0,92460,0,X ,41,0,0,Open,GRANTS PASS ,OR,975262814
cif_cust_id_00017,loan_id_0005,Commercial,1435595.52,1094.24,3.92,5/17/2026,5/17/2047,8412.9,0,0,5/17/2047,branch_id_10,35,M312,Monthly,0,Reg P&I,Y,312,160,0,0,1597500,Installment,3554.97,4857.93,4857.93,248615.88,17762.21,3601.56,257,officer_id_020,5/19/2021,5/17/2021,5/19/2021,6/17/2021,,4/16/2026,154,,1436843.76,No Prepayment Penatly,0,FHLB 5_YR,5/17/2026,M060,365/360,3.92,0,1.1,0,,5/17/2026,2.6,0,0,3.92,0,0,1,0.05,0,9999999.99,0,0,0,0,0,0,0,0,0,0,0,0,0,0,0,0,0,0,0,0,0,0,0,0,0,,0,1/17/2026,0,0,0,0,0,0,0,0,0,0,0,0,0,0,0,0,,,,,,,,,,,4,4, ,10210,0,0,0,213600,0,X ,41,0,0,Open,GRANTS PASS ,OR,975262814
cif_cust_id_00021,loan_id_0006,Commercial,588451.14,1053.81,7.17,5/15/2026,1/15/2050,4345.02,0,0,,branch_id_03,22,M300,Monthly,0,Reg P&I, ,0,170,600000,0,600000,Installment,709,3636.02,3636.02,53626.44,13277.63,2696.35,285,officer_id_032,1/17/2025,1/15/2025,1/17/2025,2/15/2025,,4/14/2026,154,,607312.48,% of Current Balance,17653.53,FHLB 3_YR,1/15/2028,M036,365/360,7.17,0,4.55,0,,1/15/2028,3.05,0,0,6.169,0,0,1,0.05,0,9999999.99,0,0,0,0,0,0,0,0,0,0,0,0,0,0,0,0,0,0,0,0,0,0,0,0,0,,0,2/15/2026,0,0,0,0,1,0,0,0,0,0,0,0,0,0,0,0,,,,,,,,,,,4,4, ,631.2,0,0,0,999999,0,X ,41,0,0,Open,ASHLAND ,OR,975202329
cif_cust_id_00072,loan_id_0018,Commercial,163570.6,_65.95,7.15,5/26/2026,1/26/2051,1192.89,0,0,,branch_id_03,22,M300,Monthly,0,Reg P&I, ,0,170,165000,0,165000,Installment,980.2,1012.69,1012.69,2949.27,2883.32,751.09,297,officer_id_032,1/30/2026,1/26/2026,1/30/2026,2/26/2026,,4/25/2026,154,,168565.76,% of Current Balance,4907.11,FHLB 3_YR,1/26/2029,M036,365/360,7.15,0,3.75,0,,1/26/2029,3.61,0,0,6.15,0,0,1,0.05,0,9999999.99,0,0,0,0,0,0,0,0,0,0,0,0,0,0,0,0,0,0,0,0,0,0,0,0,0,,0,2/26/2026,0,0,0,0,0,0,0,0,0,0,0,0,0,0,0,0,,,,,,,,,,,4,4, ,891.32,0,0,0,0,0,X ,41,0,0,Open,ASHLAND ,OR,975209332
cif_cust_id_00082,loan_id_0023,Commercial,600762.3,3170.7,7.04,4/28/2026,7/28/2055,4081.57,0,0,,branch_id_10,35,M360,Monthly,0,Reg P&I, ,0,160,605000,0,605000,Installment,789.83,3291.74,3291.74,28414.86,13290.58,2700.49,352,officer_id_020,7/30/2025,7/28/2025,7/30/2025,8/28/2025,,3/27/2026,154,,622109.86,% of Current Balance,18022.86,FHLB 5_YR,7/28/2030,M060,365/360,7.04,0,3.97,0,,7/28/2030,3.125,0,0,6.035,0,0,1,0.05,0,9999999.99,0,0,0,0,0,0,0,0,0,0,0,0,0,204.08,0,0,0,0,0,0,0,0,0,0,0,,204.08,3/28/2026,204.08,0,0,2,2,1,0,0,0,0,0,0,0,0,0,0,,,,,,,,,,,4,4, ,2160.41,0,0,0,0,0,X500* ,41,0,0,Open,GRANTS PASS ,OR,975268841
cif_cust_id_00165,loan_id_0030,Commercial,368530.61,1254.54,6.45,5/5/2026,4/5/2033,5515.68,0,0,,Branch Not Assigned,39,M084,Monthly,1,Reg P&I, ,0,510,372046.54,0,372046.54,Installment,3515.93,1999.75,1999.75,1999.75,3254.29,1521.17,83,officer_id_047,3/17/2026,3/5/2026,3/5/2026,4/5/2026,,4/4/2026,0,,369785.15,No Prepayment Penatly,0,Fixed,, ,30/360 Am Sch,6.45,0,6.45,0,,,0,0,0,0,0,0,0,0,0,0,0,0,0,0,0,0,0,0,0,0,0,0,0,0,0,0,0,0,0,0,0,0,0,0,0,,0,,0,0,0,0,0,0,0,0,0,0,0,0,0,0,0,0,,,,,,,,,,,4,4, ,0,0,0,0,505762,32.67, ,08,0,0,Open,SYRACUSE ,NY,132041425
cif_cust_id_00174,loan_id_0033,Commercial,130774.62,116.23,8,5/20/2026,12/20/2031,2398.19,0,0,,Branch Not Assigned,39,M083,Monthly,1,Reg P&I, ,0,510,152493.68,0,152493.68,Installment,1516.25,881.94,881.94,14253.79,3369.64,674.81,68,officer_id_047,2/7/2025,1/20/2025,1/20/2025,2/20/2025,,4/19/2026,0,,130890.85,No Prepayment Penatly,0,Fixed,, ,30/360 Am Sch,8,0,8,0,,,0,0,0,0,0,0,0,0,0,0,0,0,0,0,0,0,0,0,0,0,0,0,0,0,0,0,0,0,0,0,0,0,0,0,0,,0,12/20/2025,0,0,0,0,0,0,0,0,0,0,0,0,0,0,0,0,,,,,,,,,,,4,4, ,0,0,0,0,306678,44.13, ,04,0,0,Open,SYRACUSE ,NY,132041425
cif_cust_id_00222,loan_id_0041,Commercial,59985.04,296.99,7.75,5/1/2026,8/1/2033,895.74,0,0,,Branch Not Assigned,39,M095,Monthly,1,Reg P&I, ,0,510,63453.2,0,63453.2,Installment,505.07,390.67,390.67,2802.02,1478.71,297.01,88,officer_id_047,9/9/2025,9/1/2025,9/1/2025,10/1/2025,,3/31/2026,0,,60282.03,No Prepayment Penatly,0,Fixed,, ,30/360 Am Sch,7.75,0,7.75,0,,,0,0,0,0,0,0,0,0,0,0,0,0,0,0,0,0,0,0,0,0,0,0,0,0,0,0,0,0,0,0,0,0,0,0,0,,0,11/1/2025,0,0,0,0,0,0,0,0,0,0,0,0,0,0,0,0,,,,,,,,,,,4,4, ,0,0,0,0,227206,5.63, ,36,0,0,Open,SYRACUSE ,NY,132041425
cif_cust_id_00256,loan_id_0044,Commercial,316287.08,1943.22,9.75,5/1/2026,10/1/2034,4664.13,0,0,,Branch Not Assigned,13,M120,Monthly,0,Reg P&I, ,0,510,351000,0,351000,Installment,2873.77,1790.36,1790.36,52486.59,9658.69,1943.22,102,officer_id_059,10/4/2024,10/1/2024,10/4/2024,11/1/2024,,3/31/2026,323,,318553.3,No Prepayment Penatly,0,WSJ Prime,7/1/2026,M003,365/365,11.5,6.75,8.5,0,,7/1/2026,3,0,0,0,0,0,1,0.05,0,9999999.99,0,0,0,0,0,0,0,0,0,0,0,0,0,0,0,0,0,0,0,0,0,0,0,0,0,,0,3/1/2026,0,0,0,1,0,0,0,0,0,0,0,0,0,0,0,0,,,,,,,,,,,4,4,P,1336.77,0,0,0,999999,0,X ,41,75,0,Open,MEDFORD ,OR,975046107
cif_cust_id_00256,loan_id_0045,Commercial,237215.3,1307.93,8.75,5/1/2026,10/1/2034,3305.5,0,0,,Branch Not Assigned,13,M120,Monthly,2,Reg P&I, ,0,510,263250,0,263250,Installment,2155.33,1205.05,1205.05,35619.62,6501.04,1307.93,102,officer_id_059,10/23/2024,10/1/2024,10/23/2024,11/1/2024,,3/31/2026,0,,238523.23,No Prepayment Penatly,0,WSJ Prime,7/1/2026,M003,365/365,10.5,6.75,8,0,,7/1/2026,2,0,0,0,0,0,0,0.05,0,9999999.99,0,0,0,0,0,0,0,0,0,0,0,0,0,0,0,0,0,0,0,0,0,0,0,0,0,,0,3/1/2026,0,0,0,1,0,0,0,0,0,0,0,0,0,0,0,0,,,,,,,,,,,4,4,P,6054.8,0,0,0,0,0, ,41,100,0,Open,MEDFORD ,OR,975046107
cif_cust_id_00268,loan_id_0051,Commercial,48336.08,247.05,8,5/1/2026,2/1/2032,866.38,0,0,,Branch Not Assigned,39,M084,Monthly,1,Reg P&I, ,0,510,55586.3,0,55586.3,Installment,540.53,325.85,325.85,4879.1,1235.3,247.05,70,officer_id_047,2/7/2025,2/1/2025,2/1/2025,3/1/2025,,3/31/2026,0,,48583.13,No Prepayment Penatly,0,Fixed,, ,30/360 Am Sch,8,0,8,0,,,0,0,0,0,0,0,0,0,0,0,0,0,0,0,0,0,0,0,0,0,0,0,0,0,0,0,0,0,0,0,0,0,0,0,0,,0,11/1/2025,0,0,0,0,0,0,0,0,0,0,0,0,0,0,0,0,,,,,,,,,,,4,4, ,0,0,0,0,339014,15.71, ,48,0,0,Open,SYRACUSE ,NY,132041425
cif_cust_id_16992,loan_id_0054,Commercial,19665.25,27.66,5.63,5/15/2026,9/10/2029,528.37,0,0,,Branch Not Assigned,39,M084,Monthly,1,Reg P&I, ,0,510,36611.44,0,36611.44,Installment,434.07,94.3,94.3,5796.82,363.48,71.68,41,officer_id_047,9/20/2022,9/10/2022,9/10/2022,10/10/2022,,4/14/2026,0,,19692.91,No Prepayment Penatly,0,Fixed,, ,30/360 Am Sch,5.63,0,5.63,0,,,0,0,0,0,0,0,0,0,0,0,0,0,0,0,0,0,0,0,0,0,0,0,0,0,0,0,0,0,0,0,0,0,0,0,0,,0,2/15/2026,0,0,0,0,0,0,0,0,0,0,0,0,0,0,0,0,,,,,,,,,,,4,4, ,0,0,0,0,153231,0, ,48,0,0,Open,Syracuse ,NY,132041425
cif_cust_id_00317,loan_id_0059,Commercial,2771469.13,3366.88,6.25,5/17/2026,3/17/2051,18465.76,0,0,,branch_id_03,22,M317,Monthly,0,Reg P&I, ,0,190,0,0,2775000,Installment,3530.87,14934.89,14934.89,231085.32,67442.39,11075.21,298,officer_id_032,11/6/2024,10/17/2024,11/1/2024,11/17/2024,3/17/2026,4/16/2026,308,,2830573.39,% of Current Balance,55429.38,FHLB 3_YR,3/17/2029,M036,365/360,9,7.5,8,0,,3/17/2029,2.75,0,0,5.25,0,0,1,0.05,0,9999999.99,0,0,0,0,0,0,0,0,0,0,0,0,0,0,0,0,0,0,0,0,0,0,0,0,0,,0,1/17/2026,0,0,0,0,1,0,0,0,0,0,0,0,0,0,0,0,,,,,,,,,,,4,4, ,29081.19,0,0,0,999999,0,X ,41,0,0,Open,CENTRAL POINT ,OR,975023379
cif_cust_id_00364,loan_id_0067,Commercial,54163.35,191.83,7.5,5/7/2026,3/7/2030,1344.2,0,0,,branch_id_02,10,M060,Monthly,0,Reg P&I, ,0,510,66898,0,66898,Installment,988.02,356.18,356.18,4739.95,1317.35,260.76,47,officer_id_064,3/28/2025,3/7/2025,3/27/2025,4/7/2025,,4/6/2026,30,,54385.18,No Prepayment Penatly,0,Fixed,, ,365/360,7.5,0,7.5,0,,,0,0,0,0,0,0,1,0.05,0,9999999.99,0,0,0,0,0,0,0,0,0,0,0,0,0,0,0,0,0,0,0,0,0,0,0,0,0,,0,3/7/2026,0,0,0,0,0,0,0,0,0,0,0,0,0,0,0,0,,,,,,,,,,,4,4, ,0,0,0,0,999999,0, ,41,0,0,Open,TANGENT ,OR,973899799
cif_cust_id_00468,loan_id_0072,Commercial,299966.98,752.42,6.45,5/10/2026,4/10/2033,4489.51,0,0,,Branch Not Assigned,39,M084,Monthly,1,Reg P&I, ,0,510,302828.79,0,302828.79,Installment,2861.81,1627.7,1627.7,1627.7,2380.12,1240.73,83,officer_id_047,3/18/2026,3/10/2026,3/10/2026,4/10/2026,,4/9/2026,0,,300719.4,No Prepayment Penatly,0,Fixed,, ,30/360 Am Sch,6.45,0,6.45,0,,,0,0,0,0,0,0,0,0,0,0,0,0,0,0,0,0,0,0,0,0,0,0,0,0,0,0,0,0,0,0,0,0,0,0,0,,0,,0,0,0,0,0,0,0,0,0,0,0,0,0,0,0,0,,,,,,,,,,,4,4, ,0,0,0,0,659949,32.5, ,04,0,0,Open,SYRACUSE ,NY,132041425
cif_cust_id_00480,loan_id_0073,Commercial,516235.36,16375.31,6.9,5/11/2026,1/11/2041,4695.96,0,0,,branch_id_10,22,M180,Monthly,0,Reg P&I, ,0,190,1907000,0,1907000,Installment,1623.06,3072.9,3072.9,533429.12,9723.36,2276.36,177,officer_id_069,2/11/2016,2/11/2016,2/11/2016,2/11/2026,2/10/2026,11/9/2025,154,,548251.73,% of Current Balance,15487.06,FHLB 5_YR,1/11/2031,M060,365/360,6.9,0,3.79,0,,1/11/2031,3.07,0,0,5.9,0,0,1,0.05,0,9999999.99,0,0,0,0,0,0,0,0,0,0,0,0,0,0,0,0,0,0,0,0,0,0,0,0,15091.51,,0,2/11/2026,0,0,0,0,0,0,0,0,0,0,0,0,0,0,0,0,,,,,,,,,,,4,4, ,0,0,0,0,999999,0,X ,41,0,0,Open,GRANTS PASS ,OR,975263405
cif_cust_id_00559,loan_id_0077,Commercial,161405.42,876.52,8.5,5/1/2026,4/1/2030,3978.37,0,0,,Branch Not Assigned,39,M082,Monthly,1,Reg P&I, ,0,510,246802.03,0,246802.03,Installment,2815.14,1163.23,1163.23,49867.97,4425.46,876.52,48,officer_id_047,6/30/2023,6/1/2023,6/1/2023,7/1/2023,,3/31/2026,0,,162281.94,No Prepayment Penatly,0,Fixed,, ,30/360 Am Sch,8.5,0,8.5,0,,,0,0,0,0,0,0,0,0,0,0,0,0,0,0,0,0,0,0,0,0,0,0,0,0,0,0,0,0,0,0,0,0,0,0,0,,0,11/1/2025,0,0,0,0,0,0,0,0,0,0,0,0,0,0,0,0,,,,,,,,,,,4,4, ,0,0,0,0,999999,4.5, ,24,0,0,Open,Syracuse ,NY,132041425
cif_cust_id_00662,loan_id_0082,Commercial,0,0,6.25,3/5/2026,2/5/2027,0,0,0,2/5/2027,branch_id_10,11,M012,Monthly,0,Int Only,Y,12,530,0,200000,200000,Revolving,0,0,0,5.31,0,0,12,officer_id_069,2/5/2020,2/5/2020,2/5/2020,3/5/2022,2/5/2026,,15,,15,No Prepayment Penatly,0,WSJ Prime,,0000,365/360,3.98,6.75,3.98,0,,,_0.5,0,0,4,0,0,1,0.05,0,9999999.99,0,0,0,0,0,0,0,0,0,0,0,0,0,0,0,0,0,0,0,0,0,0,0,0,0,,0,,0,0,0,0,0,0,0,0,0,0,0,0,0,0,0,0,,,,,,,,,,,4,3+, ,0,0,0,0,999999,0, ,41,0,0,Open,WHITE CITY ,OR,975031923
cif_cust_id_00677,loan_id_0088,Commercial,1024120.09,304.11,5.35,5/22/2026,1/22/2049,6499.65,0,0,1/22/2049,Branch Not Assigned,22,M318,Monthly,0,Reg P&I,Y,300,170,0,0,1066400,Installment,1777.82,4721.83,4721.83,150510.35,17256.81,3502.77,273,officer_id_027,7/26/2022,7/22/2022,7/22/2022,8/22/2022,2/14/2024,4/21/2026,154,,1034819.4,% of Current Balance,10241.2,FHLB 5_YR,7/22/2027,M060,365/360,5.35,0,3.46,0,,7/22/2027,2.21,0,0,5.345,0,0,1,0.05,0,9999999.99,0,0,0,0,0,0,0,0,0,0,0,0,0,0,0,0,0,0,0,0,0,0,0,0,0,,0,11/22/2025,0,0,0,0,0,0,0,0,0,0,0,0,0,0,0,0,,,,,,,,,,,4,4, ,6290.17,0,0,0,999999,0,X* ,41,0,0,Open,MEDFORD ,OR,975049852
cif_cust_id_00677,loan_id_0089,Commercial,166289.08,98.76,5.35,5/20/2026,5/20/2047,1105.16,0,0,,Branch Not Assigned,28,M300,Monthly,0,Reg P&I, ,0,140,181300,0,181300,Installment,338.24,766.92,766.92,36931.6,2803.55,568.81,253,officer_id_027,5/23/2022,5/20/2022,5/23/2022,6/20/2022,,4/19/2026,154,,168204.73,% of Current Balance,1662.89,FHLB 5_YR,5/20/2027,M060,365/360,5.76,0,3.23,0,,5/20/2027,2.53,0,0,5.345,0,0,1,0.05,0,9999999.99,0,0,0,0,0,0,0,0,0,0,0,0,0,0,0,0,0,0,0,0,0,0,0,0,0,,0,12/20/2025,0,0,0,0,0,0,0,0,0,0,0,0,0,0,0,0,,,,,,,,,,,4,4, ,0,0,0,0,27000,0,C ,41,0,0,Open,MEDFORD ,OR,975019637
cif_cust_id_01279,loan_id_0092,Commercial,268133.39,_3.25,7.15,5/1/2026,10/20/2034,3515.58,0,0,,Branch Not Assigned,39,M143,Monthly,1,Reg P&I, ,0,510,337718.12,0,337718.12,Installment,1906.59,1608.99,1608.99,74554.05,6085.63,1224.85,102,officer_id_047,11/14/2022,10/20/2022,11/20/2022,12/20/2022,,4/23/2026,0,,268130.14,No Prepayment Penatly,0,Fixed,, ,30/360 Am Sch,7.15,0,7.15,0,,,0,0,0,0,0,0,0,0,0,0,0,0,0,0,0,0,0,0,0,0,0,0,0,0,0,0,0,0,0,0,0,0,0,0,0,,0,11/1/2025,0,0,0,0,0,0,0,0,0,0,0,0,0,0,0,0,,,,,,,,,,,4,4, ,0,0,0,0,246039,0, ,47,0,0,Open,Syracuse ,NY,132041425
cif_cust_id_14055,loan_id_0101,Commercial,214176.37,773.88,8.14,5/8/2026,12/8/2043,1939.08,0,0,,branch_id_10,22,M240,Monthly,0,Reg P&I, ,0,170,227500,0,227500,Installment,435.95,1503.13,1503.13,42249.93,5491.6,1113.35,212,officer_id_020,12/14/2023,12/8/2023,12/14/2023,1/8/2024,,4/7/2026,154,,217246.01,% of Current Balance,2141.76,FHLB 5_YR,12/8/2028,M060,365/360,8.14,0,4.34,0,,12/8/2028,3.125,0,0,7.135,0,0,1,0.05,0,9999999.99,0,0,0,0,0,0,0,0,0,0,0,0,0,0,0,0,0,0,0,0,0,0,0,0,0,,0,2/8/2026,0,0,0,2,0,0,0,0,0,0,0,0,0,0,0,0,,,,,,,,,,,4,4, ,1343.79,0,0,0,449334,0,X ,41,0,0,Open,GRANTS PASS ,OR,975279254
cif_cust_id_01161,loan_id_0112,Commercial,628967.24,418.57,5.99,5/20/2026,9/20/2034,7943.75,0,0,,Branch Not Assigned,39,M144,Monthly,1,Reg P&I, ,0,510,814465.59,0,814465.59,Installment,4780.29,3163.46,3163.46,156082.9,12028.5,2422.13,101,officer_id_047,9/30/2022,9/20/2022,9/20/2022,10/20/2022,,4/19/2026,0,,629385.81,No Prepayment Penatly,0,Fixed,, ,30/360 Am Sch,5.99,0,5.99,0,,,0,0,0,0,0,0,0,0,0,0,0,0,0,0,0,0,0,0,0,0,0,0,0,0,0,0,0,0,0,0,0,0,0,0,0,,0,12/20/2025,0,0,0,0,0,0,0,0,0,0,0,0,0,0,0,0,,,,,,,,,,,4,4, ,0,0,0,0,975617,0, ,36,0,0,Open,Syracuse ,NY,132041425
cif_cust_id_12925,loan_id_0114,Commercial,154013.65,412.66,6.89,5/10/2026,5/10/2033,2294.99,0,0,,Branch Not Assigned,39,M107,Monthly,1,Reg P&I, ,0,510,183090.53,0,183090.53,Installment,1402.64,892.35,892.35,21412.9,3388.57,680.38,85,officer_id_047,7/5/2024,6/10/2024,6/10/2024,7/10/2024,,4/9/2026,0,,154426.31,No Prepayment Penatly,0,Fixed,, ,30/360 Am Sch,6.89,0,6.89,0,,,0,0,0,0,0,0,0,0,0,0,0,0,0,0,0,0,0,0,0,0,0,0,0,0,0,0,0,0,0,0,0,0,0,0,0,,0,1/10/2026,0,0,0,0,0,0,0,0,0,0,0,0,0,0,0,0,,,,,,,,,,,4,4, ,0,0,0,0,163262,0, ,39,0,0,Open,SYRACUSE ,NY,132041425
cif_cust_id_01206,loan_id_0117,Commercial,3836504.42,13045.09,7.2,5/7/2026,5/7/2046,31495.3,16211.28,0,,branch_id_03,22,M300,Monthly,0,Reg P&I, ,0,190,0,0,5000000,Installment,7662.15,23833.15,23833.15,1477951.86,87039.83,17656.8,241,officer_id_032,11/8/2019,11/7/2019,11/8/2019,12/7/2019,11/26/2025,4/6/2026,323,,3849872.51,% of Current Balance,0,FHLB 5_YR,11/7/2029,M060,365/360,4.95,4.29,2.04,0,,11/7/2029,2.912,0,0,4.952,0,96724.31,1,0.05,0,9999999.99,0,0,0,0,0,0,0,0,0,0,0,0,0,0,0,0,0,0,0,0,0,0,0,0,0,,0,4/7/2026,0,0,0,0,0,0,0,0,0,0,0,0,0,0,0,0,,,,,,,,,,,4,4, ,19257.17,0,0,0,999999,0,X ,41,0,0,Open,ASHLAND ,OR,975203777
cif_cust_id_01206,loan_id_0119,Commercial,985566.89,1172.82,7.14,5/18/2026,8/18/2051,0,0,0,,branch_id_03,20,M318,Monthly,0,Int Only, ,0,110,0,1425000,1105000,Non _ Revolving,0,6194.32,6194.32,29488.64,20943.12,4495.83,311,officer_id_032,2/21/2025,2/18/2025,2/21/2025,3/18/2025,11/26/2025,4/17/2026,169,,1016475.71,% of Current Balance,29567,FHLB 3_YR,2/18/2028,M036,365/360,7.14,0,4.39,0,,2/18/2028,2.87,0,0,6.14,0,0,1,0.05,0,9999999.99,0,0,0,0,0,0,0,0,0,0,0,0,0,0,0,0,0,0,0,0,0,0,0,0,0,,0,4/18/2026,0,0,0,0,0,0,0,0,0,0,0,0,0,0,0,0,,,,,,,,,,,4,4, ,9534.62,0,0,0,999999,0,X ,41,0,0,Open,ASHLAND ,OR,975203777
cif_cust_id_01268,loan_id_0129,Commercial,276020.92,362.38,4.75,5/14/2026,10/14/2041,2112.5,0,0,,branch_id_12,25,M240,Monthly,0,Reg P&I, ,0,140,325000,0,325000,Installment,0,0,0,65095.92,4140.65,837.65,186,officer_id_054,10/21/2021,10/14/2021,10/21/2021,11/14/2021,,4/13/2026,154,,276748.56,No Prepayment Penatly,0,FHLB 5_YR,10/14/2026,M060,365/360,4.75,0,1.42,0,,10/14/2026,3.23,0,0,4.75,0,0,1,0.05,0,9999999.99,0,0,0,0,0,0,0,0,0,0,0,0,0,0,0,0,0,0,0,0,0,0,0,0,0,,0,12/14/2024,0,0,0,0,0,0,0,0,0,0,0,0,0,0,0,0,,,,,,,,,,,4,4, ,0,0,0,0,0,0,C ,41,0,0,Open,KLAMATH FALLS ,OR,976010013
cif_cust_id_01471,loan_id_0159,Commercial,236852.72,481.66,7.32,5/14/2026,6/14/2048,1821.12,0,0,,branch_id_02,22,M300,Monthly,0,Reg P&I, ,0,170,248000,0,248000,Installment,325.91,1495.21,1495.21,50770.8,5459.87,1108.61,266,officer_id_064,6/20/2023,6/14/2023,6/20/2023,7/14/2023,,4/13/2026,154,,239856.9,% of Current Balance,2368.52,FHLB 3_YR,6/14/2026,M036,365/360,7.32,0,4.49,0,,6/14/2026,2.8,0,0,6.32,0,0,1,0.05,0,9999999.99,0,0,0,0,0,0,0,0,0,0,0,0,0,0,0,0,0,0,0,0,0,0,0,0,0,,0,3/14/2026,0,0,0,0,0,0,0,0,0,0,0,0,0,0,0,0,,,,,,,,,,,4,4, ,912.13,0,0,0,999999,0,X ,41,0,0,Open,ALBANY ,OR,973212733
cif_cust_id_01474,loan_id_0160,Commercial,827761.31,_155.43,6.76,5/25/2026,5/1/2037,8905.63,0,0,,Branch Not Assigned,39,M133,Monthly,1,Reg P&I, ,0,510,831980.12,0,831980.12,Installment,4218.81,8417.26,8417.26,8417.26,8261.83,3575.01,132,officer_id_047,3/6/2026,3/1/2026,3/1/2026,4/1/2026,,4/24/2026,0,,827605.88,No Prepayment Penatly,0,Fixed,, ,30/360 Am Sch,6.76,0,6.76,0,,,0,0,0,0,0,0,0,0,0,0,0,0,0,0,0,0,0,0,0,0,0,0,0,0,0,0,0,0,0,0,0,0,0,0,0,,0,,0,0,0,0,0,0,0,0,0,0,0,0,0,0,0,0,,,,,,,,,,,4,4, ,0,0,0,0,999999,0, ,04,0,0,Open,SYRACUSE ,NY,132041425
cif_cust_id_01476,loan_id_0161,Commercial,604507.03,1737.59,6.9,5/9/2026,3/9/2028,5103.19,0,0,3/9/2028,branch_id_12,35,M300,Monthly,0,Reg P&I,Y,120,160,755000,0,755000,Installment,1504.71,3599.29,3599.29,283943.72,13156.37,2667.08,23,officer_id_054,3/9/2018,3/9/2018,3/9/2018,4/9/2018,3/9/2018,4/8/2026,154,,606398.62,% of Current Balance,0,FHLB 5_YR,3/9/2028,M060,365/360,4.89,4.63,2.62,0,,3/9/2028,2.272,0,0,4.892,0,0,1,0.05,0,9999999.99,0,0,0,0,0,0,0,0,0,0,0,0,0,0,0,0,0,0,0,0,0,0,0,0,0,,0,1/9/2024,0,0,0,0,0,0,0,0,0,0,0,0,0,0,0,0,,,,,,,,,,,4,4, ,1270.89,0,0,0,293877,0,C ,41,0,0,Open,KLAMATH FALLS ,OR,976010013
cif_cust_id_01493,loan_id_0167,Commercial,1199733.26,2024.55,6.75,5/15/2026,10/15/2045,9306.08,0,0,,branch_id_05,22,M312,Monthly,0,Reg P&I, ,0,170,0,0,1387500,Installment,2319.15,6986.93,6986.93,437049.06,25530.64,5179.94,236,officer_id_061,10/16/2019,10/15/2019,10/16/2019,11/15/2019,,4/14/2026,154,,1201911.81,% of Current Balance,0,FHLB 5_YR,10/15/2029,M060,365/360,4.78,3.98,1.91,0,,10/15/2029,2.772,0,0,4.782,0,0,1,0.05,0,9999999.99,0,0,0,0,0,0,0,0,0,0,0,0,0,0,0,0,0,0,0,0,0,0,0,0,0,,0,2/15/2026,0,0,0,0,0,0,0,0,0,0,0,0,0,0,0,0,,,,,,,,,,,4,4, ,3555.67,0,0,0,999999,0,X ,41,0,0,Open,EAGLE POINT ,OR,975245551
cif_cust_id_01495,loan_id_0169,Commercial,404288.76,1448.25,4.16,4/24/2026,10/24/2043,2712.94,0,0,,branch_id_03,22,M261,Monthly,0,Reg P&I,N,0,170,495000,0,495000,Installment,0,0,0,166418.03,5303.54,1074.51,211,officer_id_032,10/24/2018,10/24/2018,10/24/2018,2/24/2022,2/24/2022,3/23/2026,154,,409933.89,% of Current Balance,4042.88,FHLB 5_YR,1/24/2027,M060,365/360,5.67,3.27,3.17,0,,1/24/2027,2.5,0,0,4.16,0,0,1,0.05,0,9999999.99,0,0,0,0,0,0,0,0,0,0,0,0,0,0,0,0,0,0,0,0,0,0,0,0,0,,0,1/24/2026,0,0,0,0,0,0,0,0,0,0,0,0,0,0,0,0,,,,,,,,,,,4,3, ,2791.82,0,0,0,999999,0,X500* ,41,0,0,Open,TALENT ,OR,975406671
cif_cust_id_01495,loan_id_0170,Commercial,923579.59,_104.06,4,5/25/2026,6/25/2045,5784.78,0,0,,branch_id_03,35,M284,Monthly,0,Reg P&I, ,0,160,0,0,1089000,Installment,2596.23,3188.55,3188.55,261595.95,11673.76,2365.74,231,officer_id_032,7/1/2019,6/25/2019,7/1/2019,7/25/2019,5/24/2023,4/24/2026,154,,932865.32,% of Current Balance,9235.79,FHLB 5_YR,10/25/2026,M060,365/360,5.01,0,2.12,0,,10/25/2026,2.352,1,1,4,0,0,1,0.05,0,9999999.99,0,0,0,0,0,0,0,0,0,0,0,0,0,0,0,0,0,0,0,0,0,0,0,0,0,,0,9/25/2022,0,0,0,0,0,0,0,0,0,0,0,0,0,0,0,0,,,,,,,,,,,4,4, ,7258.17,0,0,0,999999,0,X ,41,0,0,Open,TALENT ,OR,975406671
cif_cust_id_01495,loan_id_0171,Commercial,312354.57,_109.17,4.17,5/27/2026,12/27/2046,1892.27,0,0,,branch_id_03,28,M300,Monthly,0,Reg P&I,N,0,140,350000,0,350000,Installment,768.6,1123.67,1123.67,60752.61,4112.6,833.86,248,officer_id_032,12/29/2021,12/27/2021,12/29/2021,1/27/2022,,4/26/2026,154,,315522.94,% of Current Balance,3123.54,FHLB 5_YR,12/27/2026,M060,365/360,4.17,1.44,1.44,0,,12/27/2026,2.95,0,0,4.17,0,0,1,0.05,0,9999999.99,0,0,0,0,0,0,0,0,0,0,0,0,0,0,0,0,0,0,0,0,0,0,0,0,0,,0,,0,0,0,0,0,0,0,0,0,0,0,0,0,0,0,0,,,,,,,,,,,4,4, ,0,0,0,0,0,0,X ,41,0,0,Open,TALENT ,OR,975406671
cif_cust_id_01499,loan_id_0172,Commercial,29716.78,106.89,5.63,5/1/2026,9/1/2029,853,0,0,,Branch Not Assigned,39,M084,Monthly,1,Reg P&I, ,0,510,59105.47,0,59105.47,Installment,710.25,142.75,142.75,9290.31,552.1,106.89,41,officer_id_047,9/20/2022,9/1/2022,9/1/2022,10/1/2022,,3/31/2026,0,,29823.67,No Prepayment Penatly,0,Fixed,, ,30/360 Am Sch,5.63,0,5.63,0,,,0,0,0,0,0,0,0,0,0,0,0,0,0,0,0,0,0,0,0,0,0,0,0,0,0,0,0,0,0,0,0,0,0,0,0,,0,11/1/2025,0,0,0,0,0,0,0,0,0,0,0,0,0,0,0,0,,,,,,,,,,,4,4, ,0,0,0,0,101839,0, ,51,0,0,Open,Syracuse ,NY,132041425
cif_cust_id_01537,loan_id_0182,Commercial,296917.05,667.91,5.05,5/8/2026,7/8/2042,2634.17,0,0,,branch_id_12,46,M252,Monthly,0,Reg P&I,N,0,190,0,0,395000,Installment,1334.74,1299.43,1299.43,79767.88,4754.56,960.78,195,officer_id_054,7/16/2021,7/8/2021,7/16/2021,8/8/2021,9/19/2025,4/7/2026,154,,300708.13,% of Current Balance,2969.17,FHLB 5_YR,7/8/2026,M060,365/360,4.84,0,1.19,0,,7/8/2026,3.86,0,0,4.84,0,0,1,0.05,0,9999999.99,0,0,0,0,0,0,0,0,0,0,0,0,0,0,0,0,0,0,0,0,0,0,0,0,0,,131.71,4/8/2026,0,0,0,8,3,0,0,0,0,0,0,0,0,0,0,0,,,,,,,,,,,4,4, ,1574.16,0,0,0,103940,0,X ,41,0,0,Open,KLAMATH FALLS ,OR,976039437
cif_cust_id_00828,loan_id_0183,Commercial,38592.67,29.52,6.89,5/20/2026,10/20/2034,500.96,0,0,,Branch Not Assigned,39,M144,Monthly,1,Reg P&I, ,0,510,48992.36,0,48992.36,Installment,277.78,223.18,223.18,10640.63,848.18,170.89,102,officer_id_047,11/9/2022,10/20/2022,10/20/2022,11/20/2022,,4/19/2026,0,,38622.19,No Prepayment Penatly,0,Fixed,, ,30/360 Am Sch,6.89,0,6.89,0,,,0,0,0,0,0,0,0,0,0,0,0,0,0,0,0,0,0,0,0,0,0,0,0,0,0,0,0,0,0,0,0,0,0,0,0,,0,12/20/2025,0,0,0,0,0,0,0,0,0,0,0,0,0,0,0,0,,,,,,,,,,,4,4, ,0,0,0,0,172877,0, ,06,0,0,Open,Syracuse ,NY,132041425
cif_cust_id_01560,loan_id_0195,Commercial,307064.82,776.94,8,5/1/2026,10/1/2031,5766.11,0,0,,Branch Not Assigned,39,M080,Monthly,1,Reg P&I, ,0,510,356617.65,0,356617.65,Installment,3694.38,2071.73,2071.73,31172.71,7857.86,1569.44,66,officer_id_047,2/7/2025,2/1/2025,2/1/2025,3/1/2025,,4/12/2026,0,,307841.76,No Prepayment Penatly,0,Fixed,, ,30/360 Am Sch,8,0,8,0,,,0,0,0,0,0,0,0,0,0,0,0,0,0,0,0,0,0,0,0,0,0,0,0,0,0,0,0,0,0,0,0,0,0,0,0,,0,11/1/2025,0,0,0,0,0,0,0,0,0,0,0,0,0,0,0,0,,,,,,,,,,,4,4, ,0,0,0,0,999999,18.26, ,08,0,0,Open,SYRACUSE ,NY,132041425
cif_cust_id_01614,loan_id_0201,Commercial,52196.99,114.25,5.63,5/10/2026,9/10/2029,1402.44,0,0,,Branch Not Assigned,39,M084,Monthly,1,Reg P&I, ,0,510,97176.88,0,97176.88,Installment,1152.14,250.3,250.3,15325.03,961.2,189.37,41,officer_id_047,9/20/2022,9/10/2022,9/10/2022,10/10/2022,,4/9/2026,0,,52311.24,No Prepayment Penatly,0,Fixed,, ,30/360 Am Sch,5.63,0,5.63,0,,,0,0,0,0,0,0,0,0,0,0,0,0,0,0,0,0,0,0,0,0,0,0,0,0,0,0,0,0,0,0,0,0,0,0,0,,0,1/10/2026,0,0,0,0,0,0,0,0,0,0,0,0,0,0,0,0,,,,,,,,,,,4,4, ,0,0,0,0,135691,0, ,48,0,0,Open,Syracuse ,NY,132041425
cif_cust_id_01714,loan_id_0212,Commercial,201809.68,449.59,4.01,5/4/2026,3/4/2047,1196.29,0,0,,branch_id_03,35,M300,Monthly,0,Reg P&I,N,0,160,225000,0,225000,Installment,497.71,698.58,698.58,35427.89,2551.26,517.19,251,officer_id_032,3/9/2022,3/4/2022,3/9/2022,4/4/2022,,4/3/2026,154,,204431.36,% of Current Balance,2018.09,FHLB 5_YR,3/4/2027,M060,365/360,4.01,0,2.01,0,,3/4/2027,2.76,0,0,4.01,0,0,1,0.05,0,9999999.99,0,0,0,0,0,0,0,0,0,0,0,0,0,0,0,0,0,0,0,0,0,0,0,0,0,,0,4/4/2026,0,0,0,0,0,0,0,0,0,0,0,0,0,0,0,0,,,,,,,,,,,4,4, ,0,0,0,0,44991,0,X ,41,0,0,Open,TALENT ,OR,975406671
cif_cust_id_01716,loan_id_0213,Commercial,1715828.92,4030.76,5.64,5/9/2026,11/9/2043,12956.61,0,0,,branch_id_03,22,M300,Monthly,0,Reg P&I, ,0,170,3675000,0,3675000,Installment,4601.06,8355.55,8355.55,941743.45,30550.98,6187.03,211,officer_id_032,11/9/2018,11/9/2018,11/9/2018,12/9/2018,7/28/2023,4/8/2026,361,,1737378.96,% of Current Balance,17158.28,FHLB 5_YR,12/9/2030,M060,365/360,5.82,3.32,3.59,0,,12/9/2030,2.323,0,0,4.25,0,0,1,0.05,0,9999999.99,0,0,0,0,0,0,0,0,0,0,0,0,0,0,0,0,0,0,0,0,0,0,0,0,0,,0,12/9/2025,0,0,0,0,0,0,0,0,0,0,0,0,0,0,0,0,,,,,,,,,,,4,5, ,2628.18,0,0,0,999999,0,X500* ,41,0,0,Open,JACKSONVILLE ,OR,975309297
cif_cust_id_01777,loan_id_0219,Commercial,6108747.89,17553.32,6.09,5/7/2026,4/7/2049,41495.11,0,0,,branch_id_05,22,M312,Monthly,0,Reg P&I, ,0,170,0,6302000,6302000,Revolving,9093.56,33268.31,33268.31,852142.9,120785.16,23992.35,276,officer_id_040,4/10/2023,4/7/2023,4/10/2023,5/7/2023,7/7/2024,4/6/2026,323,,6126624.21,No Prepayment Penatly,0,FHLB 3_YR,4/7/2029,M036,365/360,6.82,3.96,4.33,0,,4/7/2029,2.125,0,0,5.315,0,0,1,0.05,0,9999999.99,0,0,0,0,0,0,0,0,0,0,0,0,0,0,0,0,0,0,0,0,0,0,0,0,0,,0,3/7/2026,0,0,0,0,0,0,0,0,0,0,0,0,0,0,0,0,,,,,,,,,,,4,4, ,0,_32876.46,0,0,999999,0,X ,41,0,0,Open,MEDFORD ,OR,975012202
cif_cust_id_01778,loan_id_0220,Commercial,0,0,7.75,5/23/2026,5/23/2026,0,0,0,5/23/2026,branch_id_05,11,M024,Monthly,0,Int Only,Y,24,530,0,400000,400000,Revolving,0,0,0,79.17,0,0,23,officer_id_040,5/25/2023,5/23/2023,5/25/2023,6/23/2023,5/21/2024,,15,,15,No Prepayment Penatly,0,WSJ Prime,,0000,365/360,9.25,6.75,8.25,0,,,1,0,0,5,0,0,1,0.05,0,9999999.99,0,0,0,0,0,0,0,0,0,0,0,0,0,0,0,0,0,0,0,0,0,0,0,0,0,,0,5/23/2024,0,0,0,0,0,0,0,0,0,0,0,0,0,0,0,0,,,,,,,,,,,4,3, ,0,0,0,0,999999,0, ,41,0,0,Open,MEDFORD ,OR,975012202
cif_cust_id_00386,loan_id_0240,Commercial,192269.09,419.62,8.73,5/15/2026,8/15/2030,3768.38,0,0,,Branch Not Assigned,39,M084,Monthly,1,Reg P&I, ,0,510,259699.9,0,259699.9,Installment,2352.51,1415.87,1415.87,53157.35,5402.45,1080.36,52,officer_id_047,8/28/2023,8/15/2023,8/15/2023,9/15/2023,,4/14/2026,0,,192688.71,No Prepayment Penatly,0,Fixed,, ,30/360 Am Sch,8.73,0,8.73,0,,,0,0,0,0,0,0,0,0,0,0,0,0,0,0,0,0,0,0,0,0,0,0,0,0,0,0,0,0,0,0,0,0,0,0,0,,0,2/15/2026,0,0,0,0,0,0,0,0,0,0,0,0,0,0,0,0,,,,,,,,,,,4,4, ,0,0,0,0,313299,0, ,17,0,0,Open,Syracuse ,NY,132041425
cif_cust_id_02217,loan_id_0270,Commercial,500000,1222.22,8,5/13/2026,7/13/2026,0,0,0,7/13/2026,branch_id_03,11,M012,Monthly,0,Int Only,Y,12,530,0,500000,500000,Revolving,0,3444.44,3444.44,97037.07,11800,2555.55,3,officer_id_032,3/13/2020,3/13/2020,3/13/2020,4/13/2020,7/17/2025,4/12/2026,15,,501237.22,No Prepayment Penatly,0,WSJ Prime,,0000,365/360,5.75,6.75,4.25,0,,,1.25,0,0,5.75,0,0,1,0.05,0,9999999.99,0,0,0,0,0,0,0,0,0,0,0,0,0,0,0,0,0,0,0,0,0,0,0,0,0,,243.44,2/13/2026,0,0,0,2,1,0,0,0,0,0,0,0,0,0,0,0,,,,,,,,,,,4,4, ,0,0,0,0,999999,0, ,41,0,0,Open,ASHLAND ,OR,975200301
cif_cust_id_02260,loan_id_0277,Commercial,40255.66,162.43,0.5,5/1/2026,5/8/2044,220.66,0,0,5/8/2044,branch_id_10,10,M360,Monthly,1,Reg P&I,Y,265,510,45997.42,0,45997.42,Installment,120.8,16.82,16.82,882.96,63.48,12.86,216,officer_id_020,3/2/2022,3/2/2022,4/1/2022,5/1/2022,,7/6/2025,0,,40418.09,No Prepayment Penatly,0,Fixed,, ,30/360 Curr Bal,4.04,0,4.04,0,,,0,0,0,0,0,0,0,0,0,0,0,0,0,0,0,0,0,0,0,0,0,0,0,0,0,0,0,0,0,0,0,0,0,0,0,,0,4/1/2026,0,0,0,0,6,6,0,0,0,0,0,0,0,0,0,0,,,,,,,,,,,4,4,A,0,0,0,0,0,0,A ,41,0,0,Open,ENTERPRISE ,OR,978281331
cif_cust_id_02261,loan_id_0279,Commercial,2154739.74,5359.25,3.9,5/1/2026,11/19/2047,13654.62,0,0,,branch_id_05,35,M318,Monthly,0,Reg P&I, ,0,160,2600000,0,2600000,Installment,0,0,0,439592.23,26583.17,5362.01,260,officer_id_040,5/20/2021,5/19/2021,5/20/2021,7/1/2021,,3/31/2026,154,,2160252.99,No Prepayment Penatly,0,FHLB 5_YR,6/1/2026,M060,365/360,3.9,0,1.17,0,,6/1/2026,2.813,0,0,3.895,0,0,1,0.05,0,9999999.99,0,0,0,0,0,0,0,0,0,0,0,0,0,0,0,0,0,0,0,0,0,0,0,0,0,,0,12/1/2025,0,0,0,0,1,0,0,0,0,0,0,0,0,0,0,0,,,,,,,,,,,4,4, ,22421.14,0,0,0,221909,0,X ,41,0,0,Open,EAGLE POINT ,OR,975244528
cif_cust_id_02356,loan_id_0287,Commercial,763758.69,1734.24,6.81,5/12/2026,3/12/2044,6203.26,0,0,,branch_id_05,22,M300,Monthly,0,Reg P&I, ,0,170,900000,0,900000,Installment,1713.08,4490.18,4490.18,356134.39,16408.75,3327.53,215,officer_id_061,3/12/2019,3/12/2019,3/12/2019,4/12/2019,,4/11/2026,154,,765646.93,% of Current Balance,0,FHLB 5_YR,3/12/2029,M060,365/360,5.59,4.24,0,0,,3/12/2029,2.572,0,0,5.592,0,0,1,0.05,0,9999999.99,0,0,0,0,0,0,0,0,0,0,0,0,0,0,0,0,0,0,0,0,0,0,0,0,0,,0,10/12/2025,0,0,0,0,0,0,0,0,0,0,0,0,0,0,0,0,,,,,,,,,,,4,4, ,2274.33,0,0,0,316600,0,X ,41,0,0,Open,MEDFORD ,OR,975017225
cif_cust_id_02361,loan_id_0289,Commercial,95718.25,329.39,8.85,5/10/2026,6/10/2030,2295.94,0,0,,Branch Not Assigned,39,M081,Monthly,1,Reg P&I, ,0,510,139636.22,0,139636.22,Installment,1578.38,717.56,717.56,27256.17,2742.29,544.7,50,officer_id_047,9/26/2023,9/10/2023,9/10/2023,10/10/2023,,4/9/2026,0,,96047.64,No Prepayment Penatly,0,Fixed,, ,30/360 Am Sch,8.85,0,8.85,0,,,0,0,0,0,0,0,0,0,0,0,0,0,0,0,0,0,0,0,0,0,0,0,0,0,0,0,0,0,0,0,0,0,0,0,0,,0,1/10/2026,0,0,0,0,0,0,0,0,0,0,0,0,0,0,0,0,,,,,,,,,,,4,4, ,0,0,0,0,871357,4.29, ,22,0,0,Open,Syracuse ,NY,132041425
cif_cust_id_02481,loan_id_0290,Commercial,177754.63,_201.5,6.77,5/31/2026,3/31/2049,1459.54,0,0,,branch_id_05,28,M312,Monthly,0,Reg P&I, ,0,140,0,0,220000,Installment,495.32,1004.68,1004.68,33096.09,3801.49,770.61,281,officer_id_040,4/3/2023,3/31/2023,4/3/2023,4/30/2023,,4/29/2026,154,,177707.13,No Prepayment Penatly,0,FHLB 5_YR,3/31/2029,M060,365/360,6.22,4.37,4.2,0,,3/31/2029,2.4,0,0,6.22,0,0,1,0.05,0,9999999.99,0,0,0,0,0,0,0,0,0,0,0,0,0,0,0,0,0,0,0,0,0,0,0,0,0,,0,11/30/2024,0,0,0,0,0,0,0,0,0,0,0,0,0,0,0,0,,,,,,,,,,,4,4, ,0,0,0,0,999999,0,X ,41,0,0,Open,GOLD HILL ,OR,975250589
cif_cust_id_02369,loan_id_0296,Commercial,3560348.06,9430.83,3.89,5/1/2026,12/1/2040,26679.54,0,0,,Branch Not Assigned,22,M240,Monthly,0,Reg P&I, ,0,190,4650000,0,4650000,Installment,14704.11,11975.43,11975.43,1392433.22,43765.58,8848.45,176,officer_id_027,6/1/2018,6/1/2018,6/1/2018,1/1/2021,12/1/2020,3/29/2026,154,,3569932.89,% of Current Balance,0,Fixed,, ,365/360,4.77,2.99,2.77,0,,,0,0,0,0,0,0,1,0.05,0,9999999.99,0,0,0,0,0,0,0,0,0,0,0,0,0,0,0,0,0,0,0,0,0,0,0,0,0,,0,11/1/2025,0,0,0,0,0,0,0,0,0,0,0,0,0,0,0,0,,,,,,,,,,,4,4,P,12836.34,0,0,0,198656,0,X ,41,0,0,Open,MEDFORD ,OR,975049858
cif_cust_id_02369,loan_id_0297,Commercial,771922.37,7775.02,6.52,3/1/2026,12/1/2040,4728.54,0,0,,Branch Not Assigned,22,M300,Monthly,2,Reg P&I, ,0,190,1000000,0,1000000,Installment,_3036.17,31.89,31.89,387752.83,15833.38,3216.39,210,officer_id_027,6/1/2018,6/1/2018,6/1/2018,7/1/2018,,2/26/2026,0,,779697.39,No Prepayment Penatly,0,Fixed,, ,365/360,0,2.89,0,0,,,0,0,0,0,0,0,1,0.05,0,9999999.99,0,0,0,0,0,0,0,0,0,0,0,0,0,0,0,0,0,0,0,0,0,0,0,0,0,,0,3/1/2026,0,0,9457.08,1,0,0,0,0,0,0,0,0,0,0,0,0,,,,,,,,,,,4,0,P,0,0,0,0,0,0, ,41,0,0,Open,MEDFORD ,OR,975049858
cif_cust_id_02494,loan_id_0322,Commercial,374077.69,1141.96,7.85,5/10/2026,3/10/2032,6603.53,0,0,,Branch Not Assigned,39,M084,Monthly,1,Reg P&I, ,0,510,425715.94,0,425715.94,Installment,4129.42,2474.11,2474.11,34207.64,9410.86,1884.21,71,officer_id_047,3/31/2025,3/10/2025,3/10/2025,4/10/2025,,4/9/2026,0,,375219.65,No Prepayment Penatly,0,Fixed,, ,30/360 Am Sch,7.85,0,7.85,0,,,0,0,0,0,0,0,0,0,0,0,0,0,0,0,0,0,0,0,0,0,0,0,0,0,0,0,0,0,0,0,0,0,0,0,0,,0,1/10/2026,0,0,0,0,0,0,0,0,0,0,0,0,0,0,0,0,,,,,,,,,,,4,4, ,0,0,0,0,999999,0, ,06,0,0,Open,SYRACUSE ,NY,132041425
cif_cust_id_11853,loan_id_0325,Commercial,210663.48,130.84,5.59,5/20/2026,9/5/2032,3262.13,0,0,,Branch Not Assigned,39,M120,Monthly,1,Reg P&I, ,0,510,299352.75,0,299352.75,Installment,2270.21,991.92,991.92,52202.79,3786.24,759.06,77,officer_id_047,9/19/2022,9/5/2022,9/5/2022,10/5/2022,,4/19/2026,0,,210794.32,No Prepayment Penatly,0,Fixed,, ,30/360 Am Sch,5.59,0,5.59,0,,,0,0,0,0,0,0,0,0,0,0,0,0,0,0,0,0,0,0,0,0,0,0,0,0,0,0,0,0,0,0,0,0,0,0,0,,0,12/20/2025,0,0,0,0,0,0,0,0,0,0,0,0,0,0,0,0,,,,,,,,,,,4,4, ,0,0,0,0,269106,0, ,17,0,0,Open,Syracuse ,NY,132041425
cif_cust_id_02794,loan_id_0350,Commercial,1720568.08,6885.14,5.15,4/27/2026,7/27/2042,13068.48,0,0,,Branch Not Assigned,22,M240,Monthly,0,Reg P&I, ,0,190,1944000,0,1944000,Installment,0,0,0,351581.2,27925.17,5655.65,196,officer_id_063,7/28/2022,7/27/2022,7/28/2022,8/27/2022,,3/26/2026,154,,1744812.9,% of Current Balance,17205.68,FHLB 5_YR,7/27/2027,M060,365/360,5.15,0,3.19,0,,7/27/2027,2.425,0,0,5.145,0,0,1,0.05,0,9999999.99,0,0,0,0,0,0,0,0,0,0,0,0,0,0,0,0,0,0,0,0,0,0,0,0,0,,0,12/27/2025,0,0,0,0,0,0,0,0,0,0,0,0,0,0,0,0,,,,,,,,,,,4,4, ,14279.2,0,0,0,99999,0,X* ,41,0,0,Open,SALEM ,OR,973010311
cif_cust_id_02821,loan_id_0357,Commercial,297000,_104.03,6.1,5/26/2026,4/26/2043,2727.2,0,0,,Branch Not Assigned,22,M300,Monthly,0,Reg P&I, ,0,170,492174.48,0,492174.48,Installment,1243.91,1564.4,1564.4,178951.06,5737.78,1159.37,204,officer_id_011,4/26/2018,4/26/2018,4/26/2018,5/26/2018,9/26/2022,4/25/2026,424,,303259.97,% of Current Balance,5940,FHLB 5_YR,9/26/2027,M060,365/360,5.22,3.15,2.86,0,,9/26/2027,2.212,0,0,6.1,0,0,1,0.05,0,9999999.99,0,0,0,0,0,0,0,0,0,0,0,0,0,0,0,0,0,0,0,0,0,0,0,0,0,,0,11/26/2025,0,0,0,0,0,0,0,0,0,0,0,0,0,0,0,0,,,,,,,,,,,4,4, ,3144.63,0,0,0,84020,0,X ,41,0,0,Open,MEDFORD ,OR,975049370
cif_cust_id_02842,loan_id_0361,Commercial,4175487.02,6089.25,3.75,5/10/2026,8/10/2031,24614.51,0,0,8/10/2031,branch_id_12,35,M300,Monthly,0,Reg P&I,Y,120,160,4760000,0,4760000,Installment,11095.34,13519.17,13519.17,793899.58,49407.2,10014.17,64,officer_id_054,8/13/2021,8/10/2021,8/13/2021,9/10/2021,,4/9/2026,154,,4223485.14,% of Current Balance,41754.87,FHLB 5_YR,8/10/2026,M060,365/360,3.75,0,0.98,0,,8/10/2026,2.813,0,0,3.75,6.75,0,1,0.05,0,9999999.99,0,0,0,0,0,0,0,0,0,0,0,0,0,0,0,0,0,0,0,0,0,0,0,0,0,,0,1/10/2026,0,0,0,0,0,0,0,0,0,0,0,0,0,0,0,0,,,,,,,,,,,4,4, ,10249.51,0,0,0,722520,0,C ,41,0,0,Open,RANCHO SANTA FE ,CA,920672207
cif_cust_id_02864,loan_id_0362,Commercial,363044.53,322.7,8,5/20/2026,11/20/2031,6736.26,0,0,,Branch Not Assigned,39,M082,Monthly,1,Reg P&I, ,0,510,424457.82,0,424457.82,Installment,4287.38,2448.88,2448.88,39630.61,9358.89,1873.66,67,officer_id_047,2/7/2025,1/20/2025,1/20/2025,2/20/2025,,4/19/2026,0,,363367.23,No Prepayment Penatly,0,Fixed,, ,30/360 Am Sch,8,0,8,0,,,0,0,0,0,0,0,0,0,0,0,0,0,0,0,0,0,0,0,0,0,0,0,0,0,0,0,0,0,0,0,0,0,0,0,0,,0,12/20/2025,0,0,0,0,0,0,0,0,0,0,0,0,0,0,0,0,,,,,,,,,,,4,4, ,0,0,0,0,999999,4.39, ,37,0,0,Open,SYRACUSE ,NY,132041425
cif_cust_id_02869,loan_id_0365,Commercial,72724.97,42.42,5.25,5/20/2026,1/20/2038,695.79,0,0,,Branch Not Assigned,39,M143,Monthly,1,Reg P&I, ,0,510,73847.98,0,73847.98,Installment,375.97,319.82,319.82,964.36,1006.78,244.98,140,officer_id_047,2/17/2026,1/20/2026,1/20/2026,2/20/2026,,4/19/2026,0,,72767.39,No Prepayment Penatly,0,Fixed,, ,30/360 Am Sch,5.25,0,5.25,0,,,0,0,0,0,0,0,0,0,0,0,0,0,0,0,0,0,0,0,0,0,0,0,0,0,0,0,0,0,0,0,0,0,0,0,0,,0,,0,0,0,0,0,0,0,0,0,0,0,0,0,0,0,0,,,,,,,,,,,4,4, ,0,0,0,0,311262,0, ,24,0,0,Open,SYRACUSE ,NY,132041425
cif_cust_id_09529,loan_id_0373,Commercial,63738.03,126.62,5.13,5/10/2026,5/10/2031,536.85,0,0,5/10/2031,branch_id_12,46,M240,Monthly,0,Reg P&I,Y,120,170,80000,0,80000,Installment,317.5,282.5,282.5,18495.03,1034.69,208.7,61,officer_id_054,5/12/2021,5/10/2021,5/12/2021,6/10/2021,,4/9/2026,154,,64656.03,% of Current Balance,637.38,Fixed,, ,365/360,5.13,0,5.13,0,,,0,0,0,0,0,0,1,0.05,0,9999999.99,0,0,0,0,0,0,0,0,0,0,0,0,0,0,0,0,0,0,0,0,0,0,0,0,0,,0,1/10/2026,0,0,0,1,0,0,0,0,0,0,0,0,0,0,0,0,,,,,,,,,,,4,4, ,0,0,0,0,130829,0,C ,41,0,0,Open,KLAMATH FALLS ,OR,976037432
cif_cust_id_03044,loan_id_0377,Commercial,3609001.53,5692.35,7.37,5/17/2026,3/17/2051,0,0,0,3/17/2051,branch_id_05,20,M315,Monthly,0,Int Only,Y,301,110,0,4385250,4385250,Non _ Revolving,0,19966.9,19966.9,80565.13,61701.61,16308.2,299,officer_id_040,3/21/2025,3/17/2025,3/21/2025,4/17/2025,2/23/2026,4/15/2026,154,,3687027.91,% of Current Balance,72180.03,FHLB 5_YR,3/17/2030,M060,365/360,7.37,0,7.37,0,,3/17/2030,2.925,0,0,6.365,0,0,1,0.05,0,9999999.99,0,0,0,0,0,0,0,0,0,0,0,0,0,0,0,0,0,0,0,0,0,0,0,0,0,,0,8/17/2025,0,0,0,1,0,0,0,0,0,0,0,0,0,0,0,0,,,,,,,,,,,4,4, ,48817.42,0,0,0,60000,0,X ,41,0,0,Open,TALENT ,OR,975400465
cif_cust_id_03353,loan_id_0383,Commercial,1210558.56,3752.99,4.3,4/29/2026,4/29/2047,7121.74,0,0,,branch_id_12,22,M300,Monthly,0,Reg P&I, ,0,190,0,0,1300000,Installment,0,0,0,200400.61,16366.66,3321.8,253,officer_id_054,5/5/2022,4/29/2022,5/5/2022,5/29/2022,,3/28/2026,154,,1226571.13,% of Current Balance,12105.58,FHLB 5_YR,4/29/2027,M060,365/360,4.3,0,4.3,0,,4/29/2027,2.913,0,0,4.295,0,0,1,0.05,0,9999999.99,0,0,0,0,0,0,0,0,0,0,0,0,0,0,0,0,0,0,0,0,0,0,0,0,0,,0,,0,0,0,0,0,0,0,0,0,0,0,0,0,0,0,0,,,,,,,,,,,4,4, ,9312.22,0,0,0,0,0,C ,41,0,0,Open,KLAMATH FALLS ,OR,976037112
cif_cust_id_04794,loan_id_0395,Commercial,219133.04,2156.81,5.48,5/15/2026,9/15/2032,2715.49,0,0,,Branch Not Assigned,39,M144,Monthly,1,Reg P&I, ,0,510,285942.6,0,285942.6,Installment,1706.99,1008.5,1008.5,49956.51,3830.41,770.84,101,officer_id_047,9/16/2022,9/15/2022,9/15/2022,10/15/2022,,2/17/2026,0,,221289.85,No Prepayment Penatly,0,Fixed,, ,30/360 Am Sch,5.48,0,5.48,0,,,0,0,0,0,0,0,0,0,0,0,0,0,0,0,0,0,0,0,0,0,0,0,0,0,0,0,0,0,0,0,0,0,0,0,0,,0,2/15/2026,0,0,0,0,0,0,0,0,0,0,0,0,0,0,0,0,,,,,,,,,,,4,4, ,0,0,0,0,235261,0, ,36,0,0,Open,Syracuse ,NY,132041425
cif_cust_id_03543,loan_id_0408,Commercial,28916.73,124.99,6.8,5/1/2026,6/1/2030,752.14,0,0,,branch_id_03,10,M084,Monthly,0,Reg P&I, ,0,520,50000,0,50000,Installment,0,0,0,7498.05,635.37,125.54,50,officer_id_032,6/9/2023,6/1/2023,6/9/2023,7/1/2023,,3/31/2026,15,,29056.72,No Prepayment Penatly,0,FHLB 3_YR,6/1/2026,M036,365/360,6.8,0,4.55,0,,6/1/2026,3.075,0,0,6.795,0,0,1,0.05,0,9999999.99,0,0,0,0,0,0,0,0,0,0,0,0,0,0,0,0,0,0,0,0,0,0,0,0,0,,0,7/1/2023,0,0,0,0,0,0,0,0,0,0,0,0,0,0,0,0,,,,,,,,,,,4,4, ,0,0,0,0,999999,0, ,41,0,0,Open,MEDFORD ,OR,975016009
cif_cust_id_03544,loan_id_0409,Commercial,69885.56,205.79,5.58,5/5/2026,9/5/2034,868.67,0,0,,Branch Not Assigned,39,M144,Monthly,1,Reg P&I, ,0,510,91031.31,0,91031.31,Installment,541.19,327.48,327.48,16207.06,1240.43,249.47,101,officer_id_047,9/19/2022,9/5/2022,9/5/2022,10/5/2022,,4/4/2026,0,,70091.35,No Prepayment Penatly,0,Fixed,, ,30/360 Am Sch,5.58,0,5.58,0,,,0,0,0,0,0,0,0,0,0,0,0,0,0,0,0,0,0,0,0,0,0,0,0,0,0,0,0,0,0,0,0,0,0,0,0,,0,7/5/2025,0,0,0,0,0,0,0,0,0,0,0,0,0,0,0,0,,,,,,,,,,,4,4, ,0,0,0,0,151128,0, ,13,0,0,Open,Syracuse ,NY,132041425
cif_cust_id_03545,loan_id_0410,Commercial,590994.57,_3.72,4.51,5/24/2026,10/24/2041,6878.22,0,0,,branch_id_05,22,M300,Monthly,0,Reg P&I, ,0,170,1228000,0,1228000,Installment,9881.8,2330.42,2330.42,439007.81,8618.49,1727.64,186,officer_id_040,10/24/2016,10/24/2016,10/24/2016,11/24/2016,10/24/2016,4/23/2026,308,,591298.85,No Prepayment Penatly,0,FHLB 5_YR,10/24/2026,M060,365/360,4.51,1.5,1.51,0,,10/24/2026,3,0,0,4.51,0,0,1,0.05,0,9999999.99,0,0,0,0,0,0,0,0,0,0,0,0,0,0,0,0,0,0,0,0,0,0,0,0,0,,0,1/24/2026,0,0,0,0,0,0,0,0,0,0,0,0,0,0,0,0,,,,,,,,,,,4,4, ,0,0,0,0,963763,0,X ,41,0,0,Open,CENTRAL POINT ,OR,975022162
cif_cust_id_03554,loan_id_0415,Commercial,173849.2,164.17,8.5,5/20/2026,3/20/2030,4361.7,0,0,,Branch Not Assigned,39,M081,Monthly,1,Reg P&I, ,0,510,268137.2,0,268137.2,Installment,3108.25,1253.45,1253.45,54009.8,4825.07,958.04,47,officer_id_047,6/30/2023,6/20/2023,6/20/2023,7/20/2023,,4/19/2026,0,,174013.37,No Prepayment Penatly,0,Fixed,, ,30/360 Am Sch,8.5,0,8.5,0,,,0,0,0,0,0,0,0,0,0,0,0,0,0,0,0,0,0,0,0,0,0,0,0,0,0,0,0,0,0,0,0,0,0,0,0,,0,12/20/2025,0,0,0,0,0,0,0,0,0,0,0,0,0,0,0,0,,,,,,,,,,,4,4, ,0,0,0,0,549106,1.37, ,17,0,0,Open,Syracuse ,NY,132041425
cif_cust_id_03607,loan_id_0426,Commercial,194453,152.7,7.09,5/20/2026,2/20/2045,1572.78,0,0,,branch_id_12,22,M252,Monthly,0,Reg P&I, ,0,190,0,0,200000,Installment,384.57,1188.21,1188.21,27417.79,4343.86,881.26,226,officer_id_054,2/23/2024,2/20/2024,2/23/2024,3/20/2024,,4/19/2026,154,,196704.23,% of Current Balance,1944.53,FHLB 5_YR,2/20/2029,M060,365/360,7.09,0,4.37,0,,2/20/2029,3.12,0,0,6.085,0,0,1,0.05,0,9999999.99,0,0,0,0,0,0,0,0,0,0,0,0,0,0,0,0,0,0,0,0,78.64,0,0,0,0,,91.74,8/20/2025,0,0,0,0,0,1,0,0,0,0,0,0,0,0,0,0,,,,,,,,,,,4,4, ,2017.1,0,0,0,13820,0,C ,41,0,0,Open,KLAMATH FALLS ,OR,976012108
cif_cust_id_03693,loan_id_0443,Commercial,2238514.44,5168.79,4.38,5/5/2026,6/5/2044,14984,0,0,,branch_id_05,22,M300,Monthly,0,Reg P&I,N,0,190,2712500,0,2712500,Installment,6526.12,8457.88,8457.88,754702.44,30901.98,6260.13,218,officer_id_040,6/7/2019,6/5/2019,6/6/2019,7/5/2019,,4/4/2026,154,,2243837.23,% of Current Balance,0,FHLB 5_YR,6/5/2029,M060,365/360,4.38,0,2.27,0,,6/5/2029,2.572,0,0,4.375,0,0,1,0.05,0,9999999.99,0,0,0,0,0,0,0,0,0,0,0,0,0,0,0,0,0,0,0,0,0,0,0,0,0,,0,4/5/2025,0,0,0,0,0,0,0,0,0,0,0,0,0,0,0,0,,,,,,,,,,,4,4, ,6172.16,0,0,0,111524,0,X ,41,0,0,Open,ASHLAND ,OR,975201401
cif_cust_id_03693,loan_id_0444,Commercial,1908489.74,198.66,3.91,5/23/2026,7/23/2047,11105.18,0,0,,branch_id_05,22,M312,Monthly,0,Reg P&I,N,0,190,0,0,2111000,Installment,4669.41,6435.77,6435.77,355582.46,23536.04,4770.05,255,officer_id_040,7/29/2021,7/23/2021,7/29/2021,8/23/2021,,4/22/2026,154,,1927927.29,% of Current Balance,19084.89,FHLB 5_YR,7/23/2026,M060,365/360,3.91,0,1,0,,7/23/2026,2.66,0,0,3.91,0,0,1,0.05,0,9999999.99,0,0,0,0,0,0,0,0,0,0,0,0,0,0,0,0,0,0,0,0,0,0,0,0,0,,0,12/23/2021,0,0,0,0,0,0,0,0,0,0,0,0,0,0,0,0,,,,,,,,,,,4,4, ,9798.17,0,0,0,408518,0,X ,41,0,0,Open,ASHLAND ,OR,975201401
cif_cust_id_03736,loan_id_0447,Commercial,134350.13,480.63,5.6,5/1/2026,9/1/2030,2867.18,0,0,,Branch Not Assigned,39,M096,Monthly,1,Reg P&I, ,0,510,221446.14,0,221446.14,Installment,2229.81,637.37,637.37,36192.73,2423.82,480.68,53,officer_id_047,9/13/2022,9/1/2022,9/1/2022,10/1/2022,,3/31/2026,0,,134830.76,No Prepayment Penatly,0,Fixed,, ,30/360 Am Sch,5.6,0,5.6,0,,,0,0,0,0,0,0,0,0,0,0,0,0,0,0,0,0,0,0,0,0,0,0,0,0,0,0,0,0,0,0,0,0,0,0,0,,0,11/1/2025,0,0,0,0,0,0,0,0,0,0,0,0,0,0,0,0,,,,,,,,,,,4,4, ,0,0,0,0,309179,0, ,17,0,0,Open,Syracuse ,NY,132041425
cif_cust_id_03766,loan_id_0452,Commercial,34662.4,224.5,4.25,5/1/2026,2/1/2041,262.85,0,0,,branch_id_10,10,M240,Monthly,1,Reg P&I, ,0,510,42448.29,0,42448.29,Installment,139.6,123.25,123.25,8644.68,465.36,94.11,177,officer_id_020,1/5/2021,1/5/2021,1/5/2021,3/1/2021,,2/27/2026,0,,34886.9,No Prepayment Penatly,0,Fixed,, ,30/360 Curr Bal,4.25,0,4.25,0,,,0,0,0,0,0,0,0,0.05,0,9999999.99,0,0,0,0,0,0,0,0,0,0,0,0,0,0,0,0,0,0,0,0,0,0,0,0,0,,0,4/1/2026,0,0,0,0,5,6,0,0,0,0,0,0,0,0,0,0,,,,,,,,,,,4,4,A,0,0,0,0,0,0, ,41,0,0,Open,MEDFORD ,OR,975011409
cif_cust_id_03770,loan_id_0455,Commercial,260060.97,1374.85,6.56,4/26/2026,4/26/2043,2127.53,0,0,,branch_id_05,28,M300,Monthly,0,Reg P&I, ,0,140,315000,0,315000,Installment,0,0,0,137331.52,5378.73,1090.28,205,officer_id_027,4/26/2018,4/26/2018,4/26/2018,5/26/2018,4/26/2018,3/25/2026,154,,261589.82,% of Current Balance,0,FHLB 5_YR,4/26/2028,M060,365/360,5.57,3.95,2.96,0,,4/26/2028,2.612,0,0,5.572,0,0,1,0.05,0,9999999.99,0,0,0,0,0,0,0,0,0,0,0,0,0,0,0,0,0,0,0,0,0,0,0,0,0,,0,12/26/2025,0,0,0,0,0,0,0,0,0,0,0,0,0,0,0,0,,,,,,,,,,,4,4, ,0,0,0,0,635404,0,X500 ,41,0,0,Open,GOLD HILL ,OR,975251056
cif_cust_id_03787,loan_id_0458,Commercial,820303.26,2931.67,6.43,5/4/2026,8/4/2046,6082.21,0,0,,branch_id_05,22,M306,Monthly,0,Reg P&I,N,0,170,878050,0,921528,Installment,1529.64,4552.57,4552.57,180375.88,14726.98,3372.24,291,officer_id_040,2/5/2021,2/4/2021,2/5/2021,3/4/2021,,4/3/2026,444,,832459.43,No Prepayment Penatly,8780.5,FHLB 5_YR,2/4/2031,M060,365/360,4,3.93,0.8,0,,2/4/2031,2.5,0,0,4,0,0,1,0.05,0,9999999.99,0,0,0,0,0,0,0,0,0,0,0,0,0,0,0,0,0,0,0,0,0,0,0,0,0,,0,4/4/2026,0,0,0,0,0,0,0,0,0,0,0,0,0,0,0,0,,,,,,,,,,,4,4, ,625.84,0,0,0,0,0,X ,41,0,0,Open,MEDFORD ,OR,975018805
cif_cust_id_03787,loan_id_0459,Commercial,13164.63,29.26,4,5/4/2026,5/4/2028,847.99,0,0,,branch_id_05,10,M078,Monthly,0,Reg P&I,N,0,520,0,0,56100,Installment,799.89,48.1,48.1,5620.19,182.35,33.91,25,officer_id_040,2/5/2021,2/4/2021,2/5/2021,3/4/2022,12/4/2021,4/3/2026,338,,13531.89,No Prepayment Penatly,0,Fixed,, ,365/360,4,0,4,0,,,0,0,0,0,0,0,1,0.05,0,9999999.99,0,0,0,0,0,0,0,0,0,0,0,0,0,0,0,0,0,0,0,0,0,0,0,0,0,,0,4/4/2026,0,0,0,0,0,0,0,0,0,0,0,0,0,0,0,0,,,,,,,,,,,4,4, ,0,0,0,0,999999,0,X ,41,0,0,Open,MEDFORD ,OR,975018805
cif_cust_id_04372,loan_id_0460,Commercial,41117.15,110.16,6.89,5/10/2026,10/10/2034,533.73,0,0,,Branch Not Assigned,39,M120,Monthly,1,Reg P&I, ,0,510,46193.45,0,46193.45,Installment,295.95,237.78,237.78,4530.84,901.41,181.51,102,officer_id_047,10/21/2024,10/10/2024,10/10/2024,11/10/2024,,4/9/2026,0,,41227.31,No Prepayment Penatly,0,Fixed,, ,30/360 Am Sch,6.89,0,6.89,0,,,0,0,0,0,0,0,0,0,0,0,0,0,0,0,0,0,0,0,0,0,0,0,0,0,0,0,0,0,0,0,0,0,0,0,0,,0,1/10/2026,0,0,0,0,0,0,0,0,0,0,0,0,0,0,0,0,,,,,,,,,,,4,4, ,0,0,0,0,263680,0, ,37,0,0,Open,SYRACUSE ,NY,132041425
cif_cust_id_03838,loan_id_0472,Commercial,0,1020.83,7,5/7/2026,10/7/2026,0,0,0,10/7/2026,branch_id_03,11,M024,Monthly,0,Int Only,Y,25,530,0,350000,350000,Revolving,350000,0,0,25834.2,1720.84,777.77,16,officer_id_032,10/7/2020,10/7/2020,10/7/2020,11/7/2020,10/3/2024,,30,,1094.58,No Prepayment Penatly,0,WSJ Prime,,0000,365/360,3.5,6.75,3.25,0,,,0.25,0,0,0,0,0,1,0.05,0,9999999.99,0,0,0,0,0,0,0,0,0,0,0,0,0,0,0,0,0,0,0,0,0,0,0,0,0,,0,2/7/2026,0,0,0,0,1,1,0,0,0,0,0,0,0,0,0,0,,,,,,,,,,,4,4+, ,0,0,0,0,999999,0, ,41,0,0,Open,JACKSONVILLE ,OR,975309297
cif_cust_id_01638,loan_id_0477,Commercial,32735.3,25.05,6.89,5/20/2026,10/20/2030,706.76,0,0,,Branch Not Assigned,39,M096,Monthly,1,Reg P&I, ,0,510,52047.86,0,52047.86,Installment,515.84,190.92,190.92,10371.36,733.11,145.97,54,officer_id_047,11/9/2022,10/20/2022,10/20/2022,11/20/2022,,4/19/2026,0,,32760.35,No Prepayment Penatly,0,Fixed,, ,30/360 Am Sch,6.89,0,6.89,0,,,0,0,0,0,0,0,0,0,0,0,0,0,0,0,0,0,0,0,0,0,0,0,0,0,0,0,0,0,0,0,0,0,0,0,0,,0,12/20/2025,0,0,0,0,0,0,0,0,0,0,0,0,0,0,0,0,,,,,,,,,,,4,4, ,0,0,0,0,230795,0, ,54,0,0,Open,Syracuse ,NY,132041425
cif_cust_id_04195,loan_id_0478,Commercial,352928.67,1770.02,7.85,5/1/2026,3/1/2032,6230.19,0,0,,Branch Not Assigned,39,M084,Monthly,1,Reg P&I, ,0,510,401647.48,0,401647.48,Installment,3895.96,2334.23,2334.23,32273.66,8848.51,1770.03,71,officer_id_047,3/28/2025,3/1/2025,3/1/2025,4/1/2025,,3/31/2026,0,,354698.69,No Prepayment Penatly,0,Fixed,, ,30/360 Am Sch,7.85,0,7.85,0,,,0,0,0,0,0,0,0,0,0,0,0,0,0,0,0,0,0,0,0,0,0,0,0,0,0,0,0,0,0,0,0,0,0,0,0,,0,11/1/2025,0,0,0,0,0,0,0,0,0,0,0,0,0,0,0,0,,,,,,,,,,,4,4, ,0,0,0,0,999999,0, ,36,0,0,Open,SYRACUSE ,NY,132041425
cif_cust_id_04571,loan_id_0495,Commercial,161768.33,354.2,5.63,5/10/2026,9/10/2032,2508.04,0,0,,Branch Not Assigned,39,M120,Monthly,1,Reg P&I, ,0,510,229733.81,0,229733.81,Installment,1740.91,767.13,767.13,39880.24,2917.34,584.32,77,officer_id_047,9/20/2022,9/10/2022,10/10/2022,10/10/2022,,4/9/2026,0,,162122.53,No Prepayment Penatly,0,Fixed,, ,30/360 Am Sch,5.63,0,5.63,0,,,0,0,0,0,0,0,0,0,0,0,0,0,0,0,0,0,0,0,0,0,0,0,0,0,0,0,0,0,0,0,0,0,0,0,0,,0,1/10/2026,0,0,0,0,0,0,0,0,0,0,0,0,0,0,0,0,,,,,,,,,,,4,4, ,0,0,0,0,522119,0, ,01,0,0,Open,Syracuse ,NY,132041425
cif_cust_id_04583,loan_id_0496,Commercial,392690.03,978.12,4.27,5/3/2026,2/3/2042,2852.84,0,0,,branch_id_05,22,M309,Monthly,0,Reg P&I, ,0,170,945000,0,945000,Installment,1403.78,1449.06,1449.06,212771.32,5295.48,1071.61,190,officer_id_061,5/3/2016,5/3/2016,5/3/2016,6/3/2016,4/13/2017,4/2/2026,154,,393822.15,% of Current Balance,0,FHLB 5_YR,5/3/2026,M060,365/360,4.27,1.19,1.27,0,,5/3/2026,3,0,0,4.27,0,0,1,0.05,0,9999999.99,0,0,0,0,0,0,0,0,0,0,0,0,0,0,0,0,0,0,0,0,0,0,0,0,0,,0,1/3/2026,0,0,0,0,0,0,0,0,0,0,0,0,0,0,0,0,,,,,,,,,,,4,4, ,2856.72,0,0,0,0,0,X ,41,0,0,Open,ROGUE RIVER ,OR,975371923
cif_cust_id_04621,loan_id_0497,Commercial,26778.94,95.54,6.76,5/5/2026,1/5/2038,277.03,0,0,,Branch Not Assigned,39,M141,Monthly,1,Reg P&I, ,0,510,26904.41,0,26904.41,Installment,125.47,151.56,151.56,151.56,247.1,115.75,140,officer_id_047,3/6/2026,3/5/2026,3/5/2026,4/5/2026,,4/4/2026,0,,26874.48,No Prepayment Penatly,0,Fixed,, ,30/360 Am Sch,6.76,0,6.76,0,,,0,0,0,0,0,0,0,0,0,0,0,0,0,0,0,0,0,0,0,0,0,0,0,0,0,0,0,0,0,0,0,0,0,0,0,,0,,0,0,0,0,0,0,0,0,0,0,0,0,0,0,0,0,,,,,,,,,,,4,4, ,0,0,0,0,694108,0, ,04,0,0,Open,SYRACUSE ,NY,132041425
cif_cust_id_04780,loan_id_0501,Commercial,70000,241.11,7.75,5/21/2026,5/21/2026,0,0,0,5/21/2026,branch_id_10,11,M010,Monthly,0,Int Only,Y,10,530,0,750000,150000,Revolving,0,0,0,61064.61,241.11,241.11,8,officer_id_020,4/16/2014,4/16/2014,4/16/2014,4/16/2015,7/21/2025,4/7/2026,30,,70271.11,No Prepayment Penatly,0,WSJ Prime,,0000,365/360,5.25,6.75,3.25,0,,,1,0,0,5.25,0,0,1,0.05,0,9999999.99,0,0,0,0,0,0,0,0,0,0,0,0,0,0,0,0,0,0,0,0,0,0,0,0,0,,0,5/21/2021,0,0,0,0,0,0,0,0,0,0,0,0,0,0,0,0,,,,,,,,,,,4,4, ,0,0,0,0,999999,0, ,41,0,0,Open,GRANTS PASS ,OR,975261832
cif_cust_id_04797,loan_id_0504,Commercial,167374.72,949.2,7.04,4/26/2026,6/26/2039,1631.27,0,0,,branch_id_03,28,M300,Monthly,0,Reg P&I, ,0,140,243500,0,243500,Installment,0,0,0,128260.48,3719.91,752.82,159,officer_id_032,6/26/2014,6/26/2014,6/26/2014,7/26/2014,7/12/2023,3/25/2026,154,,168477.92,No Prepayment Penatly,0,FHLB 5_YR,5/26/2029,M060,365/360,4.75,4.54,2.25,0,,5/26/2029,2.5,0,0,4.75,0,0,1,0.05,0,9999999.99,0,0,0,0,0,0,0,0,0,0,0,0,0,0,0,0,0,0,0,0,0,0,0,0,0,,0,7/26/2025,0,0,0,0,0,0,0,0,0,0,0,0,0,0,0,0,,,,,,,,,,,4,4, ,0,0,0,0,999999,0,X ,41,0,0,Open,ASHLAND ,OR,975208607
cif_cust_id_04797,loan_id_0529,Commercial,8723885.66,9693.21,5,5/16/2026,11/16/2052,49881.81,0,0,,branch_id_03,35,M360,Monthly,0,Reg P&I, ,0,160,9216000,0,9216000,Installment,12267.82,37613.99,37613.99,1553039.87,137361.12,27893.53,319,officer_id_032,11/18/2022,11/16/2022,11/18/2022,12/16/2022,7/12/2023,4/15/2026,154,,8908210.58,% of Current Balance,174477.71,FHLB 5_YR,11/16/2032,M060,365/360,5,0,4.7,0,,11/16/2032,2,0,0,5,0,0,1,0.05,0,9999999.99,0,0,0,0,0,0,0,0,0,0,0,0,0,0,0,0,0,0,0,0,0,0,0,0,0,,0,8/16/2025,0,0,0,0,0,0,0,0,0,0,0,0,0,0,0,0,,,,,,,,,,,4,4, ,35994.33,0,0,0,999999,0,X500 ,41,0,0,Open,ASHLAND ,OR,975208607
cif_cust_id_05933,loan_id_0546,Commercial,533946.11,2673.29,7.51,4/30/2026,5/31/2049,4100.59,0,0,,branch_id_09,35,M300,Monthly,0,Reg P&I, ,0,160,549000,0,549000,Installment,0,0,0,75159.09,12614.42,2561.9,278,officer_id_055,6/4/2024,5/30/2024,6/4/2024,6/30/2024,,3/30/2026,154,,547452.32,% of Current Balance,10678.92,FHLB 3_YR,5/30/2027,M036,365/360,7.51,0,4.79,0,,5/30/2027,2.85,0,0,6.51,0,0,1,0.05,0,9999999.99,0,0,0,0,0,0,0,0,0,0,0,0,0,0,0,0,0,0,0,0,0,0,0,0,0,,0,1/31/2026,0,0,0,0,0,0,0,0,0,0,0,0,0,0,0,0,,,,,,,,,,,4,4, ,1112.77,0,0,0,232398,0,X ,41,0,0,Open,TURNER ,OR,973928929
cif_cust_id_05070,loan_id_0552,Commercial,140705.23,696.69,7.75,5/1/2026,8/1/2032,2348.62,0,0,,Branch Not Assigned,39,M083,Monthly,1,Reg P&I, ,0,510,150529.1,0,150529.1,Installment,1430.66,917.96,917.96,6616.47,3478.06,696.69,76,officer_id_047,9/9/2025,9/1/2025,9/1/2025,10/1/2025,,3/31/2026,0,,141401.92,No Prepayment Penatly,0,Fixed,, ,30/360 Am Sch,7.75,0,7.75,0,,,0,0,0,0,0,0,0,0,0,0,0,0,0,0,0,0,0,0,0,0,0,0,0,0,0,0,0,0,0,0,0,0,0,0,0,,0,11/1/2025,0,0,0,0,0,0,0,0,0,0,0,0,0,0,0,0,,,,,,,,,,,4,4, ,0,0,0,0,999999,0.84, ,36,0,0,Open,SYRACUSE ,NY,132041425
cif_cust_id_05071,loan_id_0553,Commercial,346259.42,2017.23,7.23,4/26/2026,6/26/2043,2953.54,0,0,,branch_id_05,22,M300,Monthly,0,Reg P&I, ,0,170,421346.78,0,421346.78,Installment,0,0,0,196718.72,7889.89,1599.87,207,officer_id_061,6/26/2018,6/26/2018,6/26/2018,7/26/2018,10/26/2018,3/25/2026,154,,348430.65,% of Current Balance,0,FHLB 5_YR,6/26/2028,M060,365/360,5.85,4.24,2.86,0,,6/26/2028,2.992,0,0,4.75,8.55,0,1,0.05,0,9999999.99,0,0,0,0,0,0,0,0,0,0,0,0,0,0,0,0,0,0,0,0,0,0,0,0,0,,0,7/26/2025,0,0,0,0,0,0,0,0,0,0,0,0,0,0,0,0,,,,,,,,,,,4,4, ,1419.49,0,0,0,0,0,X ,41,0,0,Open,MEDFORD ,OR,975013708
cif_cust_id_05272,loan_id_0560,Commercial,287921.56,722.21,6.45,5/10/2026,4/10/2033,4309.23,0,0,,Branch Not Assigned,39,M084,Monthly,1,Reg P&I, ,0,510,290668.45,0,290668.45,Installment,2746.89,1562.34,1562.34,1562.34,2284.55,1190.91,83,officer_id_047,3/18/2026,3/10/2026,3/10/2026,4/10/2026,,4/9/2026,0,,288643.77,No Prepayment Penatly,0,Fixed,, ,30/360 Am Sch,6.45,0,6.45,0,,,0,0,0,0,0,0,0,0,0,0,0,0,0,0,0,0,0,0,0,0,0,0,0,0,0,0,0,0,0,0,0,0,0,0,0,,0,,0,0,0,0,0,0,0,0,0,0,0,0,0,0,0,0,,,,,,,,,,,4,4, ,0,0,0,0,999999,0.8, ,06,0,0,Open,SYRACUSE ,NY,132041425
cif_cust_id_05368,loan_id_0567,Commercial,175174.11,372.09,4.24,5/6/2026,5/6/2041,1321.74,0,0,,Branch Not Assigned,22,M300,Monthly,0,Reg P&I, ,0,170,234916.62,0,234916.62,Installment,679.16,642.58,642.58,102638.57,2350.38,475.65,181,officer_id_011,5/6/2016,5/6/2016,5/6/2016,6/6/2016,10/16/2017,4/5/2026,308,,175854.2,% of Current Balance,0,FHLB 5_YR,5/6/2026,M060,365/360,4.24,1.14,1.24,0,,5/6/2026,3,0,0,4.24,0,0,1,0.05,0,9999999.99,0,0,0,0,0,0,0,0,0,0,0,0,0,0,0,0,0,0,0,0,0,0,0,0,0,,66.09,4/6/2026,0,0,0,8,0,0,0,0,0,0,0,0,0,0,0,0,,,,,,,,,,,4,4, ,0,0,0,0,0,0,X ,41,0,0,Open,MEDFORD ,OR,975010114
cif_cust_id_05382,loan_id_0573,Commercial,1129265.55,3528.96,3.75,4/25/2026,3/25/2041,8257.61,0,0,,branch_id_12,35,M240,Monthly,0,Reg P&I,N,0,160,1386000,0,1386000,Installment,0,0,0,238722.15,13372.86,2705.54,178,officer_id_054,4/5/2021,3/25/2021,4/5/2021,4/25/2021,,3/24/2026,154,,1144241.16,% of Current Balance,11292.65,FHLB 10_YR,3/25/2031,M120,365/360,3.75,0,2.28,0,,3/25/2031,2.28,0,0,3.75,0,0,1,0.05,0,9999999.99,0,0,0,0,0,0,0,0,0,0,0,0,0,0,0,0,0,0,0,0,0,0,0,0,0,,0,10/25/2025,0,0,0,0,0,0,0,0,0,0,0,0,0,0,0,0,,,,,,,,,,,4,4, ,3913.86,0,0,0,347725,0,C ,41,0,0,Open,RANCHO SANTA FE ,CA,920672207
cif_cust_id_05382,loan_id_0574,Commercial,285166.24,891.14,3.75,4/25/2026,3/25/2041,2085.26,0,0,,branch_id_12,35,M240,Monthly,0,Reg P&I,N,0,160,350000,0,350000,Installment,0,0,0,60281.84,3376.96,683.21,178,officer_id_054,4/5/2021,3/25/2021,4/5/2021,4/25/2021,,3/24/2026,154,,289063.04,% of Current Balance,2851.66,FHLB 10_YR,3/25/2031,M120,365/360,3.75,0,2.07,0,,3/25/2031,2.28,0,0,3.75,0,0,1,0.05,0,9999999.99,0,0,0,0,0,0,0,0,0,0,0,0,0,0,0,0,0,0,0,0,0,0,0,0,0,,0,10/25/2025,0,0,0,0,0,0,0,0,0,0,0,0,0,0,0,0,,,,,,,,,,,4,4, ,0,0,0,0,347725,0,C ,41,0,0,Open,RANCHO SANTA FE ,CA,920672207
cif_cust_id_05475,loan_id_0591,Commercial,661841.98,1251.99,4.54,5/9/2026,11/9/2046,4157.53,0,0,,branch_id_05,22,M300,Monthly,0,Reg P&I,N,0,170,740000,0,740000,Installment,1563.98,2593.55,2593.55,142191.07,9475.42,1921.29,247,officer_id_061,11/16/2021,11/9/2021,11/16/2021,12/9/2021,,4/8/2026,154,,669866.38,% of Current Balance,6618.41,FHLB 5_YR,11/9/2026,M060,365/360,5.54,0,1.49,0,,11/9/2026,3.26,0,0,4.54,0,0,1,0.05,0,9999999.99,0,0,0,0,0,0,0,0,0,0,0,0,0,0,0,0,0,0,0,0,0,0,0,0,0,,0,8/9/2025,0,0,0,0,0,0,0,0,0,0,0,0,0,0,0,0,,,,,,,,,,,4,4, ,4071.98,0,0,0,0,0,X* ,41,0,0,Open,MEDFORD ,OR,975049022
cif_cust_id_05478,loan_id_0594,Commercial,170987.81,48.69,5.13,5/22/2026,10/22/2031,1341.97,0,0,10/22/2031,branch_id_03,22,M240,Monthly,0,Reg P&I,Y,120,170,200000,0,200000,Installment,584.79,757.18,757.18,43454.19,2773.38,561.62,66,officer_id_032,10/26/2021,10/22/2021,10/26/2021,11/22/2021,,4/21/2026,154,,171190.5,No Prepayment Penatly,0,FHLB 5_YR,10/22/2026,M060,365/360,5.13,0,1.42,0,,10/22/2026,2.95,0,0,5.125,0,0,1,0.05,0,9999999.99,0,0,0,0,0,0,0,0,0,0,0,0,0,0,0,0,0,0,0,0,0,0,0,0,0,,0,11/22/2025,0,0,0,0,0,0,0,0,0,0,0,0,0,0,0,0,,,,,,,,,,,4,4, ,0,0,0,0,42820,0,X ,41,0,0,Open,EAGLE POINT ,OR,975240646
cif_cust_id_05486,loan_id_0596,Commercial,193184.22,150.22,7,5/20/2026,10/20/2030,4180.81,0,0,,Branch Not Assigned,39,M096,Monthly,1,Reg P&I, ,0,510,306652.25,0,306652.25,Installment,3036.19,1144.62,1144.62,62125.99,4395.02,875.18,54,officer_id_047,11/14/2022,10/20/2022,10/20/2022,11/20/2022,,4/19/2026,0,,193334.44,No Prepayment Penatly,0,Fixed,, ,30/360 Am Sch,7,0,7,0,,,0,0,0,0,0,0,0,0,0,0,0,0,0,0,0,0,0,0,0,0,0,0,0,0,0,0,0,0,0,0,0,0,0,0,0,,0,12/20/2025,0,0,0,0,0,0,0,0,0,0,0,0,0,0,0,0,,,,,,,,,,,4,4, ,0,0,0,0,232983,0, ,51,0,0,Open,Syracuse ,NY,132041425
cif_cust_id_05489,loan_id_0598,Commercial,43532.08,215.53,7.75,5/1/2026,6/1/2032,741.86,0,0,,Branch Not Assigned,39,M081,Monthly,1,Reg P&I, ,0,510,46675.35,0,46675.35,Installment,457.76,284.1,284.1,2049.75,1076.64,215.54,74,officer_id_047,9/10/2025,9/1/2025,9/1/2025,10/1/2025,,3/31/2026,0,,43747.61,No Prepayment Penatly,0,Fixed,, ,30/360 Am Sch,7.75,0,7.75,0,,,0,0,0,0,0,0,0,0,0,0,0,0,0,0,0,0,0,0,0,0,0,0,0,0,0,0,0,0,0,0,0,0,0,0,0,,0,11/1/2025,0,0,0,0,0,0,0,0,0,0,0,0,0,0,0,0,,,,,,,,,,,4,4, ,0,0,0,0,558984,0.96, ,12,0,0,Open,SYRACUSE ,NY,132041425
cif_cust_id_05504,loan_id_0606,Commercial,993697.86,3675.16,4.3,4/24/2026,3/24/2047,6026.35,0,0,,branch_id_05,22,M300,Monthly,0,Reg P&I, ,0,190,1100000,0,1100000,Installment,0,0,0,182962.66,13444.09,2726.73,252,officer_id_069,3/24/2022,3/24/2022,3/24/2022,4/24/2022,,3/23/2026,154,,1007463.99,% of Current Balance,9936.97,FHLB 5_YR,3/24/2027,M060,365/360,4.3,0,2.43,0,,3/24/2027,2.91,0,0,4.295,0,0,1,0.05,0,9999999.99,0,0,0,0,0,0,0,0,0,0,0,0,0,0,0,0,0,0,0,0,0,0,0,0,0,,0,,0,0,0,0,0,0,0,0,0,0,0,0,0,0,0,0,,,,,,,,,,,4,4, ,0,0,0,0,82652,0,X ,41,0,0,Open,MEDFORD ,OR,975047009
cif_cust_id_04056,loan_id_0609,Commercial,1575205.14,2543.08,7.27,5/16/2026,3/16/2046,12587.4,0,0,,branch_id_12,22,M300,Monthly,0,Reg P&I,N,0,190,1800000,0,1800000,Installment,2715.97,9871.43,9871.43,378867.7,26414.79,7319.58,239,officer_id_054,3/17/2021,3/16/2021,3/17/2021,4/16/2021,,4/15/2026,154,,1593654.27,% of Current Balance,15752.05,FHLB 5_YR,3/16/2031,M060,365/360,4.3,3.79,1.17,0,,3/16/2031,3.48,0,0,4.295,0,0,1,0.05,0,9999999.99,0,0,0,0,0,0,0,0,0,0,0,0,0,0,0,0,0,0,0,0,0,0,0,0,0,,0,8/16/2025,0,0,0,0,0,0,0,0,0,0,0,0,0,0,0,0,,,,,,,,,,,4,4, ,10937.45,0,0,0,419645,0,C ,41,0,0,Open,KLAMATH FALLS ,OR,976015512
cif_cust_id_05595,loan_id_0612,Commercial,1795182.71,4818.47,6.9,5/10/2026,3/10/2043,15114.25,3730.94,0,,branch_id_05,22,M300,Monthly,0,Reg P&I, ,0,190,2250000,0,2250000,Installment,4418.52,10695.73,10695.73,881720.52,39087.45,7923.68,203,officer_id_040,3/5/2018,3/5/2018,3/5/2018,4/10/2018,7/5/2024,4/9/2026,154,,1800155.18,% of Current Balance,0,FHLB 3_YR,2/10/2027,M036,365/360,4.79,4.44,2.33,0,,2/10/2027,2.462,0,0,4.792,0,24286.01,1,0.05,0,9999999.99,0,0,0,0,0,0,0,0,0,0,0,0,0,0,0,0,0,0,0,0,0,0,0,0,0,,0,1/10/2026,0,0,0,0,0,0,0,0,0,0,0,0,0,0,0,0,,,,,,,,,,,4,4, ,7636.09,0,0,0,422000,0,X ,41,0,0,Open,MEDFORD ,OR,975010093
cif_cust_id_08157,loan_id_0613,Commercial,9672.68,21.12,5.63,5/10/2026,8/10/2027,628.93,0,0,,Branch Not Assigned,39,M059,Monthly,1,Reg P&I, ,0,510,32348.12,0,32348.12,Installment,580.82,48.11,48.11,4368.55,190.48,35.61,16,officer_id_047,9/20/2022,9/10/2022,9/10/2022,10/10/2022,,4/9/2026,0,,9693.8,No Prepayment Penatly,0,Fixed,, ,30/360 Am Sch,5.63,0,5.63,0,,,0,0,0,0,0,0,0,0,0,0,0,0,0,0,0,0,0,0,0,0,0,0,0,0,0,0,0,0,0,0,0,0,0,0,0,,0,1/10/2026,0,0,0,0,0,0,0,0,0,0,0,0,0,0,0,0,,,,,,,,,,,4,4, ,0,0,0,0,123465,0, ,09,0,0,Open,Syracuse ,NY,132041425
cif_cust_id_05856,loan_id_0627,Commercial,502173.47,2069.38,6.45,5/1/2026,4/1/2033,7515.87,0,0,,Branch Not Assigned,39,M084,Monthly,1,Reg P&I, ,0,510,506964.41,0,506964.41,Installment,4790.94,2724.93,2724.93,2724.93,4794.31,2069.38,83,officer_id_047,3/17/2026,3/1/2026,3/1/2026,4/1/2026,,3/31/2026,0,,504242.85,No Prepayment Penatly,0,Fixed,, ,30/360 Am Sch,6.45,0,6.45,0,,,0,0,0,0,0,0,0,0,0,0,0,0,0,0,0,0,0,0,0,0,0,0,0,0,0,0,0,0,0,0,0,0,0,0,0,,0,,0,0,0,0,0,0,0,0,0,0,0,0,0,0,0,0,,,,,,,,,,,4,4, ,0,0,0,0,999999,12.2, ,34,0,0,Open,SYRACUSE ,NY,132041425
cif_cust_id_06099,loan_id_0641,Commercial,350235.65,1706.82,7.31,4/30/2026,8/31/2049,2630.55,0,0,,branch_id_10,32,M312,Monthly,0,Reg P&I, ,0,140,0,0,358652,Installment,0,0,0,62061.65,8053.9,1635.7,282,officer_id_020,9/5/2023,8/30/2023,9/5/2023,9/30/2023,,3/30/2026,154,,355598.82,% of Current Balance,3502.35,FHLB 7_YR,8/30/2030,M084,365/360,7.31,0,4.57,0,,8/30/2030,2.96,0,0,6.31,0,0,1,0.05,0,9999999.99,0,0,0,0,0,0,0,0,0,0,0,0,0,0,0,0,0,0,0,0,0,0,0,0,0,,0,1/31/2026,0,0,0,0,0,0,0,0,0,0,0,0,0,0,0,0,,,,,,,,,,,4,4, ,1708.15,0,0,0,999999,0,X500 ,41,0,0,Open,MERLIN ,OR,975320032
cif_cust_id_06113,loan_id_0642,Commercial,688674.66,3519.88,8,5/1/2026,7/1/2037,7752.54,0,0,,Branch Not Assigned,39,M144,Monthly,1,Reg P&I, ,0,510,716201.35,0,716201.35,Installment,3140.44,4612.1,4612.1,42246.17,17418.44,3519.89,135,officer_id_047,7/11/2025,7/1/2025,7/1/2025,8/1/2025,,3/31/2026,0,,692194.54,No Prepayment Penatly,0,Fixed,, ,30/360 Am Sch,8,0,8,0,,,0,0,0,0,0,0,0,0,0,0,0,0,0,0,0,0,0,0,0,0,0,0,0,0,0,0,0,0,0,0,0,0,0,0,0,,0,11/1/2025,0,0,0,0,0,0,0,0,0,0,0,0,0,0,0,0,,,,,,,,,,,4,4, ,0,0,0,0,999999,0, ,51,0,0,Open,SYRACUSE ,NY,132041425
cif_cust_id_06144,loan_id_0652,Commercial,344321.6,1759.87,8,5/1/2026,2/1/2032,6171.65,0,0,,Branch Not Assigned,39,M084,Monthly,1,Reg P&I, ,0,510,395968.5,0,395968.5,Installment,3850.5,2321.15,2321.15,34756.2,8799.64,1759.87,70,officer_id_047,2/7/2025,2/1/2025,2/1/2025,3/1/2025,,3/31/2026,0,,346081.47,No Prepayment Penatly,0,Fixed,, ,30/360 Am Sch,8,0,8,0,,,0,0,0,0,0,0,0,0,0,0,0,0,0,0,0,0,0,0,0,0,0,0,0,0,0,0,0,0,0,0,0,0,0,0,0,,0,11/1/2025,0,0,0,0,0,0,0,0,0,0,0,0,0,0,0,0,,,,,,,,,,,4,4, ,0,0,0,0,999999,6.23, ,04,0,0,Open, , , 
cif_cust_id_06205,loan_id_0681,Commercial,61616.42,403.13,7.19,4/22/2026,3/22/2048,7839.55,0,0,,branch_id_18,35,M300,Monthly,0,Reg P&I, ,0,160,1080000,0,1080000,Installment,0,0,0,58629.41,1657.2,283.04,264,officer_id_058,3/23/2023,3/22/2023,3/23/2023,4/22/2023,,3/21/2026,154,,62789.71,% of Current Balance,616.16,FHLB 5_YR,3/22/2028,M060,365/360,7.19,0,4.27,0,,3/22/2028,2.4,0,0,0,0,0,1,0.05,0,9999999.99,0,391.98,0,0,0,0,0,0,0,0,0,0,0,0,0,0,0,0,0,0,0,0,0,0,0,,0,4/22/2026,0,391.98,7839.55,1,1,1,0,0,0,0,0,0,0,0,0,0,,,,,,,,,,,4,4, ,6103.91,0,0,0,999999,0,X ,41,0,0,Open,DALLAS ,OR,973380968
cif_cust_id_06205,loan_id_0683,Commercial,682547.96,1927.36,7.26,5/10/2026,2/10/2055,4763.25,0,0,,branch_id_18,35,M369,Monthly,0,Reg P&I, ,0,160,0,0,690502,Installment,491.84,4271.41,4271.41,90814.43,15583.44,3167.07,346,officer_id_058,5/16/2024,5/10/2024,5/16/2024,6/10/2024,,4/9/2026,154,,698280.27,% of Current Balance,13650.95,FHLB 3_YR,5/10/2027,M036,365/360,7.26,4.73,4.73,0,,5/10/2027,2.85,0,0,6.26,0,0,1,0.05,0,9999999.99,0,0,0,0,0,0,0,0,0,0,0,0,0,0,0,0,0,0,0,0,0,0,0,0,0,,209.06,4/10/2026,0,0,0,3,0,0,0,0,0,0,0,0,0,0,0,0,,,,,,,,,,,4,4, ,4491.15,0,0,0,200024,0,X ,41,0,0,Open,DALLAS ,OR,973380968
cif_cust_id_06205,loan_id_0685,Commercial,643856.81,510.14,7.14,5/20/2026,5/20/2055,4432.14,0,0,,branch_id_18,28,M360,Monthly,0,Reg P&I, ,0,140,650000,0,650000,Installment,470.6,3961.54,3961.54,42610.35,14458.26,2938.18,349,officer_id_058,5/23/2025,5/20/2025,5/23/2025,6/20/2025,,4/19/2026,154,,663836.65,% of Current Balance,19315.7,FHLB 3_YR,5/20/2028,M036,365/360,7.14,0,4.06,0,,5/20/2028,3.05,0,0,6.14,0,0,1,0.05,0,9999999.99,0,0,0,0,0,0,0,0,0,0,0,0,0,0,0,0,0,0,0,0,0,0,0,0,0,,0,12/20/2025,0,0,0,2,0,0,0,0,0,0,0,0,0,0,0,0,,,,,,,,,,,4,4, ,2582.55,0,0,0,200024,0,X ,41,0,0,Open,DALLAS ,OR,973380968
cif_cust_id_06205,loan_id_0686,Commercial,311196.49,1868.32,6.55,4/22/2026,10/22/2055,2008.37,0,0,,branch_id_18,28,M360,Monthly,0,Reg P&I, ,0,140,313000,0,313000,Installment,0,0,0,8238.34,6408.73,1302.27,355,officer_id_058,10/28/2025,10/22/2025,10/28/2025,11/22/2025,,3/21/2026,154,,322554.7,% of Current Balance,9335.89,FHLB 3_YR,10/22/2028,M036,365/360,6.55,0,3.59,0,,10/22/2028,3.05,0,0,5.55,0,0,1,0.05,0,9999999.99,0,100.42,0,0,0,0,0,0,0,0,0,0,0,0,0,0,0,0,0,0,0,0,0,0,0,,0,4/22/2026,0,100.42,2008.37,1,0,1,0,0,0,0,0,0,0,0,0,0,,,,,,,,,,,4,4, ,0,0,0,0,334811,0,X ,41,0,0,Open,DALLAS ,OR,973380968
cif_cust_id_06205,loan_id_0687,Commercial,376816.19,2262.29,6.55,4/22/2026,10/22/2055,2431.86,0,0,,branch_id_18,28,M360,Monthly,0,Reg P&I, ,0,140,379000,0,379000,Installment,0,0,0,9975.49,7760.1,1576.87,355,officer_id_058,10/28/2025,10/22/2025,10/28/2025,11/22/2025,,3/21/2026,154,,390536.96,% of Current Balance,11304.48,FHLB 3_YR,10/22/2028,M036,365/360,6.55,0,3.55,0,,10/22/2028,3.05,0,0,5.55,0,0,1,0.05,0,9999999.99,0,121.59,0,0,0,0,0,0,0,0,0,0,0,0,0,0,0,0,0,0,0,0,0,0,0,,0,4/22/2026,0,121.59,2431.86,1,0,1,0,0,0,0,0,0,0,0,0,0,,,,,,,,,,,4,4, ,0,0,0,0,334811,0,X ,41,0,0,Open,DALLAS ,OR,973380968
cif_cust_id_06205,loan_id_0688,Commercial,376816.19,2262.29,6.55,4/22/2026,10/22/2055,2431.86,0,0,,branch_id_18,28,M360,Monthly,0,Reg P&I, ,0,140,379000,0,379000,Installment,0,0,0,9975.49,7760.1,1576.87,355,officer_id_058,10/28/2025,10/22/2025,10/28/2025,11/22/2025,,3/21/2026,154,,390536.96,% of Current Balance,11304.48,FHLB 3_YR,10/22/2028,M036,365/360,6.55,0,3.59,0,,10/22/2028,3.05,0,0,5.55,0,0,1,0.05,0,9999999.99,0,121.59,0,0,0,0,0,0,0,0,0,0,0,0,0,0,0,0,0,0,0,0,0,0,0,,0,4/22/2026,0,121.59,2431.86,1,0,1,0,0,0,0,0,0,0,0,0,0,,,,,,,,,,,4,4, ,0,0,0,0,334811,0,X ,41,0,0,Open,DALLAS ,OR,973380968
cif_cust_id_06205,loan_id_0689,Commercial,383775.89,2304.07,6.55,4/22/2026,10/22/2055,2476.77,0,0,,branch_id_18,28,M360,Monthly,0,Reg P&I, ,0,140,386000,0,386000,Installment,0,0,0,10159.74,7903.43,1606,355,officer_id_058,10/28/2025,10/22/2025,10/28/2025,11/22/2025,,3/21/2026,154,,397747.23,% of Current Balance,11513.27,FHLB 3_YR,10/22/2028,M036,365/360,6.55,0,3.59,0,,10/22/2028,3.05,0,0,5.55,0,0,1,0.05,0,9999999.99,0,123.84,0,0,0,0,0,0,0,0,0,0,0,0,0,0,0,0,0,0,0,0,0,0,0,,0,4/22/2026,0,123.84,2476.77,1,0,1,0,0,0,0,0,0,0,0,0,0,,,,,,,,,,,4,4, ,0,0,0,0,334811,0,X ,41,0,0,Open,DALLAS ,OR,973380968
cif_cust_id_06205,loan_id_0690,Commercial,772513.68,3918.81,8.25,5/4/2026,5/4/2026,0,0,0,5/4/2026,branch_id_18,47,M024,Monthly,0,Int Only,Y,24,190,0,1000000,1000000,Revolving,150000,0,0,223208.85,23579.89,4553.04,4,officer_id_058,12/18/2020,12/18/2020,12/18/2020,1/4/2021,5/4/2024,4/1/2026,308,,776740.49,No Prepayment Penatly,0,WSJ Prime,,0000,365/360,4.75,6.75,3.25,0,,,1.5,0,0,6.25,0,0,1,0.05,0,9999999.99,0,0,0,0,0,0,0,0,0,0,0,0,0,0,0,0,0,0,0,0,0,14.54,0,0,0,,14.54,1/4/2026,0,0,0,2,1,1,0,0,0,0,0,0,0,0,0,0,,,,,,,,,,,4,0, ,0,0,0,0,999999,0, ,41,0,0,Open,DALLAS ,OR,973380968
cif_cust_id_06223,loan_id_0696,Commercial,428754.01,4834.6,5.53,4/25/2026,3/25/2027,5080.31,0,0,3/25/2027,branch_id_09,22,M240,Monthly,0,Reg P&I,Y,37,170,0,0,750000,Installment,0,0,0,273854.49,7517.55,1514.81,12,officer_id_055,3/28/2017,3/28/2017,3/28/2017,4/25/2017,3/11/2024,2/9/2026,154,,433742.61,No Prepayment Penatly,0,FHLB 5_YR,3/25/2027,M060,365/360,4.5,2.78,1.75,0,,3/25/2027,2.75,0,0,0,0,0,50,0.05,10,9999999.99,0,0,0,0,0,0,0,0,0,0,0,0,0,0,0,0,0,0,0,0,0,0,0,0,0,,0,10/25/2025,0,0,0,0,0,0,0,0,0,0,0,0,0,0,0,0,,,,,,,,,,,4,0, ,65.12,0,0,0,200000,0,X ,41,0,0,Open,ALBANY ,OR,973210219
cif_cust_id_02279,loan_id_0702,Commercial,122338.51,280.56,5.83,5/10/2026,3/29/2033,1782.35,0,0,,Branch Not Assigned,24,M240,Monthly,0,Reg P&I, ,0,190,226995.89,0,226995.89,Installment,1162.34,620.01,620.01,103877.57,2279.91,457.37,84,officer_id_011,3/29/2013,3/29/2013,3/29/2013,8/10/2016,3/29/2013,4/9/2026,154,,122773.07,No Prepayment Penatly,0,Fixed,, ,365/360,0,0,0,0,,,0,0,0,0,0,0,1,0.05,0,9999999.99,0,0,0,0,0,0,0,0,0,0,0,0,0,0,0,0,0,0,0,0,0,0,0,0,0,,0,1/10/2026,0,0,0,1,0,0,0,0,0,0,0,0,0,0,0,0,,,,,,,,,,,4,4, ,0,0,0,0,0,0,X500 ,41,0,0,Open,MEDFORD ,OR,975011792
cif_cust_id_02279,loan_id_0703,Commercial,141914.18,322.2,5.83,5/10/2026,3/29/2033,2067.52,0,0,,Branch Not Assigned,24,M240,Monthly,0,Reg P&I, ,0,190,263315.55,0,263315.55,Installment,1348.3,719.22,719.22,120498.47,2644.74,530.56,84,officer_id_011,3/29/2013,3/29/2013,3/29/2013,8/10/2016,3/29/2013,4/9/2026,154,,142390.38,No Prepayment Penatly,0,Fixed,, ,365/360,0,0,0,0,,,0,0,0,0,0,0,1,0.05,0,9999999.99,0,0,0,0,0,0,0,0,0,0,0,0,0,0,0,0,0,0,0,0,0,0,0,0,0,,0,1/10/2026,0,0,0,0,0,0,0,0,0,0,0,0,0,0,0,0,,,,,,,,,,,4,4, ,0,0,0,0,0,0,X500 ,41,0,0,Open,MEDFORD ,OR,975011792
cif_cust_id_06258,loan_id_0710,Commercial,578436.39,2901.02,7.85,5/1/2026,3/1/2032,10211.04,0,0,,Branch Not Assigned,39,M084,Monthly,1,Reg P&I, ,0,510,658284.66,0,658284.66,Installment,6385.33,3825.71,3825.71,52895.25,14502.37,2901.02,71,officer_id_047,3/27/2025,3/1/2025,3/1/2025,4/1/2025,,3/31/2026,0,,581337.41,No Prepayment Penatly,0,Fixed,, ,30/360 Am Sch,7.85,0,7.85,0,,,0,0,0,0,0,0,0,0,0,0,0,0,0,0,0,0,0,0,0,0,0,0,0,0,0,0,0,0,0,0,0,0,0,0,0,,0,11/1/2025,0,0,0,0,0,0,0,0,0,0,0,0,0,0,0,0,,,,,,,,,,,4,4, ,0,0,0,0,999999,17.88, ,34,0,0,Open,SYRACUSE ,NY,132041425
cif_cust_id_10844,loan_id_0717,Commercial,494400.25,575.63,6.99,5/18/2026,7/18/2050,3563.65,0,0,,branch_id_03,22,M300,Monthly,0,Reg P&I, ,0,170,500000,0,500000,Installment,585.09,2978.56,2978.56,26473.1,10878.26,2209.5,291,officer_id_032,7/18/2025,7/18/2025,7/18/2025,8/18/2025,,4/17/2026,154,,509961.88,% of Current Balance,14832,FHLB 3_YR,7/18/2028,M036,365/360,6.99,0,3.98,0,,7/18/2028,3.05,0,0,5.99,0,0,1,0.05,0,9999999.99,0,0,0,0,0,0,0,0,0,0,0,0,0,0,0,0,0,0,0,0,0,0,0,0,0,,0,1/18/2026,0,0,0,0,0,0,0,0,0,0,0,0,0,0,0,0,,,,,,,,,,,4,4, ,3441.13,0,0,0,293766,0,X ,41,0,0,Open,SAN JOSE ,CA,951125253
cif_cust_id_06303,loan_id_0727,Commercial,253675.79,1393.03,7.06,4/27/2026,7/27/2043,2217.49,0,0,,branch_id_03,22,M285,Monthly,0,Reg P&I, ,0,170,572490,0,572490,Installment,0,0,0,147287.72,5646.59,1144.54,208,officer_id_032,7/27/2018,7/27/2018,7/27/2018,8/27/2018,10/27/2019,3/26/2026,184,,255252.82,% of Current Balance,0,FHLB 5_YR,7/27/2028,M060,365/360,5.57,4.4,2.91,0,,7/27/2028,2.662,0,0,5.572,0,0,1,0.05,0,9999999.99,0,0,0,0,0,0,0,0,0,0,0,0,0,0,0,0,0,0,0,0,0,0,0,0,0,,0,1/27/2021,0,0,0,0,0,0,0,0,0,0,0,0,0,0,0,0,,,,,,,,,,,4,4, ,0,0,0,0,0,0,X ,41,0,0,Open,TALENT ,OR,975400268
cif_cust_id_06388,loan_id_0731,Commercial,45476.46,162.12,5.58,5/1/2026,11/1/2030,938.99,0,0,,Branch Not Assigned,39,M071,Monthly,1,Reg P&I, ,0,510,56669.32,0,56669.32,Installment,724.16,214.83,214.83,3830.98,816.66,162.13,55,officer_id_047,12/10/2024,12/1/2024,12/1/2024,1/1/2025,,3/31/2026,0,,45638.58,No Prepayment Penatly,0,Fixed,, ,30/360 Am Sch,5.58,0,5.58,0,,,0,0,0,0,0,0,0,0,0,0,0,0,0,0,0,0,0,0,0,0,0,0,0,0,0,0,0,0,0,0,0,0,0,0,0,,0,11/1/2025,0,0,0,0,0,0,0,0,0,0,0,0,0,0,0,0,,,,,,,,,,,4,4, ,0,0,0,0,392988,0, ,49,0,0,Open,WOODS CROSS ,UT,840108139
cif_cust_id_06391,loan_id_0733,Commercial,18858.1,67.11,3,5/1/2026,11/1/2042,84.32,0,0,11/1/2042,branch_id_10,10,M360,Monthly,1,Reg P&I,Y,231,510,20000,0,20000,Installment,37.08,47.24,47.24,1618.79,178.13,36.14,199,officer_id_020,9/11/2023,7/13/2023,7/13/2023,9/1/2023,,3/11/2026,0,,18925.21,No Prepayment Penatly,0,Fixed,, ,30/360 Curr Bal,3,0,3,0,,,0,0,0,0,0,0,0,0,0,0,0,0,0,0,0,0,0,0,0,0,0,0,0,0,0,0,0,0,0,0,0,0,0,0,0,,0,4/1/2026,0,0,0,0,6,6,0,0,0,0,0,0,0,0,0,0,,,,,,,,,,,4,4,A,0,0,0,0,0,0, ,41,0,0,Open,MEDFORD ,OR,975011409
cif_cust_id_13927,loan_id_0743,Commercial,185114.25,984.77,6.83,4/27/2026,12/27/2042,1567.56,768.58,0,,Branch Not Assigned,35,M300,Monthly,0,Reg P&I, ,0,160,239200,0,239200,Installment,_55.98,_1.07,_1.07,98535.77,3986.89,807.78,201,officer_id_011,12/27/2017,12/27/2017,12/27/2017,1/27/2018,12/28/2017,3/26/2026,154,,186259.83,No Prepayment Penatly,0,FHLB 5_YR,12/27/2027,M060,365/360,4.87,4.27,2.31,0,,12/27/2027,2.56,0,0,4.87,0,2012.1,1,0.05,0,9999999.99,0,0,0,0,0,0,0,0,0,0,0,0,0,0,0,0,0,0,0,0,0,0,0,0,0,,0,3/27/2026,0,0,0,1,0,0,0,0,0,0,0,0,0,0,0,0,,,,,,,,,,,4,4, ,0,0,0,0,187527,0,X500* ,41,0,0,Open,CARPINTERIA ,CA,930131460
cif_cust_id_06432,loan_id_0757,Commercial,0,0,6.25,3/5/2026,2/5/2027,0,0,0,2/5/2027,branch_id_10,11,M012,Monthly,0,Int Only,Y,12,530,0,200000,200000,Revolving,0,0,0,89.44,0,0,12,officer_id_069,2/5/2020,2/5/2020,2/5/2020,3/5/2020,2/5/2026,,15,,15,No Prepayment Penatly,0,WSJ Prime,,0000,365/360,3.98,6.75,3.98,0,,,_0.5,0,0,4,0,0,1,0.05,0,9999999.99,0,0,0,0,0,0,0,0,0,0,0,0,0,0,0,0,0,0,0,0,0,0,0,0,0,,0,,0,0,0,0,0,0,0,0,0,0,0,0,0,0,0,0,,,,,,,,,,,4,3+, ,0,0,0,0,999999,0, ,41,0,0,Open,WHITE CITY ,OR,975031923
cif_cust_id_06432,loan_id_0758,Commercial,122241.25,26.91,7.93,5/23/2026,8/23/2027,8393.99,0,0,,branch_id_10,10,M048,Monthly,0,Reg P&I, ,0,520,0,0,400000,Installment,7508.54,885.45,885.45,38900.53,3482.59,655.29,18,officer_id_020,8/25/2023,8/23/2023,8/25/2023,9/23/2023,8/23/2024,4/22/2026,0,,122268.16,No Prepayment Penatly,0,Fixed,, ,365/360,7.93,0,7.93,0,,,0,0,0,0,0,0,1,0.05,0,9999999.99,0,0,0,0,0,0,0,0,0,0,0,0,0,0,0,0,0,0,0,0,0,0,0,0,0,,0,8/23/2025,0,0,0,0,0,0,0,0,0,0,0,0,0,0,0,0,,,,,,,,,,,4,4, ,0,0,0,0,999999,0, ,41,0,0,Open,WHITE CITY ,OR,975031923
cif_cust_id_06432,loan_id_0759,Commercial,60540.91,172.02,7.93,5/11/2026,9/11/2028,2307.77,0,0,,branch_id_10,10,M048,Monthly,0,Reg P&I, ,0,520,0,0,400000,Installment,1882.2,425.57,425.57,6360.62,1594.01,309.43,36,officer_id_020,9/19/2024,9/11/2024,9/19/2024,10/11/2024,10/5/2025,4/10/2026,0,,60712.93,No Prepayment Penatly,0,Fixed,, ,365/360,7.93,0,7.93,0,,,0,0,0,0,0,0,1,0.05,0,9999999.99,0,0,0,0,0,0,0,0,0,0,0,0,0,0,0,0,0,0,0,0,0,0,0,0,0,,0,10/11/2025,0,0,0,0,1,0,0,0,0,0,0,0,0,0,0,0,,,,,,,,,,,4,4, ,0,0,0,0,999999,0, ,41,0,0,Open,WHITE CITY ,OR,975031923
cif_cust_id_06452,loan_id_0771,Commercial,124595.76,375.51,7.75,5/10/2026,10/10/2031,2331.8,0,0,,branch_id_05,10,M084,Monthly,0,Reg P&I, ,0,510,150000,0,150000,Installment,1490.35,841.45,841.45,17257.95,3101.09,619.81,66,officer_id_061,10/17/2024,10/10/2024,10/17/2024,11/10/2024,,4/9/2026,0,,124971.27,No Prepayment Penatly,0,WSJ Prime,,0000,365/360,9,6.75,8,0,,,1,0,0,5.75,0,0,1,0.05,0,9999999.99,0,0,0,0,0,0,0,0,0,0,0,0,0,0,0,0,0,0,0,0,0,0,0,0,0,,0,1/10/2026,0,0,0,0,0,0,0,0,0,0,0,0,0,0,0,0,,,,,,,,,,,4,4, ,39.02,0,0,0,999999,0, ,41,0,0,Open,EAGLE POINT ,OR,975245551
cif_cust_id_03797,loan_id_0778,Commercial,97624.84,460.05,5.85,4/25/2026,8/25/2032,1523.72,0,0,,Branch Not Assigned,39,M120,Monthly,1,Reg P&I, ,0,510,138182.42,0,138182.42,Installment,0,0,0,24962.38,1820.01,364.88,77,officer_id_047,9/6/2022,8/25/2022,8/25/2022,9/25/2022,,3/25/2026,0,,98084.89,No Prepayment Penatly,0,Fixed,, ,30/360 Am Sch,5.85,0,5.85,0,,,0,0,0,0,0,0,0,0,0,0,0,0,0,0,0,0,0,0,0,0,0,0,0,0,0,0,0,0,0,0,0,0,0,0,0,,0,10/25/2025,0,0,0,0,0,0,0,0,0,0,0,0,0,0,0,0,,,,,,,,,,,4,4, ,0,0,0,0,108502,0, ,06,0,0,Open,Syracuse ,NY,132041425
cif_cust_id_06579,loan_id_0783,Commercial,14462521.77,59392.76,7.04,5/3/2026,1/3/2034,107379.47,0,0,1/3/2034,branch_id_18,22,M300,Monthly,0,Reg P&I,Y,120,190,15000000,0,15000000,Installment,19585.72,87793.75,87793.75,2361767.46,320407.18,65056.87,93,officer_id_058,1/5/2024,1/3/2024,1/5/2024,2/3/2024,,4/2/2026,323,,14811487.96,% of Current Balance,289250.43,FHLB 5_YR,1/3/2029,M060,365/360,7.04,0,4.06,0,,1/3/2029,2.925,0,0,5.85,0,0,1,0.05,0,9999999.99,0,0,0,0,0,0,0,0,0,0,0,0,0,0,0,0,0,0,0,0,0,0,0,0,0,,0,1/3/2026,0,0,0,0,0,0,0,0,0,0,0,0,0,0,0,0,,,,,,,,,,,4,4,P,53172.76,0,0,0,999999,0,X ,41,0,0,Open,SPOKANE ,WA,992012181
cif_cust_id_06579,loan_id_0784,Commercial,3615981.18,15819.92,7.5,5/3/2026,1/3/2034,26844.87,0,0,1/3/2034,branch_id_18,22,M300,Monthly,2,Reg P&I,Y,120,190,3750000,0,3750000,Installment,4896.43,23384.83,23384.83,623610.85,85343.97,17328.62,92,officer_id_058,1/12/2024,1/3/2024,1/12/2024,2/3/2024,,4/2/2026,0,,3631801.1,No Prepayment Penatly,0,FHLB 5_YR,1/3/2029,M060,365/360,7.5,0,7.5,0,,1/3/2029,2.925,0,0,5.85,0,0,0,0.05,0,9999999.99,0,0,0,0,0,0,0,0,0,0,0,0,0,0,0,0,0,0,0,0,0,0,0,0,0,,0,1/3/2026,0,0,0,0,0,0,0,0,0,0,0,0,0,0,0,0,,,,,,,,,,,4,4,P,0,0,0,0,999999,0,X ,41,0,0,Open,SPOKANE ,WA,992012181
cif_cust_id_06579,loan_id_0785,Commercial,4985430.06,19435.28,6.68,5/3/2026,1/3/2034,34641.81,0,0,1/3/2034,branch_id_18,22,M324,Monthly,0,Reg P&I,Y,119,190,0,5000000,5000000,Non _ Revolving,5917.57,28724.24,28724.24,406826.1,106415.63,21288.46,100,officer_id_058,3/5/2024,2/16/2024,3/5/2024,3/3/2024,,4/2/2026,323,,5104896.94,% of Current Balance,99708.6,FHLB 5_YR,2/3/2031,M060,365/360,7.04,3.93,4.39,0,,2/3/2031,2.75,0,0,5.85,0,0,1,0.05,0,9999999.99,0,0,0,0,0,0,0,0,0,0,0,0,0,0,0,0,0,0,0,0,0,0,0,0,0,,0,1/3/2026,0,0,0,0,0,0,0,0,0,0,0,0,0,0,0,0,,,,,,,,,,,4,4,P,14876.72,0,0,0,999999,0,X ,41,0,0,Open,SPOKANE ,WA,992012181
cif_cust_id_06579,loan_id_0786,Commercial,1246357.52,5452.81,7.5,5/3/2026,1/3/2034,0,0,0,1/3/2034,branch_id_18,22,M324,Monthly,2,Int Only,Y,119,190,0,1250000,1250000,Non _ Revolving,1479.39,8058.94,8058.94,109130.56,29397.18,5972.74,101,officer_id_058,4/12/2024,2/16/2024,2/16/2024,5/3/2024,,4/2/2026,0,,1251810.33,No Prepayment Penatly,0,FHLB 5_YR,1/3/2029,M060,365/360,7.5,0,4.39,0,,1/3/2029,2.75,0,0,5.85,0,0,0,0.05,0,9999999.99,0,0,0,0,0,0,0,0,0,0,0,0,0,0,0,0,0,0,0,0,0,0,0,0,0,,0,1/3/2026,0,0,0,0,0,0,0,0,0,0,0,0,0,0,0,0,,,,,,,,,,,4,4,P,0,0,0,0,999999,0,X ,41,0,0,Open,SPOKANE ,WA,992012181
cif_cust_id_02136,loan_id_0793,Commercial,10948.06,5.04,4.64,5/20/2026,6/20/2027,832,0,0,,branch_id_05,22,M120,Monthly,0,Reg P&I, ,0,170,79500,0,79500,Installment,785.91,46.09,46.09,19890.06,183.39,33.79,14,officer_id_040,6/20/2017,6/20/2017,6/20/2017,7/20/2017,6/20/2017,4/19/2026,154,,11107.1,No Prepayment Penatly,0,Fixed,, ,365/360,0,0,0,0,,,0,0,0,0,0,0,1,0.05,0,9999999.99,0,0,0,0,0,0,0,0,0,0,0,0,0,0,0,0,0,0,0,0,0,0,0,0,0,,0,11/20/2022,0,0,0,0,0,0,0,0,0,0,0,0,0,0,0,0,,,,,,,,,,,4,4, ,0,0,0,0,86717,0,X ,41,0,0,Open,WHITE CITY ,OR,975031109
cif_cust_id_02136,loan_id_0795,Commercial,273948.64,_38.8,5.05,5/25/2026,5/25/2047,1774.78,0,0,,branch_id_05,22,M300,Monthly,0,Reg P&I, ,0,190,300000,0,300000,Installment,582.23,1192.55,1192.55,57363.3,4361.11,884.54,253,officer_id_040,6/1/2022,5/25/2022,6/1/2022,6/25/2022,,4/24/2026,154,,279542.81,% of Current Balance,5478.97,FHLB 5_YR,5/25/2027,M060,365/360,5.05,0,3.14,0,,5/25/2027,1.93,0,0,5.045,0,0,1,0.05,0,9999999.99,0,0,0,0,0,0,0,0,0,0,0,0,0,0,0,0,0,0,0,0,0,0,0,0,0,,0,11/25/2024,0,0,0,0,0,0,0,0,0,0,0,0,0,0,0,0,,,,,,,,,,,4,4, ,0,0,0,0,141409,0,X ,41,0,0,Open,WHITE CITY ,OR,975031109
cif_cust_id_06601,loan_id_0797,Commercial,139468.03,49.24,6.3,5/22/2026,3/22/2027,1481.78,0,0,,branch_id_05,24,M129,Monthly,0,Reg P&I, ,0,190,204084.74,0,204084.74,Installment,721.25,760.53,760.53,110233.33,2792.17,564.01,11,officer_id_040,6/22/2016,6/22/2016,6/22/2016,7/22/2016,8/17/2023,4/21/2026,308,,139825.27,No Prepayment Penatly,0,Fixed,, ,365/360,0,0,0,0,,,0,0,0,0,0,0,1,0.05,0,9999999.99,0,0,0,0,0,0,0,0,0,0,0,0,0,0,0,0,0,0,0,0,0,0,0,0,0,,0,11/22/2025,0,0,0,0,0,0,0,0,0,0,0,0,721.83,0,55.52,0,,,,,,,,,,,4,4, ,0,0,0,0,0,0,X ,41,0,0,Open,WHITE CITY ,OR,975031109
cif_cust_id_06601,loan_id_0798,Commercial,146464.31,51.27,6.3,5/22/2026,3/22/2027,1556.1,0,0,,branch_id_05,24,M129,Monthly,0,Reg P&I, ,0,190,214321.41,0,214321.41,Installment,757.42,798.68,798.68,115762.7,2932.24,592.3,11,officer_id_040,6/22/2016,6/22/2016,6/22/2016,7/22/2016,8/17/2023,4/21/2026,308,,146823.58,No Prepayment Penatly,0,Fixed,, ,365/360,0,0,0,0,,,0,0,0,0,0,0,1,0.05,0,9999999.99,0,0,0,0,0,0,0,0,0,0,0,0,0,0,0,0,0,0,0,0,0,0,0,0,0,,0,11/22/2025,0,0,0,0,0,0,0,0,0,0,0,0,0,0,0,0,,,,,,,,,,,4,4, ,0,0,0,0,0,0,X ,41,0,0,Open,WHITE CITY ,OR,975031109
cif_cust_id_06601,loan_id_0799,Commercial,125796.74,_52.1,7.3,5/26/2026,12/26/2039,1662.35,0,0,,branch_id_05,22,M238,Monthly,0,Reg P&I,N,0,190,190000,0,190000,Installment,866.18,796.17,796.17,94756.83,2931.43,590.28,164,officer_id_040,12/26/2014,12/26/2014,12/26/2014,1/26/2015,2/26/2020,4/25/2026,154,,125898.64,% of Current Balance,0,FHLB 5_YR,11/26/2029,M060,365/360,4.78,4.28,1.53,0,,11/26/2029,3.022,0,0,4.822,0,0,1,0.05,0,9999999.99,0,0,0,0,0,0,0,0,0,0,0,0,0,0,0,0,0,0,0,0,0,0,0,0,0,,0,6/26/2025,0,0,0,1,0,0,0,0,0,0,0,0,0,0,0,0,,,,,,,,,,,4,5, ,0,0,0,0,182172,0,X ,41,0,0,Open,WHITE CITY ,OR,975031109
cif_cust_id_06795,loan_id_0812,Commercial,528698,448.51,7.64,5/20/2026,6/20/2044,4534.38,0,0,,branch_id_05,22,M240,Monthly,0,Reg P&I, ,0,170,552500,0,552500,Installment,1051.49,3482.89,3482.89,75954.36,12732.75,2583.18,218,officer_id_040,6/27/2024,6/20/2024,6/27/2024,7/20/2024,,4/19/2026,308,,540504.51,No Prepayment Penatly,11050,FHLB 5_YR,6/20/2029,M060,365/360,7.64,0,4.37,0,,6/20/2029,3.125,0,0,6.635,0,0,1,0.05,0,9999999.99,0,0,0,0,0,0,0,0,0,0,0,0,0,0,0,0,0,0,0,0,0,0,0,0,0,,0,12/20/2025,0,0,0,0,0,0,0,0,0,0,0,0,0,0,0,0,,,,,,,,,,,4,4, ,1534.29,0,0,0,342695,0, ,41,0,0,Open,PORTLAND ,OR,972198384
cif_cust_id_06807,loan_id_0815,Commercial,1791786.28,2712.3,6.05,5/15/2026,12/15/2055,0,0,0,,branch_id_02,35,M360,Monthly,0,Int Only, ,0,160,0,0,1800000,Installment,2651.47,9348.53,9348.53,36230.99,34103.29,6934.22,356,officer_id_064,12/15/2025,12/15/2025,12/16/2025,1/15/2026,,4/14/2026,154,,1848406.16,% of Current Balance,53753.58,FHLB 5_YR,12/15/2030,M060,365/360,6.05,0,3.32,0,,12/15/2030,2.75,0,0,5.05,0,0,1,0.05,0,9999999.99,0,0,0,0,0,0,0,0,0,0,0,0,0,0,0,0,0,0,0,0,0,0,0,0,0,,0,4/15/2026,0,0,0,0,0,0,0,0,0,0,0,0,0,0,0,0,,,,,,,,,,,4,4, ,13996.93,0,0,0,999999,0,X ,41,0,0,Open,ALBANY ,OR,973212253
cif_cust_id_06811,loan_id_0817,Commercial,55802.25,198.48,6.74,5/5/2026,10/5/2036,622.52,0,0,,Branch Not Assigned,39,M137,Monthly,1,Reg P&I, ,0,510,59379.46,0,59379.46,Installment,307.37,315.15,315.15,3893.03,1191.79,240.52,125,officer_id_047,4/16/2025,4/5/2025,4/5/2025,5/5/2025,,4/4/2026,0,,56000.73,No Prepayment Penatly,0,Fixed,, ,30/360 Am Sch,6.74,0,6.74,0,,,0,0,0,0,0,0,0,0,0,0,0,0,0,0,0,0,0,0,0,0,0,0,0,0,0,0,0,0,0,0,0,0,0,0,0,,0,7/5/2025,0,0,0,0,0,0,0,0,0,0,0,0,0,0,0,0,,,,,,,,,,,4,4, ,0,0,0,0,223120,0, ,48,0,0,Open,SYRACUSE ,NY,132041425
cif_cust_id_06812,loan_id_0818,Commercial,117531.53,354.23,7.75,5/10/2026,8/10/2032,1961.81,0,0,,Branch Not Assigned,39,M083,Monthly,1,Reg P&I, ,0,510,125737.45,0,125737.45,Installment,1195.03,766.78,766.78,5526.75,2914.4,584.26,76,officer_id_047,9/11/2025,9/10/2025,9/10/2025,10/10/2025,,4/9/2026,0,,117885.76,No Prepayment Penatly,0,Fixed,, ,30/360 Am Sch,7.75,0,7.75,0,,,0,0,0,0,0,0,0,0,0,0,0,0,0,0,0,0,0,0,0,0,0,0,0,0,0,0,0,0,0,0,0,0,0,0,0,,0,1/10/2026,0,0,0,0,0,0,0,0,0,0,0,0,0,0,0,0,,,,,,,,,,,4,4, ,0,0,0,0,999999,4.12, ,06,0,0,Open,SYRACUSE ,NY,132041425
cif_cust_id_15158,loan_id_0819,Commercial,172316.25,451.66,6.74,5/10/2026,5/10/2037,1842.7,0,0,,Branch Not Assigned,39,M135,Monthly,1,Reg P&I, ,0,510,174051.33,0,174051.33,Installment,869.97,972.73,972.73,1950.32,2401.98,743.48,133,officer_id_047,2/17/2026,2/10/2026,2/10/2026,3/10/2026,,4/9/2026,0,,172767.91,No Prepayment Penatly,0,Fixed,, ,30/360 Am Sch,6.74,0,6.74,0,,,0,0,0,0,0,0,0,0,0,0,0,0,0,0,0,0,0,0,0,0,0,0,0,0,0,0,0,0,0,0,0,0,0,0,0,,0,,0,0,0,0,0,0,0,0,0,0,0,0,0,0,0,0,,,,,,,,,,,4,4, ,0,0,0,0,753775,0, ,17,0,0,Open,SYRACUSE ,NY,132041425
cif_cust_id_06841,loan_id_0824,Commercial,165966.79,821.75,7.75,5/1/2026,8/1/2032,2770.28,0,0,,Branch Not Assigned,39,M083,Monthly,1,Reg P&I, ,0,510,177554.38,0,177554.38,Installment,1687.51,1082.77,1082.77,7804.37,4102.48,821.77,76,officer_id_047,9/9/2025,9/1/2025,9/1/2025,10/1/2025,,3/31/2026,0,,166788.54,No Prepayment Penatly,0,Fixed,, ,30/360 Am Sch,7.75,0,7.75,0,,,0,0,0,0,0,0,0,0,0,0,0,0,0,0,0,0,0,0,0,0,0,0,0,0,0,0,0,0,0,0,0,0,0,0,0,,0,11/1/2025,0,0,0,0,0,0,0,0,0,0,0,0,0,0,0,0,,,,,,,,,,,4,4, ,0,0,0,0,999999,2.28, ,13,0,0,Open,SYRACUSE ,NY,132041425
cif_cust_id_06868,loan_id_0825,Commercial,2907081.19,11226.55,5.13,4/26/2026,4/26/2036,22965.26,0,0,4/26/2036,branch_id_05,24,M241,Monthly,0,Reg P&I,Y,190,190,3836955.81,0,3836955.81,Installment,0,0,0,1734253.92,47054,9527.96,122,officer_id_069,6/26/2016,6/26/2016,6/26/2016,7/26/2016,6/26/2016,3/27/2026,154,,2918461.74,No Prepayment Penatly,0,Fixed,, ,365/360,0,0,0,0,,,0,0,0,0,0,0,1,0.05,0,9999999.99,0,0,0,0,0,0,0,0,0,0,0,0,0,0,0,0,0,0,0,0,0,0,0,0,0,,0,7/26/2025,0,0,0,0,0,0,0,0,0,0,0,0,0,0,0,0,,,,,,,,,,,4,4, ,1730.31,0,0,0,0,0,X ,41,0,0,Open,MEDFORD ,OR,975010152
cif_cust_id_06931,loan_id_0832,Commercial,354826.81,648.58,7.3,5/15/2026,7/15/2045,2889.83,0,0,7/15/2045,branch_id_05,22,M300,Monthly,0,Reg P&I, ,300,170,0,0,404000,Installment,654.01,2235.82,2235.82,112404.78,8169.91,1658.31,232,officer_id_069,7/17/2020,7/15/2020,7/17/2020,8/15/2020,,4/14/2026,154,,355629.39,% of Current Balance,0,FHLB 5_YR,7/15/2030,M060,365/360,4.95,4.14,0.78,0,,7/15/2030,3.162,0,0,4.952,0,0,1,0.05,0,9999999.99,0,0,0,0,0,0,0,0,0,0,0,0,0,0,0,0,0,0,0,0,0,0,0,0,0,,0,4/15/2026,0,0,0,0,0,0,0,0,0,0,0,0,0,0,0,0,,,,,,,,,,,4,4, ,2274.2,0,0,0,19185,0,X ,41,0,0,Open,CENTRAL POINT ,OR,975029367
cif_cust_id_07025,loan_id_0836,Commercial,118751.69,473.12,6.83,5/3/2026,11/3/2045,925.17,0,0,,branch_id_05,22,M240,Monthly,0,Reg P&I, ,0,170,120000,0,120000,Installment,225.42,699.75,699.75,3377.54,2554.66,518.27,235,officer_id_061,11/5/2025,11/3/2025,11/5/2025,12/3/2025,,4/2/2026,154,,122941.36,% of Current Balance,3562.55,FHLB 3_YR,11/3/2028,M036,365/360,6.83,0,3.62,0,,11/3/2028,3.25,0,0,5.99,0,0,1,0.05,0,9999999.99,0,0,0,0,0,0,0,0,0,0,0,0,0,0,0,0,0,0,0,0,0,0,0,0,0,,0,1/3/2026,0,0,0,0,0,0,0,0,0,0,0,0,0,0,0,0,,,,,,,,,,,4,4, ,439.4,0,0,0,0,0,X ,41,0,0,Open,MEDFORD ,OR,975042179
cif_cust_id_07047,loan_id_0846,Commercial,268226.2,_1387.68,6.03,6/22/2026,4/22/2029,8847.59,0,0,,branch_id_10,10,M084,Monthly,0,Reg P&I, ,0,510,603200,0,603200,Installment,0,0,0,110562.52,5270.48,1033.86,35,officer_id_020,4/28/2022,4/22/2022,4/28/2022,5/22/2022,,5/24/2026,492,,267330.52,No Prepayment Penatly,0,FHLB 5_YR,4/22/2027,M060,365/360,6.03,0,3.12,0,,4/22/2027,3.813,0,0,6.033,0,0,1,0.05,0,9999999.99,0,0,0,0,0,0,0,0,0,0,0,0,0,0,0,0,0,0,0,0,0,0,0,0,0,,0,,0,0,0,0,0,0,0,0,0,0,0,0,0,0,0,0,,,,,,,,,,,4,4, ,1344.41,0,0,0,999999,0,X ,41,0,0,Open,GRANTS PASS ,OR,975261838
cif_cust_id_07062,loan_id_0851,Commercial,99430.37,167.51,6.74,5/15/2026,10/15/2034,1283.22,0,0,,Branch Not Assigned,39,M144,Monthly,1,Reg P&I, ,0,510,126478.75,0,126478.75,Installment,720.7,562.52,562.52,26846.86,2135.25,430.05,102,officer_id_047,11/4/2022,10/15/2022,10/15/2022,11/15/2022,,4/14/2026,0,,99597.88,No Prepayment Penatly,0,Fixed,, ,30/360 Am Sch,6.74,0,6.74,0,,,0,0,0,0,0,0,0,0,0,0,0,0,0,0,0,0,0,0,0,0,0,0,0,0,0,0,0,0,0,0,0,0,0,0,0,,0,2/15/2026,0,0,0,0,0,0,0,0,0,0,0,0,0,0,0,0,,,,,,,,,,,4,4, ,0,0,0,0,165894,0, ,04,0,0,Open,Syracuse ,NY,132041425
cif_cust_id_07560,loan_id_0852,Commercial,103510.7,225.02,5.59,5/10/2026,9/10/2034,1287.13,0,0,,Branch Not Assigned,39,M144,Monthly,1,Reg P&I, ,0,510,134811.17,0,134811.17,Installment,801.21,485.92,485.92,24046.12,1843.01,370.8,101,officer_id_047,9/19/2022,9/10/2022,9/10/2022,10/10/2022,,4/9/2026,0,,103735.72,No Prepayment Penatly,0,Fixed,, ,30/360 Am Sch,5.59,0,5.59,0,,,0,0,0,0,0,0,0,0,0,0,0,0,0,0,0,0,0,0,0,0,0,0,0,0,0,0,0,0,0,0,0,0,0,0,0,,0,1/10/2026,0,0,0,0,0,0,0,0,0,0,0,0,0,0,0,0,,,,,,,,,,,4,4, ,0,0,0,0,107027,0, ,12,0,0,Open,Syracuse ,NY,132041425
cif_cust_id_11706,loan_id_0857,Commercial,0,0,6.25,5/31/2026,10/31/2026,0,0,0,10/31/2026,branch_id_03,11,M012,Monthly,0,Int Only,Y,12,530,0,400000,400000,Revolving,0,0,0,36398.76,0,0,12,officer_id_032,10/20/2003,10/20/2003,10/20/2003,10/30/2004,10/31/2025,,0,,0,No Prepayment Penatly,0,WSJ Prime,,0000,365/360,4.5,6.75,4.5,0,,,_0.5,0,0,6.25,0,0,1,0.05,0,9999999.99,0,0,0,0,0,0,0,0,0,0,68.61,0,0,0,0,0,0,0,0,0,0,0,0,0,0,,0,10/31/2025,0,0,0,0,0,0,0,0,0,0,0,0,0,0,0,0,,,,,,,,,,,4,3, ,0,0,0,0,406381,0, ,41,0,0,Open,ASHLAND ,OR,975201841
Borrower Not Found,loan_id_1311,Commercial,173466.88,451.74,6.25,5/9/2026,1/9/2048,1463.54,0,0,,branch_id_03,22,M300,Monthly,0,Reg P&I, ,0,190,220000,0,220000,Installment,1521.76,941.78,941.78,42544.94,3459.91,694.78,261,officer_id_032,1/11/2023,1/9/2023,1/11/2023,2/9/2023,,4/8/2026,154,,175807.28,% of Current Balance,1734.66,FHLB 3_YR,1/9/2029,M036,365/360,6.25,3.62,6.25,0,,1/9/2029,1.98,0,0,6.25,0,0,1,0.05,0,9999999.99,0,0,0,0,0,0,0,0,0,0,0,0,0,0,0,0,0,0,0,0,0,0,0,0,0,,0,8/9/2025,0,0,0,0,0,0,0,0,0,0,0,0,0,0,0,0,,,,,,,,,,,4,4, ,0,0,0,0,335532,0,X500 ,41,0,0,Open,MEDFORD ,OR,975048525
cif_cust_id_07152,loan_id_0867,Commercial,479014.95,3235.26,7.6,4/23/2026,6/23/2048,3762.62,0,0,,branch_id_03,22,M300,Monthly,0,Reg P&I, ,0,190,500000,0,500000,Installment,0,0,0,103181.41,11446.92,2324.36,267,officer_id_032,6/29/2023,6/23/2023,6/29/2023,7/23/2023,,3/22/2026,308,,487348.35,% of Current Balance,4790.14,FHLB 5_YR,6/23/2028,M060,365/360,7.6,0,4.24,0,,6/23/2028,3.475,0,0,7.595,0,0,1,0.05,0,9999999.99,0,0,0,0,0,0,0,0,0,0,0,0,0,0,0,0,0,0,0,0,0,0,0,0,0,,0,3/23/2026,0,0,0,7,3,0,0,0,0,0,0,0,0,0,0,0,,,,,,,,,,,4,4, ,3149.32,0,0,0,126960,0,X ,41,0,0,Open,ASHLAND ,OR,975202238
cif_cust_id_07163,loan_id_0872,Commercial,258337.84,879.43,6.45,5/5/2026,4/5/2033,3866.46,0,0,,Branch Not Assigned,39,M084,Monthly,1,Reg P&I, ,0,510,260802.49,0,260802.49,Installment,2464.65,1401.81,1401.81,1401.81,2281.24,1066.34,83,officer_id_047,3/18/2026,3/5/2026,3/5/2026,4/5/2026,,4/4/2026,0,,259217.27,No Prepayment Penatly,0,Fixed,, ,30/360 Am Sch,6.45,0,6.45,0,,,0,0,0,0,0,0,0,0,0,0,0,0,0,0,0,0,0,0,0,0,0,0,0,0,0,0,0,0,0,0,0,0,0,0,0,,0,,0,0,0,0,0,0,0,0,0,0,0,0,0,0,0,0,,,,,,,,,,,4,4, ,0,0,0,0,999999,3.67, ,36,0,0,Open,SYRACUSE ,NY,132041425
cif_cust_id_07221,loan_id_0885,Commercial,344065.16,756.94,6.6,5/12/2026,11/12/2035,3086.36,0,0,11/12/2035,branch_id_05,10,M120,Monthly,0,Reg P&I,Y,120,510,350000,0,350000,Installment,1124.53,1961.83,1961.83,9496.96,7176.27,1453.07,115,officer_id_061,11/14/2025,11/12/2025,11/14/2025,12/12/2025,,4/11/2026,323,,345145.1,No Prepayment Penatly,0,FHLB 3_YR,11/12/2028,M036,365/360,6.6,0,3.67,0,,11/12/2028,3.05,0,0,5.6,0,0,1,0.05,0,9999999.99,0,0,0,0,0,0,0,0,0,0,0,0,0,0,0,0,0,0,0,0,0,0,0,0,0,,0,12/12/2025,0,0,0,1,0,0,0,0,0,0,0,0,0,0,0,0,,,,,,,,,,,4,4, ,1958.5,0,0,0,999999,0,X500 ,41,0,0,Open,CENTRAL POINT ,OR,975022671
cif_cust_id_07319,loan_id_0896,Commercial,977016.14,943.23,6.95,5/19/2026,6/19/2045,7961.99,0,0,,branch_id_12,22,M300,Monthly,0,Reg P&I,N,0,190,0,0,1129500,Installment,2101.4,5860.59,5860.59,377568.09,21427.01,4346.15,230,officer_id_054,6/19/2019,6/19/2019,6/19/2019,7/19/2019,2/20/2020,4/18/2026,154,,978113.37,% of Current Balance,0,FHLB 5_YR,6/19/2029,M060,365/360,5.12,4.37,2.32,0,,6/19/2029,2.58,0,0,4.472,0,0,1,0.05,0,9999999.99,0,0,0,0,0,0,0,0,0,0,0,0,0,0,0,0,0,0,0,0,0,0,0,0,0,,0,7/19/2025,0,0,0,0,0,0,0,0,0,0,0,0,0,0,0,0,,,,,,,,,,,4,4, ,0,0,0,0,156556,0,C ,41,0,0,Open,CENTRAL POINT ,OR,975029441
cif_cust_id_07403,loan_id_0902,Commercial,139962.39,384.39,4.3,5/1/2026,8/18/2046,862.76,0,0,,branch_id_10,35,M300,Monthly,0,Reg P&I,N,0,160,157500,0,157500,Installment,343.47,519.29,519.29,29914.19,1895.85,384.39,245,officer_id_020,8/26/2021,8/18/2021,8/26/2021,10/1/2021,,3/31/2026,154,,141900.4,% of Current Balance,1399.62,FHLB 5_YR,8/18/2026,M060,365/360,4.3,0,1.11,0,,8/18/2026,2.913,0,0,4.295,0,0,1,0.05,0,9999999.99,0,0,0,0,0,0,0,0,0,0,0,0,0,0,0,0,0,0,0,0,0,0,0,0,0,,0,4/1/2026,0,0,0,9,1,0,0,0,0,0,0,0,0,0,0,0,,,,,,,,,,,4,4, ,0,0,0,0,256812,0,C ,41,0,0,Open,LOS ANGELES ,CA,900691509
cif_cust_id_07403,loan_id_0903,Commercial,139962.39,384.39,4.3,5/1/2026,8/18/2046,862.76,0,0,,branch_id_10,35,M300,Monthly,0,Reg P&I,N,0,160,157500,0,157500,Installment,343.47,519.29,519.29,29914.19,1895.86,384.39,245,officer_id_020,8/26/2021,8/18/2021,8/26/2021,10/1/2021,,3/31/2026,154,,141900.4,% of Current Balance,1399.62,FHLB 5_YR,8/18/2026,M060,365/360,4.3,0,1.11,0,,8/18/2026,2.913,0,0,4.295,0,0,1,0.05,0,9999999.99,0,0,0,0,0,0,0,0,43.14,0,0,0,0,0,0,0,0,0,0,0,0,0,0,0,0,,0,4/1/2026,0,0,0,8,1,1,0,0,0,0,0,0,0,0,0,0,,,,,,,,,,,4,4, ,0,0,0,0,256812,0,C ,41,0,0,Open,LOS ANGELES ,CA,900691509
cif_cust_id_07403,loan_id_0904,Commercial,360851.56,991.03,4.3,5/1/2026,8/20/2046,2223.99,0,0,,branch_id_10,35,M300,Monthly,0,Reg P&I,N,0,160,406000,0,406000,Installment,885.15,1338.84,1338.84,77171.01,4887.87,991.03,245,officer_id_020,8/23/2021,8/20/2021,8/23/2021,10/1/2021,,3/31/2026,154,,365605.1,% of Current Balance,3608.51,FHLB 5_YR,8/20/2026,M060,365/360,4.3,0,1.12,0,,8/20/2026,2.913,0,0,4.295,0,0,1,0.05,0,9999999.99,0,0,0,0,0,0,0,0,0,0,0,0,0,0,0,0,0,0,0,0,0,0,0,0,0,,0,4/1/2026,0,0,0,9,1,0,0,0,0,0,0,0,0,0,0,0,,,,,,,,,,,4,4, ,0,0,0,0,256812,0,X ,41,0,0,Open,LOS ANGELES ,CA,900691509
cif_cust_id_07403,loan_id_0905,Commercial,348692.26,957.64,4.3,5/1/2026,8/20/2046,2147.3,0,0,,branch_id_10,35,M300,Monthly,0,Reg P&I,N,0,160,392000,0,392000,Installment,853.59,1293.71,1293.71,74793.76,4723.14,957.64,245,officer_id_020,8/23/2021,8/20/2021,8/23/2021,10/1/2021,,3/31/2026,154,,353290.82,% of Current Balance,3486.92,FHLB 5_YR,8/20/2026,M060,365/360,4.3,0,1.12,0,,8/20/2026,2.913,0,0,4.295,0,0,1,0.05,0,9999999.99,0,0,0,0,0,0,0,0,0,0,0,0,0,0,0,0,0,0,0,0,0,0,0,0,0,,0,4/1/2026,0,0,0,9,1,0,0,0,0,0,0,0,0,0,0,0,,,,,,,,,,,4,4, ,0,0,0,0,256812,0,X ,41,0,0,Open,LOS ANGELES ,CA,900691509
cif_cust_id_07403,loan_id_0906,Commercial,660023.76,1812.66,4.3,5/1/2026,8/20/2046,4064.55,0,0,,branch_id_10,35,M300,Monthly,0,Reg P&I,N,0,160,742000,0,742000,Installment,1615.73,2448.82,2448.82,141574.01,8940.2,1812.66,245,officer_id_020,8/23/2021,8/20/2021,8/23/2021,10/1/2021,,3/31/2026,154,,668590.65,% of Current Balance,6600.23,FHLB 5_YR,8/20/2026,M060,365/360,4.3,0.79,1.11,0,,8/20/2026,2.913,0,0,4.295,0,0,1,0.05,0,9999999.99,0,0,0,0,0,0,0,0,0,0,0,0,0,0,0,0,0,0,0,0,0,0,0,0,0,,0,4/1/2026,0,0,0,9,1,0,0,0,0,0,0,0,0,0,0,0,,,,,,,,,,,4,4, ,0,0,0,0,256812,0,X ,41,0,0,Open,LOS ANGELES ,CA,900691509
cif_cust_id_07453,loan_id_0921,Commercial,553147.64,1664.96,7.74,5/10/2026,2/10/2033,8707.36,0,0,,Branch Not Assigned,39,M120,Monthly,1,Reg P&I, ,0,510,725866.66,0,725866.66,Installment,5106.62,3600.74,3600.74,158160.66,13674.65,2745.2,82,officer_id_047,2/24/2023,2/10/2023,2/10/2023,3/10/2023,,4/9/2026,0,,554812.6,No Prepayment Penatly,0,Fixed,, ,30/360 Am Sch,7.74,0,7.74,0,,,0,0,0,0,0,0,0,0,0,0,0,0,0,0,0,0,0,0,0,0,0,0,0,0,0,0,0,0,0,0,0,0,0,0,0,,0,1/10/2026,0,0,0,0,0,0,0,0,0,0,0,0,0,0,0,0,,,,,,,,,,,4,4, ,0,0,0,0,999999,0, ,39,0,0,Open,Syracuse ,NY,132041425
cif_cust_id_07516,loan_id_0941,Commercial,333181.8,2742.97,7.75,4/27/2026,8/27/2026,0,0,0,8/27/2026,Branch Not Assigned,19,M007,Monthly,0,Int Only,Y,7,440,0,900000,500000,Revolving,234906.26,0,0,199219.14,10118.5,2107.1,5,officer_id_063,5/30/2019,5/30/2019,5/30/2019,7/10/2019,1/27/2026,3/16/2026,220,,336144.77,No Prepayment Penatly,0,WSJ Prime,,0000,365/360,6.75,6.75,5.5,0,,,1,0,0,6.25,0,0,1,0.05,0,9999999.99,0,0,0,169.36,0,0,0,0,0,0,0,0,0,0,0,0,0,0,0,0,0,0,0,0,0,,459.38,1/27/2026,0,169.36,0,0,0,0,1,0,0,0,0,0,0,0,0,0,,,,,,,,,,,4,0, ,0,0,0,0,999999,0,X ,41,0,0,Open,WOODBURN ,OR,970718715
cif_cust_id_16295,loan_id_0976,Commercial,177643.41,657.19,6.34,5/3/2026,9/3/2046,1305.83,0,0,,branch_id_03,28,M300,Monthly,0,Reg P&I,N,0,140,200000,0,200000,Installment,333.64,972.19,972.19,38498.51,3548.62,719.9,245,officer_id_032,9/9/2021,9/3/2021,9/9/2021,10/3/2021,,4/2/2026,154,,178454.6,No Prepayment Penatly,0,FHLB 3_YR,9/3/2027,M036,365/360,3.45,3.89,0.7,0,,9/3/2027,2.45,0,0,3.45,0,0,1,0.05,0,9999999.99,0,0,0,0,0,0,0,0,0,0,0,0,0,0,0,0,0,0,0,0,0,0,0,0,0,,0,3/3/2026,0,0,0,0,0,0,0,0,0,0,0,0,0,0,0,0,,,,,,,,,,,4,4, ,0,0,0,0,225204,0,X ,41,0,0,Open,CENTRAL POINT ,OR,975020013
cif_cust_id_07548,loan_id_0982,Commercial,1377635.75,4305.12,6.25,5/6/2026,12/6/2037,13945.37,0,0,,branch_id_05,22,M312,Monthly,0,Reg P&I, ,0,190,2060706,0,2060706,Installment,6496.05,7449.32,7449.32,1571473,27259.17,5506.62,140,officer_id_061,12/6/2011,12/6/2011,12/6/2011,1/6/2014,12/10/2013,4/5/2026,154,,1382094.87,No Prepayment Penatly,0,Fixed,, ,365/360,0,0,0,0,,,0,0,0,0,0,0,1,0.05,0,9999999.99,0,0,0,0,0,0,0,0,0,0,0,0,0,0,0,0,0,0,0,0,0,0,0,0,0,,0,12/6/2025,0,0,0,0,0,0,0,0,0,0,0,0,0,0,0,0,,,,,,,,,,,4,4, ,2968.16,0,0,0,0,0,X500* ,41,0,0,Open,MEDFORD ,OR,975048219
cif_cust_id_09519,loan_id_0990,Commercial,80690.05,175.1,5.58,5/10/2026,9/10/2029,2166.17,0,0,,Branch Not Assigned,39,M084,Monthly,1,Reg P&I, ,0,510,150344.48,0,150344.48,Installment,1782.67,383.5,383.5,23490.88,1472.75,290.15,41,officer_id_047,9/19/2022,9/10/2022,9/10/2022,10/10/2022,,4/9/2026,0,,80865.15,No Prepayment Penatly,0,Fixed,, ,30/360 Am Sch,5.58,0,5.58,0,,,0,0,0,0,0,0,0,0,0,0,0,0,0,0,0,0,0,0,0,0,0,0,0,0,0,0,0,0,0,0,0,0,0,0,0,,0,1/10/2026,0,0,0,0,0,0,0,0,0,0,0,0,0,0,0,0,,,,,,,,,,,4,4, ,0,0,0,0,133224,0, ,17,0,0,Open,Syracuse ,NY,132041425
cif_cust_id_13328,loan_id_0993,Commercial,66115.99,46.77,6.89,5/20/2026,10/20/2032,1053.96,0,0,,Branch Not Assigned,39,M120,Monthly,1,Reg P&I, ,0,510,91218.5,0,91218.5,Installment,670.49,383.47,383.47,19163.81,1458.74,293.48,78,officer_id_047,11/9/2022,10/20/2022,10/20/2022,11/20/2022,,4/19/2026,0,,66162.76,No Prepayment Penatly,0,Fixed,, ,30/360 Am Sch,6.89,0,6.89,0,,,0,0,0,0,0,0,0,0,0,0,0,0,0,0,0,0,0,0,0,0,0,0,0,0,0,0,0,0,0,0,0,0,0,0,0,,0,12/20/2025,0,0,0,0,0,0,0,0,0,0,0,0,0,0,0,0,,,,,,,,,,,4,4, ,0,0,0,0,87200,0, ,08,0,0,Open,Syracuse ,NY,132041425
cif_cust_id_15828,loan_id_0999,Commercial,178319.73,308.13,7.78,5/16/2026,4/16/2046,1479.29,0,0,,branch_id_10,22,M300,Monthly,0,Reg P&I,N,0,190,203000,0,203000,Installment,443.24,692.71,692.71,43476.73,2662.45,643.31,240,officer_id_020,4/23/2021,4/16/2021,4/23/2021,5/16/2021,,4/15/2026,154,,178781.86,No Prepayment Penatly,0,FHLB 5_YR,4/16/2031,M060,365/360,5.02,4.01,1.25,0,,4/16/2031,3.77,0,0,4.5,0,0,1,0.05,0,9999999.99,0,0,0,0,0,0,0,0,0,0,0,0,0,0,0,0,0,0,0,0,0,0,0,0,0,,0,8/16/2025,0,0,0,0,0,0,0,0,0,0,0,0,0,0,0,0,,,,,,,,,,,4,4, ,0,0,0,0,108765,0,X ,41,0,0,Open,BEND ,OR,977092146
cif_cust_id_07613,loan_id_1006,Commercial,366954.34,1733.86,6.3,4/28/2026,7/28/2047,2632.45,0,0,,branch_id_03,22,M300,Monthly,0,Reg P&I, ,0,170,393750,0,393750,Installment,0,0,0,89032.14,7278.43,1476.99,256,officer_id_032,8/1/2022,7/28/2022,8/1/2022,8/28/2022,,3/27/2026,154,,372511.74,% of Current Balance,3669.54,FHLB 5_YR,7/28/2027,M060,365/360,6.3,0,3.19,0,,7/28/2027,2.613,0,0,6.3,0,0,1,0.05,0,9999999.99,0,0,0,0,0,0,0,0,0,0,0,0,0,0,0,0,0,0,0,0,0,0,0,0,0,,0,3/28/2026,0,0,0,0,0,0,0,0,0,0,0,0,0,0,0,0,,,,,,,,,,,4,4, ,1903.28,0,0,0,431000,0,X ,41,0,0,Open,MEDFORD ,OR,975013306
cif_cust_id_07625,loan_id_1009,Commercial,219277.12,767.81,5.25,5/1/2026,1/1/2037,2131.26,0,0,,Branch Not Assigned,39,M139,Monthly,1,Reg P&I, ,0,510,221605.67,0,221605.67,Installment,1166.82,964.44,964.44,1933.97,1893.84,735.49,137,officer_id_047,2/17/2026,2/1/2026,2/1/2026,3/1/2026,,3/30/2026,0,,220044.93,No Prepayment Penatly,0,Fixed,, ,30/360 Am Sch,5.25,0,5.25,0,,,0,0,0,0,0,0,0,0,0,0,0,0,0,0,0,0,0,0,0,0,0,0,0,0,0,0,0,0,0,0,0,0,0,0,0,,0,,0,0,0,0,0,0,0,0,0,0,0,0,0,0,0,0,,,,,,,,,,,4,4, ,0,0,0,0,268160,0, ,25,0,0,Open,SYRACUSE ,NY,132041425
cif_cust_id_07629,loan_id_1010,Commercial,1440333.72,6385.36,6.94,5/1/2026,4/1/2031,11201.67,0,0,4/1/2031,branch_id_05,35,M300,Monthly,0,Reg P&I,Y,120,160,1644500,0,1644500,Installment,3667.94,5340.6,5340.6,336346.12,21933.15,6385.36,60,officer_id_040,4/6/2021,4/1/2021,4/5/2021,5/1/2021,3/29/2024,3/31/2026,154,,1461276.41,% of Current Balance,14403.33,FHLB 5_YR,4/1/2031,M060,365/360,4.3,4.03,1.18,0,,4/1/2031,2.91,0,0,4.295,0,0,1,0.05,0,9999999.99,0,0,0,0,0,0,0,0,0,0,0,0,0,0,0,0,0,0,0,0,0,0,0,0,0,,0,11/1/2025,0,0,0,0,0,0,0,0,0,0,0,0,0,0,0,0,,,,,,,,,,,4,4+, ,6105.13,0,0,0,99927,0,AE ,41,0,0,Open,GRANTS PASS ,OR,975277145
cif_cust_id_07695,loan_id_1014,Commercial,176377.9,957.81,8.5,5/1/2026,5/1/2030,4272.89,0,0,,Branch Not Assigned,39,M083,Monthly,1,Reg P&I, ,0,510,267451.31,0,267451.31,Installment,3002.28,1270.61,1270.61,54204.85,4832.87,957.83,49,officer_id_047,6/30/2023,6/1/2023,6/1/2023,7/1/2023,,3/31/2026,0,,177335.71,No Prepayment Penatly,0,Fixed,, ,30/360 Am Sch,8.5,0,8.5,0,,,0,0,0,0,0,0,0,0,0,0,0,0,0,0,0,0,0,0,0,0,0,0,0,0,0,0,0,0,0,0,0,0,0,0,0,,0,11/1/2025,0,0,0,0,0,0,0,0,0,0,0,0,0,0,0,0,,,,,,,,,,,4,4, ,0,0,0,0,999999,1.47, ,54,0,0,Open,Syracuse ,NY,132041425
cif_cust_id_08392,loan_id_1041,Commercial,81644.52,206.18,5.68,5/8/2026,5/8/2029,2417,0,0,,branch_id_03,25,M120,Monthly,0,Reg P&I, ,0,130,220000,0,220000,Installment,2007.7,409.3,409.3,62255.52,1522.23,298.6,37,officer_id_032,5/10/2019,5/8/2019,5/10/2019,6/8/2019,,4/7/2026,169,,82019.7,No Prepayment Penatly,0,Fixed,, ,365/360,5.68,0,0,0,,,0,0,0,0,0,0,1,0.05,0,9999999.99,0,0,0,0,0,0,0,0,0,0,0,0,0,0,0,0,0,0,0,0,0,0,0,0,0,,0,11/8/2025,0,0,0,0,0,0,0,0,0,0,0,0,0,0,0,0,,,,,,,,,,,4,4, ,0,0,0,0,0,0,X ,41,0,0,Open,ASHLAND ,OR,975201858
cif_cust_id_08659,loan_id_1046,Commercial,481862.81,361.93,6.76,5/20/2026,12/20/2032,7574,0,0,,Branch Not Assigned,39,M081,Monthly,1,Reg P&I, ,0,510,491500.31,0,491500.31,Installment,4832.28,2741.72,2741.72,5510.5,5872.43,2098.35,79,officer_id_047,3/6/2026,2/20/2026,2/20/2026,3/20/2026,,4/19/2026,0,,482224.74,No Prepayment Penatly,0,Fixed,, ,30/360 Am Sch,6.76,0,6.76,0,,,0,0,0,0,0,0,0,0,0,0,0,0,0,0,0,0,0,0,0,0,0,0,0,0,0,0,0,0,0,0,0,0,0,0,0,,0,,0,0,0,0,0,0,0,0,0,0,0,0,0,0,0,0,,,,,,,,,,,4,4, ,0,0,0,0,296104,0, ,04,0,0,Open,SYRACUSE ,NY,132041425
cif_cust_id_08967,loan_id_1051,Commercial,394749.73,789.49,8,5/15/2026,9/15/2031,7503.55,0,0,,Branch Not Assigned,39,M080,Monthly,1,Reg P&I, ,0,510,464073.42,0,464073.42,Installment,4839.62,2663.93,2663.93,43229.56,10164.97,2032.67,65,officer_id_047,2/7/2025,1/15/2025,1/15/2025,2/15/2025,,4/14/2026,0,,395539.22,No Prepayment Penatly,0,Fixed,, ,30/360 Am Sch,8,0,8,0,,,0,0,0,0,0,0,0,0,0,0,0,0,0,0,0,0,0,0,0,0,0,0,0,0,0,0,0,0,0,0,0,0,0,0,0,,0,2/15/2026,0,0,0,0,0,0,0,0,0,0,0,0,0,0,0,0,,,,,,,,,,,4,4, ,0,0,0,0,999999,14.26, ,32,0,0,Open,SYRACUSE ,NY,132041425
cif_cust_id_09500,loan_id_1072,Commercial,541146.98,413.08,6.87,5/20/2026,2/20/2029,18042.93,0,0,,Branch Not Assigned,39,M046,Monthly,1,Reg P&I, ,0,510,727862.18,0,727862.18,Installment,14859.79,3183.14,3183.14,47842.89,12391.56,2429.06,33,officer_id_047,4/16/2025,3/20/2025,3/20/2025,4/20/2025,,4/19/2026,0,,541560.06,No Prepayment Penatly,0,Fixed,, ,30/360 Am Sch,6.87,0,6.87,0,,,0,0,0,0,0,0,0,0,0,0,0,0,0,0,0,0,0,0,0,0,0,0,0,0,0,0,0,0,0,0,0,0,0,0,0,,0,12/20/2025,0,0,0,0,0,0,0,0,0,0,0,0,0,0,0,0,,,,,,,,,,,4,4, ,0,0,0,0,999999,0, ,36,0,0,Open,SYRACUSE ,NY,132041425
cif_cust_id_09671,loan_id_1073,Commercial,1784235.37,3318.68,7.44,5/15/2026,3/15/2048,13956.07,0,0,,branch_id_02,22,M300,Monthly,0,Reg P&I, ,0,190,1880000,0,1880000,Installment,2508.99,11447.08,11447.08,420609.96,41806.11,8488.33,263,officer_id_064,3/31/2023,3/15/2023,3/31/2023,4/15/2023,,4/14/2026,154,,1823392.75,% of Current Balance,35684.7,FHLB 5_YR,3/15/2028,M060,365/360,7.44,0,4.38,0,,3/15/2028,2.39,0,0,5,0,0,1,0.05,0,9999999.99,0,0,0,0,0,0,0,0,0,0,0,0,0,0,0,0,0,0,0,0,0,0,0,0,0,,0,2/15/2026,0,0,0,0,0,0,0,0,0,0,0,0,0,0,0,0,,,,,,,,,,,4,4, ,0,0,0,0,999999,0,X ,41,0,0,Open,SCOTTSDALE ,AZ,852582724
cif_cust_id_09682,loan_id_1079,Commercial,16132.31,174.23,8,5/10/2026,1/10/2032,295.84,0,0,,Branch Not Assigned,39,M083,Monthly,1,Reg P&I, ,0,510,18811.57,0,18811.57,Installment,187.04,108.8,108.8,1740.48,447.42,82.83,68,officer_id_047,2/7/2025,1/10/2025,1/10/2025,2/10/2025,,3/5/2026,0,,16306.54,No Prepayment Penatly,0,Fixed,, ,30/360 Am Sch,8,0,8,0,,,0,0,0,0,0,0,0,0,0,0,0,0,0,0,0,0,0,0,0,0,0,0,0,0,0,0,0,0,0,0,0,0,0,0,0,,0,1/10/2026,0,0,0,0,0,0,0,0,0,0,0,0,0,0,0,0,,,,,,,,,,,4,4, ,0,0,0,0,999999,7.32, ,24,0,0,Open,SYRACUSE ,NY,132041425
cif_cust_id_09686,loan_id_1081,Commercial,270285.26,530.43,7.85,5/15/2026,3/15/2032,4771.3,0,0,,Branch Not Assigned,39,M084,Monthly,1,Reg P&I, ,0,510,307595.85,0,307595.85,Installment,2983.67,1787.63,1787.63,24716.31,6812.59,1364.67,71,officer_id_047,3/28/2025,3/15/2025,3/15/2025,4/15/2025,,4/14/2026,0,,270815.69,No Prepayment Penatly,0,Fixed,, ,30/360 Am Sch,7.85,0,7.85,0,,,0,0,0,0,0,0,0,0,0,0,0,0,0,0,0,0,0,0,0,0,0,0,0,0,0,0,0,0,0,0,0,0,0,0,0,,0,2/15/2026,0,0,0,0,0,0,0,0,0,0,0,0,0,0,0,0,,,,,,,,,,,4,4, ,0,0,0,0,999999,0, ,36,0,0,Open,SYRACUSE ,NY,132041425
cif_cust_id_10299,loan_id_1087,Commercial,328480.54,1750.58,6.85,4/27/2026,9/27/2042,2793.61,0,0,,branch_id_05,35,M300,Monthly,0,Reg P&I, ,0,160,411000,0,411000,Installment,0,0,0,173532.76,7094.95,1437.98,198,officer_id_061,9/27/2017,9/27/2017,9/27/2017,10/27/2017,9/27/2017,3/26/2026,154,,330385.12,% of Current Balance,0,FHLB 5_YR,9/27/2027,M060,365/360,4.55,4.52,2.22,0,,9/27/2027,2.332,0,0,4.552,0,0,1,0.05,0,9999999.99,0,0,0,0,0,0,0,0,0,0,0,0,0,0,0,0,0,0,0,0,0,0,0,0,0,,0,12/27/2025,0,0,0,0,0,0,0,0,0,0,0,0,0,0,0,0,,,,,,,,,,,4,4, ,0,0,0,0,166848,0,X ,41,0,0,Open,GRANTS PASS ,OR,975279606
cif_cust_id_10299,loan_id_1088,Commercial,287557.69,1571.19,7.03,4/27/2026,9/27/2042,2473.79,0,0,,branch_id_05,35,M258,Monthly,0,Reg P&I,N,0,160,340000,0,340000,Installment,0,0,0,71866.29,4647.61,1290.62,198,officer_id_061,3/29/2021,3/25/2021,3/29/2021,4/27/2021,,3/26/2026,154,,292158.45,% of Current Balance,2875.57,FHLB 5_YR,3/27/2031,M060,365/360,4.5,4.12,1.18,0,,3/27/2031,2.91,0,0,4.5,0,0,1,0.05,0,9999999.99,0,0,0,0,0,0,0,0,0,0,0,0,0,0,0,0,0,0,0,0,0,0,0,0,0,,0,12/27/2025,0,0,0,0,0,0,0,0,0,0,0,0,0,0,0,0,,,,,,,,,,,4,4, ,0,0,0,0,221808,0,X ,41,0,0,Open,GRANTS PASS ,OR,975279606
cif_cust_id_10299,loan_id_1089,Commercial,1766474.34,7605.51,6.74,5/1/2026,4/1/2047,12124.67,0,0,,branch_id_05,35,M361,Monthly,0,Reg P&I,N,0,160,1625000,0,1910000,Installment,3088.33,6095.16,6095.16,323244.29,25335.74,7605.51,360,officer_id_061,4/2/2021,4/1/2021,4/2/2021,4/1/2022,3/4/2022,3/31/2026,154,,1791898.59,% of Current Balance,17664.74,FHLB 5_YR,4/1/2031,M060,365/360,4,4.03,1.27,0,,4/1/2031,2.71,0,0,4,0,0,1,0.05,0,9999999.99,0,0,0,0,0,0,0,0,0,0,0,0,0,0,0,0,0,0,0,0,0,0,0,0,0,,0,11/1/2025,0,0,0,0,0,0,0,0,0,0,0,0,0,0,0,0,,,,,,,,,,,4,4, ,2667.83,0,0,0,221808,0,X ,41,0,0,Open,GRANTS PASS ,OR,975279606
cif_cust_id_09861,loan_id_1091,Commercial,250000,377.22,6.79,5/16/2026,6/16/2036,0,0,0,,branch_id_05,22,M123,Monthly,0,Int Only, ,0,170,250000,0,250000,Installment,0,1367.44,1367.44,1367.44,1838.96,1084.52,122,officer_id_061,3/18/2026,3/16/2026,3/18/2026,4/16/2026,,4/15/2026,154,,258031.22,% of Current Balance,7500,FHLB 3_YR,3/16/2029,M036,365/360,6.79,0,3.76,0,,3/16/2029,3.15,0,0,5.79,0,0,1,0.05,0,9999999.99,0,0,0,0,0,0,0,0,0,0,0,0,0,0,0,0,0,0,0,0,0,0,0,0,0,,0,,0,0,0,0,0,0,0,0,0,0,0,0,0,0,0,0,,,,,,,,,,,4,4, ,0,0,0,0,160150,0,X ,41,0,0,Open,CENTRAL POINT ,OR,975023675
cif_cust_id_16567,loan_id_1098,Commercial,99411.51,383.97,4.97,4/27/2026,9/27/2029,1315.02,0,0,9/27/2029,Branch Not Assigned,22,M300,Monthly,0,Reg P&I,Y,120,190,224000,0,224000,Installment,0,0,0,51282.25,1577.38,315.66,42,officer_id_011,9/27/2019,9/27/2019,9/27/2019,10/27/2019,12/22/2023,3/26/2026,154,,99949.48,% of Current Balance,0,Fixed,, ,365/360,4.97,0,4.97,0,,,0,0,0,0,0,0,1,0.05,0,9999999.99,0,0,0,0,0,0,0,0,0,0,0,0,0,0,0,0,0,0,0,0,0,0,0,0,0,,0,2/27/2026,0,0,0,0,0,0,0,0,0,0,0,0,0,0,0,0,,,,,,,,,,,4,4, ,0,0,0,0,122491,0,X ,41,0,0,Open,MEDFORD ,OR,975010031
cif_cust_id_10260,loan_id_1105,Commercial,720195.83,853.9,4.75,5/15/2026,12/15/2046,4590.36,0,0,,branch_id_05,35,M300,Monthly,0,Reg P&I,N,0,160,800000,0,800000,Installment,1641.72,2948.64,2948.64,158813.55,10777.76,2185.89,248,officer_id_061,12/17/2021,12/15/2021,12/16/2021,1/15/2022,,4/14/2026,154,,721203.73,No Prepayment Penatly,0,FHLB 5_YR,12/15/2026, ,365/360,4.85,0,1.59,0,,12/15/2026,3.263,0,0,0,0,0,1,0.05,0,9999999.99,0,0,0,0,0,0,0,0,0,0,0,0,0,0,0,0,0,0,0,0,0,0,0,0,0,,0,4/15/2022,0,0,0,0,0,0,0,0,0,0,0,0,0,0,0,0,,,,,,,,,,,4,4, ,1151.9,0,0,0,108411,0,X ,41,0,0,Open,GRANTS PASS ,OR,975280155
cif_cust_id_10267,loan_id_1121,Commercial,197863.49,883.27,8.25,5/3/2026,11/3/2026,0,0,0,11/3/2026,branch_id_03,32,M012,Monthly,0,Int Only,Y,12,100,0,432200,432200,Non _ Revolving,0,957.64,957.64,1785.56,2668.83,945.94,9,officer_id_032,11/7/2025,11/3/2025,11/7/2025,12/3/2025,,4/4/2026,154,,198900.76,No Prepayment Penatly,0,WSJ Prime,,0000,365/360,8.5,6.75,7,0,,,1.5,0,0,7.75,0,0,1,0.05,0,9999999.99,0,0,0,0,0,0,0,0,0,0,0,0,0,0,0,0,0,0,0,0,0,0,0,0,0,,0,,0,0,0,0,0,0,0,0,0,0,0,0,0,0,0,0,,,,,,,,,,,4,4, ,0,0,0,0,999999,0,X ,41,0,0,Open,MEDFORD ,OR,975012725
cif_cust_id_10267,loan_id_1122,Commercial,242125.45,1100,8.25,5/3/2026,11/3/2026,0,0,0,11/3/2026,branch_id_03,32,M012,Monthly,0,Int Only,Y,12,100,0,407471,407471,Non _ Revolving,0,1276.41,1276.41,2570.92,3549.16,1184.29,8,officer_id_032,11/7/2025,11/3/2025,11/7/2025,12/3/2025,,4/3/2026,154,,243379.45,No Prepayment Penatly,0,WSJ Prime,,0000,365/360,8.5,6.75,7,0,,,1.5,0,0,7.75,0,0,1,0.05,0,9999999.99,0,0,0,0,0,0,0,0,0,0,0,0,0,0,0,0,0,0,0,0,0,0,0,0,0,,0,1/3/2026,0,0,0,0,1,0,0,0,0,0,0,0,0,0,0,0,,,,,,,,,,,4,4, ,0,0,0,0,999999,0,X ,41,0,0,Open,MEDFORD ,OR,975012725
cif_cust_id_17764,loan_id_1125,Commercial,87048.02,214.78,5.59,5/15/2026,9/5/2034,1082.42,0,0,,Branch Not Assigned,39,M144,Monthly,1,Reg P&I, ,0,510,113370.3,0,133370.3,Installment,673.78,408.64,408.64,20367.19,1551.97,312.35,101,officer_id_047,9/19/2022,9/5/2022,9/5/2022,10/5/2022,,4/7/2026,0,,87262.8,No Prepayment Penatly,0,Fixed,, ,30/360 Am Sch,5.59,0,5.59,0,,,0,0,0,0,0,0,0,0,0,0,0,0,0,0,0,0,0,0,0,0,0,0,0,0,0,0,0,0,0,0,0,0,0,0,0,,0,2/15/2026,0,0,0,0,0,0,0,0,0,0,0,0,0,0,0,0,,,,,,,,,,,4,4, ,0,0,0,0,165253,0, ,42,0,0,Open,Syracuse ,NY,132041425
cif_cust_id_10663,loan_id_1134,Commercial,198836.26,599.27,7.75,5/10/2026,8/10/2032,3318.93,0,0,,Branch Not Assigned,39,M083,Monthly,1,Reg P&I, ,0,510,212718.77,0,212718.77,Installment,2021.72,1297.21,1297.21,9350,4930.5,988.43,76,officer_id_047,9/10/2025,9/10/2025,9/10/2025,10/10/2025,,4/9/2026,0,,199435.53,No Prepayment Penatly,0,Fixed,, ,30/360 Am Sch,7.75,0,7.75,0,,,0,0,0,0,0,0,0,0,0,0,0,0,0,0,0,0,0,0,0,0,0,0,0,0,0,0,0,0,0,0,0,0,0,0,0,,0,1/10/2026,0,0,0,0,0,0,0,0,0,0,0,0,0,0,0,0,,,,,,,,,,,4,4, ,0,0,0,0,999999,7.09, ,34,0,0,Open,SYRACUSE ,NY,132041425
cif_cust_id_10666,loan_id_1135,Commercial,166723.93,737.33,5.49,4/25/2026,9/25/2029,4372.25,0,0,,Branch Not Assigned,39,M084,Monthly,1,Reg P&I, ,0,510,304361.97,0,304361.97,Installment,0,0,0,46414.2,2961.58,584.79,42,officer_id_047,9/16/2022,9/16/2022,9/16/2022,10/25/2022,,3/25/2026,0,,167461.26,No Prepayment Penatly,0,Fixed,, ,30/360 Am Sch,5.49,0,5.49,0,,,0,0,0,0,0,0,0,0,0,0,0,0,0,0,0,0,0,0,0,0,0,0,0,0,0,0,0,0,0,0,0,0,0,0,0,,0,10/25/2025,0,0,0,0,0,0,0,0,0,0,0,0,0,0,0,0,,,,,,,,,,,4,4, ,0,0,0,0,215543,0, ,37,0,0,Open,Syracuse ,NY,132041425
cif_cust_id_10717,loan_id_1147,Commercial,61571.11,133.6,5.58,5/10/2026,9/10/2032,953.14,0,0,,Branch Not Assigned,39,M120,Monthly,1,Reg P&I, ,0,510,87505.76,0,87505.76,Installment,663.75,289.39,289.39,15050.37,1100.56,220.43,77,officer_id_047,9/19/2022,9/10/2022,9/10/2022,10/10/2022,,4/9/2026,0,,61704.71,No Prepayment Penatly,0,Fixed,, ,30/360 Am Sch,5.58,0,5.58,0,,,0,0,0,0,0,0,0,0,0,0,0,0,0,0,0,0,0,0,0,0,0,0,0,0,0,0,0,0,0,0,0,0,0,0,0,,0,1/10/2026,0,0,0,0,0,0,0,0,0,0,0,0,0,0,0,0,,,,,,,,,,,4,4, ,0,0,0,0,123420,0, ,48,0,0,Open,Syracuse ,NY,132041425
cif_cust_id_10934,loan_id_1153,Commercial,54895.16,34.02,5.58,5/20/2026,9/1/2030,1171.02,0,0,,Branch Not Assigned,39,M096,Monthly,1,Reg P&I, ,0,510,90510.98,0,90510.98,Installment,911.52,259.5,259.5,15002.39,997.51,198.39,53,officer_id_047,9/19/2022,9/1/2022,9/1/2022,10/1/2022,,4/19/2026,0,,54929.18,No Prepayment Penatly,0,Fixed,, ,30/360 Am Sch,5.58,0,5.58,0,,,0,0,0,0,0,0,0,0,0,0,0,0,0,0,0,0,0,0,0,0,0,0,0,0,0,0,0,0,0,0,0,0,0,0,0,,0,12/20/2025,0,0,0,0,0,0,0,0,0,0,0,0,0,0,0,0,,,,,,,,,,,4,4, ,0,0,0,0,169305,0, ,17,0,0,Open,Syracuse ,NY,132041425
cif_cust_id_11062,loan_id_1154,Commercial,85452.48,53.47,5.63,5/20/2026,8/20/2030,1855.75,0,0,,Branch Not Assigned,39,M096,Monthly,1,Reg P&I, ,0,510,143168.38,0,143168.38,Installment,1448.04,407.71,407.71,23937.1,1567.84,311.67,52,officer_id_047,9/20/2022,8/20/2022,8/20/2022,9/20/2022,,4/19/2026,0,,85505.95,No Prepayment Penatly,0,Fixed,, ,30/360 Am Sch,5.63,0,5.63,0,,,0,0,0,0,0,0,0,0,0,0,0,0,0,0,0,0,0,0,0,0,0,0,0,0,0,0,0,0,0,0,0,0,0,0,0,,0,12/20/2025,0,0,0,0,0,0,0,0,0,0,0,0,0,0,0,0,,,,,,,,,,,4,4, ,0,0,0,0,295624,0, ,36,0,0,Open,Syracuse ,NY,132041425
cif_cust_id_17193,loan_id_1156,Commercial,330269.04,_385.16,5.98,6/1/2026,11/1/2047,2334.12,0,0,,branch_id_03,22,M300,Monthly,0,Reg P&I, ,0,170,360000,0,360000,Installment,851.11,1648.89,1648.89,73444.36,6237.08,1264.92,258,officer_id_032,11/2/2022,11/1/2022,11/2/2022,12/1/2022,3/1/2023,4/30/2026,308,,333791.88,No Prepayment Penatly,3600,FHLB 5_YR,11/1/2027,M060,365/360,5.98,0,5.98,0,,11/1/2027,2,0,0,5.98,0,0,1,0.05,0,9999999.99,0,0,0,0,0,0,0,0,0,0,0,0,0,0,0,0,0,0,0,0,0,0,0,0,0,,0,,0,0,0,0,0,0,0,0,0,0,0,0,0,0,0,0,,,,,,,,,,,4,4, ,0,0,0,0,259321,0,X ,41,0,0,Open,MEDFORD ,OR,975012396
cif_cust_id_10861,loan_id_1165,Commercial,247294.65,841.84,6.45,5/5/2026,4/5/2033,3701.18,0,0,,Branch Not Assigned,39,M084,Monthly,1,Reg P&I, ,0,510,249653.94,0,249653.94,Installment,2359.29,1341.88,1341.88,1341.88,2183.72,1020.75,83,officer_id_047,3/17/2026,3/5/2026,3/5/2026,4/5/2026,,4/4/2026,0,,248136.49,No Prepayment Penatly,0,Fixed,, ,30/360 Am Sch,6.45,0,6.45,0,,,0,0,0,0,0,0,0,0,0,0,0,0,0,0,0,0,0,0,0,0,0,0,0,0,0,0,0,0,0,0,0,0,0,0,0,,0,4/5/2026,0,0,0,0,0,0,0,0,0,0,0,0,0,0,0,0,,,,,,,,,,,4,4, ,0,0,0,0,688483,30.76, ,17,0,0,Open,SYRACUSE ,NY,132041425
cif_cust_id_10862,loan_id_1167,Commercial,999583.09,3475.98,4.17,4/25/2026,6/25/2046,6252.63,0,0,,branch_id_05,22,M300,Monthly,0,Reg P&I,N,0,170,0,0,1150000,Installment,2999.7,3252.93,3252.93,199710.28,13143.1,2663.05,243,officer_id_061,6/25/2021,6/25/2021,6/25/2021,7/25/2021,,3/24/2026,154,,1013208.9,% of Current Balance,9995.83,FHLB 5_YR,6/25/2026,M060,365/360,4.17,0,1.24,0,,6/25/2026,2.85,0,0,4.17,0,0,1,0.05,0,9999999.99,0,0,0,0,0,0,0,0,0,0,0,0,0,0,0,0,0,0,0,0,0,0,0,0,0,,0,3/25/2026,0,0,0,9,0,0,0,0,0,0,0,0,0,0,0,0,,,,,,,,,,,4,4, ,3230.31,0,0,0,865616,0,X ,41,0,0,Open,MEDFORD ,OR,975048489
cif_cust_id_01661,loan_id_1193,Commercial,138712.71,830.36,5.5,5/15/2026,8/15/2034,1732.33,0,0,,Branch Not Assigned,39,M144,Monthly,1,Reg P&I, ,0,510,182317.48,0,182317.48,Installment,1091.56,640.77,640.77,32617.75,2433.93,489.76,52,officer_id_047,9/2/2022,8/15/2022,8/15/2022,9/15/2022,,3/15/2026,0,,139543.07,No Prepayment Penatly,0,Fixed,, ,30/360 Am Sch,5.5,0,5.5,0,,,0,0,0,0,0,0,0,0,0,0,0,0,0,0,0,0,0,0,0,0,0,0,0,0,0,0,0,0,0,0,0,0,0,0,0,,0,2/15/2026,0,0,0,0,0,0,0,0,0,0,0,0,0,0,0,0,,,,,,,,,,,4,4, ,0,0,0,0,233861,0, ,41,0,0,Open,Syracuse ,NY,132041425
cif_cust_id_04202,loan_id_1194,Commercial,37635.42,23.51,5.63,5/20/2026,8/5/2029,1034.13,0,0,,Branch Not Assigned,39,M083,Monthly,1,Reg P&I, ,0,510,70958.26,0,70958.26,Installment,853.55,180.58,180.58,11304.58,699.12,137.91,40,officer_id_047,9/20/2022,9/5/2022,9/5/2022,10/5/2022,,4/19/2026,0,,37658.93,No Prepayment Penatly,0,Fixed,, ,30/360 Am Sch,5.63,0,5.63,0,,,0,0,0,0,0,0,0,0,0,0,0,0,0,0,0,0,0,0,0,0,0,0,0,0,0,0,0,0,0,0,0,0,0,0,0,,0,12/20/2025,0,0,0,0,0,0,0,0,0,0,0,0,0,0,0,0,,,,,,,,,,,4,4, ,0,0,0,0,247627,0, ,53,0,0,Open,Syracuse ,NY,132041425
cif_cust_id_16577,loan_id_1208,Commercial,97246.38,39.82,4.98,5/21/2026,7/21/2035,1095.2,0,0,,branch_id_03,16,M300,Monthly,0,Reg P&I, ,0,170,187500,0,187500,Installment,680.83,414.36,414.36,129816.69,1524.4,307.15,111,officer_id_032,7/21/2010,7/21/2010,7/21/2010,8/21/2010,5/1/2017,4/20/2026,323,,97609.2,No Prepayment Penatly,0,WSJ Prime,4/21/2027,M060,365/365,6,3.5,5.02,0,,4/21/2027,0.982,0,0,4.982,12,0,1,0.05,0,9999999.99,0,0,0,0,0,0,0,0,0,0,0,0,0,0,0,0,0,0,0,0,0,0,0,0,0,,0,3/21/2026,0,0,0,0,0,0,0,0,0,0,0,0,0,0,0,0,,,,,,,,,,,4,4, ,0,0,0,0,199896,0,X ,41,90,0.55,Open,ASHLAND ,OR,975201858
cif_cust_id_11298,loan_id_1210,Commercial,81846.34,114.36,5.59,5/15/2026,2/15/2030,1980.83,0,0,,Branch Not Assigned,39,M068,Monthly,1,Reg P&I, ,0,510,115219.78,0,115219.78,Installment,1592.15,388.68,388.68,10204.82,1494.22,295.76,46,officer_id_047,7/3/2024,6/15/2024,6/15/2024,7/15/2024,,4/14/2026,0,,81960.7,No Prepayment Penatly,0,Fixed,, ,30/360 Am Sch,5.59,0,5.59,0,,,0,0,0,0,0,0,0,0,0,0,0,0,0,0,0,0,0,0,0,0,0,0,0,0,0,0,0,0,0,0,0,0,0,0,0,,0,2/15/2026,0,0,0,0,0,0,0,0,0,0,0,0,0,0,0,0,,,,,,,,,,,4,4, ,0,0,0,0,201732,0, ,06,0,0,Open,SYRACUSE ,NY,132041425
cif_cust_id_16012,loan_id_1227,Commercial,543893.67,2325.14,8.1,5/5/2026,4/5/2037,6267.69,0,0,,Branch Not Assigned,39,M144,Monthly,1,Reg P&I, ,0,510,576104.53,0,576104.53,Installment,2579,3688.69,3688.69,49269.11,13941.67,2816.97,131,officer_id_047,3/21/2025,3/5/2025,3/5/2025,4/5/2025,,4/4/2026,0,,546218.81,No Prepayment Penatly,0,Fixed,, ,30/360 Am Sch,8.1,0,8.1,0,,,0,0,0,0,0,0,0,0,0,0,0,0,0,0,0,0,0,0,0,0,0,0,0,0,0,0,0,0,0,0,0,0,0,0,0,,0,7/5/2025,0,0,0,0,0,0,0,0,0,0,0,0,0,0,0,0,,,,,,,,,,,4,4, ,0,0,0,0,251870,0, ,51,0,0,Open,SYRACUSE ,NY,132041425
cif_cust_id_19758,loan_id_1230,Commercial,349726.46,1405.41,6.29,5/1/2026,9/1/2032,4468.57,0,0,,Branch Not Assigned,39,M144,Monthly,1,Reg P&I, ,0,510,450949.95,0,450949.95,Installment,2621.68,1846.89,1846.89,90925.02,6987.03,1405.42,101,officer_id_047,9/16/2022,9/1/2022,9/1/2022,10/1/2022,,3/31/2026,0,,351131.87,No Prepayment Penatly,0,Fixed,, ,30/360 Am Sch,6.29,0,6.29,0,,,0,0,0,0,0,0,0,0,0,0,0,0,0,0,0,0,0,0,0,0,0,0,0,0,0,0,0,0,0,0,0,0,0,0,0,,0,11/1/2025,0,0,0,0,0,0,0,0,0,0,0,0,0,0,0,0,,,,,,,,,,,4,4, ,0,0,0,0,294458,0, ,06,0,0,Open,Syracuse ,NY,132041425
cif_cust_id_11726,loan_id_1237,Commercial,3419884.6,13719.15,6.28,5/1/2026,4/1/2035,22815.48,0,0,,branch_id_05,22,M360,Monthly,0,Reg P&I, ,0,170,0,0,3900000,Installment,6887.38,10327.92,10327.92,1001251.65,43769.16,13719.15,108,officer_id_061,10/1/2018,10/1/2018,10/1/2018,5/1/2021,10/1/2018,3/31/2026,154,,3433757.75,% of Current Balance,0,FHLB 5_YR,4/1/2031,M060,365/360,5,4.03,2.75,0,,4/1/2031,2.25,0,0,3.5,6.5,0,1,0.05,0,9999999.99,0,0,0,0,0,0,0,0,0,0,0,0,0,0,0,0,0,0,0,0,0,0,0,0,0,,0,11/1/2025,0,0,0,0,0,0,0,0,0,0,0,0,0,0,0,0,,,,,,,,,,,4,4, ,5905.53,0,0,0,0,0,X* ,41,0,0,Open,MEDFORD ,OR,975011835
cif_cust_id_11851,loan_id_1245,Commercial,1239038.89,3071.78,4.25,5/3/2026,7/3/2047,7326.03,0,0,,branch_id_05,22,M295,Monthly,0,Reg P&I, ,0,190,1450000,0,1450000,Installment,2954.65,4545.35,4545.35,307241.63,16597.69,3365.03,255,officer_id_061,7/8/2020,7/3/2020,7/8/2020,8/3/2020,12/9/2022,4/2/2026,308,,1242418.67,No Prepayment Penatly,0,FHLB 5_YR,7/3/2030,M060,365/360,4.25,0,0.78,0,,7/3/2030,2.772,0,0,0,0,0,1,0.05,0,9999999.99,0,0,0,0,0,0,0,0,0,0,0,0,0,0,0,0,0,0,0,0,0,0,0,0,0,,0,1/3/2026,0,0,0,0,0,0,0,0,0,0,0,0,0,0,0,0,,,,,,,,,,,4,5, ,7642.47,0,0,0,99000,0,X ,41,0,0,Open,MEDFORD ,OR,975045637
cif_cust_id_11856,loan_id_1246,Commercial,493941.18,2035.45,6.45,5/1/2026,4/1/2033,7392.66,0,0,,Branch Not Assigned,39,M084,Monthly,1,Reg P&I, ,0,510,498653.58,0,498653.58,Installment,4712.4,2680.26,2680.26,2680.26,4715.71,2035.45,83,officer_id_047,3/18/2026,3/1/2026,3/1/2026,4/1/2026,,3/31/2026,0,,495976.63,No Prepayment Penatly,0,Fixed,, ,30/360 Am Sch,6.45,0,6.45,0,,,0,0,0,0,0,0,0,0,0,0,0,0,0,0,0,0,0,0,0,0,0,0,0,0,0,0,0,0,0,0,0,0,0,0,0,,0,,0,0,0,0,0,0,0,0,0,0,0,0,0,0,0,0,,,,,,,,,,,4,4, ,0,0,0,0,999999,4.75, ,33,0,0,Open,SYRACUSE ,NY,132041425
Borrower Not Found,loan_id_1094,Commercial,88984.62,63.21,6.74,5/20/2026,10/20/2034,1148.41,0,0,,Branch Not Assigned,39,M144,Monthly,1,Reg P&I, ,0,510,113191.4,0,113191.4,Installment,644.99,503.42,503.42,24026.44,1913.32,385.47,102,officer_id_047,11/4/2022,10/20/2022,10/20/2022,11/20/2022,,4/19/2026,0,,89047.83,No Prepayment Penatly,0,Fixed,, ,30/360 Am Sch,6.74,0,6.74,0,,,0,0,0,0,0,0,0,0,0,0,0,0,0,0,0,0,0,0,0,0,0,0,0,0,0,0,0,0,0,0,0,0,0,0,0,,0,12/20/2025,0,0,0,0,0,0,0,0,0,0,0,0,0,0,0,0,,,,,,,,,,,4,4, ,0,0,0,0,422454,0, ,42,0,0,Open,Syracuse ,NY,132041425
cif_cust_id_11920,loan_id_1253,Commercial,76811.31,339,6.91,5/1/2026,10/23/2035,924.77,0,0,,Branch Not Assigned,22,M240,Monthly,0,Reg P&I, ,0,190,122500,0,122500,Installment,465.12,459.65,459.65,60109.43,1681.92,339,115,officer_id_011,10/23/2015,10/23/2015,10/23/2015,11/23/2015,10/23/2015,3/31/2026,154,,77304.31,No Prepayment Penatly,0,FHLB 5_YR,10/23/2030,M060,365/360,5.5,3.66,2.25,0,,10/23/2030,3.25,0,0,5.5,0,0,1,0.05,0,9999999.99,0,0,0,0,0,0,0,0,0,0,0,46.23,0,0,0,0,0,0,0,0,0,0,0,0,0,,0,12/1/2025,0,0,0,0,1,1,0,0,0,0,0,0,0,0,0,0,,,,,,,,,,,4,4, ,0,0,0,0,640687,0,X ,41,0,0,Open,SHADY COVE ,OR,975391150
cif_cust_id_02407,loan_id_1259,Commercial,177204.6,945.32,8.35,5/1/2026,6/1/2033,2745.12,0,0,,Branch Not Assigned,39,M120,Monthly,1,Reg P&I, ,0,510,222845.52,0,222845.52,Installment,1501.62,1243.5,1243.5,47693.16,4706.88,945.33,86,officer_id_047,6/21/2023,6/1/2023,6/1/2023,7/1/2023,,3/31/2026,0,,178149.92,No Prepayment Penatly,0,Fixed,, ,30/360 Am Sch,8.35,0,8.35,0,,,0,0,0,0,0,0,0,0,0,0,0,0,0,0,0,0,0,0,0,0,0,0,0,0,0,0,0,0,0,0,0,0,0,0,0,,0,11/1/2025,0,0,0,0,0,0,0,0,0,0,0,0,0,0,0,0,,,,,,,,,,,4,4, ,0,0,0,0,206953,0, ,36,0,0,Open,Syracuse ,NY,132041425
cif_cust_id_08641,loan_id_1270,Commercial,28591.59,21.41,6.74,5/20/2026,10/20/2032,453.71,0,0,,Branch Not Assigned,39,M120,Monthly,1,Reg P&I, ,0,510,39531.11,0,39531.11,Installment,291.48,162.23,162.23,8116.3,618.79,124.16,78,officer_id_047,11/4/2022,10/20/2022,10/20/2022,11/20/2022,,4/19/2026,0,,28613,No Prepayment Penatly,0,Fixed,, ,30/360 Am Sch,6.74,0,6.74,0,,,0,0,0,0,0,0,0,0,0,0,0,0,0,0,0,0,0,0,0,0,0,0,0,0,0,0,0,0,0,0,0,0,0,0,0,,0,12/20/2025,0,0,0,0,0,0,0,0,0,0,0,0,0,0,0,0,,,,,,,,,,,4,4, ,0,0,0,0,81878,0, ,51,0,0,Open,Syracuse ,NY,132041425
cif_cust_id_12496,loan_id_1280,Commercial,499138.86,4343.18,8,4/15/2026,4/15/2026,0,0,0,4/15/2026,branch_id_02,19,M002,Monthly,0,Int Only,Y,2,440,0,500000,300000,Revolving,51814.35,0,0,177737.13,12209.89,2530.58,1,officer_id_064,6/1/2021,6/1/2021,6/1/2021,6/15/2021,2/15/2026,3/15/2026,407,,503889.04,No Prepayment Penatly,0,WSJ Prime,,0000,365/360,5.25,6.75,3.25,0,,,1.25,0,0,6.25,0,0,1,0.05,0,9999999.99,0,0,0,0,0,0,0,0,0,0,0,0,0,0,0,0,0,0,0,0,0,0,0,0,0,,97.72,4/15/2026,0,0,503482.04,0,1,0,0,0,0,0,0,0,0,0,0,0,,,,,,,,,,,4,0, ,0,0,0,0,999999,0,X ,41,0,0,Open,SALEM ,OR,973059738
cif_cust_id_15577,loan_id_1283,Commercial,1217991.44,1366.75,4.5,5/15/2026,6/15/2047,8389.49,0,0,,branch_id_03,22,M312,Monthly,0,Reg P&I,N,0,170,0,0,1500000,Installment,5267.28,4732.72,4732.72,258195.14,17335.86,3505.07,306,officer_id_032,6/21/2021,6/15/2021,6/21/2021,7/15/2021,,4/14/2026,154,,1231692.1,% of Current Balance,12179.91,FHLB 5_YR,6/15/2026,M060,365/360,4.5,0,2.91,0,,6/15/2026,2.91,0,0,4.495,0,0,1,0.05,0,9999999.99,0,0,0,0,0,0,0,0,0,0,0,0,0,0,0,0,0,0,0,0,0,0,0,0,0,,0,7/15/2023,0,0,0,0,0,0,0,0,0,0,0,0,0,0,0,0,,,,,,,,,,,4,4, ,7652.97,0,0,0,137309,0,X ,41,0,0,Open,TALENT ,OR,975406705
cif_cust_id_13744,loan_id_1289,Commercial,0,0,8.25,5/5/2026,5/5/2026,0,0,0,5/5/2026,branch_id_02,19,M012,Monthly,0,Int Only,Y,12,440,0,40000,40000,Revolving,0,0,0,974.65,499.38,0,4,officer_id_064,5/21/2025,5/5/2025,5/21/2025,6/5/2025,,,30,,30,No Prepayment Penatly,0,WSJ Prime,,0000,365/360,9,6.75,7.5,0,,,1.5,0,0,6.25,0,0,1,0.05,0,9999999.99,0,0,0,0,0,0,0,0,0,0,0,0,0,0,0,0,0,0,0,0,0,0,0,0,0,,0,,0,0,0,0,0,0,0,0,0,0,0,0,0,0,0,0,,,,,,,,,,,4,4, ,0,0,0,0,136250,0, ,41,0,0,Open,LEBANON ,OR,973559113
cif_cust_id_12665,loan_id_1291,Commercial,994649.2,189.12,6.85,5/23/2026,1/23/2051,7031.5,0,0,,Branch Not Assigned,22,M300,Monthly,0,Reg P&I, ,0,190,1000000,0,1000000,Installment,1161.88,5869.62,5869.62,15743.7,15932.82,4354.66,297,officer_id_027,1/30/2026,1/23/2026,1/30/2026,2/23/2026,,4/22/2026,154,,1024831.79,% of Current Balance,29839.47,FHLB 5_YR,1/23/2031,M060,365/360,6.85,0,3.91,0,,1/23/2031,3.125,0,0,5.875,0,0,1,0.05,0,9999999.99,0,0,0,0,0,0,0,0,0,0,0,0,0,0,0,0,0,0,0,0,0,0,0,0,0,,0,,0,0,0,0,0,0,0,0,0,0,0,0,0,0,0,0,,,,,,,,,,,4,4, ,6103.55,0,0,0,39072,0,X ,41,0,0,Open,CENTRAL POINT ,OR,975023224
cif_cust_id_20293,loan_id_2357,Commercial,501577.3,2563.62,8,5/1/2026,7/1/2037,5646.35,0,0,,Branch Not Assigned,39,M144,Monthly,1,Reg P&I, ,0,510,521625.62,0,521625.62,Installment,2287.25,3359.1,3359.1,30768.83,12686.25,2563.62,135,officer_id_047,7/11/2025,7/1/2025,7/1/2025,8/1/2025,,3/31/2026,0,,504140.92,No Prepayment Penatly,0,Fixed,, ,30/360 Am Sch,8,0,8,0,,,0,0,0,0,0,0,0,0,0,0,0,0,0,0,0,0,0,0,0,0,0,0,0,0,0,0,0,0,0,0,0,0,0,0,0,,0,11/1/2025,0,0,0,0,0,0,0,0,0,0,0,0,0,0,0,0,,,,,,,,,,,4,4, ,0,0,0,0,505837,0, ,21,0,0,Open,SYRACUSE ,NY,132041425
cif_cust_id_12824,loan_id_1314,Commercial,1202219.04,2527.33,6.88,5/15/2026,11/15/2028,11989.4,0,0,11/15/2028,branch_id_18,22,M178,Monthly,0,Reg P&I,Y,122,190,1600000,0,1600000,Installment,4619.51,7380.49,7380.49,662640.02,26208.07,5295.02,31,officer_id_058,9/5/2017,9/5/2017,9/5/2017,2/15/2024,1/15/2024,4/12/2026,154,,1216922.56,% of Current Balance,12022.19,Fixed,, ,365/360,4.99,4.62,2.24,0,,,0,0,0,0,0,0,1,0.05,0,9999999.99,0,0,0,0,0,0,0,0,0,0,0,0,0,0,0,0,0,0,0,0,0,0,0,0,0,,0,2/15/2026,0,0,0,0,1,0,0,0,0,0,0,0,0,0,0,0,,,,,,,,,,,4,0, ,0,0,0,0,287040,0,X500* ,41,0,0,Open,SALEM ,OR,973021225
cif_cust_id_12830,loan_id_1317,Commercial,1102433.01,2739.45,3.89,5/1/2026,12/1/2040,8261.11,0,0,,Branch Not Assigned,22,M240,Monthly,0,Reg P&I,N,0,190,1440000,0,1440000,Installment,4553.01,3708.1,3708.1,431352.65,13551.67,2739.85,176,officer_id_027,6/1/2018,6/1/2018,6/1/2018,1/1/2021,12/1/2020,3/31/2026,154,,1105326.46,% of Current Balance,0,Fixed,, ,365/360,4.77,2.99,2.77,0,,,0,0,0,0,0,0,1,0.05,0,9999999.99,0,0,0,0,0,0,0,0,0,0,0,0,0,0,0,0,0,0,0,0,0,0,0,0,0,,0,11/1/2025,0,0,0,0,0,0,0,0,0,0,0,0,0,0,0,0,,,,,,,,,,,4,4, ,1257.93,0,0,0,149928,0,X ,41,0,0,Open,MEDFORD ,OR,975049858
cif_cust_id_12831,loan_id_1318,Commercial,169516.66,368.5,5.59,5/10/2026,9/10/2032,2624.97,0,0,,Branch Not Assigned,39,M120,Monthly,1,Reg P&I, ,0,510,240883.1,0,240883.1,Installment,1826.8,798.17,798.17,41507.27,3035.45,607.97,77,officer_id_047,9/19/2022,9/10/2022,9/10/2022,10/10/2022,,4/9/2026,0,,169885.16,No Prepayment Penatly,0,Fixed,, ,30/360 Am Sch,5.59,0,5.59,0,,,0,0,0,0,0,0,0,0,0,0,0,0,0,0,0,0,0,0,0,0,0,0,0,0,0,0,0,0,0,0,0,0,0,0,0,,0,1/10/2026,0,0,0,0,0,0,0,0,0,0,0,0,0,0,0,0,,,,,,,,,,,4,4, ,0,0,0,0,252266,0, ,23,0,0,Open,Syracuse ,NY,132041425
cif_cust_id_13254,loan_id_1323,Mortgage,245057.34,656.42,4.18,5/1/2026,7/1/2050,1354.27,753.95,0,,branch_id_15,29,M360,Monthly,0,Reg P&I, ,0,140,277600,0,277600,Installment,498.92,855.35,855.35,63939.76,3225.69,654.44,291,officer_id_050,6/19/2020,6/19/2020,6/19/2020,8/1/2020,,3/31/2026,0,,245713.76,No Prepayment Penatly,0,1_Yr Treasury,5/17/2030,M012,30/360 Am Sch,4.18,0,0,0,,7/1/2030,4,2,2,4,9.18,4052.48,1,0.05,0,9999999.99,0,0,0,0,0,0,0,0,0,0,0,0,0,0,0,0,0,0,0,0,0,0,0,0,0,,0,12/1/2025,0,0,0,0,0,0,0,0,0,0,0,0,0,0,0,0,,,,,,,,,,,4,4, ,0,0,0,0,0,0,X ,06,0,0,Open,KLAMATH FALLS ,OR,976010013
cif_cust_id_14648,loan_id_1328,Commercial,100403.59,76.85,6.89,5/20/2026,10/20/2034,1303.31,0,0,,Branch Not Assigned,39,M144,Monthly,1,Reg P&I, ,0,510,127459.75,0,127459.75,Installment,722.68,580.63,580.63,27682.86,2206.65,444.6,102,officer_id_047,11/9/2022,10/20/2022,10/20/2022,11/20/2022,,4/19/2026,0,,100480.44,No Prepayment Penatly,0,Fixed,, ,30/360 Am Sch,6.89,0,6.89,0,,,0,0,0,0,0,0,0,0,0,0,0,0,0,0,0,0,0,0,0,0,0,0,0,0,0,0,0,0,0,0,0,0,0,0,0,,0,12/20/2025,0,0,0,0,0,0,0,0,0,0,0,0,0,0,0,0,,,,,,,,,,,4,4, ,0,0,0,0,191493,0, ,37,0,0,Open,Syracuse ,NY,132041425
cif_cust_id_12865,loan_id_1340,Commercial,148772.73,291.6,7.84,5/15/2026,12/15/2033,2179.69,0,0,,branch_id_05,10,M120,Monthly,0,Reg P&I, ,0,510,180000,0,180000,Installment,1167.43,1012.26,1012.26,29804.05,3722.34,748.75,92,officer_id_061,1/5/2024,12/15/2023,1/5/2024,1/15/2024,,4/14/2026,169,,152208.78,% of Current Balance,2975.45,FHLB 5_YR,12/15/2028,M060,365/360,7.84,0,4.4,0,,12/15/2028,2.92,0,0,6.84,0,0,1,0.05,0,9999999.99,0,0,0,0,0,0,0,0,0,0,0,0,0,0,0,0,0,0,0,0,0,0,0,0,0,,0,2/15/2026,0,0,0,0,0,0,0,0,0,0,0,0,0,0,0,0,,,,,,,,,,,4,4, ,0,0,0,0,999999,0, ,41,0,0,Open,MEDFORD ,OR,975048219
cif_cust_id_04856,loan_id_1343,Commercial,177102.49,639.29,5.65,5/1/2026,9/1/2032,2747.45,0,0,,Branch Not Assigned,39,M120,Monthly,1,Reg P&I, ,0,510,251434.41,0,251434.41,Installment,1904.62,842.83,842.83,43808.43,3194.5,639.29,77,officer_id_047,9/13/2022,9/1/2022,9/1/2022,10/1/2022,,3/31/2026,0,,177741.78,No Prepayment Penatly,0,Fixed,, ,30/360 Am Sch,5.65,0,5.65,0,,,0,0,0,0,0,0,0,0,0,0,0,0,0,0,0,0,0,0,0,0,0,0,0,0,0,0,0,0,0,0,0,0,0,0,0,,0,11/1/2025,0,0,0,0,0,0,0,0,0,0,0,0,0,0,0,0,,,,,,,,,,,4,4, ,0,0,0,0,229891,0, ,04,0,0,Open,Syracuse ,NY,132041425
cif_cust_id_13437,loan_id_1360,Commercial,204147.26,702.58,8.85,5/10/2026,7/1/2030,4817.33,0,0,,Branch Not Assigned,39,M082,Monthly,1,Reg P&I, ,0,510,295621.15,0,295621.15,Installment,3287.5,1529.83,1529.83,58405.53,5844.58,1161.56,51,officer_id_047,9/26/2023,9/1/2023,9/1/2023,10/1/2023,,4/9/2026,0,,204849.84,No Prepayment Penatly,0,Fixed,, ,30/360 Am Sch,8.85,0,8.85,0,,,0,0,0,0,0,0,0,0,0,0,0,0,0,0,0,0,0,0,0,0,0,0,0,0,0,0,0,0,0,0,0,0,0,0,0,,0,1/10/2026,0,0,0,0,0,0,0,0,0,0,0,0,0,0,0,0,,,,,,,,,,,4,4, ,0,0,0,0,999999,0, ,48,0,0,Open,Syracuse ,NY,132041425
cif_cust_id_13482,loan_id_1366,Commercial,1998984.81,3176.16,7.15,5/16/2026,8/16/2026,0,0,0,8/16/2026,Branch Not Assigned,22,M036,Monthly,0,Int Only,Y,36,190,2000000,0,2000000,Installment,0,12307.64,12307.64,385973.19,44863.34,9131.47,4,officer_id_063,8/18/2023,8/16/2023,8/18/2023,9/16/2023,,4/15/2026,154,,2002314.97,No Prepayment Penatly,0,Fixed,, ,365/360,7.15,0,7.15,0,,,0,0,0,0,0,0,1,0.05,0,9999999.99,0,0,0,0,0,0,0,0,0,0,0,0,0,0,0,0,0,0,0,0,0,0,0,0,0,,0,12/16/2024,0,0,0,0,0,0,0,0,0,0,0,0,0,0,0,0,,,,,,,,,,,4,4, ,1161.32,0,0,0,562428,0, ,41,0,0,Open,EUGENE ,OR,974012783
cif_cust_id_13483,loan_id_1367,Commercial,305940.42,1253.09,6.5,5/1/2026,8/1/2031,6062.3,0,0,,branch_id_05,13,M120,Monthly,0,Reg P&I, ,0,510,600000,0,600000,Installment,4349.33,1712.97,1712.97,121668.11,6297.18,1253.09,64,officer_id_061,8/31/2021,8/31/2021,8/31/2021,10/1/2021,7/5/2023,3/31/2026,477,,307670.51,No Prepayment Penatly,0,WSJ Prime,8/1/2027,M036,365/365,5.25,8.5,3.25,0,,8/1/2027,2,1.25,1.25,0,0,0,1,0.05,0,9999999.99,0,0,0,0,0,0,0,0,0,0,0,0,0,0,0,0,0,0,0,0,0,0,0,0,0,,0,11/1/2025,0,0,0,0,0,0,0,0,0,0,0,0,0,0,0,0,,,,,,,,,,,4,4, ,0,0,0,0,999999,0,X ,41,90,0,Open,BEND ,OR,977021466
cif_cust_id_16560,loan_id_1368,Commercial,729495.02,2118.27,4.55,5/1/2026,12/1/2046,4561.98,0,0,,branch_id_05,22,M299,Monthly,0,Reg P&I,N,0,170,1381250,0,1381250,Installment,1700.26,2861.72,2861.72,173463.89,10447.76,2118.27,300,officer_id_061,8/31/2021,8/31/2021,8/31/2021,2/1/2022,1/13/2022,3/31/2026,154,,739062.24,% of Current Balance,7294.95,FHLB 5_YR,9/1/2026,M060,365/360,4.55,0,1.12,0,,9/1/2026,3.163,0,0,4.545,7.75,0,1,0.05,0,9999999.99,0,0,0,0,0,0,0,0,0,0,0,0,0,0,0,0,0,0,0,0,0,0,0,0,0,,0,11/1/2025,0,0,0,0,0,0,0,0,0,0,0,0,0,0,0,0,,,,,,,,,,,4,4, ,4119.28,0,0,0,0,0,X ,41,0,0,Open,BEND ,OR,977021466
cif_cust_id_12477,loan_id_1371,Commercial,753953.99,2755.26,5.25,5/15/2026,5/15/2041,6092.23,0,0,,branch_id_02,18,M239,Monthly,0,Reg P&I, ,0,120,900000,0,900000,Installment,2772.96,3319.27,3319.27,213395.56,12527.36,2534.55,181,officer_id_064,6/1/2021,6/1/2021,6/1/2021,6/15/2021,,3/29/2026,308,,795324.16,% of Current Balance,37697.69,FHLB 5_YR,5/16/2026,M060,365/360,5.25,1.14,2,0,,6/15/2026,3.25,0,0,5.25,0,0,1,0.05,0,9999999.99,0,0,0,0,0,0,0,0,0,0,0,0,0,0,0,0,0,0,0,0,0,0,0,0,0,,0,2/15/2026,0,0,0,1,0,1,0,0,0,0,0,0,0,0,0,0,,,,,,,,,,,4,0, ,5324.79,0,0,0,0,0, ,41,0,0,Open,SALEM ,OR,973059738
cif_cust_id_13615,loan_id_1391,Commercial,168333.28,500.94,5.13,5/3/2026,3/3/2027,1267.07,0,0,3/3/2027,branch_id_03,23,M300,Monthly,0,Reg P&I,Y,60,110,192000,0,192000,Installment,0,0,0,38419.71,2721.99,551.17,11,officer_id_032,3/4/2022,3/3/2022,3/3/2022,4/3/2022,,4/2/2026,154,,169114.92,No Prepayment Penatly,0,Fixed,, ,365/360,5.13,0,5.13,0,,,0,0,0,0,0,0,1,0.05,0,9999999.99,0,0,0,0,0,0,0,0,0,0,0,0,0,0,0,0,0,0,0,0,0,0,0,0,0,,0,2/3/2026,0,0,0,2,0,2,0,0,0,0,0,0,0,0,0,0,,,,,,,,,,,4,4, ,0,0,0,0,977024,0,X ,41,0,0,Open,ASHLAND ,OR,975209097
cif_cust_id_13681,loan_id_1404,Commercial,153705.19,100.1,7.82,5/21/2026,9/21/2028,5844.93,0,0,,branch_id_10,10,M060,Monthly,0,Reg P&I, ,0,510,288750,0,288750,Installment,4778.4,1066.53,1066.53,46148.02,4040.29,788.18,29,officer_id_020,9/22/2023,9/21/2023,9/22/2023,10/21/2023,,4/20/2026,30,,153835.29,No Prepayment Penatly,0,Fixed,, ,365/360,7.82,0,7.82,0,,,0,0,0,0,0,0,1,0.05,0,9999999.99,0,0,0,0,0,0,0,0,0,0,0,0,0,0,0,0,0,0,0,0,0,0,0,0,0,,0,3/21/2026,0,0,0,0,0,0,0,0,0,0,0,0,0,0,0,0,,,,,,,,,,,4,4, ,0,0,0,0,142838,0, ,41,0,0,Open,MERLIN ,OR,975320365
cif_cust_id_13699,loan_id_1411,Commercial,300000,1895.84,8.75,4/29/2026,7/29/2026,0,0,0,7/29/2026,branch_id_05,11,M012,Monthly,0,Int Only,Y,12,530,0,300000,75000,Revolving,0,0,0,36422.9,8239.59,1677.09,4,officer_id_061,7/29/2015,7/29/2015,7/29/2015,7/29/2016,7/29/2025,3/28/2026,15,,301910.84,No Prepayment Penatly,0,WSJ Prime,,0000,365/360,6,6.75,3.25,0,,,2,0,0,8.5,0,0,1,0.05,0,9999999.99,0,0,0,0,0,0,0,0,0,0,0,0,0,0,0,0,0,0,0,0,0,0,0,0,0,,3.51,7/29/2025,0,0,0,1,1,0,0,0,0,0,0,0,0,0,0,0,,,,,,,,,,,4,5, ,0,0,0,0,999999,0, ,41,0,0,Open,TALENT ,OR,975400508
cif_cust_id_13705,loan_id_1419,Commercial,164004.39,_153.43,5.63,5/5/2026,5/25/2034,2108.47,0,0,,Branch Not Assigned,39,M141,Monthly,1,Reg P&I, ,0,510,217125.51,0,217125.51,Installment,1332.76,775.71,775.71,39651.56,2938.99,590.75,97,officer_id_047,9/20/2022,8/25/2022,8/25/2022,9/25/2022,,4/29/2026,0,,163850.96,No Prepayment Penatly,0,Fixed,, ,30/360 Am Sch,5.63,0,5.63,0,,,0,0,0,0,0,0,0,0,0,0,0,0,0,0,0,0,0,0,0,0,0,0,0,0,0,0,0,0,0,0,0,0,0,0,0,,0,7/5/2025,0,0,0,0,0,0,0,0,0,0,0,0,0,0,0,0,,,,,,,,,,,4,4, ,0,0,0,0,114387,0, ,51,0,0,Open,Syracuse ,NY,132041425
cif_cust_id_13713,loan_id_1420,Commercial,95515.64,277.26,5.5,5/5/2026,2/5/2038,916.6,0,0,,Branch Not Assigned,39,M144,Monthly,1,Reg P&I, ,0,510,96466.73,0,96466.73,Installment,476.63,439.97,439.97,882.11,1159.37,335.93,142,officer_id_047,2/17/2026,2/5/2026,2/5/2026,3/5/2026,,4/4/2026,0,,95792.9,No Prepayment Penatly,0,Fixed,, ,30/360 Am Sch,5.5,0,5.5,0,,,0,0,0,0,0,0,0,0,0,0,0,0,0,0,0,0,0,0,0,0,0,0,0,0,0,0,0,0,0,0,0,0,0,0,0,,0,,0,0,0,0,0,0,0,0,0,0,0,0,0,0,0,0,,,,,,,,,,,4,4, ,0,0,0,0,322736,0, ,36,0,0,Open,SYRACUSE ,NY,132041425
cif_cust_id_15171,loan_id_1426,Commercial,39918.94,86.76,5.59,5/10/2026,9/10/2027,2447.84,0,0,,Branch Not Assigned,39,M060,Monthly,1,Reg P&I, ,0,510,127873.08,0,127873.08,Installment,2251.4,196.44,196.44,17302.98,775.66,145.71,17,officer_id_047,9/19/2022,9/10/2022,9/10/2022,10/10/2022,,4/9/2026,0,,40005.7,No Prepayment Penatly,0,Fixed,, ,30/360 Am Sch,5.59,0,5.59,0,,,0,0,0,0,0,0,0,0,0,0,0,0,0,0,0,0,0,0,0,0,0,0,0,0,0,0,0,0,0,0,0,0,0,0,0,,0,1/10/2026,0,0,0,0,0,0,0,0,0,0,0,0,0,0,0,0,,,,,,,,,,,4,4, ,0,0,0,0,892705,0, ,48,0,0,Open,Syracuse ,NY,132041425
cif_cust_id_13933,loan_id_1435,Commercial,95535.34,185.09,7.75,5/15/2026,6/15/2031,1874.83,0,0,,Branch Not Assigned,39,M070,Monthly,1,Reg P&I, ,0,510,105311.72,0,105311.72,Installment,1249.76,625.07,625.07,5222.26,2387.17,476.8,62,officer_id_047,9/11/2025,8/15/2025,8/15/2025,9/15/2025,,4/14/2026,0,,95720.43,No Prepayment Penatly,0,Fixed,, ,30/360 Am Sch,7.75,0,7.75,0,,,0,0,0,0,0,0,0,0,0,0,0,0,0,0,0,0,0,0,0,0,0,0,0,0,0,0,0,0,0,0,0,0,0,0,0,,0,2/15/2026,0,0,0,0,0,0,0,0,0,0,0,0,0,0,0,0,,,,,,,,,,,4,4, ,0,0,0,0,874527,0.9, ,06,0,0,Open,SYRACUSE ,NY,132041425
cif_cust_id_13941,loan_id_1440,Commercial,36418.34,204.83,4.47,5/1/2026,7/1/2040,205.21,0,0,7/1/2040,branch_id_10,10,M360,Monthly,1,Reg P&I,Y,240,510,40643.39,0,40643.39,Installment,69.29,135.92,135.92,10034.22,512.53,104.01,170,officer_id_020,6/11/2020,6/11/2020,6/11/2020,8/1/2020,,3/9/2026,0,,36623.17,No Prepayment Penatly,0,Fixed,, ,30/360 Curr Bal,4.47,0,4.47,0,,,0,0,0,0,0,0,0,0.05,0,9999999.99,0,0,0,0,0,0,0,0,0,0,0,0,0,0,0,0,0,0,0,0,0,0,0,0,0,,0,4/1/2026,0,0,0,0,6,6,0,0,0,0,0,0,0,0,0,0,,,,,,,,,,,4,4,A,0,0,0,0,0,0, ,41,0,0,Open,MEDFORD ,OR,975011409
cif_cust_id_13944,loan_id_1442,Commercial,471376.4,1942.46,6.45,5/1/2026,4/1/2033,7054.94,0,0,,Branch Not Assigned,39,M084,Monthly,1,Reg P&I, ,0,510,475873.52,0,475873.52,Installment,4497.12,2557.82,2557.82,2557.82,4500.28,1942.46,83,officer_id_047,3/18/2026,3/1/2026,3/1/2026,4/1/2026,,3/31/2026,0,,473318.86,No Prepayment Penatly,0,Fixed,, ,30/360 Am Sch,6.45,0,6.45,0,,,0,0,0,0,0,0,0,0,0,0,0,0,0,0,0,0,0,0,0,0,0,0,0,0,0,0,0,0,0,0,0,0,0,0,0,,0,,0,0,0,0,0,0,0,0,0,0,0,0,0,0,0,0,,,,,,,,,,,4,4, ,0,0,0,0,999999,10.13, ,09,0,0,Open,SYRACUSE ,NY,132041425
cif_cust_id_13948,loan_id_1443,Commercial,437847.25,2274.98,6.45,4/25/2026,3/25/2033,6553.12,0,0,,Branch Not Assigned,39,M084,Monthly,1,Reg P&I, ,0,510,442024.49,0,442024.49,Installment,0,0,0,2375.88,4650.86,1804.29,83,officer_id_047,3/17/2026,2/25/2026,2/25/2026,3/25/2026,,3/25/2026,0,,440122.23,No Prepayment Penatly,0,Fixed,, ,30/360 Am Sch,6.45,0,6.45,0,,,0,0,0,0,0,0,0,0,0,0,0,0,0,0,0,0,0,0,0,0,0,0,0,0,0,0,0,0,0,0,0,0,0,0,0,,0,,0,0,0,0,0,0,0,0,0,0,0,0,0,0,0,0,,,,,,,,,,,4,4, ,0,0,0,0,973680,27.18, ,12,0,0,Open,SYRACUSE ,NY,132041425
cif_cust_id_13953,loan_id_1467,Commercial,364851.63,208.58,4.11,5/19/2026,10/19/2046,2213.5,0,0,,branch_id_05,22,M300,Monthly,0,Reg P&I,N,0,190,412000,0,412000,Installment,918.5,1295,1295,72738.99,4735.23,960.24,246,officer_id_040,10/25/2021,10/19/2021,10/25/2021,11/19/2021,,4/18/2026,154,,368862.72,% of Current Balance,3648.51,FHLB 5_YR,10/19/2026, ,365/360,4.11,0,1.42,0,,10/19/2026,2.76,0,0,4.11,0,0,1,0.05,0,9999999.99,0,0,0,0,0,0,0,0,0,0,0,0,0,0,0,0,0,0,0,0,0,0,0,0,0,,110.68,4/19/2026,0,0,0,0,0,0,0,0,0,0,0,0,0,0,0,0,,,,,,,,,,,4,4, ,1476.67,0,0,0,65508,0,C ,06,0,0,Open,MEDFORD ,OR,975010196
cif_cust_id_14316,loan_id_1469,Commercial,28628.82,40.26,5.63,5/15/2026,8/15/2029,786.65,0,0,,Branch Not Assigned,39,M083,Monthly,1,Reg P&I, ,0,510,53977.08,0,53977.08,Installment,649.29,137.36,137.36,8477.69,529.79,104.4,40,officer_id_047,9/20/2022,9/15/2022,9/15/2022,10/15/2022,,4/14/2026,0,,28669.08,No Prepayment Penatly,0,Fixed,, ,30/360 Am Sch,5.63,0,5.63,0,,,0,0,0,0,0,0,0,0,0,0,0,0,0,0,0,0,0,0,0,0,0,0,0,0,0,0,0,0,0,0,0,0,0,0,0,,0,2/15/2026,0,0,0,0,0,0,0,0,0,0,0,0,0,0,0,0,,,,,,,,,,,4,4, ,0,0,0,0,302228,0, ,24,0,0,Open,Syracuse ,NY,132041425
cif_cust_id_15224,loan_id_1472,Commercial,481654.56,1603.8,7.49,5/8/2026,1/8/2045,4026.56,0,0,,branch_id_10,22,M300,Monthly,0,Reg P&I,N,0,190,560000,0,560000,Installment,912.55,3114.01,3114.01,178742.56,11370.67,2306.8,225,officer_id_020,1/13/2020,1/8/2020,1/13/2020,2/8/2020,4/18/2024,4/7/2026,154,,483412.36,% of Current Balance,0,FHLB 5_YR,1/8/2030,M060,365/360,4.94,4.54,2.03,0,,1/8/2030,2.952,0,0,4.942,0,0,1,0.05,0,9999999.99,0,0,0,0,0,0,0,0,0,0,0,0,0,0,0,0,0,0,0,0,0,0,0,0,0,,0,3/8/2026,0,0,0,0,0,0,0,0,0,0,0,0,0,0,0,0,,,,,,,,,,,4,4, ,0,0,0,0,999999,0,X ,41,0,0,Open,GRANTS PASS ,OR,975263393
cif_cust_id_15224,loan_id_1473,Commercial,405183.37,664.6,7.37,5/16/2026,1/16/2045,3355.85,0,0,,branch_id_10,22,M300,Monthly,0,Reg P&I,N,0,170,480000,0,480000,Installment,778.07,2577.78,2577.78,145934.92,9421.64,1911.91,225,officer_id_020,1/17/2020,1/16/2020,1/17/2020,2/16/2020,4/18/2024,4/15/2026,154,,406001.97,% of Current Balance,0,FHLB 5_YR,1/16/2030,M060,365/360,4.69,4.67,1.99,0,,1/16/2030,2.702,0,0,4.692,0,0,1,0.05,0,9999999.99,0,0,0,0,0,0,0,0,0,0,0,0,0,0,0,0,0,0,0,0,0,0,0,0,0,,136.97,4/16/2026,0,0,0,0,0,0,0,0,0,0,0,0,0,0,0,0,,,,,,,,,,,4,4, ,0,0,0,0,999999,0,X ,41,0,0,Open,GRANTS PASS ,OR,975263393
cif_cust_id_14077,loan_id_1480,Commercial,253322.61,962.9,6.85,5/4/2026,9/4/2043,2093.35,0,0,,branch_id_15,28,M300,Monthly,0,Reg P&I, ,0,140,303000,0,303000,Installment,0,0,0,129890.26,5466.21,1108.64,209,officer_id_050,9/4/2018,9/4/2018,9/4/2018,10/4/2018,9/4/2018,4/3/2026,154,,254439.51,% of Current Balance,0,FHLB 5_YR,7/21/2028,M060,365/360,5.7,4.19,3.04,0,,9/4/2028,2.66,0,0,5.695,0,0,1,0.05,0,9999999.99,0,0,0,0,0,0,0,0,0,0,0,0,0,0,0,0,0,0,0,0,0,0,0,0,0,,0,,0,0,0,0,0,0,0,0,0,0,0,0,0,0,0,0,,,,,,,,,,,4,4, ,0,0,0,0,0,0,X ,41,0,0,Open,MEDFORD ,OR,975049185
cif_cust_id_14127,loan_id_1489,Commercial,447206.34,167.7,4.5,5/21/2026,7/21/2036,8935.87,0,0,,branch_id_05,22,M180,Monthly,0,Reg P&I, ,0,190,1600000,0,1600000,Installment,7175.14,1760.73,1760.73,237314.63,6550.85,1303.65,123,officer_id_040,1/27/2020,1/21/2020,1/24/2020,8/21/2021,9/11/2024,4/20/2026,154,,447528.04,% of Current Balance,0,Fixed,, ,365/360,4.5,0,4.5,0,,,0,0,0,0,0,0,1,0.05,0,9999999.99,0,0,0,0,0,0,0,0,0,0,0,0,0,0,0,0,0,0,0,0,0,0,0,0,0,,0,3/21/2026,0,0,0,0,0,0,0,0,0,0,0,0,0,0,0,0,,,,,,,,,,,4,4, ,3851.83,0,0,0,485266,0,X ,41,0,0,Open,FORT COLLINS ,CO,805221006
cif_cust_id_14155,loan_id_1503,Commercial,593174.7,2537.36,8,5/10/2026,7/10/2026,0,0,0,7/10/2026,branch_id_10,11,M012,Monthly,0,Int Only,Y,3,530,0,1200000,750000,Revolving,557877.73,6070.42,6070.42,218632.44,21272.22,4410.77,3,officer_id_069,7/12/2019,7/10/2019,7/12/2019,8/10/2019,4/21/2026,4/4/2026,769,,596481.06,No Prepayment Penatly,0,WSJ Prime,,0000,365/360,7.5,6.75,5.5,0,,,1.25,0,0,4.875,0,0,1,0.05,0,9999999.99,0,0,0,0,0,0,0,0,0,0,0,0,0,0,0,0,0,0,0,0,0,0,0,0,0,,0,4/10/2026,0,0,0,0,0,0,0,0,0,0,0,0,0,0,0,0,,,,,,,,,,,4,6, ,0,0,0,0,999999,0,X ,41,0,0,Open,GRANTS PASS ,OR,975264265
cif_cust_id_14155,loan_id_1504,Commercial,116741.65,605.02,6.91,4/28/2026,3/28/2028,5231.01,0,0,,branch_id_10,10,M060,Monthly,0,Reg P&I, ,0,510,264046,0,264046,Installment,0,0,0,41012.01,2680.69,515.39,24,officer_id_020,3/29/2023,3/28/2023,3/29/2023,4/28/2023,,3/27/2026,30,,117376.67,No Prepayment Penatly,0,Fixed,, ,365/360,6.91,0,6.91,0,,,0,0,0,0,0,0,1,0.05,0,9999999.99,0,0,0,0,0,0,0,0,0,0,0,0,0,0,0,0,0,0,0,0,0,0,0,0,0,,0,3/28/2026,0,0,0,0,0,0,0,0,0,0,0,0,0,0,0,0,,,,,,,,,,,4,4, ,0,0,0,0,999999,0, ,41,0,0,Open,GRANTS PASS ,OR,975264265
cif_cust_id_14167,loan_id_1505,Commercial,77263.28,59.15,6.89,5/20/2026,10/20/2032,1231.66,0,0,,Branch Not Assigned,39,M120,Monthly,1,Reg P&I, ,0,510,106598.15,0,106598.15,Installment,783.54,448.12,448.12,22394.85,1709.16,342.96,78,officer_id_047,11/9/2022,10/20/2022,10/20/2022,11/20/2022,,4/19/2026,0,,77322.43,No Prepayment Penatly,0,Fixed,, ,30/360 Am Sch,6.89,0,6.89,0,,,0,0,0,0,0,0,0,0,0,0,0,0,0,0,0,0,0,0,0,0,0,0,0,0,0,0,0,0,0,0,0,0,0,0,0,,0,12/20/2025,0,0,0,0,0,0,0,0,0,0,0,0,0,0,0,0,,,,,,,,,,,4,4, ,0,0,0,0,174553,0, ,51,0,0,Open,Syracuse ,NY,132041425
cif_cust_id_06511,loan_id_1506,Commercial,205606.79,1162.51,8.85,5/1/2026,3/1/2034,3040.13,0,0,,Branch Not Assigned,39,M112,Monthly,1,Reg P&I, ,0,510,231204.07,0,231204.07,Installment,1512.62,1527.51,1527.51,29125.06,5778.19,1162.53,94,officer_id_047,10/21/2024,10/1/2024,10/1/2024,11/1/2024,,3/31/2026,0,,206769.3,No Prepayment Penatly,0,Fixed,, ,30/360 Am Sch,8.85,0,8.85,0,,,0,0,0,0,0,0,0,0,0,0,0,0,0,0,0,0,0,0,0,0,0,0,0,0,0,0,0,0,0,0,0,0,0,0,0,,0,11/1/2025,0,0,0,0,0,0,0,0,0,0,0,0,0,0,0,0,,,,,,,,,,,4,4, ,0,0,0,0,255653,0, ,48,0,0,Open,SYRACUSE ,NY,132041425
cif_cust_id_14168,loan_id_1507,Commercial,87817.23,148.41,6.76,5/15/2026,2/15/2033,1353.26,0,0,,Branch Not Assigned,39,M083,Monthly,1,Reg P&I, ,0,510,89519.94,0,89519.94,Installment,853.75,499.51,499.51,1003.81,1152.22,381.52,81,officer_id_047,3/5/2026,2/15/2026,2/15/2026,3/15/2026,,4/14/2026,0,,87965.64,No Prepayment Penatly,0,Fixed,, ,30/360 Am Sch,6.76,0,6.76,0,,,0,0,0,0,0,0,0,0,0,0,0,0,0,0,0,0,0,0,0,0,0,0,0,0,0,0,0,0,0,0,0,0,0,0,0,,0,,0,0,0,0,0,0,0,0,0,0,0,0,0,0,0,0,,,,,,,,,,,4,4, ,0,0,0,0,999999,0, ,04,0,0,Open,SYRACUSE ,NY,132041425
cif_cust_id_14184,loan_id_1515,Commercial,1442070.36,3960.5,4.3,5/1/2026,8/5/2046,8925.53,0,0,,branch_id_10,35,M300,Monthly,0,Reg P&I,N,0,160,1629396,0,1629396,Installment,3574.96,5350.57,5350.57,312503.84,19534.35,3960.5,244,officer_id_020,8/10/2021,8/5/2021,8/10/2021,9/5/2021,,3/31/2026,154,,1460605.56,% of Current Balance,14420.7,FHLB 5_YR,8/5/2026,M060,365/360,4.3,0,0.98,0,,8/5/2026,2.913,0,0,4.295,0,0,1,0.05,0,9999999.99,0,0,0,0,0,0,0,0,0,0,0,0,0,0,0,0,0,0,0,0,0,0,0,0,0,,0,4/1/2026,0,0,0,9,1,0,0,0,0,0,0,0,0,0,0,0,,,,,,,,,,,4,4, ,1379.8,0,0,0,259200,0,X ,41,0,0,Open,LOS ANGELES ,CA,900691509
cif_cust_id_14240,loan_id_1534,Commercial,127438.07,_129.11,7.27,5/29/2026,7/29/2045,1034.49,0,0,,branch_id_05,22,M300,Monthly,0,Reg P&I, ,0,170,146250,0,146250,Installment,235.79,798.7,798.7,42171.68,2921.17,592.82,231,officer_id_040,7/31/2020,7/29/2020,7/31/2020,8/29/2020,12/5/2022,4/28/2026,154,,127471.62,% of Current Balance,0,FHLB 5_YR,7/29/2030,M060,365/360,5,4.06,0.79,0,,7/29/2030,3.21,0,0,5,0,0,1,0.05,0,9999999.99,0,0,0,0,0,0,0,0,0,0,0,0,0,0,0,0,0,0,0,0,0,0,0,0,0,,0,8/29/2025,0,0,0,0,0,1,0,0,0,0,0,0,0,0,0,0,,,,,,,,,,,4,5, ,0,0,0,0,999999,0,X ,41,0,0,Open,MEDFORD ,OR,975012756
cif_cust_id_14240,loan_id_1535,Commercial,1916778.32,2523.75,4.74,5/14/2026,6/14/2047,12044.54,0,0,,branch_id_05,22,M300,Monthly,0,Reg P&I, ,0,170,2100000,0,2100000,Installment,4203.73,7840.81,7840.81,370827.16,28653.59,5811.84,254,officer_id_040,6/16/2022,6/14/2022,6/15/2022,7/14/2022,,4/13/2026,154,,1938623.85,% of Current Balance,19167.78,FHLB 5_YR,6/14/2027,M060,365/360,4.74,3.8,3.8,0,,6/14/2027,2.75,0,0,4.74,0,0,1,0.05,0,9999999.99,0,0,0,0,0,0,0,0,0,0,0,0,0,0,0,0,0,0,0,0,0,0,0,0,0,,0,3/14/2026,0,0,0,0,0,0,0,0,0,0,0,0,0,0,0,0,,,,,,,,,,,4,4, ,7374.92,0,0,0,999999,0,X ,41,0,0,Open,MEDFORD ,OR,975012756
cif_cust_id_14319,loan_id_1549,Commercial,284846.09,1180.13,7.85,5/5/2026,3/5/2032,5028.34,0,0,,Branch Not Assigned,39,M084,Monthly,1,Reg P&I, ,0,510,324166.69,0,324166.69,Installment,3144.4,1883.94,1883.94,26047.82,7152.44,1431.33,71,officer_id_047,3/27/2025,3/5/2025,3/5/2025,4/5/2025,,4/4/2026,0,,286026.22,No Prepayment Penatly,0,Fixed,, ,30/360 Am Sch,7.85,0,7.85,0,,,0,0,0,0,0,0,0,0,0,0,0,0,0,0,0,0,0,0,0,0,0,0,0,0,0,0,0,0,0,0,0,0,0,0,0,,0,7/5/2025,0,0,0,0,0,0,0,0,0,0,0,0,0,0,0,0,,,,,,,,,,,4,4, ,0,0,0,0,999999,9.03, ,08,0,0,Open,SYRACUSE ,NY,132041425
cif_cust_id_06368,loan_id_1550,Commercial,196137.9,636.86,8.35,5/10/2026,6/10/2033,3038.42,0,0,,Branch Not Assigned,39,M120,Monthly,1,Reg P&I, ,0,510,246655.25,0,246655.25,Installment,1662.06,1376.36,1376.36,52788.93,5223.53,1049.81,86,officer_id_047,6/21/2023,6/10/2023,6/10/2023,7/10/2023,,4/9/2026,0,,196774.76,No Prepayment Penatly,0,Fixed,, ,30/360 Am Sch,8.35,0,8.35,0,,,0,0,0,0,0,0,0,0,0,0,0,0,0,0,0,0,0,0,0,0,0,0,0,0,0,0,0,0,0,0,0,0,0,0,0,,0,1/10/2026,0,0,0,0,0,0,0,0,0,0,0,0,0,0,0,0,,,,,,,,,,,4,4, ,0,0,0,0,283527,0, ,42,0,0,Open,Syracuse ,NY,132041425
cif_cust_id_14335,loan_id_1553,Commercial,21929.46,86.73,6.19,5/1/2026,3/1/2028,1016.94,0,0,,Branch Not Assigned,10,M060,Monthly,0,Reg P&I, ,0,520,52238,0,52238,Installment,895.28,121.66,121.66,7318.24,453.83,86.73,23,officer_id_027,3/6/2023,3/1/2023,3/6/2023,4/1/2023,,3/31/2026,15,,22031.19,No Prepayment Penatly,0,Fixed,, ,365/360,6.19,0,6.19,0,,,0,0,0,0,0,0,1,0.05,0,9999999.99,0,0,0,0,0,0,0,0,0,0,0,0,0,0,0,0,0,0,0,0,0,0,0,0,0,,0,11/1/2025,0,0,0,0,0,0,0,0,0,0,0,0,0,0,0,0,,,,,,,,,,,4,4, ,0,0,0,0,0,0, ,41,0,0,Open,MEDFORD ,OR,975044145
cif_cust_id_14391,loan_id_1564,Commercial,19630.12,34.21,2.84,5/1/2026,8/1/2050,93.19,0,0,,branch_id_10,10,M300,Monthly,1,Reg P&I, ,0,510,20000,0,20000,Installment,46.62,46.57,46.57,389.65,175.66,35.62,291,officer_id_020,7/25/2025,7/23/2025,7/23/2025,9/1/2025,,4/1/2026,0,,19664.33,No Prepayment Penatly,0,Fixed,, ,30/360 Curr Bal,2.84,0,2.84,0,,,0,0,0,0,0,0,0,0,0,0,0,0,0,0,0,0,0,0,0,0,0,0,0,0,0,0,0,0,0,0,0,0,0,0,0,,0,4/1/2026,0,0,0,0,1,2,0,0,0,0,0,0,0,0,0,0,,,,,,,,,,,4,4,A,0,0,0,0,0,0,X ,41,0,0,Open,ENTERPRISE ,OR,978281331
cif_cust_id_09503,loan_id_1571,Commercial,343144.46,230.48,8.06,5/21/2026,5/21/2044,3033.14,0,0,,branch_id_10,22,M300,Monthly,0,Reg P&I,N,0,170,412500,0,412500,Installment,647.03,2386.11,2386.11,180406.68,8722.84,1769.9,217,officer_id_020,5/30/2019,5/21/2019,5/30/2019,6/21/2019,,4/20/2026,154,,343528.94,No Prepayment Penatly,0,FHLB 5_YR,5/21/2029,M060,365/360,6.42,4.54,2.53,0,,5/21/2029,3.52,0,0,6.42,0,0,1,0.05,0,9999999.99,0,0,0,0,0,0,0,0,0,0,0,0,0,0,0,0,0,0,0,0,0,0,0,0,0,,0,3/21/2026,0,0,0,0,0,0,0,0,0,0,0,0,0,0,0,0,,,,,,,,,,,4,4, ,0,0,0,0,0,0,X ,41,0,0,Open,GRANTS PASS ,OR,975275814
cif_cust_id_06628,loan_id_1583,Commercial,130913.41,284.05,5.58,5/10/2026,9/10/2034,1627.24,0,0,,Branch Not Assigned,39,M144,Monthly,1,Reg P&I, ,0,510,170524.81,0,170524.81,Installment,1013.78,613.46,613.46,30359.92,2326.76,468.12,101,officer_id_047,9/19/2022,9/10/2022,9/10/2022,10/10/2022,,4/9/2026,0,,131197.46,No Prepayment Penatly,0,Fixed,, ,30/360 Am Sch,5.58,0,5.58,0,,,0,0,0,0,0,0,0,0,0,0,0,0,0,0,0,0,0,0,0,0,0,0,0,0,0,0,0,0,0,0,0,0,0,0,0,,0,1/10/2026,0,0,0,0,0,0,0,0,0,0,0,0,0,0,0,0,,,,,,,,,,,4,4, ,0,0,0,0,147796,0, ,04,0,0,Open,Syracuse ,NY,132041425
cif_cust_id_05037,loan_id_1589,Commercial,894687.44,351.14,7.09,5/22/2026,6/22/2038,9215.58,0,0,,branch_id_05,22,M276,Monthly,0,Reg P&I, ,0,190,1530000,0,1530000,Installment,3729.9,5485.68,5485.68,581690.24,20123.73,4068.94,146,officer_id_061,6/22/2015,6/22/2015,6/22/2015,7/22/2015,6/22/2015,4/21/2026,399,,895437.58,No Prepayment Penatly,0,FHLB 5_YR,6/22/2030,M060,365/360,4.24,4.09,1.24,0,,6/22/2030,3,0,0,4.24,0,0,1,0.05,0,9999999.99,0,0,0,0,0,0,0,0,0,0,0,0,0,0,0,0,0,0,0,0,0,0,0,0,0,,0,1/22/2026,0,0,0,0,0,0,0,0,0,0,0,0,0,0,0,0,,,,,,,,,,,4,4, ,1544.73,0,0,0,0,0,X* ,06,0,0,Open,YREKA ,CA,960972530
cif_cust_id_07914,loan_id_1590,Commercial,12715.25,21.77,4.74,5/11/2026,10/11/2026,2966.77,0,0,,Branch Not Assigned,22,M120,Monthly,0,Reg P&I, ,0,190,282200,0,282200,Installment,2936.12,63.88,63.88,72482.02,274.03,42.38,6,officer_id_011,10/11/2016,10/11/2016,10/11/2016,11/11/2016,10/11/2016,4/10/2026,154,,12891.02,No Prepayment Penatly,0,Fixed,, ,365/360,0,0,0,0,,,0,0,0,0,0,0,1,0.05,0,9999999.99,0,0,0,0,0,0,0,0,0,0,0,0,0,0,0,0,0,0,0,0,0,0,0,0,0,,0,4/11/2026,0,0,0,0,0,0,0,0,0,0,0,0,0,0,0,0,,,,,,,,,,,4,4, ,0,0,0,0,70488,0,X ,41,0,0,Open,ATHENS ,TX,757514703
cif_cust_id_14800,loan_id_1609,Commercial,203397.98,399.15,7.85,5/15/2026,3/15/2032,3590.55,0,0,,Branch Not Assigned,39,M084,Monthly,1,Reg P&I, ,0,510,231475.34,0,231475.34,Installment,2245.3,1345.25,1345.25,18599.79,5126.68,1026.95,71,officer_id_047,3/31/2025,3/15/2025,3/15/2025,4/15/2025,,4/14/2026,0,,203797.13,No Prepayment Penatly,0,Fixed,, ,30/360 Am Sch,7.85,0,7.85,0,,,0,0,0,0,0,0,0,0,0,0,0,0,0,0,0,0,0,0,0,0,0,0,0,0,0,0,0,0,0,0,0,0,0,0,0,,0,2/15/2026,0,0,0,0,0,0,0,0,0,0,0,0,0,0,0,0,,,,,,,,,,,4,4, ,0,0,0,0,999999,0, ,55,0,0,Open,SYRACUSE ,NY,132041425
cif_cust_id_14986,loan_id_1624,Commercial,70141.6,250.04,5.58,5/1/2026,8/1/2030,1521.64,0,0,,Branch Not Assigned,39,M084,Monthly,1,Reg P&I, ,0,510,105610.44,0,105610.44,Installment,1189.95,331.69,331.69,13223.64,1261.62,250.05,52,officer_id_047,8/31/2023,8/1/2023,8/1/2023,9/1/2023,,3/31/2026,0,,70391.64,No Prepayment Penatly,0,Fixed,, ,30/360 Am Sch,5.58,0,5.58,0,,,0,0,0,0,0,0,0,0,0,0,0,0,0,0,0,0,0,0,0,0,0,0,0,0,0,0,0,0,0,0,0,0,0,0,0,,0,11/1/2025,0,0,0,0,0,0,0,0,0,0,0,0,0,0,0,0,,,,,,,,,,,4,4, ,0,0,0,0,129927,0, ,06,0,0,Open,Syracuse ,NY,132041425
cif_cust_id_15013,loan_id_1633,Commercial,1043936.9,4071.36,7.02,5/4/2026,4/4/2055,7112.9,0,0,,branch_id_05,35,M360,Monthly,0,Reg P&I, ,0,160,1056000,0,1056000,Installment,797.48,6315.42,6315.42,73291.7,23040.22,4682.53,348,officer_id_040,4/11/2025,4/4/2025,4/11/2025,5/4/2025,,4/3/2026,154,,1079480.36,% of Current Balance,31318.1,FHLB 3_YR,4/4/2028,M036,365/360,7.02,0,3.98,0,,4/4/2028,2.865,0,0,6.02,12.02,0,1,0.05,0,9999999.99,0,0,0,0,0,0,0,0,0,0,0,0,0,0,0,0,0,0,0,0,0,0,0,0,0,,0,4/4/2026,0,0,0,0,0,0,0,0,0,0,0,0,0,0,0,0,,,,,,,,,,,4,4, ,3941.46,0,0,0,192000,0,X ,41,0,0,Open,ASHLAND ,OR,975201406
cif_cust_id_15015,loan_id_1635,Commercial,0,0,7.75,5/25/2026,3/25/2028,0,0,0,3/25/2028,branch_id_05,11,M024,Monthly,0,Int Only,Y,24,530,0,400000,400000,Revolving,4615,12.92,12.92,12.92,12.92,6.96,23,officer_id_040,3/26/2026,3/25/2026,3/26/2026,4/25/2026,,,15,,15,No Prepayment Penatly,0,WSJ Prime,,0000,365/360,7.75,0,6.75,0,,,1,0,0,5.25,0,0,1,0.05,0,9999999.99,0,0,0,0,0,0,0,0,0,0,0,0,0,0,0,0,0,0,0,0,0,0,0,0,0,,0,,0,0,0,0,0,0,0,0,0,0,0,0,0,0,0,0,,,,,,,,,,,4,4, ,2445.34,0,0,0,999999,0, ,41,0,0,Open,MEDFORD ,OR,975015935
cif_cust_id_15016,loan_id_1636,Commercial,432012.85,1318.84,7.85,5/10/2026,3/10/2032,7626.25,0,0,,Branch Not Assigned,39,M084,Monthly,1,Reg P&I, ,0,510,491648.58,0,491648.58,Installment,4768.97,2857.28,2857.28,39505.52,10868.36,2176.02,71,officer_id_047,3/31/2025,3/10/2025,3/10/2025,4/10/2025,,4/9/2026,0,,433331.69,No Prepayment Penatly,0,Fixed,, ,30/360 Am Sch,7.85,0,7.85,0,,,0,0,0,0,0,0,0,0,0,0,0,0,0,0,0,0,0,0,0,0,0,0,0,0,0,0,0,0,0,0,0,0,0,0,0,,0,1/10/2026,0,0,0,0,0,0,0,0,0,0,0,0,0,0,0,0,,,,,,,,,,,4,4, ,0,0,0,0,999999,0, ,22,0,0,Open,SYRACUSE ,NY,132041425
cif_cust_id_06338,loan_id_1646,Commercial,303712.6,378.05,7.46,5/18/2026,4/18/2043,2650.85,0,0,,branch_id_10,28,M300,Monthly,0,Reg P&I, ,0,140,371250,0,371250,Installment,695.19,1955.66,1955.66,157321.96,7151.42,1450.41,204,officer_id_020,4/18/2018,4/18/2018,4/18/2018,5/18/2018,4/18/2018,4/17/2026,154,,304244.65,No Prepayment Penatly,0,FHLB 3_YR,4/18/2027,M036,365/360,5.24,4.91,2.69,0,,4/18/2027,2.55,0,0,5.24,0,0,1,0.05,0,9999999.99,0,0,0,0,0,0,0,0,0,0,0,0,0,0,0,0,0,0,0,0,0,0,0,0,0,,0,4/18/2026,0,0,0,0,0,0,0,0,0,0,0,0,0,0,0,0,,,,,,,,,,,4,4, ,0,0,0,0,442388,0,C* ,41,0,0,Open,GRANTS PASS ,OR,975261832
cif_cust_id_15030,loan_id_1649,Commercial,186254.6,820.8,8.35,5/5/2026,11/5/2033,2769.58,0,0,,Branch Not Assigned,39,M113,Monthly,1,Reg P&I, ,0,510,216217.08,0,216217.08,Installment,1463.38,1306.2,1306.2,30968.28,4947.87,994.98,91,officer_id_047,7/2/2024,6/5/2024,6/5/2024,7/5/2024,,4/4/2026,0,,187075.4,No Prepayment Penatly,0,Fixed,, ,30/360 Am Sch,8.35,0,8.35,0,,,0,0,0,0,0,0,0,0,0,0,0,0,0,0,0,0,0,0,0,0,0,0,0,0,0,0,0,0,0,0,0,0,0,0,0,,0,7/5/2025,0,0,0,0,0,0,0,0,0,0,0,0,0,0,0,0,,,,,,,,,,,4,4, ,0,0,0,0,167926,0, ,12,0,0,Open,SYRACUSE ,NY,132041425
cif_cust_id_15088,loan_id_1661,Commercial,3895704.32,3790.04,4.69,5/1/2026,11/1/2031,24767.48,0,0,,branch_id_10,18,M300,Monthly,0,Reg P&I, ,0,120,0,0,4341000,Installment,8997.91,15769.57,15769.57,933561.52,57572.3,11673.04,69,officer_id_020,11/30/2020,11/16/2020,11/30/2020,10/1/2021,,4/16/2026,499,,3938950.4,% of Current Balance,38957.04,Fixed,, ,365/360,4.35,0,0.82,0,,,3.063,0,0,0,0,0,1,0.05,0,9999999.99,0,0,0,0,0,0,0,0,0,0,0,0,0,0,0,0,0,0,0,0,0,0,0,0,0,,0,11/1/2025,0,0,0,0,0,0,0,0,0,0,0,0,0,0,0,0,,,,,,,,,,,4,4, ,19788.8,0,0,0,0,0,X ,41,0,0,Open,MADERA ,CA,936390209
cif_cust_id_15100,loan_id_1672,Commercial,905706.03,2778.54,6.5,5/7/2026,10/7/2055,5814.25,0,0,,branch_id_18,35,M360,Monthly,0,Reg P&I, ,0,160,910899.2,0,910899.2,Installment,0,0,0,29692.33,18506.38,3761.2,354,officer_id_058,10/8/2025,10/7/2025,10/8/2025,11/7/2025,,4/6/2026,154,,935809.75,% of Current Balance,27171.18,FHLB 3_YR,10/7/2028,M036,365/360,6.5,0,3.71,0,,10/7/2028,2.96,0,0,5.5,0,0,1,0.05,0,9999999.99,0,0,0,0,0,0,0,0,0,0,0,0,0,0,0,0,0,0,0,0,0,0,0,0,0,,0,,0,0,0,0,0,0,0,0,0,0,0,0,0,0,0,0,,,,,,,,,,,4,4, ,2866.24,0,0,0,503955,0,X ,41,0,0,Open,SALEM ,OR,973020716
cif_cust_id_05588,loan_id_1674,Commercial,1351.79,95.49,6.89,5/10/2026,7/10/2030,404.86,0,0,,Branch Not Assigned,39,M081,Monthly,1,Reg P&I, ,0,510,26165.55,0,26165.55,Installment,394.83,10.03,10.03,3332.04,60.13,6.63,51,officer_id_047,10/17/2023,10/10/2023,10/10/2023,11/10/2023,,4/19/2025,0,,1447.28,No Prepayment Penatly,0,Fixed,, ,30/360 Am Sch,6.89,0,6.89,0,,,0,0,0,0,0,0,0,0,0,0,0,0,0,0,0,0,0,0,0,0,0,0,0,0,0,0,0,0,0,0,0,0,0,0,0,,0,1/10/2026,0,0,0,0,0,0,0,0,0,0,0,0,0,0,0,0,,,,,,,,,,,4,4, ,0,0,0,0,119610,0, ,34,0,0,Open,Syracuse ,NY,132041425
cif_cust_id_08504,loan_id_1681,Commercial,646695.3,3423.47,6.57,4/26/2026,12/26/2027,4456.2,0,0,12/26/2027,branch_id_03,22,M300,Monthly,0,Reg P&I,Y,24,170,650000,0,650000,Installment,0,0,0,10063.9,13368.75,2714.5,21,officer_id_032,12/31/2025,12/26/2025,12/31/2025,1/26/2026,,3/25/2026,154,,650272.77,No Prepayment Penatly,0,Fixed,, ,365/360,6.57,0,6.57,0,,,0,0,0,0,0,0,1,0.05,0,9999999.99,0,0,0,0,0,0,0,0,0,0,0,0,0,0,0,0,0,0,0,0,0,0,0,0,0,,0,3/26/2026,0,0,0,0,0,0,0,0,0,0,0,0,0,0,0,0,,,,,,,,,,,4,4, ,4226.78,0,0,0,31535,0,X ,41,0,0,Open,ASHLAND ,OR,975209406
cif_cust_id_15233,loan_id_1683,Commercial,48291.94,121.13,6.45,5/10/2026,4/10/2033,722.77,0,0,,Branch Not Assigned,39,M084,Monthly,1,Reg P&I, ,0,510,48752.66,0,48752.66,Installment,460.72,262.05,262.05,262.05,383.18,199.75,83,officer_id_047,3/17/2026,3/10/2026,3/10/2026,4/10/2026,,4/9/2026,0,,48413.07,No Prepayment Penatly,0,Fixed,, ,30/360 Am Sch,6.45,0,6.45,0,,,0,0,0,0,0,0,0,0,0,0,0,0,0,0,0,0,0,0,0,0,0,0,0,0,0,0,0,0,0,0,0,0,0,0,0,,0,,0,0,0,0,0,0,0,0,0,0,0,0,0,0,0,0,,,,,,,,,,,4,4, ,0,0,0,0,999999,6.34, ,42,0,0,Open,SYRACUSE ,NY,132041425
cif_cust_id_15269,loan_id_1685,Commercial,984655.12,3988.87,5.4,4/28/2026,4/28/2048,6412.57,0,0,,branch_id_18,22,M300,Monthly,0,Reg P&I, ,0,170,0,0,1040000,Installment,0,0,0,186087.98,16742.48,3397.06,259,officer_id_058,11/1/2022,10/28/2022,10/31/2022,11/28/2022,2/28/2023,3/27/2026,154,,998644.54,% of Current Balance,9846.55,Fixed,, ,365/360,5.4,0,5.4,0,,,0,0,0,0,0,0,1,0.05,0,9999999.99,0,0,0,0,0,0,0,0,0,0,0,0,0,0,0,0,0,0,0,0,0,0,0,0,0,,0,3/28/2026,0,0,0,0,0,0,0,0,0,0,0,0,0,0,0,0,,,,,,,,,,,4,4, ,3632.21,0,0,0,502558,0,X ,41,0,0,Open,SALEM ,OR,973063077
cif_cust_id_15270,loan_id_1686,Commercial,405951.57,421.79,7.48,5/19/2026,11/19/2044,3402.46,0,0,,branch_id_10,22,M300,Monthly,0,Reg P&I, ,0,170,476250,0,476250,Installment,782.29,2620.17,2620.17,159210.69,9577.32,1943.18,223,officer_id_020,11/22/2019,11/19/2019,11/22/2019,12/19/2019,,4/18/2026,154,,406527.36,% of Current Balance,0,FHLB 5_YR,11/19/2029,M060,365/360,5.06,4.32,1.99,0,,11/19/2029,3.162,0,0,0,0,0,1,0.05,0,9999999.99,0,0,0,0,0,0,0,0,0,0,0,0,0,0,0,0,0,0,0,0,0,0,0,0,0,,0,7/19/2025,0,0,0,0,0,0,0,0,0,0,0,0,0,0,0,0,,,,,,,,,,,4,4, ,0,0,0,0,0,0,X ,41,0,0,Open,GRANTS PASS ,OR,975263027
cif_cust_id_15270,loan_id_1687,Commercial,212967.63,639.08,7.2,5/9/2026,10/9/2045,1710.08,0,0,,branch_id_10,22,M300,Monthly,0,Reg P&I, ,0,190,243750,0,243750,Installment,386.92,1323.16,1323.16,64295.91,4832.44,980.54,234,officer_id_020,10/14/2020,10/9/2020,10/14/2020,11/9/2020,,4/8/2026,154,,213760.71,% of Current Balance,0,FHLB 5_YR,10/9/2030,M060,365/360,4.85,3.84,0.78,0,,10/9/2030,3.36,0,0,4.85,0,0,1,0.05,0,9999999.99,0,0,0,0,0,0,0,0,0,0,0,0,0,0,0,0,0,0,0,0,0,0,0,0,0,,0,12/9/2025,0,0,0,1,0,0,0,0,0,0,0,0,0,0,0,0,,,,,,,,,,,4,4, ,0,0,0,0,38184,0,X ,41,0,0,Open,GRANTS PASS ,OR,975263027
cif_cust_id_15276,loan_id_1688,Commercial,500000,1093.13,7.16,5/9/2026,4/9/2051,3617.38,0,0,,branch_id_05,22,M300,Monthly,0,Reg P&I, ,0,170,500000,0,500000,Installment,0,0,0,0,1093.13,1093.13,300,officer_id_061,4/13/2026,4/9/2026,4/13/2026,5/9/2026,,4/12/2026,154,,516247.13,% of Current Balance,15000,FHLB 5_YR,4/9/2031,M060,365/360,7.16,0,4.06,0,,4/9/2031,3.325,0,0,6.155,0,0,1,0.05,0,9999999.99,0,0,0,0,0,0,0,0,0,0,0,0,0,0,0,0,0,0,0,0,0,0,0,0,0,,0,,0,0,0,0,0,0,0,0,0,0,0,0,0,0,0,0,,,,,,,,,,,4,4, ,3544.16,0,0,0,999999,0,X ,41,0,0,Open,MEDFORD ,OR,975047055
cif_cust_id_15332,loan_id_1692,Commercial,48919.78,354.6,9.25,4/27/2026,1/27/2028,2429.69,0,0,,branch_id_10,10,M036,Monthly,0,Reg P&I, ,0,510,76000,0,76000,Installment,2059.83,369.86,369.86,6935.44,1520.9,289.11,22,officer_id_020,1/29/2025,1/27/2025,1/29/2025,2/27/2025,,3/26/2026,154,,49671.34,No Prepayment Penatly,0,Fixed,, ,365/360,9.25,0,9.25,0,,,0,0,0,0,0,0,1,0.05,0,9999999.99,0,0,0,0,0,0,0,0,0,0,0,0,0,0,0,0,0,0,0,0,0,0,0,0,0,,0,3/27/2026,0,0,0,3,0,2,0,0,0,0,0,0,0,0,0,0,,,,,,,,,,,4,4, ,0,0,0,0,502884,0,X ,41,0,0,Open,GRANTS PASS ,OR,975269786
cif_cust_id_15335,loan_id_1693,Commercial,82259.13,155.94,6.83,5/14/2026,12/14/2040,746.11,0,0,,branch_id_12,22,M240,Monthly,0,Reg P&I, ,0,190,100000,0,100000,Installment,260.82,485.29,485.29,25519.77,1775.46,359.38,176,officer_id_054,1/6/2021,12/14/2020,1/6/2021,1/14/2021,,4/13/2026,154,,83391.66,% of Current Balance,822.59,FHLB 5_YR,12/14/2030,M060,365/360,5.13,3.32,0.75,0,,12/14/2030,3.51,0,0,5.13,0,0,1,0.05,0,9999999.99,0,0,0,0,0,0,0,0,0,0,0,0,0,0,0,0,0,0,0,0,0,0,0,0,0,,0,3/14/2026,0,0,0,2,3,0,0,0,0,0,0,0,0,0,0,0,,,,,,,,,,,4,4, ,0,0,0,0,0,0,C ,41,0,0,Open,KLAMATH FALLS ,OR,976039706
cif_cust_id_15410,loan_id_1698,Commercial,382036.1,1001.36,6.74,5/10/2026,10/10/2034,4930.45,0,0,,Branch Not Assigned,39,M144,Monthly,1,Reg P&I, ,0,510,485962.79,0,485962.79,Installment,2769.13,2161.32,2161.32,103152.21,8193.88,1649.75,102,officer_id_047,10/21/2022,10/10/2022,10/10/2022,11/10/2022,,4/9/2026,0,,383037.46,No Prepayment Penatly,0,Fixed,, ,30/360 Am Sch,6.74,0,6.74,0,,,0,0,0,0,0,0,0,0,0,0,0,0,0,0,0,0,0,0,0,0,0,0,0,0,0,0,0,0,0,0,0,0,0,0,0,,0,1/10/2026,0,0,0,0,0,0,0,0,0,0,0,0,0,0,0,0,,,,,,,,,,,4,4, ,0,0,0,0,578222,0, ,12,0,0,Open,Syracuse ,NY,132041425
Borrower Not Found,loan_id_1691,Commercial,375827.63,1632.76,6.8,5/1/2026,6/1/2048,2801.76,0,0,,branch_id_03,35,M300,Monthly,0,Reg P&I, ,0,160,400000,0,400000,Installment,794.66,2205.34,2205.34,76043.47,8051.12,1632.76,266,officer_id_032,6/2/2023,6/1/2023,6/2/2023,7/1/2023,,3/31/2026,154,,381372.66,% of Current Balance,3758.27,FHLB 5_YR,6/1/2028,M060,365/360,6.8,0,4.29,0,,6/1/2028,3.04,0,0,6.8,0,0,1,0.05,0,9999999.99,0,0,0,0,0,0,0,0,0,0,0,0,0,0,0,0,0,0,0,0,0,0,0,0,0,,0,11/1/2025,0,0,0,1,0,0,0,0,0,0,0,0,0,0,0,0,,,,,,,,,,,4,4, ,2254.56,0,0,0,146080,0,X ,41,0,0,Open,ROGUE RIVER ,OR,975374515
cif_cust_id_15492,loan_id_1712,Commercial,117840.57,513.07,8.25,5/5/2026,6/5/2031,2340.85,0,0,,Branch Not Assigned,39,M096,Monthly,1,Reg P&I, ,0,510,164108.09,0,164108.09,Installment,1520.24,820.61,820.61,33321.38,3119.52,622.51,62,officer_id_047,6/21/2023,6/5/2023,6/5/2023,7/5/2023,,4/4/2026,0,,118353.64,No Prepayment Penatly,0,Fixed,, ,30/360 Am Sch,8.25,0,8.25,0,,,0,0,0,0,0,0,0,0,0,0,0,0,0,0,0,0,0,0,0,0,0,0,0,0,0,0,0,0,0,0,0,0,0,0,0,,0,7/5/2025,0,0,0,0,0,0,0,0,0,0,0,0,0,0,0,0,,,,,,,,,,,4,4, ,0,0,0,0,175772,0, ,37,0,0,Open,Syracuse ,NY,132041425
cif_cust_id_15697,loan_id_1718,Commercial,440580.66,1499.81,6.45,5/5/2026,4/5/2033,6594.03,0,0,,Branch Not Assigned,39,M084,Monthly,1,Reg P&I, ,0,510,444783.97,0,444783.97,Installment,4203.31,2390.72,2390.72,2390.72,3890.53,1818.58,83,officer_id_047,3/17/2026,3/5/2026,3/5/2026,4/5/2026,,4/4/2026,0,,442080.47,No Prepayment Penatly,0,Fixed,, ,30/360 Am Sch,6.45,0,6.45,0,,,0,0,0,0,0,0,0,0,0,0,0,0,0,0,0,0,0,0,0,0,0,0,0,0,0,0,0,0,0,0,0,0,0,0,0,,0,,0,0,0,0,0,0,0,0,0,0,0,0,0,0,0,0,,,,,,,,,,,4,4, ,0,0,0,0,999999,22.46, ,39,0,0,Open,SYRACUSE ,NY,132041425
cif_cust_id_15747,loan_id_1730,Commercial,345460.15,687.31,8.25,5/15/2026,11/15/2026,0,0,0,11/15/2026,branch_id_02,11,M012,Monthly,0,Int Only,Y,12,530,0,450000,350000,Revolving,35000,2434.72,2434.72,102390.31,8589.18,1907.95,7,officer_id_064,1/20/2009,1/16/2009,1/16/2009,1/15/2019,11/15/2025,4/14/2026,187,,346380.48,No Prepayment Penatly,0,WSJ Prime,,0000,365/360,4.25,6.75,3.25,0,,,1.5,0,0,6.25,0,0,1,0.05,0,9999999.99,0,0,0,0,0,0,0,0,0,0,0,0,0,0,0,0,0,0,0,0,0,0,0,0,0,,0,2/15/2026,0,0,0,1,0,1,0,0,0,0,0,0,0,0,0,0,,,,,,,,,,,4,0, ,0,0,0,0,999999,0,X ,41,0,0,Open,LEBANON ,OR,973550828
cif_cust_id_15751,loan_id_1731,Commercial,341815.44,1416.14,7.85,5/5/2026,3/5/2032,6034.01,0,0,,Branch Not Assigned,39,M084,Monthly,1,Reg P&I, ,0,510,389000.16,0,389000.16,Installment,3773.28,2260.73,2260.73,31257.41,8582.92,1717.59,71,officer_id_047,3/31/2025,3/5/2025,3/5/2025,4/5/2025,,4/4/2026,0,,343231.58,No Prepayment Penatly,0,Fixed,, ,30/360 Am Sch,7.85,0,7.85,0,,,0,0,0,0,0,0,0,0,0,0,0,0,0,0,0,0,0,0,0,0,0,0,0,0,0,0,0,0,0,0,0,0,0,0,0,,0,7/5/2025,0,0,0,0,0,0,0,0,0,0,0,0,0,0,0,0,,,,,,,,,,,4,4, ,0,0,0,0,999999,0, ,26,0,0,Open,SYRACUSE ,NY,132041425
cif_cust_id_15968,loan_id_1741,Commercial,288829.16,254.61,8.1,5/20/2026,1/20/2037,3360.52,0,0,,Branch Not Assigned,39,M144,Monthly,1,Reg P&I, ,0,510,308887.45,0,308887.45,Installment,1401.46,1959.06,1959.06,30349.51,7423.71,1500.68,129,officer_id_047,1/31/2025,1/20/2025,1/20/2025,2/20/2025,,4/19/2026,0,,289083.77,No Prepayment Penatly,0,Fixed,, ,30/360 Am Sch,8.1,0,8.1,0,,,0,0,0,0,0,0,0,0,0,0,0,0,0,0,0,0,0,0,0,0,0,0,0,0,0,0,0,0,0,0,0,0,0,0,0,,0,12/20/2025,0,0,0,0,0,0,0,0,0,0,0,0,0,0,0,0,,,,,,,,,,,4,4, ,0,0,0,0,999999,0, ,51,0,0,Open,SYRACUSE ,NY,132041425
cif_cust_id_08386,loan_id_1748,Commercial,170610.58,742.84,7.46,5/3/2026,12/13/2046,1363.6,0,0,,branch_id_03,22,M300,Monthly,0,Reg P&I, ,0,170,189000,0,189000,Installment,265.32,1098.28,1098.28,41549.03,4008.77,813.7,248,officer_id_032,12/13/2021,12/3/2021,12/13/2021,1/3/2022,,4/2/2026,308,,171661.42,% of Current Balance,0,FHLB 3_YR,12/3/2027,M036,365/360,4.4,4.44,1.1,0,,12/3/2027,3.26,0,0,4.4,0,0,1,0.05,0,9999999.99,0,0,0,0,0,0,0,0,0,0,0,0,0,0,0,0,0,0,0,0,0,0,0,0,0,,0,1/3/2025,0,0,0,0,0,0,0,0,0,0,0,0,0,0,0,0,,,,,,,,,,,4,4, ,0,0,0,0,77633,0,X500 ,41,0,0,Open,ASHLAND ,OR,975202821
cif_cust_id_16127,loan_id_1761,Commercial,13980279.22,69800.68,7.75,5/1/2026,7/1/2053,0,0,0,,Branch Not Assigned,20,M348,Monthly,0,Int Only, ,0,110,0,14100000,14100000,Non _ Revolving,0,83596.46,83596.46,526386.8,294806.16,69221.79,336,officer_id_063,8/5/2024,7/1/2024,8/5/2024,8/1/2024,3/6/2026,3/31/2026,308,,14050387.9,% of Current Balance,0,WSJ Prime,,0000,365/360,9.5,6.75,8.5,0,,,1,0,0,6.25,0,0,1,0.05,0,9999999.99,0,0,0,0,0,0,0,0,0,0,0,0,0,0,0,0,0,0,0,0,0,0,0,0,0,,0,,0,0,0,0,0,0,0,0,0,0,0,0,0,0,0,0,,,,,,,,,,,4,4, ,159703.12,0,0,0,0,0,X ,41,0,0,Open,SPRINGFIELD ,OR,974771192
cif_cust_id_16154,loan_id_1763,Commercial,239849.32,198.72,7.45,5/20/2026,2/20/2045,1995.5,0,0,,branch_id_10,22,M300,Monthly,0,Reg P&I,N,0,190,278250,0,278250,Installment,452.9,1542.6,1542.6,88583.65,5638.07,1143.95,226,officer_id_020,2/21/2020,2/20/2020,2/21/2020,3/20/2020,,4/19/2026,154,,240401.6,% of Current Balance,0,FHLB 5_YR,2/20/2030,M060,365/360,5.04,4.45,1.78,0,,2/20/2030,3,0,0,5.04,0,0,1,0.05,0,9999999.99,0,0,0,0,0,0,0,0,0,0,0,0,0,0,0,0,0,0,0,0,0,0,0,0,0,,0,3/20/2026,0,0,0,1,0,2,0,0,0,0,0,0,0,0,0,0,,,,,,,,,,,4,4, ,0,0,0,0,63304,0,X ,41,0,0,Open,GRANTS PASS ,OR,975263343
cif_cust_id_16189,loan_id_1767,Commercial,63069.02,21.66,6.18,5/22/2026,12/22/2027,3338.32,0,0,,branch_id_05,10,M060,Monthly,0,Reg P&I, ,0,520,171562,0,171562,Installment,2986.28,352.04,352.04,25039.82,1359.62,259.79,20,officer_id_040,12/27/2022,12/22/2022,12/27/2022,1/22/2023,,4/21/2026,0,,63090.68,No Prepayment Penatly,0,Fixed,, ,365/360,6.18,0,6.18,0,,,0,0,0,0,0,0,1,0.05,0,9999999.99,0,0,0,0,0,0,0,0,0,0,0,0,0,0,0,0,0,0,0,0,0,0,0,0,0,,0,11/22/2025,0,0,0,0,0,0,0,0,0,0,0,0,0,0,0,0,,,,,,,,,,,4,4, ,68.05,0,0,0,999999,0, ,41,0,0,Open,WHITE CITY ,OR,975033005
cif_cust_id_16189,loan_id_1768,Commercial,104172.1,666.72,7.95,4/26/2026,6/26/2029,3045.78,0,0,,branch_id_05,10,M060,Monthly,0,Reg P&I, ,0,520,150000,0,150000,Installment,0,0,0,18133.48,2683.2,528.78,39,officer_id_040,6/26/2024,6/26/2024,6/26/2024,7/26/2024,,3/25/2026,0,,104838.82,No Prepayment Penatly,0,Fixed,, ,365/360,7.95,0,7.95,0,,,0,0,0,0,0,0,1,0.05,0,9999999.99,0,0,0,0,0,0,0,0,0,0,0,0,0,0,0,0,0,0,0,0,0,0,0,0,0,,0,7/26/2025,0,0,0,0,0,0,0,0,0,0,0,0,0,0,0,0,,,,,,,,,,,4,4, ,0,0,0,0,568794,0, ,41,0,0,Open,WHITE CITY ,OR,975033005
cif_cust_id_16203,loan_id_1771,Commercial,30369.92,0,0,5/1/2026,2/17/2047,186.62,0,0,,branch_id_10,10,M300,Monthly,1,Reg P&I, ,0,510,36298.81,0,36298.81,Installment,121,0,0,0,0,0,250,officer_id_020,2/18/2022,2/17/2022,2/18/2022,4/1/2022,,,0,,30369.92,No Prepayment Penatly,0,Fixed,, ,30/360 Curr Bal,3.75,0,3.75,0,,,0,0,0,0,0,0,0,0,0,0,0,0,0,0,0,0,0,0,0,0,0,0,0,0,0,0,0,0,0,0,0,0,0,0,0,,0,4/1/2026,0,0,0,0,6,6,0,0,0,0,0,0,0,0,0,0,,,,,,,,,,,4,4,A,0,0,0,0,999999,0, ,02,0,0,Open,ENTERPRISE ,OR,978281331
cif_cust_id_16405,loan_id_1791,Commercial,154374.97,635.66,6.74,5/2/2026,8/2/2043,2436.33,0,0,,branch_id_05,35,M312,Monthly,0,Reg P&I, ,0,160,563010.95,0,563010.95,Installment,9051.77,948.23,948.23,167747.03,3589.81,666.25,208,officer_id_061,8/2/2017,8/2/2017,8/2/2017,9/2/2017,8/2/2017,4/1/2026,154,,155164.63,% of Current Balance,0,FHLB 7_YR,8/2/2031,M084,365/360,4.94,4.35,2.55,0,,8/2/2031,2.39,0,0,4.94,0,0,1,0.05,0,9999999.99,0,0,0,0,0,0,0,0,0,0,0,0,0,0,0,0,0,0,0,0,0,0,0,0,0,,0,2/2/2026,0,0,0,1,0,0,0,0,0,0,0,0,0,0,0,0,,,,,,,,,,,4,4, ,5591.65,0,0,0,37950,0,X ,41,0,0,Open,CENTRAL POINT ,OR,975020035
cif_cust_id_16441,loan_id_1792,Commercial,22517.87,55.54,5.55,5/8/2026,4/6/2027,1934.21,0,0,,branch_id_02,10,M060,Monthly,0,Reg P&I, ,0,510,100935,0,100935,Installment,1817.9,116.31,116.31,14424.95,450.48,81.8,12,officer_id_064,4/8/2022,4/6/2022,4/8/2022,5/8/2022,,4/7/2026,30,,22603.41,No Prepayment Penatly,0,Fixed,, ,365/360,5.55,0,5.55,0,,,0,0,0,0,0,0,1,0.05,0,9999999.99,0,0,0,0,0,0,0,0,0,0,0,0,0,0,0,0,0,0,0,0,0,0,0,0,0,,0,11/8/2025,0,0,0,0,0,0,0,0,0,0,0,0,0,0,0,0,,,,,,,,,,,4,4, ,0,0,0,0,999999,0, ,41,0,0,Open,SALEM ,OR,973090644
cif_cust_id_16441,loan_id_1795,Commercial,0,0,8.25,4/5/2026,4/5/2026,0,0,0,4/5/2026,branch_id_02,11,M013,Monthly,0,Int Only,Y,13,530,0,175000,175000,Revolving,0,0,0,8226.48,0,0,12,officer_id_064,4/7/2016,4/6/2016,4/7/2016,4/5/2017,4/3/2025,,33,,33,No Prepayment Penatly,0,WSJ Prime,,0000,365/360,5,6.75,3.5,0,,,1.5,0,0,6.25,0,0,1,0.05,0,9999999.99,0,0,0,0,0,0,0,0,0,0,0,0,0,0,0,0,0,0,0,0,0,0,0,0,0,,12.5,3/5/2025,0,0,0,0,1,0,1,0,0,0,0,0,0,0,0,0,,,,,,,,,,,4,4+, ,0,0,0,0,999999,0, ,41,0,0,Open,SALEM ,OR,973090644
cif_cust_id_16448,loan_id_1797,Commercial,604886.55,2240.6,6.35,5/3/2026,12/3/2055,3818.29,0,0,,branch_id_05,35,M360,Monthly,0,Reg P&I, ,0,160,607750,0,607750,Installment,507.96,3310.33,3310.33,12409.71,12077.51,2454.17,356,officer_id_040,12/8/2025,12/3/2025,12/8/2025,1/3/2026,,4/2/2026,154,,625427.74,% of Current Balance,18146.59,FHLB 3_YR,12/3/2028,M036,365/360,6.35,0,3.64,0,,12/3/2028,3.05,2,2,5.35,11.35,0,1,0.05,0,9999999.99,0,0,0,0,0,0,0,0,0,0,0,0,0,0,0,0,0,0,0,0,0,0,0,0,0,,0,1/3/2026,0,0,0,0,0,0,0,0,0,0,0,0,0,0,0,0,,,,,,,,,,,4,4, ,2213.92,0,0,0,999999,0,X ,41,0,0,Open,MEDFORD ,OR,975010302
cif_cust_id_16448,loan_id_1798,Commercial,2092995.71,349.13,6.01,5/23/2026,3/23/2056,12695.27,0,0,,branch_id_05,22,M360,Monthly,0,Reg P&I, ,0,190,2096250,0,2096250,Installment,3254.29,9440.98,9440.98,9440.98,9790.11,8041.78,359,officer_id_040,3/27/2026,3/24/2026,3/27/2026,4/23/2026,,4/22/2026,308,,2156442.71,% of Current Balance,62789.87,FHLB 3_YR,3/23/2029,M036,365/360,6.01,0,4.01,0,,3/23/2029,2.475,2,2,5.005,0,0,1,0.05,0,9999999.99,0,0,0,0,0,0,0,0,0,0,0,0,0,0,0,0,0,0,0,0,0,0,0,0,0,,0,,0,0,0,0,0,0,0,0,0,0,0,0,0,0,0,0,,,,,,,,,,,4,4, ,6627.19,0,0,0,999999,0,X ,41,0,0,Open,MEDFORD ,OR,975010302
cif_cust_id_16457,loan_id_1799,Commercial,719546.25,504.39,5.05,5/19/2026,7/19/2047,4636.69,0,0,,branch_id_03,22,M300,Monthly,0,Reg P&I, ,0,170,783775,0,783775,Installment,1504.48,3132.21,3132.21,144422.3,11450.64,2323.24,255,officer_id_032,7/21/2022,7/19/2022,7/21/2022,8/19/2022,,4/18/2026,154,,727400.1,% of Current Balance,7195.46,FHLB 5_YR,7/19/2027,M060,365/360,5.05,0,3.33,0,,7/19/2027,2.525,0,0,5.045,0,0,1,0.05,0,9999999.99,0,0,0,0,0,0,0,0,0,0,0,0,0,0,0,0,0,0,0,0,0,0,0,0,0,,0,1/19/2025,0,0,0,0,0,0,0,0,0,0,0,0,0,0,0,0,,,,,,,,,,,4,4, ,3205.14,0,0,0,121866,0,X ,41,0,0,Open,ASHLAND ,OR,975201174
cif_cust_id_16540,loan_id_1809,Commercial,410770.04,626.35,6.87,5/16/2026,12/16/2044,3283.08,0,0,,branch_id_05,22,M300,Monthly,0,Reg P&I, ,0,170,487500,0,487500,Installment,850.3,2432.78,2432.78,141086.32,8892.6,1804.1,224,officer_id_069,12/18/2019,12/16/2019,12/18/2019,1/16/2020,3/15/2020,4/15/2026,154,,411576.85,% of Current Balance,0,FHLB 5_YR,12/16/2029,M060,365/360,4.59,4.2,2,0,,12/16/2029,2.672,0,0,4.402,0,0,1,0.05,0,9999999.99,0,0,0,0,0,0,0,0,0,0,0,0,0,0,0,0,0,0,0,0,0,0,0,0,0,,0,1/16/2025,0,0,0,0,0,0,0,0,0,0,0,0,0,0,0,0,,,,,,,,,,,4,4, ,0,0,0,0,0,0,X ,41,0,0,Open,MEDFORD ,OR,975010109
cif_cust_id_16601,loan_id_1814,Commercial,219733.74,425.69,7.75,5/15/2026,3/15/2033,3428.38,0,0,,Branch Not Assigned,39,M120,Monthly,1,Reg P&I, ,0,510,285673.02,0,285673.02,Installment,1996.37,1432.01,1432.01,60910.78,5446.19,1094,83,officer_id_047,3/22/2023,3/15/2023,3/15/2023,4/15/2023,,4/14/2026,0,,220159.43,No Prepayment Penatly,0,Fixed,, ,30/360 Am Sch,7.75,0,7.75,0,,,0,0,0,0,0,0,0,0,0,0,0,0,0,0,0,0,0,0,0,0,0,0,0,0,0,0,0,0,0,0,0,0,0,0,0,,0,2/15/2026,0,0,0,0,0,0,0,0,0,0,0,0,0,0,0,0,,,,,,,,,,,4,4, ,0,0,0,0,213051,0, ,06,0,0,Open,Syracuse ,NY,132041425
cif_cust_id_16610,loan_id_1816,Commercial,212473.11,333.37,4.35,5/11/2026,5/11/2047,1291.4,0,0,,branch_id_05,22,M300,Monthly,0,Reg P&I, ,0,190,234500,0,234500,Installment,494.57,796.83,796.83,38668.91,2911.55,590.41,253,officer_id_069,5/12/2022,5/11/2022,5/12/2022,6/11/2022,,4/10/2026,154,,215085.21,% of Current Balance,2124.73,FHLB 5_YR,5/11/2027,M060,365/360,4.35,0,3.23,0,,5/11/2027,2.813,0,0,4.345,0,0,1,0.05,0,9999999.99,0,0,0,0,0,0,0,0,0,0,0,0,0,0,0,0,0,0,0,0,0,0,0,0,0,,0,4/11/2026,0,0,0,0,0,0,0,0,0,0,0,0,0,0,0,0,,,,,,,,,,,4,4, ,0,0,0,0,33652,0,X ,41,0,0,Open,MEDFORD ,OR,975049185
cif_cust_id_16610,loan_id_1817,Commercial,300219.36,722.14,6.66,5/11/2026,5/11/2047,2229.02,0,0,,branch_id_05,28,M300,Monthly,0,Reg P&I, ,0,140,330000,0,330000,Installment,504.12,1724.9,1724.9,58438.06,6299.57,1278.56,253,officer_id_069,5/12/2022,5/11/2022,5/12/2022,6/11/2022,4/26/2023,4/10/2026,308,,301249.5,No Prepayment Penatly,0,FHLB 3_YR,5/11/2028,M036,365/360,4.09,3.88,3.09,0,,5/11/2028,2.78,0,0,4.09,0,0,1,0.05,0,9999999.99,0,0,0,0,0,0,0,0,0,0,0,0,0,0,0,0,0,0,0,0,0,0,0,0,0,,0,4/11/2026,0,0,0,0,0,0,0,0,0,0,0,0,0,0,0,0,,,,,,,,,,,4,4, ,0,0,0,0,33652,0,X ,41,0,0,Open,MEDFORD ,OR,975049185
cif_cust_id_16622,loan_id_1821,Commercial,152339.06,382.11,6.45,5/10/2026,4/10/2033,2280.01,0,0,,Branch Not Assigned,39,M084,Monthly,1,Reg P&I, ,0,510,153792.43,0,153792.43,Installment,1453.37,826.64,826.64,826.64,1208.75,630.11,83,officer_id_047,3/18/2026,3/10/2026,3/10/2026,4/10/2026,,4/9/2026,0,,152721.17,No Prepayment Penatly,0,Fixed,, ,30/360 Am Sch,6.45,0,6.45,0,,,0,0,0,0,0,0,0,0,0,0,0,0,0,0,0,0,0,0,0,0,0,0,0,0,0,0,0,0,0,0,0,0,0,0,0,,0,,0,0,0,0,0,0,0,0,0,0,0,0,0,0,0,0,,,,,,,,,,,4,4, ,0,0,0,0,999999,21.71, ,06,0,0,Open,SYRACUSE ,NY,132041425
cif_cust_id_13221,loan_id_1829,Commercial,109226.57,446.76,7.75,5/5/2026,2/5/2035,1426.28,0,0,,Branch Not Assigned,39,M143,Monthly,1,Reg P&I, ,0,510,132883.42,0,132883.42,Installment,716.23,710.05,710.05,29115.51,2687.17,541.44,106,officer_id_047,3/22/2023,3/5/2023,3/5/2023,4/5/2023,,4/4/2026,0,,109673.33,No Prepayment Penatly,0,Fixed,, ,30/360 Am Sch,7.75,0,7.75,0,,,0,0,0,0,0,0,0,0,0,0,0,0,0,0,0,0,0,0,0,0,0,0,0,0,0,0,0,0,0,0,0,0,0,0,0,,0,7/5/2025,0,0,0,0,0,0,0,0,0,0,0,0,0,0,0,0,,,,,,,,,,,4,4, ,0,0,0,0,86845,0, ,06,0,0,Open,Syracuse ,NY,132041425
cif_cust_id_09251,loan_id_1846,Commercial,100,_226.42,7.25,5/31/2026,12/31/2027,0,0,0,12/31/2027,branch_id_03,11,M024,Monthly,0,Int Only,Y,24,530,0,250000,250000,Revolving,126250,404.52,404.52,404.52,177.84,153.36,23,officer_id_032,12/31/2025,12/31/2025,12/31/2025,1/31/2026,,,0,,_126.42,No Prepayment Penatly,0,WSJ Prime,,0000,365/360,7.25,0,6.75,0,,,0.5,0,0,0,0,0,1,0.05,0,9999999.99,0,0,0,0,0,0,0,0,0,0,0,0,0,0,0,0,0,0,0,0,0,0,0,0,0,,0,,0,0,0,0,0,0,0,0,0,0,0,0,0,0,0,0,,,,,,,,,,,4,4, ,0,0,0,0,301519,0, ,41,0,0,Open,MEDFORD ,OR,975048647
cif_cust_id_00821,loan_id_1851,Commercial,319423.55,2245.42,4.75,3/1/2027,3/1/2042,35659.01,0,0,3/1/2042,branch_id_09,18,M360,Annually,0,Reg P&I,Y,20,120,569050,0,569050,Installment,0,0,0,69940.34,4880.04,968.34,16,officer_id_070,7/6/2022,7/6/2022,7/6/2022,3/1/2023,,3/1/2026,154,,325017.2,% of Current Balance,3194.23,FHLB 5_YR,2/1/2028,M060,365/360,4.75,0,3.74,0,,2/1/2028,3.263,0,0,4.745,0,0,1,0.05,0,9999999.99,0,0,0,0,0,0,0,0,0,0,0,0,0,0,0,0,0,0,0,0,0,0,0,0,0,,0,,0,0,0,0,0,0,0,0,0,0,0,0,0,0,0,0,,,,,,,,,,,4,4, ,1970.38,0,0,0,571945,0,X ,41,0,0,Open,STAYTON ,OR,973832141
cif_cust_id_16879,loan_id_1852,Commercial,0,0,7.75,5/25/2026,9/25/2026,0,0,0,9/25/2025,branch_id_03,47,M012,Monthly,0,Int Only,Y,12,170,0,100000,100000,Revolving,0,0,0,28198.84,0,0,12,officer_id_032,5/25/2018,5/25/2018,5/25/2018,6/25/2019,9/22/2025,,154,,154,No Prepayment Penatly,0,WSJ Prime,,0000,365/360,5.75,6.75,4.75,0,,,1,0,0,5.75,0,0,1,0.05,0,9999999.99,0,0,0,0,0,0,0,0,0,0,0,0,0,0,0,0,0,0,0,0,0,0,0,0,0,,0,2/25/2025,0,0,0,1,0,0,0,0,0,0,0,0,0,0,0,0,,,,,,,,,,,4,5, ,0,0,0,0,999999,0,X ,41,0,0,Open,ASHLAND ,OR,975201312
cif_cust_id_11972,loan_id_1857,Commercial,127310.84,81.32,5.75,5/20/2026,8/20/2034,1605.38,0,0,,Branch Not Assigned,39,M144,Monthly,1,Reg P&I, ,0,510,166712.73,0,166712.73,Installment,990.6,614.78,614.78,31234.83,2338.12,470.7,100,officer_id_047,9/6/2022,8/20/2022,8/20/2022,9/20/2022,,4/19/2026,0,,127392.16,No Prepayment Penatly,0,Fixed,, ,30/360 Am Sch,5.75,0,5.75,0,,,0,0,0,0,0,0,0,0,0,0,0,0,0,0,0,0,0,0,0,0,0,0,0,0,0,0,0,0,0,0,0,0,0,0,0,,0,12/20/2025,0,0,0,0,0,0,0,0,0,0,0,0,0,0,0,0,,,,,,,,,,,4,4, ,0,0,0,0,197298,0, ,09,0,0,Open,Syracuse ,NY,132041425
cif_cust_id_17054,loan_id_1872,Commercial,470238.67,_5.44,6.6,5/24/2026,6/24/2045,3627.81,0,0,,branch_id_05,35,M300,Monthly,0,Reg P&I, ,0,160,545000,0,545000,Installment,0,0,0,146302.85,9767.52,1981.94,230,officer_id_040,6/29/2020,6/24/2020,6/29/2020,7/24/2020,,4/23/2026,154,,470387.23,% of Current Balance,0,FHLB 5_YR,6/24/2030,M060,365/360,4.62,4.02,0.83,0,,6/24/2030,2.58,0,0,4.62,0,0,1,0.05,0,9999999.99,0,0,0,0,0,0,0,0,0,0,0,0,0,0,0,0,0,0,0,0,0,0,0,0,0,,0,,0,0,0,0,0,0,0,0,0,0,0,0,0,0,0,0,,,,,,,,,,,4,4, ,0,0,0,0,646516,0,X500 ,41,0,0,Open,MEDFORD ,OR,975010027
cif_cust_id_17207,loan_id_1877,Commercial,139699.61,236.09,6.76,5/15/2026,9/15/2028,5407.11,0,0,,Branch Not Assigned,39,M030,Monthly,1,Reg P&I, ,0,510,148862.38,0,148862.38,Installment,4594.25,812.86,812.86,1651.45,1887.54,615.43,28,officer_id_047,3/6/2026,2/15/2026,2/15/2026,3/15/2026,,4/14/2026,0,,139935.7,No Prepayment Penatly,0,Fixed,, ,30/360 Am Sch,6.76,0,6.76,0,,,0,0,0,0,0,0,0,0,0,0,0,0,0,0,0,0,0,0,0,0,0,0,0,0,0,0,0,0,0,0,0,0,0,0,0,,0,,0,0,0,0,0,0,0,0,0,0,0,0,0,0,0,0,,,,,,,,,,,4,4, ,0,0,0,0,825621,0, ,04,0,0,Open,SYRACUSE ,NY,132041425
cif_cust_id_09514,loan_id_1891,Commercial,428519.33,11703.45,10.78,6/8/2026,5/8/2044,3570.3,0,0,5/8/2044,branch_id_05,22,M303,Monthly,0,Reg P&I,Y,300,190,0,0,549000,Installment,0,3570.3,3570.3,219748.78,14502.6,2951.85,216,officer_id_069,5/9/2019,5/8/2019,5/9/2019,6/8/2019,,1/22/2026,154,,440555.3,% of Current Balance,0,FHLB 5_YR,5/8/2029,M060,365/360,6.1,4.57,0,0,,5/8/2029,6.212,0,0,6.1,0,0,1,0.05,0,9999999.99,0,0,0,0,0,0,0,0,0,0,0,0,0,0,0,0,0,0,0,0,0,0,0,0,7532.06,,0,4/8/2025,0,0,0,0,1,0,0,0,0,0,0,0,0,0,0,0,,,,,,,,,,,4,4, ,1038.12,0,0,0,145319,0,X ,41,0,0,Open,ROSEVILLE ,CA,956781525
cif_cust_id_05886,loan_id_1893,Commercial,1452003.99,6367.55,5.25,5/10/2026,3/10/2030,12410.76,0,0,,Branch Not Assigned,18,M126,Monthly,0,Reg P&I, ,0,120,1801719.27,0,1801719.27,Installment,6444.47,5966.29,5966.29,563798.11,24119.49,4878.72,47,officer_id_063,9/10/2019,9/10/2019,9/10/2019,10/10/2019,,3/24/2026,154,,1459146.08,% of Current Balance,0,Fixed,, ,365/360,0,0,0,0,,,0,0,0,0,0,0,50,0.05,10,9999999.99,0,0,0,0,0,0,0,0,0,0,0,0,0,0,0,0,0,0,0,0,0,0,0,0,0,,0,1/10/2026,0,0,0,0,9,0,0,0,0,0,0,0,0,0,0,0,,,,,,,,,,,4,0, ,1346.65,0,0,0,0,0, ,41,0,0,Open,BROWNSVILLE ,OR,973279787
cif_cust_id_07913,loan_id_1898,Commercial,246142.37,949.24,6.94,5/4/2026,12/4/2050,1754.99,0,0,,branch_id_02,46,M300,Monthly,0,Reg P&I, ,0,170,247400,0,247400,Installment,281.85,1473.14,1473.14,5762.33,5376.17,1091.75,296,officer_id_064,12/4/2025,12/4/2025,12/4/2025,1/4/2026,,4/3/2026,154,,247245.61,No Prepayment Penatly,0,FHLB 5_YR,12/4/2030,M060,365/360,6.94,0,3.77,0,,12/4/2030,3.325,0,0,5.94,0,0,1,0.05,0,9999999.99,0,0,0,0,0,0,0,0,0,0,0,0,0,0,0,87.75,0,0,0,0,0,0,0,0,0,,87.75,4/4/2026,87.75,0,0,1,0,1,0,0,0,0,0,0,0,0,0,0,,,,,,,,,,,4,4, ,0,0,0,0,999999,0,X ,41,0,0,Open,INDEPENDENCE ,OR,973511323
cif_cust_id_00778,loan_id_1901,Commercial,198963.96,106.78,7.67,5/20/2026,4/20/2030,4826.53,0,0,,Branch Not Assigned,39,M084,Monthly,1,Reg P&I, ,0,510,312957.6,0,312957.6,Installment,3532.24,1294.29,1294.29,59761.44,4981.65,989.27,48,officer_id_047,5/5/2023,4/20/2023,4/20/2023,5/20/2023,,4/20/2026,0,,199070.74,No Prepayment Penatly,0,Fixed,, ,30/360 Am Sch,7.67,0,7.67,0,,,0,0,0,0,0,0,0,0,0,0,0,0,0,0,0,0,0,0,0,0,0,0,0,0,0,0,0,0,0,0,0,0,0,0,0,,0,12/20/2025,0,0,0,0,0,0,0,0,0,0,0,0,0,0,0,0,,,,,,,,,,,4,4, ,0,0,0,0,279269,0, ,17,0,0,Open,Syracuse ,NY,132041425
cif_cust_id_17432,loan_id_1903,Commercial,2999110.56,13596.64,7.1,5/1/2026,7/1/2049,22194.04,0,0,,branch_id_02,22,M300,Monthly,0,Reg P&I, ,0,170,3080000,0,3080000,Installment,3844.65,18349.39,18349.39,385185.4,66957.21,13596.64,279,officer_id_064,6/28/2024,6/24/2024,6/28/2024,8/1/2024,,3/31/2026,154,,3072843.41,% of Current Balance,59982.21,FHLB 5_YR,7/1/2029,M060,365/360,7.1,0,4.37,0,,7/1/2029,2.725,0,0,6.096,0,0,1,0.05,0,9999999.99,0,0,0,0,0,0,0,0,0,0,0,0,0,0,0,0,0,0,0,0,0,0,0,0,0,,0,11/1/2025,0,0,0,0,0,0,0,0,0,0,0,0,0,0,0,0,,,,,,,,,,,4,4, ,24990.87,0,0,0,999999,0,X ,41,0,0,Open,TANGENT ,OR,973899799
cif_cust_id_07483,loan_id_1904,Commercial,104377.43,408.87,6.41,5/2/2026,4/2/2038,1045.87,0,0,,Branch Not Assigned,22,M300,Monthly,0,Reg P&I, ,0,190,160000,0,160000,Installment,467.16,578.71,578.71,100531.55,2115.95,427.54,144,officer_id_011,4/2/2013,4/2/2013,4/2/2013,5/2/2013,10/5/2022,4/1/2026,154,,104940.3,No Prepayment Penatly,0,5_Yr Treasury,4/2/2028,M060,365/360,5.37,3.41,2.37,0,,4/2/2028,3,0,0,5.37,7.5,0,1,0.05,0,9999999.99,0,0,0,0,0,0,0,0,0,0,0,0,0,0,0,0,0,0,0,0,0,0,0,0,0,,0,8/2/2025,0,0,0,0,0,0,0,0,0,0,0,0,0,0,0,0,,,,,,,,,,,4,4, ,0,0,0,0,186967,0,X ,41,0,0,Open,PULLMAN ,WA,991632766
cif_cust_id_09605,loan_id_1919,Commercial,104084.52,272.77,6.74,5/10/2026,10/10/2032,1651.68,0,0,,Branch Not Assigned,39,M120,Monthly,1,Reg P&I, ,0,510,143908.52,0,143908.52,Installment,1061.11,590.57,590.57,29546.56,2244.75,449.99,78,officer_id_047,11/4/2022,10/10/2022,10/10/2022,11/10/2022,,4/9/2026,0,,104357.29,No Prepayment Penatly,0,Fixed,, ,30/360 Am Sch,6.74,0,6.74,0,,,0,0,0,0,0,0,0,0,0,0,0,0,0,0,0,0,0,0,0,0,0,0,0,0,0,0,0,0,0,0,0,0,0,0,0,,0,1/10/2026,0,0,0,0,0,0,0,0,0,0,0,0,0,0,0,0,,,,,,,,,,,4,4, ,0,0,0,0,211926,0, ,53,0,0,Open,Syracuse ,NY,132041425
cif_cust_id_15259,loan_id_1925,Commercial,439317.47,556.01,5.49,5/14/2026,9/14/2032,6585.73,0,0,9/14/2032,branch_id_05,24,M198,Monthly,0,Reg P&I,Y,147,190,843733.83,0,843733.83,Installment,4487.64,2098.09,2098.09,362863.76,7729.56,1549.8,77,officer_id_069,6/14/2016,6/14/2016,6/14/2016,7/14/2016,6/14/2016,4/15/2026,154,,444420.65,% of Current Balance,4393.17,Fixed,, ,365/360,0,0,0,0,,,0,0,0,0,0,0,1,0.05,0,9999999.99,0,0,0,0,0,0,0,0,0,0,0,0,0,0,0,0,0,0,0,0,0,0,0,0,0,,0,3/14/2026,0,0,0,0,0,0,0,0,0,0,0,0,0,0,0,0,,,,,,,,,,,4,4, ,0,0,0,0,0,0,X500* ,41,0,0,Open,MEDFORD ,OR,975010152
cif_cust_id_17493,loan_id_1985,Commercial,302660.17,734.45,4.16,5/3/2026,11/3/2046,2009,0,0,,branch_id_05,28,M300,Monthly,0,Reg P&I,N,0,140,372000,0,372000,Installment,921.5,1087.5,1087.5,61448.17,3972.77,804.61,247,officer_id_040,11/8/2021,11/3/2021,11/8/2021,12/3/2021,,4/2/2026,154,,306575.22,% of Current Balance,3026.6,FHLB 5_YR,11/3/2026,M060,365/360,4.16,0,1.49,0,,11/3/2026,2.8,0,0,4.16,0,0,1,0.05,0,9999999.99,0,0,0,0,0,0,0,0,0,0,0,0,0,0,0,0,0,0,0,0,0,0,0,0,0,,0,1/3/2026,0,0,0,0,0,0,0,0,0,0,0,0,0,0,0,0,,,,,,,,,,,4,4, ,726.48,0,0,0,37200,0,X ,41,0,0,Open,CENTRAL POINT ,OR,975029341
cif_cust_id_17493,loan_id_1986,Commercial,288038.02,1225.6,6.66,5/1/2026,11/1/2047,2212.17,0,0,,branch_id_05,28,M300,Monthly,0,Reg P&I, ,0,140,320000,0,320000,Installment,557.08,1655.09,1655.09,69251.8,6041.65,1225.6,259,officer_id_040,11/2/2022,11/1/2022,11/2/2022,12/1/2022,,3/31/2026,154,,289417.62,No Prepayment Penatly,0,FHLB 5_YR,11/1/2027,M060,365/360,6.66,0,6.66,0,,11/1/2027,2,0,0,6.66,0,0,1,0.05,0,9999999.99,0,0,0,0,0,0,0,0,0,0,0,0,0,0,0,0,0,0,0,0,0,0,0,0,0,,0,11/1/2025,0,0,0,0,0,0,0,0,0,0,0,0,0,0,0,0,,,,,,,,,,,4,4, ,0,0,0,0,39600,0,X ,41,0,0,Open,CENTRAL POINT ,OR,975029341
cif_cust_id_17493,loan_id_1988,Commercial,368437,483.58,6.75,5/17/2026,10/17/2030,0,0,0,10/17/2030,branch_id_05,11,M060,Monthly,0,Int Only,Y,60,530,0,1000000,1000000,Revolving,0,2085.28,2085.28,5949.54,6103.76,1588.89,54,officer_id_040,10/23/2025,10/17/2025,10/23/2025,11/17/2025,,4/16/2026,154,,369074.58,No Prepayment Penatly,0,WSJ Prime,,0000,365/360,7.25,6.75,7.25,0,,,0,0,0,6.25,0,0,1,0.05,0,9999999.99,0,0,0,0,0,0,0,0,0,0,0,0,0,0,0,0,0,0,0,0,0,0,0,0,0,,0,,0,0,0,0,0,0,0,0,0,0,0,0,0,0,0,0,,,,,,,,,,,4,4, ,10009.36,0,0,0,999999,0,X ,41,0,0,Open,CENTRAL POINT ,OR,975029341
cif_cust_id_17555,loan_id_1994,Commercial,305429.3,1775.31,6.75,4/14/2026,12/14/2047,2249.33,0,0,,branch_id_10,16,M300,Monthly,0,Reg P&I, ,0,170,320000,0,320000,Installment,0,0,0,82076.37,6487.86,1317.17,261,officer_id_020,12/16/2022,12/14/2022,12/16/2022,1/14/2023,,3/23/2026,308,,307512.61,No Prepayment Penatly,0,WSJ Prime,12/14/2026,M012,365/360,8.5,6.75,7,0,,12/14/2026,0,0,0,6.25,9.25,0,1,0.05,0,9999999.99,0,0,0,0,0,0,0,0,0,0,0,0,0,0,0,0,0,0,0,0,0,0,0,0,0,,0,4/14/2026,0,0,2249.33,3,1,0,0,0,0,0,0,0,0,0,0,0,,,,,,,,,,,4,4, ,0,0,0,0,175850,0,X ,41,50,0,Open,GRANTS PASS ,OR,975279189
cif_cust_id_17555,loan_id_1995,Commercial,183854.16,1288.23,8.25,4/14/2026,12/14/2032,2963.13,0,0,,branch_id_10,13,M120,Monthly,0,Reg P&I, ,0,510,240000,0,240000,Installment,0,0,0,60614.31,4758.76,955.79,81,officer_id_020,12/16/2022,12/14/2022,12/16/2022,1/14/2023,,3/23/2026,169,,185311.39,No Prepayment Penatly,0,WSJ Prime,12/14/2026,M012,365/365,8.5,6.75,7,0,,12/14/2026,1.5,0,0,6.25,9.25,0,1,0.05,0,9999999.99,0,0,0,0,0,0,0,0,0,0,0,0,0,0,0,0,0,0,0,0,0,0,0,0,0,,0,4/14/2026,0,0,2963.13,3,1,0,0,0,0,0,0,0,0,0,0,0,,,,,,,,,,,4,4, ,0,0,0,0,175850,0,X ,41,50,0,Open,GRANTS PASS ,OR,975279189
cif_cust_id_17622,loan_id_2006,Commercial,1022447.13,3029.73,4.78,5/1/2026,9/1/2041,7773.37,0,0,9/1/2041,branch_id_05,24,M303,Monthly,0,Reg P&I,Y,254,190,1350000,0,1350000,Installment,3550.25,4223.12,4223.12,559761.1,15426.37,3122.44,185,officer_id_069,8/17/2016,8/17/2016,8/17/2016,10/1/2016,7/5/2023,4/1/2026,154,,1025630.86,No Prepayment Penatly,0,Fixed,, ,365/360,0,0,0,0,,,0,0,0,0,0,0,1,0.05,0,9999999.99,0,0,0,0,0,0,0,0,0,0,0,0,0,0,0,0,0,0,0,0,0,0,0,0,0,,0,11/1/2025,0,0,0,0,0,0,0,0,0,0,0,0,0,0,0,0,,,,,,,,,,,4,4, ,0,0,0,0,207042,0,X500 ,41,0,0,Open,CENTRAL POINT ,OR,975020024
cif_cust_id_17624,loan_id_2007,Commercial,397648.32,1626.5,7.75,5/5/2026,6/5/2032,6776.6,0,0,,Branch Not Assigned,39,M081,Monthly,1,Reg P&I, ,0,510,426360.99,0,426360.99,Installment,4181.45,2595.15,2595.15,18723.53,9848.95,1972.52,74,officer_id_047,9/10/2025,9/5/2025,9/5/2025,10/5/2025,,4/4/2026,0,,399274.82,No Prepayment Penatly,0,Fixed,, ,30/360 Am Sch,7.75,0,7.75,0,,,0,0,0,0,0,0,0,0,0,0,0,0,0,0,0,0,0,0,0,0,0,0,0,0,0,0,0,0,0,0,0,0,0,0,0,,0,,0,0,0,0,0,0,0,0,0,0,0,0,0,0,0,0,,,,,,,,,,,4,4, ,0,0,0,0,999999,1.37, ,34,0,0,Open,SYRACUSE ,NY,132041425
cif_cust_id_17663,loan_id_2014,Commercial,33786.87,0,0,5/1/2026,9/1/2048,183.62,0,0,,branch_id_10,10,M300,Monthly,1,Reg P&I, ,0,510,37680.49,0,37680.49,Installment,125.6,0,0,0,0,0,268,officer_id_020,8/22/2023,8/22/2023,8/22/2023,10/1/2023,,,0,,33786.87,No Prepayment Penatly,0,Fixed,, ,30/360 Curr Bal,0,0,0,0,,,0,0,0,0,0,0,0,0,0,0,0,0,0,0,0,0,0,0,0,0,0,0,0,0,0,0,0,0,0,0,0,0,0,0,0,,0,4/1/2026,0,0,0,0,6,6,0,0,0,0,0,0,0,0,0,0,,,,,,,,,,,4,4,A,0,0,0,0,0,0,X ,41,0,0,Open,ENTERPRISE ,OR,978281331
cif_cust_id_17663,loan_id_2015,Commercial,17933.27,0,0,5/1/2026,9/1/2048,97.46,0,0,,branch_id_10,10,M300,Monthly,1,Reg P&I, ,0,510,20000,0,20000,Installment,66.67,0,0,0,0,0,268,officer_id_020,8/22/2023,8/22/2023,8/22/2023,10/1/2023,,,0,,17933.27,No Prepayment Penatly,0,Fixed,, ,30/360 Curr Bal,0,0,0,0,,,0,0,0,0,0,0,0,0,0,0,0,0,0,0,0,0,0,0,0,0,0,0,0,0,0,0,0,0,0,0,0,0,0,0,0,,0,4/1/2026,0,0,0,0,6,6,0,0,0,0,0,0,0,0,0,0,,,,,,,,,,,4,4,A,0,0,0,0,0,0,X ,41,0,0,Open,ENTERPRISE ,OR,978281331
cif_cust_id_17663,loan_id_2016,Commercial,7797.01,0,0,5/1/2026,9/1/2048,42.38,0,0,,branch_id_10,10,M300,Monthly,1,Reg P&I, ,0,510,8695.65,0,8695.65,Installment,28.99,0,0,0,0,0,268,officer_id_020,8/22/2023,8/22/2023,8/22/2023,10/1/2023,,,0,,7797.01,No Prepayment Penatly,0,Fixed,, ,30/360 Curr Bal,0,0,0,0,,,0,0,0,0,0,0,0,0,0,0,0,0,0,0,0,0,0,0,0,0,0,0,0,0,0,0,0,0,0,0,0,0,0,0,0,,0,4/1/2026,0,0,0,0,6,6,0,0,0,0,0,0,0,0,0,0,,,,,,,,,,,4,4,A,0,0,0,0,0,0,X ,41,0,0,Open,ENTERPRISE ,OR,978281331
cif_cust_id_17676,loan_id_2020,Commercial,619916.06,975.85,7.09,5/16/2026,1/16/2050,4623.24,0,0,,branch_id_03,22,M300,Monthly,0,Reg P&I, ,0,190,643000,0,643000,Installment,1453.85,3791.15,3791.15,55591.06,13864.09,2811.48,285,officer_id_032,1/24/2025,1/16/2025,1/24/2025,2/16/2025,,4/15/2026,154,,639643.39,% of Current Balance,18597.48,FHLB 3_YR,1/16/2028,M036,365/360,7.09,0,4.55,0,,1/16/2028,3.05,0,0,6.29,0,0,1,0.05,0,9999999.99,0,0,0,0,0,0,0,0,0,0,0,0,0,0,0,0,0,0,0,0,0,0,0,0,0,,0,2/16/2025,0,0,0,0,0,0,0,0,0,0,0,0,0,0,0,0,,,,,,,,,,,4,4, ,4205.36,0,0,0,116896,0,X ,41,0,0,Open,MARYSVILLE ,WA,982709067
cif_cust_id_17704,loan_id_2024,Commercial,4460263.6,20447.71,7.17,5/1/2026,5/1/2049,33330.88,0,0,,branch_id_10,22,M300,Monthly,0,Reg P&I, ,0,190,4600000,0,4600000,Installment,5734.38,27596.5,27596.5,626873.84,100691.45,20447.71,277,officer_id_020,5/7/2024,5/1/2024,5/7/2024,6/1/2024,,3/31/2026,154,,4618865.31,No Prepayment Penatly,138000,FHLB 3_YR,5/1/2027,M036,365/360,7.17,0,4.96,0,,5/1/2027,2.412,0,0,5.172,0,0,1,0.05,0,9999999.99,0,0,0,0,0,0,0,0,0,0,0,0,0,0,0,0,0,0,0,0,0,0,0,0,0,,0,4/1/2026,0,0,0,11,0,0,0,0,0,0,0,0,0,0,0,0,,,,,,,,,,,4,4, ,15746,0,0,0,999999,0,X* ,41,0,0,Open,CENTRAL POINT ,OR,975020029
cif_cust_id_17732,loan_id_2031,Commercial,7298881.93,16057.54,4.95,5/20/2026,7/20/2029,44528.47,0,0,7/20/2029,branch_id_18,35,M120,Monthly,0,Reg P&I,Y,74,160,8272724.52,0,8272724.52,Installment,24389.48,20138.99,20138.99,3369041.8,113992.93,23106.19,39,officer_id_058,7/29/2016,7/29/2016,7/29/2016,8/20/2018,4/20/2023,4/7/2026,154,,7315093.47,% of Current Balance,0,Fixed,, ,365/360,0,0,0,0,,,0,0,0,0,0,0,1,0.05,0,9999999.99,0,0,0,0,0,0,0,0,0,0,0,0,0,0,0,0,0,0,0,0,0,0,0,0,0,,0,8/20/2022,0,0,0,0,0,0,0,0,0,0,0,0,0,0,0,0,,,,,,,,,,,4,0,P,4404.51,0,0,0,999999,0,X ,41,0,0,Open,ALBANY ,OR,973225125
cif_cust_id_17732,loan_id_2032,Commercial,3214427.61,7071.74,4.95,5/20/2026,7/20/2029,19610.33,0,0,,branch_id_18,35,M120,Monthly,2,Reg P&I, ,0,160,8272724.52,0,3643635.01,Installment,10741.13,8869.21,8869.21,1502644.16,50202.49,10175.97,39,officer_id_058,7/29/2016,7/29/2016,7/29/2016,7/20/2021,,4/7/2026,0,,3221499.35,No Prepayment Penatly,0,Fixed,, ,365/360,0,0,0,0,,,0,0,0,0,0,0,0,0,0,0,0,0,0,0,0,0,0,0,0,0,0,0,0,0,0,0,0,0,0,0,0,0,0,0,0,,0,8/20/2022,0,0,0,0,0,0,0,0,0,0,0,0,0,0,0,0,,,,,,,,,,,4,5,P,0,0,0,0,0,0, ,41,0,0,Open,ALBANY ,OR,973225125
cif_cust_id_17850,loan_id_2046,Commercial,15475.4,103.07,0.32,5/1/2026,6/1/2040,58.27,0,0,6/1/2040,branch_id_10,10,M360,Monthly,1,Reg P&I,Y,240,510,20000,0,20000,Installment,65.23,4.15,4.15,332.71,15.65,3.16,170,officer_id_020,5/28/2020,5/28/2020,5/28/2020,7/1/2020,,4/4/2024,0,,15578.47,No Prepayment Penatly,0,Fixed,, ,30/360 Curr Bal,0.32,0,0.32,0,,,0,0,0,0,0,0,0,0.05,0,9999999.99,0,0,0,0,0,0,0,0,0,0,0,0,0,0,0,0,0,0,0,0,0,0,0,0,0,,0,4/1/2026,0,0,0,0,6,6,0,0,0,0,0,0,0,0,0,0,,,,,,,,,,,4,4,A,0,0,0,0,0,0, ,41,0,0,Open,ROSEBURG ,OR,974704906
cif_cust_id_07019,loan_id_2048,Commercial,232161.86,49.98,7.75,5/23/2026,5/23/2029,2007.89,0,0,5/23/2029,branch_id_12,22,M300,Monthly,0,Reg P&I,Y,120,190,270000,0,270000,Installment,455.5,1552.39,1552.39,111819.93,5676.37,1151.68,37,officer_id_054,5/23/2019,5/23/2019,5/23/2019,6/23/2019,,4/22/2026,154,,232365.84,No Prepayment Penatly,0,FHLB 5_YR,5/23/2029,M060,365/360,5.82,4.54,0,0,,5/23/2029,3.21,0,0,5.822,0,0,1,0.05,0,9999999.99,0,0,0,0,0,0,0,0,0,0,0,0,0,0,0,0,0,0,0,0,0,0,0,0,0,,0,8/23/2025,0,0,0,0,0,0,0,0,0,0,0,0,0,0,0,0,,,,,,,,,,,4,4, ,728.94,0,0,0,0,0,C ,41,0,0,Open,PORTOLA VALLEY ,CA,940287843
cif_cust_id_18047,loan_id_2073,Commercial,19759.81,11.81,0.96,5/1/2026,11/1/2045,55.64,0,0,11/1/2045,branch_id_10,10,M360,Monthly,1,Reg P&I,Y,240,510,20000,0,20000,Installment,48.11,15.85,15.85,95.39,59.77,12.12,234,officer_id_020,10/22/2025,10/2/2025,10/2/2025,12/1/2025,,4/1/2026,0,,19771.62,No Prepayment Penatly,0,Fixed,, ,30/360 Curr Bal,0.96,0,0.96,0,,,0,0,0,0,0,0,0,0,0,0,0,0,0,0,0,0,0,0,0,0,0,0,0,0,0,0,0,0,0,0,0,0,0,0,0,,0,4/1/2026,0,0,0,0,1,0,0,0,0,0,0,0,0,0,0,0,,,,,,,,,,,4,4,A,0,0,0,0,0,0,X ,41,0,0,Open,SHERWOOD ,OR,971409931
cif_cust_id_18053,loan_id_2078,Commercial,0,0,11.75,11/21/2025,10/21/2026,0,0,1,10/21/2026,branch_id_05,11,M012,Monthly,0,Int Only,Y,12,530,0,75000,75000,Non _ Revolving,0,0,0,0,0,0,12,officer_id_061,10/21/2024,10/21/2024,10/21/2024,11/21/2024,10/21/2025,,15,,15,No Prepayment Penatly,0,WSJ Prime,,0000,365/360,13,6.75,8,0,,,5,0,0,0,0,0,1,0.05,0,9999999.99,0,0,0,0,0,0,0,0,0,0,0,0,0,0,0,0,0,0,0,0,0,0,0,0,0,,0,,0,0,0,0,0,0,0,0,0,0,0,0,0,0,0,0,,,,,,,,,,,4,4, ,0,0,0,0,999999,0, ,41,0,0,Open,MEDFORD ,OR,975010003
cif_cust_id_18073,loan_id_2080,Commercial,513441.3,2866.71,6.7,4/25/2026,5/25/2048,3748.02,0,0,,branch_id_10,22,M300,Monthly,0,Reg P&I, ,0,170,540000,0,540000,Installment,0,0,0,100873.98,10825.81,2197.81,266,officer_id_020,6/1/2023,5/25/2023,6/1/2023,6/25/2023,,3/24/2026,154,,521596.42,% of Current Balance,5134.41,FHLB 3_YR,5/25/2026,M036,365/360,6.7,0,6.7,0,,5/25/2026,2.75,0,0,5.7,0,0,1,0.05,0,9999999.99,0,0,0,0,0,0,0,0,0,0,0,0,0,0,0,0,0,0,0,0,0,0,0,0,0,,0,10/25/2025,0,0,0,0,0,0,0,0,0,0,0,0,0,0,0,0,,,,,,,,,,,4,4, ,3489.34,0,0,0,999999,0,X500* ,41,0,0,Open,GRANTS PASS ,OR,975280279
cif_cust_id_18083,loan_id_2082,Commercial,114542.65,574.26,7.75,5/1/2026,8/1/2032,1948.22,0,0,,Branch Not Assigned,39,M083,Monthly,1,Reg P&I, ,0,510,124866.44,0,124866.44,Installment,1200.71,747.51,747.51,5413.75,2832.74,567.15,76,officer_id_047,9/9/2025,9/1/2025,9/1/2025,10/1/2025,,3/31/2026,0,,115116.91,No Prepayment Penatly,0,Fixed,, ,30/360 Am Sch,7.75,0,7.75,0,,,0,0,0,0,0,0,0,0,0,0,0,0,0,0,0,0,0,0,0,0,0,0,0,0,0,0,0,0,0,0,0,0,0,0,0,,0,11/1/2025,0,0,0,0,0,0,0,0,0,0,0,0,0,0,0,0,,,,,,,,,,,4,4, ,0,0,0,0,619051,1.4, ,12,0,0,Open,SYRACUSE ,NY,132041425
cif_cust_id_18193,loan_id_2090,Commercial,11410.37,36.6,5.25,5/2/2026,7/2/2026,4292.03,0,0,,branch_id_10,10,M072,Monthly,0,Reg P&I, ,0,520,264000,0,264000,Installment,4221.36,70.67,70.67,43560.44,301.03,38.88,3,officer_id_020,7/29/2020,7/2/2020,7/28/2020,8/2/2020,,4/1/2026,30,,11476.97,No Prepayment Penatly,0,Fixed,, ,365/360,5.25,0,5.25,0,,,0,0,0,0,0,0,1,0.05,0,9999999.99,0,0,0,0,0,0,0,0,0,0,0,0,0,0,0,0,0,0,0,0,0,0,0,0,0,,0,8/2/2025,0,0,0,0,0,0,0,0,0,0,0,0,0,0,0,0,,,,,,,,,,,4,4+, ,0,0,0,0,0,0, ,41,0,0,Open,SUTHERLIN ,OR,974791931
cif_cust_id_18193,loan_id_2092,Commercial,1581.32,5.71,5,4/29/2026,4/29/2026,1588.03,0,0,,branch_id_10,10,M060,Monthly,0,Reg P&I, ,0,520,84000,0,84000,Installment,0,0,0,11275.09,62.56,5.05,1,officer_id_020,4/29/2021,4/29/2021,4/29/2021,5/29/2021,,3/28/2026,0,,1587.03,No Prepayment Penatly,0,Fixed,, ,365/360,5,0,5,0,,,0,0,0,0,0,0,1,0.05,0,9999999.99,0,0,0,0,0,0,0,0,0,0,0,0,0,0,0,0,0,0,0,0,0,0,0,0,0,,0,11/29/2025,0,0,0,0,0,0,0,0,0,0,0,0,0,0,0,0,,,,,,,,,,,4,4+, ,0,0,0,0,0,0, ,41,0,0,Open,SUTHERLIN ,OR,974791931
cif_cust_id_18193,loan_id_2094,Commercial,974497.93,3424.27,5.5,5/1/2026,2/1/2032,16347.46,0,0,,branch_id_10,10,M120,Monthly,0,Reg P&I,N,0,520,1500000,0,1500000,Installment,11676.82,4670.64,4670.64,291870.93,17147.82,3424.27,69,officer_id_020,1/28/2022,1/27/2022,1/28/2022,3/1/2022,,3/31/2026,30,,977952.2,No Prepayment Penatly,0,Fixed,, ,365/360,5.5,3.25,5.5,0,,,0,0,0,0,0,0,1,0.05,0,9999999.99,0,0,0,0,0,0,0,0,0,0,0,0,0,0,0,0,0,0,0,0,0,0,0,0,0,,0,11/1/2025,0,0,0,1,0,0,0,0,0,0,0,0,0,0,0,0,,,,,,,,,,,4,4, ,4235.37,0,0,0,999999,0, ,41,0,0,Open,SUTHERLIN ,OR,974791931
cif_cust_id_18193,loan_id_2095,Commercial,71404.25,148.27,5.75,5/11/2026,2/11/2029,2286.72,0,0,,branch_id_10,10,M084,Monthly,0,Reg P&I,N,0,520,157425,0,157425,Installment,1923.65,363.07,363.07,28315.25,1356.48,265.39,34,officer_id_020,2/14/2022,2/11/2022,2/14/2022,3/11/2022,,4/10/2026,0,,71552.52,No Prepayment Penatly,0,Fixed,, ,365/360,5.75,0,5.75,0,,,0,0,0,0,0,0,1,0.05,0,9999999.99,0,0,0,0,0,0,0,0,0,0,0,0,0,0,0,0,0,0,0,0,0,0,0,0,0,,0,4/11/2026,0,0,0,0,0,0,0,0,0,0,0,0,0,0,0,0,,,,,,,,,,,4,4, ,0,0,0,0,999999,0, ,41,0,0,Open,SUTHERLIN ,OR,974791931
cif_cust_id_18193,loan_id_2098,Commercial,24499.83,42.06,6.18,5/14/2026,12/14/2027,1313.44,0,0,,branch_id_10,10,M060,Monthly,0,Reg P&I, ,0,520,67500,0,67500,Installment,1176.8,136.64,136.64,9537.43,522.08,99.36,20,officer_id_020,1/10/2023,12/14/2022,1/10/2023,1/14/2023,,4/13/2026,0,,24541.89,No Prepayment Penatly,0,Fixed,, ,365/360,6.18,0,6.18,0,,,0,0,0,0,0,0,1,0.05,0,9999999.99,0,0,0,0,0,0,0,0,0,0,0,0,0,0,0,0,0,0,0,0,0,0,0,0,0,,0,3/14/2026,0,0,0,0,0,0,0,0,0,0,0,0,0,0,0,0,,,,,,,,,,,4,4, ,0,0,0,0,999999,0, ,41,0,0,Open,SUTHERLIN ,OR,974791931
cif_cust_id_18193,loan_id_2099,Commercial,61257.88,231.34,6.18,5/2/2026,2/2/2028,2967.21,0,0,,branch_id_10,10,M060,Monthly,0,Reg P&I, ,0,520,152519.64,0,152519.64,Installment,2627.23,339.98,339.98,21492.22,1271.33,242.31,22,officer_id_020,2/10/2023,2/2/2023,2/10/2023,3/2/2023,,4/1/2026,0,,61489.22,No Prepayment Penatly,0,Fixed,, ,365/360,6.18,0,6.18,0,,,0,0,0,0,0,0,1,0.05,0,9999999.99,0,0,0,0,0,0,0,0,0,0,0,0,0,0,0,0,0,0,0,0,0,0,0,0,0,,0,8/2/2025,0,0,0,0,0,0,0,0,0,0,0,0,0,0,0,0,,,,,,,,,,,4,4, ,0,0,0,0,999999,0, ,41,0,0,Open,SUTHERLIN ,OR,974791931
cif_cust_id_18222,loan_id_2105,Commercial,862329.59,3034.73,6.67,5/5/2026,7/5/2055,5751.39,0,0,,branch_id_09,35,M378,Monthly,0,Reg P&I, ,0,160,0,0,870000,Installment,795.42,4955.97,4955.97,98065.73,18082.97,3674.21,358,officer_id_055,7/16/2024,7/5/2024,7/16/2024,8/5/2024,7/7/2025,4/4/2026,154,,882764.91,% of Current Balance,17246.59,FHLB 3_YR,7/5/2028,M036,365/360,9.75,3.98,8.5,0,,7/5/2028,2.85,0,0,5.84,0,0,1,0.05,0,9999999.99,0,0,0,0,0,0,0,0,0,0,0,0,0,0,0,0,0,0,0,0,0,0,0,0,0,,0,7/5/2025,0,0,0,0,0,0,0,0,0,0,0,0,0,0,0,0,,,,,,,,,,,4,4, ,8877.24,0,0,0,172265,0,X500* ,41,0,0,Open,DRAIN ,OR,974358713
cif_cust_id_18447,loan_id_2114,Commercial,329294.12,825.98,6.45,5/10/2026,4/10/2033,4928.44,0,0,,Branch Not Assigned,39,M084,Monthly,1,Reg P&I, ,0,510,332435.72,0,332435.72,Installment,3141.6,1786.84,1786.84,1786.84,2612.82,1362.03,83,officer_id_047,3/18/2026,3/10/2026,3/10/2026,4/10/2026,,4/9/2026,0,,330120.1,No Prepayment Penatly,0,Fixed,, ,30/360 Am Sch,6.45,0,6.45,0,,,0,0,0,0,0,0,0,0,0,0,0,0,0,0,0,0,0,0,0,0,0,0,0,0,0,0,0,0,0,0,0,0,0,0,0,,0,,0,0,0,0,0,0,0,0,0,0,0,0,0,0,0,0,,,,,,,,,,,4,4, ,0,0,0,0,999999,2.95, ,53,0,0,Open,SYRACUSE ,NY,132041425
cif_cust_id_18635,loan_id_2124,Commercial,0,41.67,7.5,5/3/2026,6/3/2026,0,0,0,6/3/2026,branch_id_05,11,M012,Monthly,0,Int Only,Y,12,530,0,1400000,500000,Revolving,100000,1234.38,1234.38,235386.13,1276.05,41.67,6,officer_id_061,1/3/2019,1/3/2019,1/3/2019,2/3/2019,6/9/2025,,15,,168.91,No Prepayment Penatly,0,WSJ Prime,,0000,365/360,7,6.75,5.5,0,,,0.75,0,0,5.25,0,0,1,0.05,0,9999999.99,0,0,0,0,3.51,0,0,0,0,0,0,0,0,0,0,0,0,0,0,0,0,0,0,0,0,,0,5/3/2025,0,0,0,0,0,0,0,0,0,0,0,0,0,0,0,0,,,,,,,,,,,4,5, ,4.45,0,0,0,999999,0, ,41,0,0,Open,KLAMATH FALLS ,OR,976010241
cif_cust_id_18635,loan_id_2125,Commercial,214824.74,125.32,7,5/21/2026,5/21/2032,3634.68,0,0,,branch_id_05,10,M084,Monthly,0,Reg P&I, ,0,520,240000,0,240000,Installment,2325.75,1308.93,1308.93,14806.22,4839.06,969.79,73,officer_id_061,5/23/2025,5/21/2025,5/23/2025,6/21/2025,,4/20/2026,15,,214965.06,No Prepayment Penatly,0,Fixed,, ,365/360,7,0,7,0,,,0,0,0,0,0,0,1,0.05,0,9999999.99,0,0,0,0,0,0,0,0,0,0,0,0,0,0,0,0,0,0,0,0,0,0,0,0,0,,0,3/21/2026,0,0,0,0,0,0,0,0,0,0,0,0,0,0,0,0,,,,,,,,,,,4,4, ,0,0,0,0,999999,0, ,41,0,0,Open,KLAMATH FALLS ,OR,976010241
cif_cust_id_18686,loan_id_2134,Commercial,0,0,7.75,6/5/2026,11/5/2026,0,0,0,11/5/2026,branch_id_05,11,M024,Monthly,0,Int Only,Y,24,530,0,400000,200000,Revolving,0,0,0,4007.9,0,0,24,officer_id_040,1/5/2018,1/5/2018,1/5/2018,2/5/2018,11/5/2024,,154,,154,No Prepayment Penatly,0,WSJ Prime,,0000,365/360,6.5,6.75,4.5,0,,,1,0,0,5.25,0,0,1,0.05,0,9999999.99,0,0,0,0,0,0,0,0,0,0,0,0,0,0,0,0,0,0,0,0,0,0,0,0,0,,0,5/5/2020,0,0,0,1,0,0,0,0,0,0,0,0,0,0,0,0,,,,,,,,,,,4,5, ,0,0,0,0,999999,0,X ,41,0,0,Open,MEDFORD ,OR,975012632
cif_cust_id_18781,loan_id_2144,Commercial,184538.21,754.8,7.75,5/5/2026,8/5/2032,3080.27,0,0,,Branch Not Assigned,39,M083,Monthly,1,Reg P&I, ,0,510,197422.44,0,197422.44,Installment,1876.34,1203.93,1203.93,8677.66,4567.94,915.33,76,officer_id_047,9/10/2025,9/5/2025,9/5/2025,10/5/2025,,4/4/2026,0,,185293.01,No Prepayment Penatly,0,Fixed,, ,30/360 Am Sch,7.75,0,7.75,0,,,0,0,0,0,0,0,0,0,0,0,0,0,0,0,0,0,0,0,0,0,0,0,0,0,0,0,0,0,0,0,0,0,0,0,0,,0,,0,0,0,0,0,0,0,0,0,0,0,0,0,0,0,0,,,,,,,,,,,4,4, ,0,0,0,0,999999,0, ,51,0,0,Open,SYRACUSE ,NY,132041425
cif_cust_id_18907,loan_id_2151,Commercial,339648.12,1681.74,7.75,5/1/2026,8/1/2032,5669.33,0,0,,Branch Not Assigned,39,M083,Monthly,1,Reg P&I, ,0,510,363361.96,0,363361.96,Installment,3453.47,2215.86,2215.86,15971.47,8395.66,1681.73,76,officer_id_047,9/11/2025,9/1/2025,9/1/2025,10/1/2025,,3/31/2026,0,,341329.86,No Prepayment Penatly,0,Fixed,, ,30/360 Am Sch,7.75,0,7.75,0,,,0,0,0,0,0,0,0,0,0,0,0,0,0,0,0,0,0,0,0,0,0,0,0,0,0,0,0,0,0,0,0,0,0,0,0,,0,11/1/2025,0,0,0,0,0,0,0,0,0,0,0,0,0,0,0,0,,,,,,,,,,,4,4, ,0,0,0,0,944637,1.38, ,24,0,0,Open,SYRACUSE ,NY,132041425
cif_cust_id_17945,loan_id_2159,Commercial,723668.78,2699.39,6.71,5/4/2026,2/4/2051,5047.56,0,0,,Branch Not Assigned,22,M300,Monthly,0,Reg P&I, ,0,170,726909,0,726909,Installment,1308.88,4191.12,4191.12,7307.34,10006.73,3104.77,298,officer_id_027,2/9/2026,2/4/2026,2/9/2026,3/4/2026,,4/3/2026,154,,726522.17,% of Current Balance,0,FHLB 3_YR,2/4/2029,M036,365/360,6.71,0,3.76,0,,2/4/2029,3.05,0,0,6,0,0,1,0.05,0,9999999.99,0,0,0,0,0,0,0,0,0,0,0,0,0,0,0,0,0,0,0,0,0,0,0,0,0,,0,4/4/2026,0,0,0,1,0,0,0,0,0,0,0,0,0,0,0,0,,,,,,,,,,,4,4, ,5768.65,0,0,0,338368,0,X ,41,0,0,Open,MEDFORD ,OR,975043665
cif_cust_id_07188,loan_id_2164,Commercial,4275.82,3.23,6.89,5/20/2026,10/20/2026,727.02,0,0,,Branch Not Assigned,39,M048,Monthly,1,Reg P&I, ,0,510,30425.3,0,30425.3,Installment,698.46,28.56,28.56,4385.36,126.52,21.36,6,officer_id_047,11/9/2022,10/20/2022,10/20/2022,11/20/2022,,4/19/2026,0,,4279.05,No Prepayment Penatly,0,Fixed,, ,30/360 Am Sch,6.89,0,6.89,0,,,0,0,0,0,0,0,0,0,0,0,0,0,0,0,0,0,0,0,0,0,0,0,0,0,0,0,0,0,0,0,0,0,0,0,0,,0,12/20/2025,0,0,0,0,0,0,0,0,0,0,0,0,0,0,0,0,,,,,,,,,,,4,4, ,0,0,0,0,567302,0, ,12,0,0,Open,Syracuse ,NY,132041425
cif_cust_id_19219,loan_id_2179,Commercial,141801.7,533.81,4.84,4/27/2026,4/27/2046,927.06,0,0,,branch_id_10,22,M300,Monthly,0,Reg P&I, ,0,170,160000,0,160000,Installment,0,0,0,36498.24,2162.48,438.48,241,officer_id_020,4/29/2021,4/27/2021,4/29/2021,5/27/2021,,3/26/2026,154,,142489.51,No Prepayment Penatly,0,FHLB 5_YR,4/27/2026,M060,365/360,4.84,0,1.19,0,,4/27/2026,3.36,0,0,4.84,0,0,1,0.05,0,9999999.99,0,0,0,0,0,0,0,0,0,0,0,0,0,0,0,0,0,0,0,0,0,0,0,0,0,,0,12/27/2025,0,0,0,0,0,0,0,0,0,0,0,0,0,0,0,0,,,,,,,,,,,4,4, ,0,0,0,0,0,0,X ,41,0,0,Open,GRANTS PASS ,OR,975264265
cif_cust_id_19244,loan_id_2181,Commercial,209165.67,399.84,8,5/16/2026,10/16/2026,0,0,0,10/16/2026,branch_id_03,32,M012,Monthly,0,Int Only,Y,12,100,0,315000,315000,Non _ Revolving,0,1465.68,1465.68,3691.07,3794.52,1044.58,7,officer_id_032,10/24/2025,10/16/2025,10/24/2025,11/16/2025,,4/14/2026,154,,209719.51,No Prepayment Penatly,0,WSJ Prime,,0000,365/360,8.5,6.75,7.25,0,,,1.25,0,0,7.75,0,0,1,0.05,0,9999999.99,0,0,0,0,0,0,0,0,0,0,0,0,0,0,0,0,0,0,0,0,0,0,0,0,0,,0,1/16/2026,0,0,0,0,1,0,0,0,0,0,0,0,0,0,0,0,,,,,,,,,,,4,4, ,0,0,0,0,27370,0,X ,41,0,0,Open,MEDFORD ,OR,975049418
cif_cust_id_19255,loan_id_2182,Commercial,19420.87,69.81,5.63,5/1/2026,6/1/2029,559.18,0,0,,Branch Not Assigned,39,M081,Monthly,1,Reg P&I, ,0,510,37608.8,0,37608.8,Installment,465.88,93.3,93.3,5856.81,356.28,69.85,38,officer_id_047,9/20/2022,9/1/2022,9/1/2022,10/1/2022,,3/31/2026,0,,19490.68,No Prepayment Penatly,0,Fixed,, ,30/360 Am Sch,5.63,0,5.63,0,,,0,0,0,0,0,0,0,0,0,0,0,0,0,0,0,0,0,0,0,0,0,0,0,0,0,0,0,0,0,0,0,0,0,0,0,,0,11/1/2025,0,0,0,0,0,0,0,0,0,0,0,0,0,0,0,0,,,,,,,,,,,4,4, ,0,0,0,0,167719,0, ,36,0,0,Open,Syracuse ,NY,132041425
cif_cust_id_19368,loan_id_2190,Commercial,337371.62,1505.56,6.99,5/1/2026,10/1/2050,2421.85,0,0,,branch_id_10,22,M300,Monthly,0,Reg P&I, ,0,170,340000,0,340000,Installment,390.25,2031.6,2031.6,11902.72,7412.73,1505.56,294,officer_id_020,10/2/2025,10/1/2025,10/2/2025,11/1/2025,,3/31/2026,154,,349152.32,% of Current Balance,10121.14,FHLB 5_YR,10/1/2030,M060,365/360,6.99,0,3.82,0,,10/1/2030,3.325,0,0,5.985,0,0,1,0.05,0,9999999.99,0,0,0,0,0,0,0,0,0,0,0,0,0,0,0,0,0,0,0,0,0,0,0,0,0,,0,12/1/2025,0,0,0,0,0,0,0,0,0,0,0,0,0,0,0,0,,,,,,,,,,,4,4, ,1906.21,0,0,0,999999,0,X ,41,0,0,Open,TRAIL ,OR,975419407
cif_cust_id_19502,loan_id_2217,Commercial,1220942.9,7278.59,7.15,4/25/2026,6/25/2055,8394.5,0,0,,branch_id_18,22,M372,Monthly,0,Reg P&I, ,0,140,0,0,1230000,Installment,1594.98,6799.52,6799.52,118526.28,27447.83,5578.92,352,officer_id_058,7/2/2024,6/25/2024,7/2/2024,7/25/2024,,3/24/2026,154,,1252794.34,% of Current Balance,24418.85,FHLB 5_YR,6/25/2029,M060,365/360,7.15,4.49,4.37,0,,6/25/2029,2.75,0,0,6.15,0,0,1,0.05,0,9999999.99,0,0,0,0,0,0,378.65,0,0,0,0,0,0,0,0,0,0,0,0,0,0,0,0,0,0,,3.51,3/25/2026,0,0,0,5,0,1,0,0,0,0,0,0,0,0,0,0,,,,,,,,,,,4,4, ,10859.14,0,0,0,999999,0,X ,41,0,0,Open,SPRINGFIELD ,OR,974789785
cif_cust_id_19502,loan_id_2218,Commercial,466539.32,2781.25,7.15,4/25/2026,6/25/2055,3207.65,0,0,,branch_id_18,22,M372,Monthly,0,Reg P&I, ,0,140,0,0,470000,Installment,609.46,2598.19,2598.19,44409.2,10488.2,2131.78,354,officer_id_058,7/2/2024,6/25/2024,7/2/2024,7/25/2024,,3/24/2026,154,,478805.35,% of Current Balance,9330.78,FHLB 5_YR,6/25/2029,M060,365/360,7.15,4.49,4.38,0,,6/25/2029,2.75,0,0,6.15,0,0,1,0.05,0,9999999.99,0,0,0,0,0,0,144.69,0,0,0,144.69,0,0,0,0,0,0,0,0,0,0,0,0,0,0,,0,3/25/2026,0,0,0,3,1,1,1,0,0,0,0,0,0,0,0,0,,,,,,,,,,,4,4, ,1919.63,0,0,0,999999,0,X ,41,0,0,Open,SPRINGFIELD ,OR,974789785
cif_cust_id_19526,loan_id_2230,Commercial,16788.35,32.9,1.74,5/1/2026,4/1/2040,71.35,0,0,4/1/2040,branch_id_10,10,M360,Monthly,1,Reg P&I,Y,240,510,20000,0,20000,Installment,46.94,24.41,24.41,1939.92,92.1,18.66,167,officer_id_020,3/17/2020,3/17/2020,3/17/2020,5/1/2020,,3/13/2026,0,,16821.25,No Prepayment Penatly,0,Fixed,, ,30/360 Curr Bal,1.74,0,1.74,0,,,0,0,0,0,0,0,0,0.05,0,9999999.99,0,0,0,0,0,0,0,0,0,0,0,0,0,0,0,0,0,0,0,0,0,0,0,0,0,,0,4/1/2026,0,0,0,0,6,6,0,0,0,0,0,0,0,0,0,0,,,,,,,,,,,4,4,A,0,0,0,0,0,0, ,41,0,0,Open,ENTERPRISE ,OR,978281331
cif_cust_id_19562,loan_id_2232,Commercial,71211.8,139.76,7.85,5/15/2026,3/15/2032,1257.09,0,0,,Branch Not Assigned,39,M084,Monthly,1,Reg P&I, ,0,510,81042,0,81042,Installment,786.1,470.99,470.99,6511.97,1794.9,359.54,71,officer_id_047,3/31/2025,3/15/2025,3/15/2025,4/15/2025,,4/14/2026,0,,71351.56,No Prepayment Penatly,0,Fixed,, ,30/360 Am Sch,7.85,0,7.85,0,,,0,0,0,0,0,0,0,0,0,0,0,0,0,0,0,0,0,0,0,0,0,0,0,0,0,0,0,0,0,0,0,0,0,0,0,,0,2/15/2026,0,0,0,0,0,0,0,0,0,0,0,0,0,0,0,0,,,,,,,,,,,4,4, ,0,0,0,0,999999,0, ,6,0,0,Open,SYRACUSE ,NY,132041425
cif_cust_id_19654,loan_id_2244,Commercial,255959.04,207.16,7.28,5/20/2026,4/20/2046,2045.39,0,0,,branch_id_05,22,M291,Monthly,0,Reg P&I,N,0,170,284000,0,284000,Installment,437.19,1608.2,1608.2,72377.06,5559.92,1192.83,240,officer_id_061,1/22/2021,1/20/2021,1/22/2021,2/20/2022,1/31/2022,4/19/2026,154,,258879.79,% of Current Balance,2559.59,FHLB 5_YR,1/20/2031,M060,365/360,4.95,3.92,0.85,0,,1/20/2031,3.36,0,0,4.95,0,0,1,0.05,0,9999999.99,0,0,0,0,0,0,0,0,0,0,0,0,0,0,0,0,0,0,0,0,0,0,0,0,0,,0,12/20/2025,0,0,0,0,0,0,0,0,0,0,0,0,0,0,0,0,,,,,,,,,,,4,4, ,0,0,0,0,100633,0,X ,41,0,0,Open,MEDFORD ,OR,975012715
cif_cust_id_19663,loan_id_2248,Commercial,70741.5,42.75,7.75,5/21/2026,2/21/2027,0,0,0,2/21/2027,branch_id_05,11,M024,Monthly,0,Int Only,Y,24,530,0,120000,120000,Revolving,1518.77,481.23,481.23,27569.9,1803.5,353.87,10,officer_id_061,2/21/2019,2/21/2019,2/21/2019,3/21/2019,2/21/2025,4/20/2026,30,,70814.25,No Prepayment Penatly,0,WSJ Prime,,0000,365/360,6.38,6.75,5.5,0,,,1,0,0,5.5,0,0,1,0.05,0,9999999.99,0,0,0,0,0,0,0,0,0,0,0,0,0,0,0,0,0,0,0,0,0,0,0,0,0,,0,1/21/2026,0,0,0,0,0,0,0,0,0,0,0,0,0,0,0,0,,,,,,,,,,,4,3, ,0,0,0,0,999999,0, ,41,0,0,Open,CENTRAL POINT ,OR,975020035
cif_cust_id_01013,loan_id_2253,Commercial,161528.06,1105.98,8.5,4/25/2026,5/25/2033,2514.48,0,0,,Branch Not Assigned,39,M120,Monthly,1,Reg P&I, ,0,510,202804.05,0,202804.05,Installment,0,0,0,44216.33,4361.47,877.19,86,officer_id_047,6/21/2023,5/25/2023,5/25/2023,6/25/2023,,3/25/2026,0,,162634.04,No Prepayment Penatly,0,Fixed,, ,30/360 Am Sch,8.5,0,8.5,0,,,0,0,0,0,0,0,0,0,0,0,0,0,0,0,0,0,0,0,0,0,0,0,0,0,0,0,0,0,0,0,0,0,0,0,0,,0,10/25/2025,0,0,0,0,0,0,0,0,0,0,0,0,0,0,0,0,,,,,,,,,,,4,4, ,0,0,0,0,176399,0, ,36,0,0,Open,Syracuse ,NY,132041425
cif_cust_id_19678,loan_id_2254,Commercial,36226.37,194.89,8.07,4/30/2026,7/31/2028,1425.8,0,0,,branch_id_09,10,M060,Monthly,0,Reg P&I, ,0,510,70000,0,70000,Installment,0,0,0,11851.97,964.03,186.77,28,officer_id_055,7/31/2023,7/31/2023,7/31/2023,8/31/2023,,3/30/2026,15,,36436.26,No Prepayment Penatly,0,FHLB 3_YR,7/31/2026,M036,365/360,8.07,4.75,4.75,0,,7/31/2026,3.125,0,0,7.07,0,0,1,0.05,0,9999999.99,0,0,0,0,0,0,0,0,0,0,0,0,0,0,0,0,0,0,0,0,0,0,0,0,0,,0,1/31/2026,0,0,0,0,0,0,0,0,0,0,0,0,0,0,0,0,,,,,,,,,,,4,4, ,0,0,0,0,999999,0, ,41,0,0,Open,EUGENE ,OR,974026828
cif_cust_id_19681,loan_id_2255,Commercial,18973445.36,105837.03,7.43,4/28/2026,10/28/2032,138077.81,0,0,10/28/2032,branch_id_18,35,M360,Monthly,0,Reg P&I,Y,120,160,0,0,19500000,Installment,28240.91,109836.9,109836.9,2676960.64,443495.32,90147.97,83,officer_id_058,11/10/2022,10/24/2022,11/10/2022,11/24/2022,,3/27/2026,154,,19079436.39,No Prepayment Penatly,0,FHLB 3_YR,10/28/2028,M036,365/360,5,3.62,4.76,0,,10/28/2028,3.815,0,0,5,0,0,1,0.05,0,9999999.99,0,0,0,0,0,0,0,0,0,0,0,0,0,0,0,0,0,0,0,0,0,0,0,0,0,,0,3/28/2026,0,0,0,0,1,0,0,0,0,0,0,0,0,0,0,0,,,,,,,,,,,4,4+,P,72347.79,0,0,0,0,0,X* ,41,0,0,Open,SALEM ,OR,973011006
cif_cust_id_19681,loan_id_2256,Commercial,9243464.16,50694.24,7.31,4/28/2026,10/28/2032,66486.74,0,0,10/24/2032,branch_id_18,35,M360,Monthly,2,Reg P&I,Y,120,160,0,0,9500000,Installment,13758.38,52610.1,52610.1,1273919.4,212427.15,43179.43,83,officer_id_058,11/10/2022,10/24/2022,11/10/2022,11/24/2022,4/24/2024,3/27/2026,0,,9294158.4,No Prepayment Penatly,0,FHLB 3_YR,10/28/2028,M036,365/360,4.88,3.62,4.76,0,,10/28/2028,3.69,0,0,4.875,0,0,0,0.05,0,9999999.99,0,0,0,0,0,0,0,0,0,0,0,0,0,0,0,0,0,0,0,0,0,0,0,0,0,,0,3/28/2026,0,0,0,0,1,0,0,0,0,0,0,0,0,0,0,0,,,,,,,,,,,4,4+,P,0,0,0,0,999999,0, ,41,0,0,Open,SALEM ,OR,973011006
cif_cust_id_19812,loan_id_2262,Commercial,0,0,8.75,4/12/2026,4/12/2026,0,0,0,4/12/2026,branch_id_05,11,M012,Monthly,0,Int Only,Y,12,530,0,100000,100000,Revolving,0,0,0,12969.17,194.45,0,1,officer_id_069,1/13/2023,1/12/2023,1/13/2023,2/12/2023,4/11/2025,,15,,41.75,No Prepayment Penatly,0,WSJ Prime,,0000,365/360,9.5,6.75,7.5,0,,,2,0,0,6.625,0,0,1,0.05,0,9999999.99,0,0,0,0,0,0,0,0,0,0,0,0,0,0,0,0,0,0,0,0,0,0,0,0,0,,0,2/12/2026,0,0,0,0,0,1,0,0,0,0,0,0,0,0,0,0,,,,,,,,,,,4,5, ,0,0,0,0,999999,0, ,41,0,0,Open,MEDFORD ,OR,975010195
cif_cust_id_15988,loan_id_2284,Commercial,104574.65,360.82,5.91,5/3/2026,10/3/2033,1446.89,0,0,,branch_id_05,28,M180,Monthly,0,Reg P&I, ,0,140,171500,0,171500,Installment,909.75,537.14,537.14,63345.75,1969.65,395.45,90,officer_id_040,10/3/2018,10/3/2018,10/3/2018,11/3/2018,10/3/2018,4/2/2026,154,,105089.47,No Prepayment Penatly,0,Fixed,, ,365/360,0,0,0,0,,,0,0,0,0,0,0,1,0.05,0,9999999.99,0,0,0,0,0,0,0,0,0,0,0,0,0,0,0,0,0,0,0,0,0,0,0,0,0,,0,4/3/2026,0,0,0,0,0,0,0,0,0,0,0,0,0,0,0,0,,,,,,,,,,,4,4, ,0,0,0,0,266943,0,X ,41,0,0,Open,MEDFORD ,OR,975010017
cif_cust_id_04749,loan_id_2295,Commercial,1130576.45,5978.59,6.14,4/24/2026,7/24/2043,8904.58,0,0,,branch_id_05,35,M262,Monthly,0,Reg P&I,N,0,160,1396200,0,1396200,Installment,0,0,0,483549.04,21879.62,4435.73,208,officer_id_027,7/24/2017,7/24/2017,7/24/2017,10/24/2021,9/24/2021,3/23/2026,154,,1136709.04,% of Current Balance,0,FHLB 3_YR,9/24/2027,M036,365/360,4.98,3.63,2.48,0,,9/24/2027,2.51,0,0,3.45,0,0,1,0.05,0,9999999.99,0,0,0,0,0,0,0,0,0,0,0,0,0,0,0,0,0,0,0,0,0,0,0,0,0,,0,1/24/2026,0,0,0,0,0,0,0,0,0,0,0,0,0,0,0,0,,,,,,,,,,,4,5, ,4494.76,0,0,0,121375,0,X ,41,0,0,Open,CENTRAL POINT ,OR,975025002
cif_cust_id_04749,loan_id_2298,Commercial,97394.61,229.49,7.71,5/13/2026,6/13/2050,760.11,0,0,,branch_id_05,25,M312,Monthly,0,Reg P&I, ,0,140,0,0,100000,Installment,112.67,647.44,647.44,13334.34,2363.66,480.08,291,officer_id_027,6/17/2024,6/13/2024,6/17/2024,7/13/2024,,4/12/2026,154,,97778.1,No Prepayment Penatly,0,FHLB 3_YR,6/13/2027,M036,365/360,7.71,8.5,4.73,0,,6/13/2027,2.85,0,0,6.71,0,0,1,0.05,0,9999999.99,0,0,0,0,0,0,0,0,0,0,0,0,0,0,0,0,0,0,0,0,0,0,0,0,0,,0,4/13/2026,0,0,0,0,0,0,0,0,0,0,0,0,0,0,0,0,,,,,,,,,,,4,4, ,0,0,0,0,114904,0,X500 ,41,0,0,Open,CENTRAL POINT ,OR,975025002
cif_cust_id_20026,loan_id_2310,Commercial,72572.45,125,6.89,5/15/2026,11/1/2034,935.31,0,0,,Branch Not Assigned,39,M119,Monthly,1,Reg P&I, ,0,510,80479.02,0,80479.02,Installment,515.66,419.65,419.65,7272.76,1592.7,320.84,103,officer_id_047,12/10/2024,12/1/2024,12/1/2024,1/1/2025,,4/14/2026,0,,72697.45,No Prepayment Penatly,0,Fixed,, ,30/360 Am Sch,6.89,0,6.89,0,,,0,0,0,0,0,0,0,0,0,0,0,0,0,0,0,0,0,0,0,0,0,0,0,0,0,0,0,0,0,0,0,0,0,0,0,,0,2/15/2026,0,0,0,0,0,0,0,0,0,0,0,0,0,0,0,0,,,,,,,,,,,4,4, ,0,0,0,0,323204,0, ,17,0,0,Open,HOMER GLEN ,IL,604916723
cif_cust_id_20044,loan_id_2318,Commercial,648992.94,2674.39,6.45,5/1/2026,4/1/2033,9713.27,0,0,,Branch Not Assigned,39,M084,Monthly,1,Reg P&I, ,0,510,655184.59,0,655184.59,Installment,6191.65,3521.62,3521.62,3521.62,6196.01,2674.39,83,officer_id_047,3/16/2026,3/1/2026,3/1/2026,4/1/2026,,3/31/2026,0,,651667.33,No Prepayment Penatly,0,Fixed,, ,30/360 Am Sch,6.45,0,6.45,0,,,0,0,0,0,0,0,0,0,0,0,0,0,0,0,0,0,0,0,0,0,0,0,0,0,0,0,0,0,0,0,0,0,0,0,0,,0,,0,0,0,0,0,0,0,0,0,0,0,0,0,0,0,0,,,,,,,,,,,4,4, ,0,0,0,0,999999,10, ,12,0,0,Open,SYRACUSE ,NY,132041425
cif_cust_id_20075,loan_id_2325,Commercial,213997.36,504.32,6.06,5/10/2026,5/10/2037,2222.62,1123.32,0,,branch_id_05,22,M300,Monthly,0,Reg P&I, ,0,190,350000,0,350000,Installment,1100.17,1122.45,1122.45,221541.1,4111.67,830.19,133,officer_id_069,5/17/2012,5/17/2012,5/17/2012,6/10/2012,5/17/2012,4/9/2026,154,,214655.68,No Prepayment Penatly,0,5_Yr Treasury,5/10/2027,M060,365/360,5.25,3.06,2.25,0,,5/10/2027,3,0,0,5.25,9.95,7291.57,1,0.05,0,9999999.99,0,0,0,0,0,0,0,0,0,0,0,0,0,0,0,0,0,0,0,0,0,0,0,0,0,,0,1/10/2026,0,0,0,0,0,0,0,0,0,0,0,0,0,0,0,0,,,,,,,,,,,4,4, ,0,0,0,0,0,0,X ,41,0,0,Open,MEDFORD ,OR,975010019
cif_cust_id_20241,loan_id_2331,Commercial,145257.81,409.24,7.19,5/3/2026,9/3/2049,1088.37,0,0,,branch_id_03,22,M300,Monthly,0,Reg P&I, ,0,170,150000,0,150000,Installment,187.86,1100.51,1100.51,17136.84,3286.43,667.33,281,officer_id_032,9/6/2024,9/3/2024,9/6/2024,10/3/2024,,4/9/2026,154,,148726.2,% of Current Balance,2905.15,FHLB 3_YR,9/3/2027,M036,365/360,7.19,0,3.89,0,,9/3/2027,2.85,0,0,6.19,0,0,1,0.05,0,9999999.99,0,0,0,0,0,0,0,0,0,0,0,0,0,0,0,0,0,0,0,0,0,0,0,0,0,,0,1/3/2026,0,0,0,0,0,0,0,0,0,0,0,0,0,0,0,0,,,,,,,,,,,4,4, ,46.72,0,0,0,999999,0,X ,41,0,0,Open,ASHLAND ,OR,975209097
cif_cust_id_20252,loan_id_2334,Commercial,5091095.55,12807.8,5.66,5/8/2026,9/8/2049,30317.27,0,0,9/8/2049,branch_id_03,35,M360,Monthly,0,Reg P&I,Y,324,160,0,0,5200000,Installment,5474.69,24842.58,24842.58,787606.32,90652.96,18416.86,285,officer_id_032,9/20/2022,9/8/2022,9/20/2022,10/8/2022,,4/7/2026,154,,5154968.3,% of Current Balance,50910.95,FHLB 5_YR,9/8/2027,M060,365/360,5.66,0,3.61,0,,9/8/2027,2.418,0,0,5.66,0,0,1,0.05,0,9999999.99,0,0,0,0,0,0,0,0,0,0,0,0,0,0,0,0,0,0,0,0,0,0,0,0,0,,0,3/8/2026,0,0,0,0,0,0,0,0,0,0,0,0,0,0,0,0,,,,,,,,,,,4,4, ,52067.32,0,0,0,999999,0,X500 ,41,0,0,Open,MEDFORD ,OR,975015027
cif_cust_id_20252,loan_id_2335,Commercial,5922034.34,36108.21,7.57,4/26/2026,9/26/2055,42335.49,0,0,,branch_id_03,35,M384,Monthly,0,Reg P&I, ,0,160,0,0,5950000,Installment,0,0,0,773464.53,140901.4,28641.26,356,officer_id_032,9/29/2023,9/26/2023,9/29/2023,10/26/2023,,3/25/2026,154,,5958296.55,No Prepayment Penatly,0,FHLB 3_YR,9/26/2026,M036,365/360,7.57,0,4.93,0,,9/26/2026,2.65,0,0,6.57,0,0,1,0.05,0,9999999.99,0,0,0,0,0,0,0,0,0,0,0,0,0,0,0,0,0,0,0,0,0,0,0,0,0,,0,11/26/2024,0,0,0,0,0,0,0,0,0,0,0,0,0,0,0,0,,,,,,,,,,,4,4, ,62962.08,0,0,0,578003,0,X500 ,41,0,0,Open,MEDFORD ,OR,975015027
cif_cust_id_20286,loan_id_2350,Commercial,234483.83,752.29,8.25,5/10/2026,11/10/2032,3856.74,0,0,,Branch Not Assigned,39,M115,Monthly,1,Reg P&I, ,0,510,305852.13,0,305852.13,Installment,2229.34,1627.4,1627.4,67474.34,6181.9,1240.52,78,officer_id_047,5/5/2023,4/10/2023,4/10/2023,5/10/2023,,4/9/2026,0,,235236.12,No Prepayment Penatly,0,Fixed,, ,30/360 Am Sch,8.25,0,8.25,0,,,0,0,0,0,0,0,0,0,0,0,0,0,0,0,0,0,0,0,0,0,0,0,0,0,0,0,0,0,0,0,0,0,0,0,0,,0,1/10/2026,0,0,0,0,0,0,0,0,0,0,0,0,0,0,0,0,,,,,,,,,,,4,4, ,0,0,0,0,999999,0, ,36,0,0,Open,Syracuse ,NY,132041425
cif_cust_id_04500,loan_id_2361,Commercial,52510.31,234.83,8.48,5/5/2026,4/5/2043,491.75,0,0,,Branch Not Assigned,22,M240,Monthly,0,Reg P&I, ,0,170,56250,0,56250,Installment,107.78,383.97,383.97,13988.06,1402.21,284.37,204,officer_id_011,4/10/2023,4/5/2023,4/10/2023,5/5/2023,,4/4/2026,154,,53424.24,% of Current Balance,525.1,FHLB 5_YR,4/5/2028,M060,365/360,8.48,0,4.2,0,,4/5/2028,2.775,0,0,7.475,0,0,1,0.05,0,9999999.99,0,0,0,0,0,0,0,0,0,0,0,0,0,0,0,0,0,0,0,0,0,0,0,0,0,,0,,0,0,0,0,0,0,0,0,0,0,0,0,0,0,0,0,,,,,,,,,,,4,4, ,0,0,0,0,187126,0,X ,41,0,0,Open,MEDFORD ,OR,975049484
cif_cust_id_16951,loan_id_2362,Commercial,74103.93,319.07,6.74,5/1/2026,11/1/2030,1569.9,0,0,,Branch Not Assigned,39,M096,Monthly,1,Reg P&I, ,0,510,116248.49,0,116248.49,Installment,1147.24,422.66,422.66,22221.34,1606.27,319.1,55,officer_id_047,11/4/2022,11/1/2022,11/1/2022,12/1/2022,,3/31/2026,0,,74423,No Prepayment Penatly,0,Fixed,, ,30/360 Am Sch,6.74,0,6.74,0,,,0,0,0,0,0,0,0,0,0,0,0,0,0,0,0,0,0,0,0,0,0,0,0,0,0,0,0,0,0,0,0,0,0,0,0,,0,11/1/2025,0,0,0,0,0,0,0,0,0,0,0,0,0,0,0,0,,,,,,,,,,,4,4, ,0,0,0,0,238770,0, ,17,0,0,Open,Syracuse ,NY,132041425
cif_cust_id_11642,loan_id_2375,Commercial,136902.6,297.05,5.58,5/10/2026,12/10/2032,2053.2,0,0,,Branch Not Assigned,39,M102,Monthly,1,Reg P&I, ,0,510,166461.51,0,166461.51,Installment,1410.04,643.16,643.16,15611.49,2444.88,490.03,80,officer_id_047,7/2/2024,6/10/2024,6/10/2024,7/10/2024,,4/9/2026,0,,137199.65,No Prepayment Penatly,0,Fixed,, ,30/360 Am Sch,5.58,0,5.58,0,,,0,0,0,0,0,0,0,0,0,0,0,0,0,0,0,0,0,0,0,0,0,0,0,0,0,0,0,0,0,0,0,0,0,0,0,,0,1/10/2026,0,0,0,0,0,0,0,0,0,0,0,0,0,0,0,0,,,,,,,,,,,4,4, ,0,0,0,0,134247,0, ,22,0,0,Open,SYRACUSE ,NY,132041425
cif_cust_id_16074,loan_id_2377,Commercial,411720.78,_224.45,4.85,5/28/2026,7/28/2046,2853.71,0,0,,branch_id_03,22,M300,Monthly,0,Reg P&I, ,0,170,492000,0,492000,Installment,1278.26,1721.74,1721.74,104720.78,6308.23,1277.83,243,officer_id_032,7/30/2021,7/28/2021,7/30/2021,8/28/2021,,4/27/2026,154,,415767.53,% of Current Balance,4117.2,FHLB 5_YR,7/28/2026,M060,365/360,4.85,0,1.07,0,,7/28/2026,3.36,0,0,4.85,0,0,1,0.05,0,9999999.99,0,0,0,0,0,0,0,0,0,0,0,0,0,0,0,0,0,0,0,0,0,0,0,0,0,,0,,0,0,0,0,0,0,0,0,0,0,0,0,0,0,0,0,,,,,,,,,,,4,4, ,2726.27,0,0,0,193000,0,X500 ,41,0,0,Open,MEDFORD ,OR,975047647
cif_cust_id_00003,loan_id_0001,Commercial,298117.12,526.18,7.06,5/15/2026,2/15/2029,9717.88,0,0,,branch_id_05,10,M120,Monthly,0,Reg P&I, ,0,510,850000,0,850000,Installment,7857.73,1860.15,1860.15,268861.4,6970.83,1366.25,34,officer_id_061,2/19/2019,2/15/2019,2/15/2019,3/15/2019,9/14/2022,4/14/2026,969,,299612.3,% of Current Balance,0,FHLB 5_YR,2/15/2029,M060,365/360,5.99,4.39,0,0,,2/15/2029,2.67,0,0,5.99,0,0,1,0.05,0,9999999.99,0,0,0,0,0,0,0,0,0,0,0,0,0,0,0,0,0,0,0,0,0,0,0,0,0,,0,2/15/2026,0,0,0,0,0,0,0,0,0,0,0,0,0,0,0,0,,,,,,,,,,,5,5, ,90.08,0,0,0,999999,0,X500 ,41,0,0,Open,JACKSONVILLE ,OR,975301150
cif_cust_id_00030,loan_id_0008,Mortgage,98968.53,301.21,4.75,5/1/2026,6/1/2037,1050.07,285.21,0,,branch_id_15,29,M180,Monthly,0,Reg P&I, ,0,140,135000,0,135000,Installment,854.93,395.14,395.14,21840.72,1495.86,300.35,134,officer_id_050,5/26/2022,5/9/2022,6/1/2022,7/1/2022,,3/31/2026,0,,99269.74,No Prepayment Penatly,0,Fixed,, ,30/360 Am Sch,4.75,0,0,0,,,0,0,0,0,0,1953.7,1,0.05,0,9999999.99,0,0,0,0,0,0,0,0,0,0,0,0,0,0,0,0,66.46,0,0,0,0,0,0,0,0,,66.46,10/1/2025,0,0,0,0,0,1,0,0,0,0,0,0,0,0,0,0,,,,,,,,,,,5,5, ,0,0,0,0,0,0,X ,41,0,0,Open,MONTAGUE ,CA,960649458
cif_cust_id_00060,loan_id_0016,Commercial,1326030.46,8113.43,5.5,4/30/2026,2/29/2028,10023.81,0,0,,branch_id_18,22,M126,Monthly,0,Reg P&I, ,0,170,1616894.74,0,1616894.74,Installment,0,0,0,698233.34,22999.66,4659.52,23,officer_id_058,9/6/2017,9/6/2017,9/6/2017,3/30/2018,,3/14/2026,154,,1334297.89,% of Current Balance,0,Fixed,, ,365/360,0,0,0,0,,,0,0,0,0,0,0,50,0.05,10,9999999.99,0,0,0,0,0,0,0,0,0,0,0,0,0,0,0,0,0,0,0,0,0,0,0,0,0,,0,8/30/2025,0,0,0,0,0,0,0,0,0,0,0,0,0,0,0,0,,,,,,,,,,,5,0, ,1862.12,0,0,0,0,0,X ,41,0,0,Open,LEBANON ,OR,973559675
cif_cust_id_00077,loan_id_0019,Commercial,289823.63,1593.75,6.58,5/10/2026,8/10/2029,2740.91,0,0,8/10/2029,branch_id_09,18,M240,Monthly,0,Reg P&I,Y,120,120,356250,0,356250,Installment,1247.35,1493.56,1493.56,129358.29,6035.53,1221.39,40,officer_id_070,9/11/2019,9/11/2019,9/11/2019,9/10/2019,,3/24/2026,154,,291982.53,% of Current Balance,0,FHLB 5_YR,8/10/2029,M060,365/360,5.75,3.83,3,0,,8/10/2029,2.75,0,0,0,0,0,50,0.05,10,9999999.99,0,0,0,0,0,0,0,0,0,0,0,0,0,0,0,0,0,0,0,0,0,0,0,0,0,,0,4/10/2026,0,0,0,3,0,0,0,0,0,0,0,0,0,0,0,0,,,,,,,,,,,5,0, ,563.59,0,0,0,0,0, ,41,0,0,Open,SHEDD ,OR,973779769
cif_cust_id_00077,loan_id_0020,Commercial,201487.9,1107.96,6.58,5/10/2026,8/10/2029,1898.14,0,0,8/10/2029,branch_id_09,18,M240,Monthly,0,Reg P&I,Y,120,120,247500,0,247500,Installment,859.87,1038.27,1038.27,89885.18,4195.64,849.11,40,officer_id_070,9/11/2019,9/11/2019,9/11/2019,10/10/2019,,3/24/2026,154,,203224.41,% of Current Balance,0,FHLB 5_YR,8/10/2029,M060,365/360,5.75,3.83,3,0,,8/10/2029,2.75,0,0,0,0,0,50,0.05,10,9999999.99,0,0,0,0,0,0,0,0,0,0,0,0,0,0,0,0,0,0,0,0,94.91,0,0,0,0,,94.91,4/10/2026,0,0,0,4,0,2,0,0,0,0,0,0,0,0,0,0,,,,,,,,,,,5,0, ,255.05,0,0,0,0,0, ,41,0,0,Open,SHEDD ,OR,973779769
cif_cust_id_00107,loan_id_0028,Commercial,132190.3,454.88,6.52,5/5/2026,4/5/2038,1332.32,0,0,,Branch Not Assigned,42,M300,Monthly,0,Reg P&I, ,0,190,200000,0,200000,Installment,586.85,745.47,745.47,132282.02,2726.92,551.07,144,officer_id_011,4/5/2013,4/5/2013,4/5/2013,5/5/2013,4/5/2013,4/4/2026,154,,132799.18,No Prepayment Penatly,0,5_Yr Treasury,4/5/2028,M060,365/360,5.75,3.52,2.75,0,,4/5/2028,3,0,0,5.75,0,0,1,0.05,0,9999999.99,0,0,0,0,0,0,0,0,0,0,0,0,0,0,0,0,0,0,0,0,0,0,0,0,0,,0,7/5/2025,0,0,0,0,0,0,0,0,0,0,0,0,0,0,0,0,,,,,,,,,,,5,5, ,0,0,0,0,114595,0,X500 ,41,0,0,Open,ROGUE RIVER ,OR,975379747
cif_cust_id_00108,loan_id_0029,Commercial,37699.55,57.03,11.25,5/19/2026,1/19/2028,0,0,0,1/19/2028,Branch Not Assigned,41,M024,Monthly,0,Int Only,Y,24,530,0,50000,50000,Revolving,0,307.82,307.82,9702.7,946.72,235.34,21,officer_id_011,1/19/2024,1/19/2026,1/19/2024,2/19/2024,1/19/2026,4/18/2026,0,,37756.58,No Prepayment Penatly,0,WSJ Prime,,0000,365/360,13,6.75,8.5,0,,,4.5,0,0,0,0,0,1,0.05,0,9999999.99,0,0,0,0,0,0,0,0,0,0,0,0,0,0,0,0,0,0,0,0,0,0,0,0,0,,0,3/19/2026,0,0,0,2,1,0,0,0,0,0,0,0,0,0,0,0,,,,,,,,,,,5,5, ,0,0,0,0,352868,0, ,41,0,0,Open,MEDFORD ,OR,975049101
cif_cust_id_00195,loan_id_0039,Commercial,0,0,10.75,5/10/2026,6/10/2026,0,0,0,6/10/2026,Branch Not Assigned,,M012,Monthly,0,Int Only,Y,12,530,0,25000,25000,Revolving,121.61,_86.28,_86.28,70.06,65.83,0.18,_3,officer_id_011,6/13/2025,6/10/2025,6/13/2025,7/10/2025,,,0,,0,No Prepayment Penatly,0,WSJ Prime,,0000,365/360,11.5,6.75,7.5,0,,,4,0,0,5,0,0,1,0.05,0,9999999.99,0,0,0,0,0,0,0,0,0,0,0,0,0,0,0,0,0,0,0,0,0,0,0,0,0,,0,,0,0,0,0,0,0,0,0,0,0,0,0,0,0,0,0,,,,,,,,,,,5,5, ,0,0,0,0,433769,0, ,41,0,0,Open,ASHLAND ,OR,975201970
cif_cust_id_00234,loan_id_0043,Commercial,977519.56,3582.88,4.55,4/26/2026,8/26/2047,5996.18,0,0,,Branch Not Assigned,22,M300,Monthly,0,Reg P&I, ,0,190,962000,0,1066038,Installment,0,0,0,205646.21,14009.68,2841.59,257,officer_id_027,8/31/2021,8/26/2021,8/31/2021,9/26/2022,5/23/2023,3/25/2026,323,,991200.63,% of Current Balance,9775.19,FHLB 5_YR,8/26/2026,M060,365/360,4.55,4.52,3.25,0,,8/26/2026,3.16,0,0,4.55,0,0,1,0.05,0,9999999.99,0,0,0,0,0,0,0,0,0,0,0,0,0,0,0,0,0,0,0,0,0,0,0,0,0,,0,7/26/2025,0,0,0,0,0,0,0,0,0,0,0,0,0,0,0,0,,,,,,,,,,,5,5, ,2604.89,0,0,0,0,0,X500 ,41,0,0,Open,JACKSONVILLE ,OR,975300359
cif_cust_id_00286,loan_id_0056,Commercial,75920,592.9,11.25,4/30/2026,5/29/2026,0,0,0,5/29/2026,Branch Not Assigned,41,M002,Monthly,0,Int Only,Y,2,530,0,80000,80000,Revolving,0,0,0,9100.24,2694.46,545.52,2,officer_id_011,4/1/2025,3/31/2025,4/1/2025,4/30/2025,3/31/2026,3/29/2026,30,,76542.9,No Prepayment Penatly,0,WSJ Prime,,0000,365/360,12,6.75,7.5,0,,,4.5,0,0,0,0,0,1,0.05,0,9999999.99,0,0,0,0,0,0,0,0,0,0,0,0,0,0,0,0,0,0,0,0,0,0,0,0,0,,0,3/31/2026,0,0,0,0,0,0,0,0,0,0,0,0,0,0,0,0,,,,,,,,,,,5,5, ,0,0,0,0,999999,0, ,06,0,0,Open,CENTRAL POINT ,OR,975029448
cif_cust_id_19436,loan_id_0063,Installment,13045.28,82.56,8.25,4/27/2026,2/27/2030,327.14,0,0,,Branch Not Assigned,_1,M060,Monthly,0,Reg P&I, ,0,650,16000,0,16000,Installment,0,0,0,1298.1,342.21,67.81,47,officer_id_011,2/28/2025,2/27/2025,2/28/2025,3/27/2025,,3/26/2026,0,,13127.84,No Prepayment Penatly,0,Fixed,, ,365/365,8.25,0,8.25,0,,,0,0,0,0,0,0,1,0.05,0,9999999.99,0,0,0,0,0,0,0,0,0,0,0,0,0,0,0,0,0,0,0,0,0,0,0,0,0,,0,12/27/2025,0,0,0,0,0,0,0,0,0,0,0,0,0,0,0,0,,,,,,,,,,,5,5, ,0,0,0,0,3,0, ,41,0,0,Open,MEDFORD ,OR,975013896
cif_cust_id_19537,loan_id_0065,Mortgage,234461.11,997.57,6.38,5/1/2026,7/1/2052,1871.61,530.01,0,,branch_id_05,34,M360,Monthly,0,Reg P&I, ,0,140,300000,0,300000,Installment,1234.16,1252.13,1252.13,63241.11,4730.89,954.94,315,officer_id_050,6/28/2022,6/24/2022,7/1/2022,8/1/2022,,3/30/2026,0,,235458.68,No Prepayment Penatly,0,1_Yr Treasury,4/17/2032,M012,30/360 Am Sch,6.38,0,0,0,,6/1/2032,4.5,2,2,4.5,11.375,3297.56,1,0.05,0,9999999.99,0,0,0,0,0,0,0,0,0,0,0,0,0,0,0,0,0,0,0,0,0,0,0,0,0,,0,11/1/2025,0,0,0,0,0,0,0,0,0,0,0,0,0,0,0,0,,,,,,,,,,,5,5, ,0,0,0,0,3,0,X ,41,0,0,Open,CENTRAL POINT ,OR,975027306
cif_cust_id_09207,loan_id_0071,Revolving Credit,99397.48,717.76,7.75,5/4/2026,10/4/2032,0,0,0,10/4/2032,Branch Not Assigned,_4,M120,Monthly,0,Reg P&I,Y,120,180,0,100000,100000,Revolving,58.37,591.63,591.63,20095.51,2388.97,485.47,120,officer_id_011,10/11/2022,10/4/2022,10/11/2022,11/4/2022,,3/20/2026,154,,100269.24,No Prepayment Penatly,0,RVC Prime,5/1/2026,M001,365/365,7.25,6.75,6.25,0,,5/1/2026,1,1,1,6.5,18,0,1,0.05,0,9999999.99,0,0,0,0,0,0,0,0,0,0,0,0,0,0,0,0,0,0,0,0,0,0,0,0,0,,0,4/4/2026,0,0,0,0,0,0,0,0,0,0,0,0,0,0,0,0,,,,,,,,,,,5,5, ,0,0,0,0,3,0,X ,41,0,0,Open,ASHLAND ,OR,975203671
cif_cust_id_00558,loan_id_0076,Commercial,0,0,10.75,6/6/2026,2/6/2027,0,0,0,2/6/2027,Branch Not Assigned,,M012,Monthly,0,Int Only,Y,12,530,25000,25000,25000,Revolving,0,0,0,0,22.4,0,12,officer_id_011,2/9/2026,2/6/2026,2/9/2026,3/6/2026,,,0,,0,No Prepayment Penatly,0,WSJ Prime,,0000,365/360,10.75,0,6.75,0,,,4,0,0,5,0,0,1,0.05,0,9999999.99,0,0,0,0,0,0,0,0,0,0,0,0,0,0,0,0,0,0,0,0,0,0,0,0,0,,0,,0,0,0,0,0,0,0,0,0,0,0,0,0,0,0,0,,,,,,,,,,,5,5, ,0,0,0,0,440000,0, ,41,0,0,Open,KLAMATH FALLS ,OR,976015905
cif_cust_id_00654,loan_id_0080,Commercial,25000,223.96,10.75,4/25/2026,11/24/2026,0,0,0,11/24/2026,Branch Not Assigned,,M012,Monthly,0,Int Only,Y,12,530,0,25000,25000,Revolving,0,0,0,724.83,831.64,171.7,8,officer_id_011,11/25/2025,11/24/2025,11/25/2025,12/25/2025,,3/24/2026,0,,25223.96,No Prepayment Penatly,0,WSJ Prime,,0000,365/360,11,6.75,7,0,,,4,0,0,5,0,0,1,0.05,0,9999999.99,0,0,0,0,0,0,0,0,0,0,0,0,0,0,0,0,0,0,0,0,0,0,0,0,0,,0,,0,0,0,0,0,0,0,0,0,0,0,0,0,0,0,0,,,,,,,,,,,5,5, ,0,0,0,0,620000,0, ,41,0,0,Open,KLAMATH FALLS ,OR,976036905
cif_cust_id_00654,loan_id_0081,Commercial,37939.22,81.81,11.09,5/17/2026,12/17/2030,874.65,0,0,,Branch Not Assigned,40,M060,Monthly,0,Reg P&I, ,0,510,40000,0,40000,Installment,507.49,367.16,367.16,1437.82,1359.45,271.31,56,officer_id_011,12/19/2025,12/17/2025,12/19/2025,1/17/2026,,4/16/2026,30,,38051.03,No Prepayment Penatly,0,Fixed,, ,365/360,11.09,0,11.09,0,,,0,0,0,0,0,0,1,0.05,0,9999999.99,0,0,0,0,0,0,0,0,0,0,0,0,0,0,0,0,0,0,0,0,0,0,0,0,0,,0,1/17/2026,0,0,0,0,0,0,0,0,0,0,0,0,0,0,0,0,,,,,,,,,,,5,5, ,0,0,0,0,317324,0, ,41,0,0,Open,KLAMATH FALLS ,OR,976036905
cif_cust_id_00682,loan_id_0090,Commercial,0,0,11.25,5/15/2026,1/15/2027,0,0,0,1/15/2027,Branch Not Assigned,41,M012,Monthly,0,Int Only,Y,12,530,0,5000,5000,Non _ Revolving,0,0,0,0,0,0,12,officer_id_011,1/15/2025,1/15/2025,1/15/2025,2/15/2025,1/6/2026,,0,,0,No Prepayment Penatly,0,WSJ Prime,,0000,365/360,12,6.75,7.5,0,,,4.5,0,0,0,0,0,1,0.05,0,9999999.99,0,0,0,0,0,0,0,0,0,0,0,0,0,0,0,0,0,0,0,0,0,0,0,0,0,,0,,0,0,0,0,0,0,0,0,0,0,0,0,0,0,0,0,,,,,,,,,,,5,5, ,0,0,0,0,0,0, ,41,0,0,Open,GRANTS PASS ,OR,975275660
cif_cust_id_00504,loan_id_0091,Revolving Credit,24940.75,111.38,7.75,4/30/2026,3/30/2036,0,0,0,3/30/2036,Branch Not Assigned,_4,M120,Monthly,0,Reg P&I,Y,120,180,0,25000,25000,Revolving,49,0,0,0,111.38,111.38,120,officer_id_011,4/3/2026,3/30/2026,4/3/2026,4/30/2026,,4/2/2026,154,,25206.13,No Prepayment Penatly,0,RVC Prime,5/1/2026,M001,365/365,7.75,6.75,6.75,0,,5/1/2026,1,1,1,6.5,18,0,1,0.05,0,9999999.99,0,0,0,0,0,0,0,0,0,0,0,0,0,0,0,0,0,0,0,0,0,0,0,0,0,,0,,0,0,0,0,0,0,0,0,0,0,0,0,0,0,0,0,,,,,,,,,,,5,5, ,0,0,0,0,3,26,X ,41,0,0,Open,KLAMATH FALLS ,OR,976034933
cif_cust_id_00735,loan_id_0094,Commercial,395756.26,732.15,7.4,5/15/2026,1/15/2044,3368.81,0,0,,branch_id_03,22,M300,Monthly,0,Reg P&I, ,0,170,461250,0,461250,Installment,841.6,2527.21,2527.21,214119.13,9236.79,1873.47,213,officer_id_032,1/10/2019,1/10/2019,1/10/2019,2/15/2019,1/10/2019,4/14/2026,169,,396814.62,% of Current Balance,0,FHLB 5_YR,1/15/2029,M060,365/360,6.5,4.12,3.22,0,,1/15/2029,3.28,0,0,6.5,0,0,1,0.05,0,9999999.99,0,0,0,0,0,0,0,0,0,0,0,0,0,0,0,0,0,0,0,0,0,0,0,0,0,,0,2/15/2026,0,0,0,0,0,0,0,0,0,0,0,0,0,0,0,0,,,,,,,,,,,5,5, ,2019.61,0,0,0,0,0,X ,41,0,0,Open,ASHLAND ,OR,975209639
cif_cust_id_08366,loan_id_0096,Mortgage,211287.16,578.93,3.75,5/1/2026,5/1/2036,2099.85,0,0,,branch_id_15,29,M180,Monthly,0,Reg P&I, ,0,140,288750,0,288750,Installment,0,0,0,46466.83,2513.88,506.21,121,officer_id_050,4/30/2021,4/30/2021,5/1/2021,6/1/2021,,3/28/2026,0,,211866.09,No Prepayment Penatly,0,Fixed,, ,30/360 Am Sch,3.75,0,3.75,0,,,0,0,0,0,0,0,1,0.05,0,9999999.99,0,0,0,0,0,0,0,0,0,0,0,0,0,0,0,0,0,0,0,0,0,0,0,0,0,,0,6/1/2024,0,0,0,0,0,0,0,0,0,0,0,0,0,0,0,0,,,,,,,,,,,5,5, ,0,0,0,0,0,0,X ,41,0,0,Open,MEDFORD ,OR,975046307
cif_cust_id_01040,loan_id_0100,Commercial,312516.04,521.36,4.3,5/10/2026,10/10/2041,2315.44,0,0,,branch_id_10,22,M300,Monthly,0,Reg P&I, ,0,170,765000,0,765000,Installment,1155.35,1160.09,1160.09,153294.8,4243.68,858.55,186,officer_id_020,10/10/2016,10/10/2016,10/10/2016,11/10/2016,12/15/2016,4/9/2026,154,,313191.4,% of Current Balance,0,FHLB 5_YR,10/10/2026,M060,365/360,4.15,1.3,1.15,0,,10/10/2026,3,0,0,4.15,0,0,1,0.05,0,9999999.99,0,0,0,0,0,0,0,0,0,0,0,0,0,0,0,0,0,0,0,0,0,0,0,0,0,,0,,0,0,0,0,0,0,0,0,0,0,0,0,0,0,0,0,,,,,,,,,,,5,5, ,0,0,0,0,0,0,X ,41,0,0,Open,GRANTS PASS ,OR,975267104
cif_cust_id_01052,loan_id_0102,Commercial,207170.48,793.76,8.75,5/10/2026,9/10/2026,0,0,0,9/10/2026,branch_id_05,11,M012,Monthly,0,Int Only,Y,12,530,0,250000,200000,Revolving,83438.74,1372.75,1372.75,101442.76,5303.4,1210.32,5,officer_id_061,8/10/2016,8/10/2016,8/10/2016,7/10/2018,9/10/2025,4/7/2026,30,,207994.24,No Prepayment Penatly,0,WSJ Prime,,0000,365/360,5.75,6.75,3.5,0,,,2,0,0,8.5,0,0,1,0.05,0,9999999.99,0,0,0,0,0,0,0,0,0,0,0,0,0,0,0,0,0,0,0,0,0,0,0,0,0,,0,11/10/2025,0,0,0,1,0,0,0,0,0,0,0,0,0,0,0,0,,,,,,,,,,,5,5, ,0,0,0,0,999999,0, ,41,0,0,Open,MEDFORD ,OR,975010124
cif_cust_id_15892,loan_id_0106,Commercial,113987.21,548.61,6.83,5/15/2026,6/15/2029,3348.51,0,0,,branch_id_02,22,M120,Monthly,0,Reg P&I,N,0,170,375000,0,375000,Installment,2677.05,671.46,671.46,290732.46,2562.37,504.36,38,officer_id_064,1/20/2009,1/16/2009,1/16/2009,7/15/2019,4/15/2019,3/29/2026,154,,114689.82,% of Current Balance,0,FHLB 5_YR,6/15/2029,M060,365/360,6,4.58,3.75,0,,6/15/2029,2.25,0,0,0,0,0,50,0.05,10,9999999.99,0,0,0,0,0,0,0,0,0,0,0,0,0,0,0,0,0,0,0,0,0,0,0,0,0,,0,2/15/2026,0,0,0,0,0,0,0,0,0,0,0,0,0,0,0,0,,,,,,,,,,,5,0, ,0,0,0,0,0,0,X ,41,0,0,Open,LEBANON ,OR,973553810
cif_cust_id_01245,loan_id_0121,Commercial,0,0,10.75,5/26/2026,11/26/2026,0,0,0,12/26/2026,Branch Not Assigned,,M012,Monthly,0,Int Only,Y,12,530,0,25000,25000,Revolving,0,0,0,0,0,0,12,officer_id_011,11/26/2025,11/26/2025,11/26/2025,12/26/2025,,,0,,0,No Prepayment Penatly,0,WSJ Prime,,0000,365/360,11,6.75,7,0,,,4,0,0,5,0,0,1,0.05,0,9999999.99,0,0,0,0,0,0,0,0,0,0,0,0,0,0,0,0,0,0,0,0,0,0,0,0,0,,0,,0,0,0,0,0,0,0,0,0,0,0,0,0,0,0,0,,,,,,,,,,,5,5, ,0,0,0,0,211540,0, ,41,0,0,Open,KLAMATH FALLS ,OR,976013347
cif_cust_id_01261,loan_id_0124,Commercial,39698.24,154.63,6.67,5/3/2026,6/3/2034,535.19,0,0,,Branch Not Assigned,44,M130,Monthly,0,Reg P&I, ,0,140,37000,0,49220.72,Installment,320.08,229.92,229.92,10881.48,842.85,169.46,98,officer_id_011,6/3/2022,6/3/2022,6/3/2022,7/3/2022,8/4/2023,4/2/2026,154,,40006.87,No Prepayment Penatly,0,FHLB 5_YR,6/3/2027,M060,365/360,6.67,0,3.16,0,,6/3/2027,3.49,0,0,0,0,0,1,0.05,0,9999999.99,0,0,0,0,0,0,0,0,0,0,0,0,0,0,0,0,0,0,0,0,0,0,0,0,0,,6.76,4/3/2026,0,0,0,1,0,0,0,0,0,0,0,0,0,0,0,0,,,,,,,,,,,5,5, ,0,0,0,0,326147,0,X ,41,0,0,Open,ASHLAND ,OR,975201267
cif_cust_id_01267,loan_id_0127,Commercial,44784.38,202.13,9.75,5/10/2026,2/10/2027,0,0,0,2/10/2027,Branch Not Assigned,41,M024,Monthly,0,Int Only,Y,24,530,0,50000,50000,Revolving,215.62,284.38,284.38,11660.62,754.77,275.26,14,officer_id_011,11/10/2020,11/10/2020,11/10/2020,12/10/2020,2/10/2025,4/6/2026,30,,45016.51,No Prepayment Penatly,0,WSJ Prime,,0000,365/360,5.25,6.75,3.25,0,,,3,0,0,7.5,0,0,1,0.05,0,9999999.99,0,0,0,0,0,0,0,0,0,0,0,0,0,0,0,0,0,0,0,0,15.73,0,0,0,0,,26.56,9/10/2025,0,0,0,0,1,2,0,0,0,0,0,0,0,0,0,0,,,,,,,,,,,5,4+, ,0,0,0,0,999999,0, ,41,0,0,Open,KLAMATH FALLS ,OR,976010013
cif_cust_id_01309,loan_id_0133,Commercial,0,7.11,10.75,5/9/2026,12/9/2026,0,0,0,12/9/2026,Branch Not Assigned,,M012,Monthly,0,Int Only,Y,12,530,0,25000,25000,Revolving,500,0,0,0,7.11,0.75,12,officer_id_011,12/9/2025,12/9/2025,12/9/2025,1/9/2026,,,0,,7.11,No Prepayment Penatly,0,WSJ Prime,,0000,365/360,11,6.75,7,0,,,4,0,0,5,0,0,1,0.05,0,9999999.99,0,0,0,0,0,0,0,0,0,0,0,0,0,0,0,0,0,0,0,0,0,0,0,0,0,,0,,0,0,0,0,0,0,0,0,0,0,0,0,0,0,0,0,,,,,,,,,,,5,5, ,0,0,0,0,559833,0, ,41,0,0,Open,MEDFORD ,OR,975017808
cif_cust_id_11209,loan_id_0137,Mortgage,356112.04,1562.99,6.63,5/1/2026,3/1/2053,2369.15,0,0,,branch_id_15,34,M360,Monthly,0,Reg P&I, ,0,140,370000,0,370000,Installment,0,0,0,74351.91,7418.63,1507.29,323,officer_id_050,2/17/2023,2/16/2023,2/27/2023,4/1/2023,,3/30/2026,0,,357675.03,No Prepayment Penatly,0,1_Yr Treasury,12/18/2027,M012,30/360 Am Sch,6.63,0,4.79,0,,2/1/2028,2.375,2,2,2.375,11.625,0,1,0.05,0,9999999.99,0,0,0,0,0,0,0,0,0,0,0,0,0,0,0,0,0,0,0,0,0,0,0,0,0,,0,11/1/2025,0,0,0,1,1,0,0,0,0,0,0,0,0,0,0,0,,,,,,,,,,,5,5, ,2150.05,0,0,0,3,0,X ,32,0,0,Open,MEDFORD ,OR,975012725
cif_cust_id_06494,loan_id_0142,Installment,44325.75,49.19,4.5,5/15/2026,11/15/2041,330.43,0,0,,Branch Not Assigned,_1,M240,Monthly,0,Reg P&I,N,0,650,52111.5,0,52111.5,Installment,160.98,170.02,170.02,9756.68,622.35,125.97,187,officer_id_011,10/27/2021,10/27/2021,10/27/2021,12/15/2021,,4/14/2026,0,,44374.94,No Prepayment Penatly,0,Fixed,, ,365/365,4.5,0,4.5,0,,,0,0,0,0,0,0,1,0.05,0,9999999.99,0,0,0,0,0,0,0,0,0,0,0,0,0,0,0,0,0,0,0,0,0,0,0,0,0,,0,2/15/2026,0,0,0,0,0,0,0,0,0,0,0,0,0,0,0,0,,,,,,,,,,,5,5, ,0,0,0,0,0,52, ,41,0,0,Open,EAGLE POINT ,OR,975240545
cif_cust_id_01348,loan_id_0146,Commercial,0,0,10.75,6/2/2026,2/2/2027,0,0,0,2/2/2027,Branch Not Assigned,,M012,Monthly,0,Int Only,Y,12,530,0,25000,25000,Revolving,0,0,0,0,0,0,12,officer_id_011,2/4/2026,2/2/2026,2/4/2026,3/2/2026,,,0,,0,No Prepayment Penatly,0,WSJ Prime,,0000,365/360,10.75,0,6.75,0,,,4,0,0,5,0,0,1,0.05,0,9999999.99,0,0,0,0,0,0,0,0,0,0,0,0,0,0,0,0,0,0,0,0,0,0,0,0,0,,0,,0,0,0,0,0,0,0,0,0,0,0,0,0,0,0,0,,,,,,,,,,,5,5, ,0,0,0,0,999999,0, ,41,0,0,Open,JACKSONVILLE ,OR,975309237
cif_cust_id_01358,loan_id_0147,Commercial,24036.35,222.5,10.75,4/24/2026,12/24/2030,542.35,0,0,,Branch Not Assigned,,M060,Monthly,0,Reg P&I, ,0,520,25000,0,25000,Installment,0,0,0,663.4,826.18,165.08,57,officer_id_011,12/24/2025,12/24/2025,12/24/2025,1/24/2026,,3/23/2026,0,,24258.85,No Prepayment Penatly,0,Fixed,, ,365/360,10.75,0,10.75,0,,,0,0,0,0,0,0,1,0.05,0,9999999.99,0,0,0,0,0,0,0,0,0,0,0,0,0,0,0,0,0,0,0,0,0,0,0,0,0,,0,,0,0,0,0,0,0,0,0,0,0,0,0,0,0,0,0,,,,,,,,,,,5,5, ,0,0,0,0,999999,0, ,41,0,0,Open,GRANTS PASS ,OR,975268270
cif_cust_id_15766,loan_id_0149,Mortgage,19408.56,2163.9,5.38,5/1/2026,6/1/2033,276.23,985.48,0,6/1/2033,branch_id_15,29,M181,Monthly,0,Reg P&I,Y,181,140,160000,0,160000,Installment,188.37,87.86,87.86,34248.06,332.81,66.71,86,officer_id_050,5/14/2018,5/14/2018,5/14/2018,7/1/2018,5/14/2018,4/7/2024,0,,21572.46,No Prepayment Penatly,0,Fixed,, ,30/360 Am Sch,0,0,0,0,,,0,0,0,0,0,2508.64,1,0.05,0,9999999.99,0,0,0,0,0,0,0,0,0,0,0,0,0,0,0,0,0,0,0,0,0,0,0,0,0,,263.15,4/1/2026,0,0,0,4,0,0,0,0,0,0,0,0,0,0,0,0,,,,,,,,,,,5,5, ,0,0,0,0,0,0,C* ,41,0,0,Open,JACKSONVILLE ,OR,975309088
cif_cust_id_01450,loan_id_0155,Commercial,18382.32,10.55,0.92,5/1/2026,1/1/2049,66.74,0,0,,branch_id_10,10,M300,Monthly,1,Reg P&I, ,0,510,20000,0,20000,Installment,60.51,14.14,14.14,410.47,53.37,10.81,271,officer_id_020,12/7/2023,12/7/2023,12/7/2023,2/1/2024,,4/1/2026,0,,18392.87,No Prepayment Penatly,0,Fixed,, ,30/360 Curr Bal,0.92,0,0.92,0,,,0,0,0,0,0,0,0,0,0,0,0,0,0,0,0,0,0,0,0,0,0,0,0,0,0,0,0,0,0,0,0,0,0,0,0,,0,4/1/2026,0,0,0,0,6,6,0,0,0,0,0,0,0,0,0,0,,,,,,,,,,,5,5,A,0,0,0,0,0,0, ,41,0,0,Open,ENTERPRISE ,OR,978281331
cif_cust_id_13103,loan_id_0163,Mortgage,198042.79,780.95,7.5,5/1/2026,10/1/2053,1419.41,628.03,0,,branch_id_15,29,M360,Monthly,0,Reg P&I, ,0,140,203000,0,203000,Installment,0,0,0,37627.85,4668.99,948.95,330,officer_id_050,10/3/2023,9/27/2023,10/1/2023,11/1/2023,,4/4/2026,0,,198823.74,No Prepayment Penatly,0,1_Yr Treasury,7/18/2030,M012,30/360 Am Sch,7.5,0,5.37,0,,9/1/2030,2.625,2,2,7.5,12.5,1525.8,1,0.05,0,9999999.99,0,0,0,0,0,0,0,0,0,0,0,0,0,0,0,0,0,0,0,0,0,0,0,0,0,,0,11/1/2025,0,0,0,0,0,0,0,0,0,0,0,0,0,0,0,0,,,,,,,,,,,5,5, ,1855.92,0,0,0,0,0,X* ,41,0,0,Open,EAGLE POINT ,OR,975244470
cif_cust_id_15812,loan_id_0164,Revolving Credit,90651.68,191.21,7.75,5/28/2026,9/28/2033,0,0,0,9/28/2033,Branch Not Assigned,_4,M120,Monthly,0,Reg P&I,Y,120,180,0,100000,100000,Revolving,0,588.62,588.62,13058.73,2190.53,438.67,120,officer_id_011,10/3/2023,9/28/2023,10/3/2023,10/28/2023,,4/13/2026,154,,90996.89,No Prepayment Penatly,0,RVC Prime,5/1/2026,M001,365/365,9.5,6.75,8.5,0,,5/1/2026,1,1,1,6,18,0,1,0.05,0,9999999.99,0,0,0,0,0,0,0,0,0,0,0,0,0,0,0,0,0,0,0,0,0,0,0,0,0,,0,1/28/2024,0,0,0,0,0,0,0,0,0,0,0,0,0,0,0,0,,,,,,,,,,,5,5, ,0,0,0,0,72000,39,X* ,41,0,0,Open,GRANTS PASS ,OR,975277677
cif_cust_id_01483,loan_id_0165,Commercial,286504.96,62.79,8,5/23/2026,4/23/2031,5806.83,0,0,,branch_id_05,13,M120,Monthly,0,Reg P&I,N,0,510,500000,0,500000,Installment,3834.11,1972.72,1972.72,135702.26,7323.08,1462.78,60,officer_id_061,4/23/2021,4/23/2021,4/23/2021,5/23/2021,,4/22/2026,184,,286751.75,No Prepayment Penatly,0,WSJ Prime,4/23/2027,M012,365/365,5.5,6.75,3.25,0,,4/23/2027,2.25,0,0,3,8,0,1,0.05,0,9999999.99,0,0,0,0,0,0,0,0,0,0,0,0,0,0,0,0,0,0,0,0,0,0,0,0,0,,0,8/23/2025,0,0,0,0,0,0,0,0,0,0,0,0,0,0,0,0,,,,,,,,,,,5,5, ,0,0,0,0,854953,0,X ,41,90,0,Open,GRANTS PASS ,OR,975265813
cif_cust_id_00630,loan_id_0151,Revolving Credit,18512.16,24.85,7,5/13/2026,1/13/2033,0,0,0,1/13/2033,Branch Not Assigned,_4,M120,Monthly,0,Reg P&I,Y,120,180,0,30000,30000,Revolving,159.12,171.96,171.96,4924.89,420.99,82.15,120,officer_id_011,1/19/2023,1/13/2023,1/19/2023,2/13/2023,,4/16/2026,154,,18691.01,No Prepayment Penatly,0,RVC Prime,5/1/2026,M001,365/365,7.75,6.75,7.5,0,,5/1/2026,0.25,1,1,6,18,0,1,0.05,0,9999999.99,0,0,0,0,0,0,0,0,0,0,0,0,0,0,0,0,0,0,0,0,0,0,0,0,0,,0,9/13/2025,0,0,0,0,0,0,0,0,0,0,0,0,0,0,0,0,,,,,,,,,,,5,5, ,0,0,0,0,3,6,X ,41,0,0,Open,LEBANON ,OR,973559122
cif_cust_id_01494,loan_id_0168,Commercial,45588.18,236.3,11.25,5/5/2026,5/5/2026,0,0,0,5/5/2026,Branch Not Assigned,41,M012,Monthly,0,Int Only,Y,12,530,0,100000,100000,Revolving,0,0,0,25338.92,2223.9,327.66,1,officer_id_011,5/8/2023,5/5/2023,5/8/2023,6/5/2023,5/5/2025,4/6/2026,15,,45839.48,No Prepayment Penatly,0,WSJ Prime,,0000,365/360,12.75,6.75,8.25,0,,,4.5,0,0,0,0,0,1,0.05,0,9999999.99,0,0,0,0,0,0,0,0,0,0,0,0,0,0,0,0,0,0,0,0,0,0,0,0,0,,0,7/5/2025,0,0,0,1,0,0,0,0,0,0,0,0,0,0,0,0,,,,,,,,,,,5,5, ,0,0,0,0,999999,0, ,41,0,0,Open,MEDFORD ,OR,975019514
cif_cust_id_02647,loan_id_0173,Installment,7248.16,52.92,10.25,4/29/2026,4/29/2029,229.37,0,0,,Branch Not Assigned,_1,M048,Monthly,0,Reg P&I, ,0,670,9000,0,9000,Installment,0,0,0,771.23,238.11,46.81,37,officer_id_011,4/29/2025,4/29/2025,4/29/2025,5/29/2025,,3/28/2026,0,,7301.08,No Prepayment Penatly,0,Fixed,, ,365/365,10.25,0,10.25,0,,,0,0,0,0,0,0,1,0.05,0,9999999.99,0,0,0,0,0,0,0,0,0,0,0,0,0,0,0,0,0,0,0,0,0,0,0,0,0,,0,11/29/2025,0,0,0,0,0,0,0,0,0,0,0,0,0,0,0,0,,,,,,,,,,,5,5, ,0,0,0,0,53268,0, ,41,0,0,Open,PHOENIX ,OR,975359630
cif_cust_id_18844,loan_id_0179,Mortgage,293512.57,1408.3,7.5,5/1/2026,3/1/2054,2094.36,0,0,,branch_id_15,38,M368,Monthly,0,Reg P&I, ,0,140,0,0,332000,Installment,258.29,1836.07,1836.07,52362.34,6919.42,1406.41,338,officer_id_050,6/27/2023,6/26/2023,6/26/2023,8/1/2023,2/21/2024,3/31/2026,0,,294920.87,No Prepayment Penatly,0,1_Yr Treasury,5/17/2034,M012,30/360 Am Sch,7.5,0,5.02,0,,7/1/2034,3,2,2,7.5,12.5,0,1,0.05,0,9999999.99,0,0,0,0,0,0,0,0,0,0,0,0,0,0,0,0,0,0,0,0,0,0,0,0,0,,0,4/1/2026,0,0,0,0,1,0,0,0,0,0,0,0,0,0,0,0,,,,,,,,,,,5,5, ,0,0,0,0,3,0,X ,41,0,0,Open,MANTECA ,CA,953375747
cif_cust_id_13236,loan_id_0180,Revolving Credit,1022.67,5.8,7.25,5/19/2026,8/19/2026,0,0,0,,Branch Not Assigned,_4,M120,Monthly,0,Reg P&I, ,0,180,0,20000,20000,Revolving,984.12,15.88,15.88,3670.17,72,8.19,65,officer_id_011,8/19/2016,8/19/2016,8/19/2016,9/19/2016,8/19/2016,3/25/2026,154,,1182.47,No Prepayment Penatly,0,RVC Prime,5/1/2026,M001,365/365,6,6.75,5.5,0,,5/1/2026,0.5,1,1,6,18,0,1,0.05,0,9999999.99,0,0,0,0,0,0,0,0,0,0,0,0,0,0,0,0,0,0,0,0,0,0,0,0,0,,0,7/19/2025,0,0,0,0,0,0,0,0,0,0,0,0,0,0,0,0,,,,,,,,,,,5,5, ,0,0,0,0,0,0,X ,41,0,0,Open,EAGLE POINT ,OR,975241189
cif_cust_id_01550,loan_id_0190,Commercial,1812693.34,9818.06,6.49,5/10/2026,6/10/2028,18087.5,0,0,6/10/2028,branch_id_18,35,M240,Monthly,0,Reg P&I,Y,120,160,0,0,2475000,Installment,8879.87,9207.63,9207.63,946093.85,37227.18,7519.33,26,officer_id_058,6/5/2018,6/5/2018,6/5/2018,7/10/2018,,3/24/2026,154,,1822665.4,% of Current Balance,0,FHLB 5_YR,6/10/2028,M060,365/360,5.1,4.24,2.85,0,,6/10/2028,2.25,0,0,0,0,0,50,0.05,10,9999999.99,0,0,0,0,0,0,0,0,0,0,0,0,0,0,0,0,0,0,0,0,0,0,0,0,0,,0,,0,0,0,0,0,0,0,0,0,0,0,0,0,0,0,0,,,,,,,,,,,5,0, ,3695.18,0,0,0,0,0,X ,06,0,0,Open,SALEM ,OR,973021902
cif_cust_id_01559,loan_id_0192,Commercial,3886744.19,12577.12,5.12,5/1/2026,11/1/2031,15000,0,0,,branch_id_18,22,M150,Monthly,1,Reg P&I, ,0,190,0,0,4239309,Installment,8548.21,16401.85,16401.85,1266211.46,61870.44,12547.15,_44,officer_id_058,4/30/2019,4/30/2019,4/30/2019,8/1/2022,,3/31/2026,0,,3899321.31,No Prepayment Penatly,0,Fixed,, ,365/365,0,0,0,0,,,0,0,0,0,0,0,0,0,0,0,0,0,0,0,0,0,0,0,0,0,0,0,0,0,0,0,0,0,0,0,0,0,0,0,0,,0,3/1/2026,0,0,0,2,0,0,0,0,0,0,0,0,0,0,0,0,,,,,,,,,,,5,0,A,4522.9,0,0,0,0,0, ,41,0,0,Open,SPRINGFIELD ,OR,974771192
cif_cust_id_12688,loan_id_0196,Mortgage,122288.57,397.96,5.08,5/1/2026,8/1/2034,1502.49,222.79,0,,branch_id_15,29,M180,Monthly,0,Reg P&I, ,0,140,189000,0,189000,Installment,980.65,521.84,521.84,53922.42,1974.8,396.89,100,officer_id_050,7/25/2019,7/23/2019,7/25/2019,9/1/2019,,3/31/2026,0,,122686.53,No Prepayment Penatly,0,Fixed,, ,30/360 Am Sch,5.08,0,0,0,,,0,0,0,0,0,1386.53,1,0.05,0,9999999.99,0,0,0,0,0,0,0,0,0,0,0,0,0,0,0,0,0,0,0,0,0,0,0,0,0,,0,11/1/2025,0,0,0,0,0,0,0,0,0,0,0,0,0,0,0,0,,,,,,,,,,,5,5, ,0,0,0,0,0,0,C ,41,0,0,Open,ASHLAND ,OR,975202619
Borrower Not Found,loan_id_0422,Revolving Credit,0,0,7.75,5/18/2026,11/18/2029,0,0,0,11/18/2029,Branch Not Assigned,_4,M120,Monthly,0,Reg P&I,Y,120,180,0,150000,150000,Revolving,0,0,0,6641.89,0,0,120,officer_id_011,11/18/2019,11/12/2019,11/18/2019,12/18/2019,,,154,,154,No Prepayment Penatly,0,RVC Prime,5/1/2026,M001,365/365,6.5,6.75,4.75,0,,5/1/2026,1,1,1,6.5,18,0,1,0.05,0,9999999.99,0,0,0,0,0,0,0,0,0,0,0,0,0,0,0,0,0,0,0,0,0,0,0,0,0,,0,1/18/2021,0,0,0,0,0,0,0,0,0,0,0,0,0,0,0,0,,,,,,,,,,,5,5, ,0,0,0,0,0,0,X ,41,0,0,Open,CENTRAL POINT ,OR,975021053
cif_cust_id_01788,loan_id_0226,Commercial,19457.94,23.24,10.75,5/20/2026,2/20/2031,433.73,0,0,,Branch Not Assigned,,M060,Monthly,0,Reg P&I, ,0,510,20000,0,20000,Installment,251.37,182.36,182.36,331.67,354.91,135.07,58,officer_id_011,2/23/2026,2/20/2026,2/23/2026,3/20/2026,,4/19/2026,0,,19481.18,No Prepayment Penatly,0,Fixed,, ,365/360,10.75,0,10.75,0,,,0,0,0,0,0,0,1,0.05,0,9999999.99,0,0,0,0,0,0,0,0,0,0,0,0,0,0,0,0,0,0,0,0,0,0,0,0,0,,0,,0,0,0,0,0,0,0,0,0,0,0,0,0,0,0,0,,,,,,,,,,,5,5, ,0,0,0,0,105811,0, ,41,0,0,Open,CENTRAL POINT ,OR,975029650
cif_cust_id_01789,loan_id_0227,Commercial,3393.51,_27.64,10.75,6/20/2026,2/20/2027,0,0,0,2/20/2027,Branch Not Assigned,,M012,Monthly,0,Int Only,Y,12,530,0,25000,25000,Revolving,143.82,56.18,56.18,93.51,65.87,24.12,10,officer_id_011,2/23/2026,2/20/2026,2/23/2026,3/20/2026,,5/20/2026,0,,3365.87,No Prepayment Penatly,0,WSJ Prime,,0000,365/360,10.75,0,10.75,0,,,4,0,0,5,0,0,1,0.05,0,9999999.99,0,0,0,0,0,0,0,0,0,0,0,0,0,0,0,0,0,0,0,0,0,0,0,0,0,,0,,0,0,0,0,0,0,0,0,0,0,0,0,0,0,0,0,,,,,,,,,,,5,5, ,0,0,0,0,160000,0, ,41,0,0,Open,CENTRAL POINT ,OR,975029650
cif_cust_id_01809,loan_id_0230,Commercial,155047.79,305.05,7.1,5/14/2026,7/14/2040,1568.74,716.45,0,,Branch Not Assigned,22,M300,Monthly,0,Reg P&I, ,0,170,267000,0,267000,Installment,617.84,950.9,950.9,115493.69,3486.28,703.99,171,officer_id_011,7/14/2015,7/14/2015,7/14/2015,8/14/2015,7/14/2015,4/13/2026,154,,155506.84,No Prepayment Penatly,0,FHLB 5_YR,7/14/2030,M060,365/360,4.55,4.1,1.55,0,,7/14/2030,3,0,0,4.55,0,3855.98,1,0.05,0,9999999.99,0,0,0,0,0,0,0,0,0,0,0,0,0,0,0,0,0,0,0,0,0,0,0,0,0,,0,5/14/2024,0,0,0,0,0,0,0,0,0,0,0,0,0,0,0,0,,,,,,,,,,,5,5, ,0,0,0,0,123806,0,X ,41,0,0,Open,CENTRAL POINT ,OR,975025001
cif_cust_id_06798,loan_id_0232,Commercial,68230,2204.2,7.5,5/22/2026,9/22/2031,1236.13,0,0,9/22/2031,Branch Not Assigned,42,M223,Monthly,0,Reg P&I,Y,220,190,680000,0,680000,Installment,790.89,445.24,445.24,360942.55,1649.18,329.58,65,officer_id_011,12/22/2006,12/22/2006,12/22/2006,6/22/2013,5/20/2024,11/19/2025,154,,70588.2,No Prepayment Penatly,0,5_Yr Treasury,5/22/2028,M060,365/360,9,3.45,6,0,,5/22/2028,3,0,0,7.5,0,0,1,0.05,0,9999999.99,0,0,0,0,0,0,0,0,0,0,0,0,0,0,0,0,0,0,0,0,0,0,0,0,2176.59,,496.51,1/22/2026,0,0,0,2,1,0,0,0,0,0,0,0,0,0,0,0,,,,,,,,,,,5,5, ,0,0,0,0,3,0,X ,41,0,0,Open,EAGLE POINT ,OR,975245629
cif_cust_id_02059,loan_id_0237,Mortgage,538243.33,1029.49,6.63,5/1/2026,7/1/2054,4130.01,0,0,7/1/2054,branch_id_15,38,M372,Monthly,0,Reg P&I,Y,372,140,0,0,645000,Installment,1152.1,2977.91,2977.91,68849.51,11230.87,2278.19,346,officer_id_050,6/26/2023,6/23/2023,6/26/2023,8/1/2023,,4/13/2026,0,,539272.82,No Prepayment Penatly,0,1_Yr Treasury,5/17/2029,M012,30/360 Am Sch,6.63,0,5.02,0,,7/1/2029,2.25,2,2,6.625,11.625,0,1,0.05,0,9999999.99,0,0,0,0,0,0,0,0,0,0,0,0,0,0,0,0,0,0,0,0,0,0,0,0,0,,0,4/1/2026,0,0,0,0,0,0,0,0,0,0,0,0,0,0,0,0,,,,,,,,,,,5,5, ,0,0,0,0,3,0,X ,41,0,0,Open,MEDFORD ,OR,975049192
cif_cust_id_01892,loan_id_0238,Commercial,2895349.21,7480.82,4.65,5/4/2026,4/4/2052,16123.63,0,0,,branch_id_18,35,M360,Monthly,0,Reg P&I, ,0,160,3054000,0,3054000,Installment,4508.49,11615.14,11615.14,564994.32,42388.19,8604.51,312,officer_id_058,4/6/2022,4/4/2022,4/6/2022,5/4/2022,,4/3/2026,154,,2931937.52,% of Current Balance,28953.49,FHLB 5_YR,4/4/2027,M060,365/360,4.65,0,4.65,0,,4/4/2027,2.813,0,0,4.095,0,0,1,0.05,0,9999999.99,0,0,0,0,0,0,0,0,0,0,0,0,0,0,0,0,0,0,0,0,0,0,0,0,0,,0,4/4/2026,0,0,0,1,0,0,0,0,0,0,0,0,0,0,0,0,,,,,,,,,,,5,5, ,18024.22,0,0,0,322700,0,X ,41,0,0,Open,KEIZER ,OR,973035985
cif_cust_id_03280,loan_id_0239,Mortgage,334036.13,1491.75,6.99,5/1/2026,8/1/2053,2286.33,518.4,0,,branch_id_15,29,M360,Monthly,0,Reg P&I, ,0,140,344000,0,344000,Installment,338.6,1947.73,1947.73,64582.17,7340.82,1491.75,328,officer_id_050,8/14/2023,7/10/2023,7/11/2023,9/1/2023,,3/31/2026,0,,335527.88,No Prepayment Penatly,0,Fixed,, ,30/360 Am Sch,6.99,0,6.99,0,,,0,0,0,0,0,3390.63,1,0.05,0,9999999.99,0,0,0,0,0,0,0,0,0,0,0,0,0,0,0,0,0,0,0,0,0,0,0,0,0,,0,4/1/2026,0,0,0,12,0,0,0,0,0,0,0,0,0,0,0,0,,,,,,,,,,,5,5, ,78.01,0,0,0,3,0,X ,41,0,0,Open,MEDFORD ,OR,975047769
cif_cust_id_15671,loan_id_0241,Mortgage,97258.56,411.64,6.63,5/1/2026,10/1/2053,673.76,0,0,,branch_id_15,38,M360,Monthly,0,Reg P&I, ,0,140,0,0,197000,Installment,0,0,0,19058.68,2037.71,411.67,330,officer_id_050,4/17/2023,4/12/2023,4/12/2023,11/1/2023,10/5/2023,3/31/2026,0,,97670.2,No Prepayment Penatly,0,1_Yr Treasury,3/17/2031,M012,30/360 Am Sch,6.63,0,6.63,0,,5/1/2031,2.625,2,2,6.625,11.625,0,1,0.05,0,9999999.99,0,0,0,0,0,0,0,0,0,0,0,0,0,0,0,0,0,0,0,0,0,0,0,0,0,,0,11/1/2025,0,0,0,0,0,0,0,0,0,0,0,0,0,0,0,0,,,,,,,,,,,5,5, ,0,0,0,0,3,0,X ,41,0,0,Open,CENTRAL POINT ,OR,975028713
cif_cust_id_04303,loan_id_0243,Revolving Credit,7078.07,5.16,8.75,6/5/2026,9/5/2029,0,0,0,9/5/2029,Branch Not Assigned,_2,M060,Monthly,0,Reg P&I,Y,60,630,0,15725,15725,Revolving,154.71,45.29,45.29,608.32,83.23,36.49,60,officer_id_011,9/6/2024,9/5/2024,9/5/2024,10/5/2024,,4/20/2026,0,,7083.23,No Prepayment Penatly,0,RVC Prime,5/1/2026,M001,365/365,10.5,6.75,8.5,0,,5/1/2026,2,1,1,0,18,0,1,0.05,0,9999999.99,0,0,0,0,0,0,0,0,0,0,0,0,0,0,0,0,0,0,0,0,0,0,0,0,0,,0,,0,0,0,0,0,0,0,0,0,0,0,0,0,0,0,0,,,,,,,,,,,5,5, ,0,0,0,0,105684,21, ,41,0,0,Open,JACKSONVILLE ,OR,975309655
cif_cust_id_01687,loan_id_0254,Revolving Credit,100000,467.13,7.75,5/15/2026,7/15/2034,0,0,0,7/15/2034,Branch Not Assigned,_4,M120,Monthly,0,Reg P&I,Y,120,180,0,100000,100000,Revolving,0,636.98,636.98,12887.58,2399.33,488.36,120,officer_id_011,7/19/2024,7/15/2024,7/19/2024,8/15/2024,,4/1/2026,154,,100621.13,No Prepayment Penatly,0,RVC Prime,5/1/2026,M001,365/365,9.5,6.75,8.5,0,,5/1/2026,1,1,1,6.5,18,0,1,0.05,0,9999999.99,0,0,0,0,0,0,0,0,0,0,0,0,0,0,0,0,0,0,0,0,0,0,0,0,0,,0,2/15/2026,0,0,0,0,0,0,0,0,0,0,0,0,0,0,0,0,,,,,,,,,,,5,5, ,0,0,0,0,480336,36,X ,41,0,0,Open,WHITE CITY ,OR,975039505
cif_cust_id_02017,loan_id_0255,Commercial,120832.2,57.73,8.6,5/22/2026,9/22/2048,1025.58,0,0,,branch_id_05,22,M300,Monthly,0,Reg P&I, ,0,190,125000,0,125000,Installment,129.89,895.69,895.69,27625.18,3271.4,664.55,269,officer_id_061,9/25/2023,9/22/2023,9/25/2023,10/22/2023,,4/21/2026,154,,122252.25,% of Current Balance,1208.32,FHLB 3_YR,9/22/2026,M036,365/360,8.6,0,4.93,0,,9/22/2026,3.75,0,0,7.6,0,0,1,0.05,0,9999999.99,0,0,0,0,0,0,0,0,0,0,0,0,0,0,0,0,0,0,0,0,0,0,0,0,0,,0,10/22/2023,0,0,0,0,0,0,0,0,0,0,0,0,0,0,0,0,,,,,,,,,,,5,5, ,0,0,0,0,0,0,X500 ,41,0,0,Open,MEDFORD ,OR,975039505
cif_cust_id_02017,loan_id_0256,Commercial,103891.27,173.29,6.67,5/15/2026,10/15/2049,737.88,0,0,,branch_id_05,22,M300,Monthly,0,Reg P&I, ,0,190,106500,0,106500,Installment,140.25,597.63,597.63,10673.11,2182.26,443.14,282,officer_id_061,10/15/2024,10/8/2024,10/15/2024,11/15/2024,,4/14/2026,154,,106296.38,% of Current Balance,2077.82,FHLB 3_YR,10/15/2027,M036,365/360,6.67,0,3.64,0,,10/15/2027,3.05,0,0,5.67,0,0,1,0.05,0,9999999.99,0,0,0,0,0,0,0,0,0,0,0,0,0,0,0,0,0,0,0,0,0,0,0,0,0,,0,4/15/2026,0,0,0,0,0,0,0,0,0,0,0,0,0,0,0,0,,,,,,,,,,,5,5, ,0,0,0,0,0,0,X ,41,0,0,Open,MEDFORD ,OR,975039505
cif_cust_id_12225,loan_id_0259,Commercial,41832.9,66.23,9.5,5/18/2026,8/18/2036,559.39,0,0,,Branch Not Assigned,42,M300,Monthly,0,Reg P&I, ,0,170,100000,0,100000,Installment,454.06,345.94,345.94,72844.63,1277.61,255.94,124,officer_id_011,8/18/2011,8/18/2011,8/18/2011,9/18/2011,10/26/2023,4/17/2026,467,,42366.13,No Prepayment Penatly,0,WSJ Prime,8/18/2026,M012,365/360,6,7.5,4,0,,8/18/2026,2,0,0,6,0,0,1,0.05,0,9999999.99,0,0,0,0,0,0,0,0,0,0,0,0,0,0,0,0,0,0,0,0,0,0,0,0,0,,0,4/18/2026,0,0,0,0,0,0,0,0,0,0,0,0,0,0,0,0,,,,,,,,,,,5,5, ,0,0,0,0,109045,0,X ,41,0,0,Open,MEDFORD ,OR,975046124
cif_cust_id_08257,loan_id_0266,Revolving Credit,0,0,7.75,6/10/2026,6/10/2031,0,0,0,6/10/2031,Branch Not Assigned,_4,M120,Monthly,0,Reg P&I,Y,120,180,0,100000,100000,Revolving,0,0,0,0,0,0,120,officer_id_011,6/15/2021,6/10/2021,6/15/2021,7/10/2021,,,154,,154,No Prepayment Penatly,0,RVC Prime,5/1/2026,M001,365/365,5.5,6.75,3.25,0,,5/1/2026,1,1,1,5.5,17,0,1,0.05,0,9999999.99,0,0,0,0,0,0,0,0,0,0,0,0,0,0,0,0,0,0,0,0,0,0,0,0,0,,0,,0,0,0,0,0,0,0,0,0,0,0,0,0,0,0,0,,,,,,,,,,,5,5, ,0,0,0,0,0,0,X ,41,0,0,Open,MEDFORD ,OR,975049080
cif_cust_id_15893,loan_id_0274,Revolving Credit,0,0,8.75,5/19/2026,8/19/2026,0,0,0,8/19/2026,Branch Not Assigned,_2,M060,Monthly,0,Reg P&I,Y,60,630,0,40000,40000,Revolving,0,0,0,0.33,0,0,60,officer_id_011,8/23/2021,8/19/2021,8/23/2021,9/19/2021,,,0,,0,No Prepayment Penatly,0,RVC Prime,5/1/2026,M001,365/365,5.25,6.75,3.25,0,,5/1/2026,2,1,1,0,18,0,1,0.05,0,9999999.99,0,0,0,0,0,0,0,0,0,0,0,0,0,0,0,0,0,0,0,0,0,0,0,0,0,,0,8/19/2025,0,0,0,1,0,0,0,0,0,0,0,0,0,0,0,0,,,,,,,,,,,5,5, ,0,0,0,0,0,18.4, ,41,0,0,Open,GRANTS PASS ,OR,975261174
cif_cust_id_02245,loan_id_0276,Commercial,854446.46,1964.66,6.9,5/12/2026,3/12/2044,7192.03,0,0,,branch_id_05,22,M300,Monthly,0,Reg P&I,N,0,170,1925910,0,1925910,Installment,2104.17,5087.86,5087.86,511601.65,18596.95,3770.03,215,officer_id_061,3/12/2018,3/12/2018,3/12/2018,4/12/2018,10/1/2020,4/11/2026,154,,856565.12,% of Current Balance,0,FHLB 3_YR,7/12/2028,M036,365/360,5.71,3.98,2.79,0,,7/12/2028,2.922,0,0,5.262,0,0,1,0.05,0,9999999.99,0,0,0,0,0,0,0,0,0,0,0,0,0,0,0,0,0,0,0,0,0,0,0,0,0,,0,10/12/2025,0,0,0,0,0,0,0,0,0,0,0,0,0,0,0,0,,,,,,,,,,,5,5, ,0,0,0,0,0,0,X ,41,0,0,Open,CENTRAL POINT ,OR,975022725
cif_cust_id_02414,loan_id_0280,Installment,1500,13.59,6.75,9/1/2026,9/1/2026,0,0,0,9/1/2026,Branch Not Assigned,_1,M001,Not Defined,0,Single Pay,Y,1,680,1500,0,1500,Installment,0,0,0,0,13.87,6.38,1,officer_id_011,3/6/2026,3/5/2026,3/6/2026,9/1/2026,,3/5/2026,0,,1513.59,No Prepayment Penatly,0,WSJ Prime,,0000,365/365,6.75,0,6.75,0,,,0,0,0,0,0,0,1,0.05,0,9999999.99,0,0,0,0,0,0,0,0,0,0,0,0,0,0,0,0,0,0,0,0,0,0,0,0,0,,0,,0,0,0,0,0,0,0,0,0,0,0,0,0,0,0,0,,,,,,,,,,,5,5, ,0,0,0,0,162540,40, ,41,0,0,Open,MEDFORD ,OR,975014316
cif_cust_id_02896,loan_id_0281,Mortgage,564600.6,2289.68,6.5,5/1/2026,1/1/2054,3670.11,521.84,0,,branch_id_15,38,M360,Monthly,0,Reg P&I, ,0,140,0,0,620000,Installment,0,0,0,97207.51,11539.4,2344.67,333,officer_id_050,6/12/2023,6/12/2023,6/12/2023,2/1/2024,,4/1/2026,0,,566890.28,No Prepayment Penatly,0,1_Yr Treasury,5/17/2031,M012,30/360 Am Sch,6.5,0,4.73,0,,7/1/2031,2.625,2,2,6.5,11.5,2317.27,1,0.05,0,9999999.99,0,0,0,0,0,0,0,0,0,0,0,0,0,0,0,0,0,0,0,0,0,0,0,0,0,,0,7/1/2024,0,0,0,0,0,0,0,0,0,0,0,0,0,0,0,0,,,,,,,,,,,5,5, ,0,0,0,0,3,0,X ,41,0,0,Open,EUGENE ,OR,974059761
cif_cust_id_06505,loan_id_0284,Commercial,127897.02,604.99,6.79,5/15/2026,6/15/2026,1317.6,0,0,6/15/2026,branch_id_02,22,M003,Monthly,0,Reg P&I,Y,3,190,0,0,210000,Installment,893.83,423.77,423.77,82099.62,2069.07,556.44,2,officer_id_064,3/3/2016,3/4/2016,3/4/2016,4/15/2016,3/15/2026,3/29/2026,154,,128656.01,No Prepayment Penatly,0,Fixed,, ,365/360,4.99,3.79,1.99,0,,,0,0,0,0,0,0,1,0.05,0,9999999.99,0,0,0,0,0,0,0,0,0,0,0,0,0,0,0,0,0,0,0,0,0,0,0,0,0,,0,3/15/2026,0,0,0,0,1,0,0,0,0,0,0,0,0,0,0,0,,,,,,,,,,,5,0, ,0,0,0,0,134344,0,X ,41,0,0,Open,VANCOUVER ,WA,986833018
cif_cust_id_19224,loan_id_0285,Installment,1500,13.59,6.75,9/1/2026,9/1/2026,0,0,0,9/1/2026,Branch Not Assigned,_1,M001,Not Defined,0,Single Pay,Y,1,680,1500,0,1500,Installment,0,0,0,0,13.59,6.38,1,officer_id_011,3/6/2026,3/5/2026,3/6/2026,9/1/2026,,3/5/2026,0,,1513.59,No Prepayment Penatly,0,WSJ Prime,,0000,365/365,6.75,0,6.75,0,,,0,0,0,0,0,0,1,0.05,0,9999999.99,0,0,0,0,0,0,0,0,0,0,0,0,0,0,0,0,0,0,0,0,0,0,0,0,0,,0,,0,0,0,0,0,0,0,0,0,0,0,0,0,0,0,0,,,,,,,,,,,5,5, ,0,0,0,0,162540,40, ,41,0,0,Open,MEDFORD ,OR,975014316
cif_cust_id_10896,loan_id_0292,Mortgage,436852.47,4500.07,7,4/1/2026,8/1/2054,2980.56,0,0,,branch_id_15,38,M372,Monthly,0,Reg P&I, ,0,140,0,0,448000,Installment,0,0,0,71044.47,9604.19,1951.77,341,officer_id_050,7/6/2023,6/29/2023,7/6/2023,9/1/2023,,3/1/2026,0,,441580.6,No Prepayment Penatly,0,1_Yr Treasury,6/17/2034,M012,30/360 Am Sch,7,0,5.02,0,,8/1/2034,3,2,2,7,12,0,1,0.05,0,9999999.99,0,0,0,0,0,0,0,0,0,0,0,0,0,0,70,0,0,0,0,0,0,0,0,0,0,,70,4/1/2026,70,0,3208.62,4,6,1,0,0,0,0,0,0,0,0,0,0,,,,,,,,,,,5,5, ,0,0,0,0,3,0,X ,41,0,0,Open,COBURG ,OR,974081310
cif_cust_id_11221,loan_id_0293,Revolving Credit,13400.25,42,7.75,5/21/2026,10/21/2035,0,0,0,10/21/2035,Branch Not Assigned,_4,M120,Monthly,0,Reg P&I,Y,120,180,0,37000,37000,Revolving,0,60.82,60.82,177.66,186.51,55.25,120,officer_id_011,10/27/2025,10/21/2025,10/27/2025,11/21/2025,,4/8/2026,154,,13596.25,No Prepayment Penatly,0,RVC Prime,5/1/2026,M001,365/365,8.25,6.75,7.25,0,,5/1/2026,1,1,1,6.5,18,0,1,0.05,0,9999999.99,0,0,0,0,0,0,0,0,0,0,0,0,0,0,0,0,0,0,0,0,0,0,0,0,0,,0,2/21/2026,0,0,0,0,0,0,0,0,0,0,0,0,0,0,0,0,,,,,,,,,,,5,5, ,0,0,0,0,0,34,X ,41,0,0,Open,SALEM ,OR,973011672
cif_cust_id_01660,loan_id_0294,Mortgage,301163.81,1370.89,7.13,5/1/2026,8/1/2054,2063.94,0,0,,branch_id_15,38,M371,Monthly,0,Reg P&I, ,0,140,0,0,340000,Installment,274.15,1789.79,1789.79,54041.65,6745.13,1370.92,341,officer_id_050,8/15/2023,8/7/2023,8/15/2023,10/1/2023,,3/31/2026,0,,302534.7,No Prepayment Penatly,0,1_Yr Treasury,7/18/2034,M012,30/360 Am Sch,7.13,5.36,4.13,0,,9/1/2034,3,2,2,7.125,12.125,0,1,0.05,0,9999999.99,0,0,0,0,0,0,0,0,0,0,0,0,0,0,0,0,0,0,0,0,0,0,0,0,0,,0,11/1/2025,0,0,0,0,0,0,0,0,0,0,0,0,0,0,0,0,,,,,,,,,,,5,5, ,0,0,0,0,3,0,X ,41,0,0,Open,GERVAIS ,OR,970267711
cif_cust_id_16920,loan_id_0302,Installment,51515.29,48.9,4.95,5/17/2026,11/17/2032,764.64,0,0,,Branch Not Assigned,_3,M180,Monthly,0,Reg P&I, ,0,130,97000,0,97000,Installment,545.77,218.87,218.87,31743.93,807.66,161.87,79,officer_id_011,11/13/2017,11/13/2017,11/13/2017,12/17/2017,11/13/2017,4/16/2026,154,,51718.19,No Prepayment Penatly,0,Fixed,, ,365/365,0,0,0,0,,,0,0,0,0,0,0,1,0.05,0,9999999.99,0,0,0,0,0,0,0,0,0,0,0,0,0,0,0,0,0,0,0,0,0,0,0,0,0,,649.91,1/17/2026,0,0,0,0,0,0,0,0,0,0,0,0,0,0,0,0,,,,,,,,,,,5,5, ,0,0,0,0,0,0,X ,41,0,0,Open,MEDFORD ,OR,975043664
cif_cust_id_16947,loan_id_0305,Commercial,35033.96,207.1,8.88,4/30/2026,5/31/2044,449.44,0,0,,branch_id_05,22,M240,Monthly,0,Reg P&I, ,0,190,0,0,50969.42,Installment,0,0,0,9257.17,1007.36,198.64,218,officer_id_061,6/1/2023,5/31/2023,6/1/2023,6/30/2024,5/31/2024,3/30/2026,154,,35395.06,No Prepayment Penatly,0,FHLB 3_YR,5/30/2027,M036,365/360,8.63,4.73,8.25,0,,5/30/2027,3.19,0,0,7.875,0,0,1,0.05,0,9999999.99,0,0,0,0,0,0,0,0,0,0,0,0,0,0,0,0,0,0,0,0,0,0,0,0,0,,0,8/31/2024,0,0,0,0,0,0,0,0,0,0,0,0,0,0,0,0,,,,,,,,,,,5,3+, ,0,0,0,0,151500,0,X ,41,0,0,Open,MEDFORD ,OR,975049719
cif_cust_id_02455,loan_id_0318,Commercial,30353.95,88.53,8.75,5/12/2026,2/12/2031,645.61,0,0,,Branch Not Assigned,40,M060,Monthly,0,Reg P&I, ,0,510,31201,0,31201,Installment,413.78,231.83,231.83,444.17,532.7,170.79,58,officer_id_011,2/12/2026,2/12/2026,2/12/2026,3/12/2026,,4/11/2026,0,,30442.48,No Prepayment Penatly,0,Fixed,, ,365/360,8.75,0,8.75,0,,,0,0,0,0,0,0,1,0.05,0,9999999.99,0,0,0,0,0,0,0,0,0,0,0,0,0,0,0,0,0,0,0,0,0,0,0,0,0,,0,,0,0,0,0,0,0,0,0,0,0,0,0,0,0,0,0,,,,,,,,,,,5,5, ,0,0,0,0,731208,0, ,41,0,0,Open,SALEM ,OR,973179552
cif_cust_id_09859,loan_id_0330,Revolving Credit,36177.98,207.4,7.75,5/11/2026,7/11/2033,0,0,0,7/11/2033,Branch Not Assigned,_4,M120,Monthly,0,Reg P&I,Y,120,180,0,41500,25000,Revolving,0,207.4,207.4,7000.72,868.02,176.68,120,officer_id_011,7/17/2023,7/11/2023,7/17/2023,9/11/2023,6/5/2024,3/27/2026,154,,36539.38,No Prepayment Penatly,0,RVC Prime,5/1/2026,M001,365/365,9.25,6.75,8.25,0,,5/1/2026,1,1,1,6.5,18,0,1,0.05,0,9999999.99,0,0,0,0,0,0,0,0,0,0,0,0,0,0,0,0,0,0,0,0,0,0,0,0,0,,0,4/11/2026,0,0,0,0,0,0,0,0,0,0,0,0,0,0,0,0,,,,,,,,,,,5,5, ,0,0,0,0,3,30,X ,41,0,0,Open,INDEPENDENCE ,OR,973519586
cif_cust_id_04391,loan_id_0332,Commercial,161515.13,588.86,6.88,5/20/2026,12/20/2026,1794.33,0,0,12/20/2026,branch_id_18,22,M240,Monthly,0,Reg P&I,Y,120,170,0,0,243100,Installment,829.89,964.44,964.44,103953.37,3529.78,712.96,8,officer_id_058,12/28/2016,12/28/2016,12/28/2016,1/20/2017,,4/4/2026,154,,162257.99,% of Current Balance,0,FHLB 5_YR,12/20/2027,M060,365/360,4.75,4.16,2.03,0,,12/20/2027,2.72,0,0,0,0,0,50,0.05,10,9999999.99,0,0,0,0,0,0,0,0,0,0,0,0,0,0,0,0,0,0,0,0,0,0,0,0,0,,0,12/20/2025,0,0,0,0,0,0,0,0,0,0,0,0,0,0,0,0,,,,,,,,,,,5,0, ,41.82,0,0,0,0,0,X ,41,0,0,Open,SALEM ,OR,973091066
cif_cust_id_03953,loan_id_0335,Installment,37659.61,1198.46,4.95,4/28/2026,1/28/2032,803.69,0,0,1/28/2032,Branch Not Assigned,_3,M183,Monthly,0,Reg P&I,Y,180,130,102000,0,102000,Installment,0,0,0,32973.37,598.59,117.47,70,officer_id_011,1/26/2017,1/26/2017,1/26/2017,2/28/2017,1/26/2017,8/31/2025,154,,39012.07,No Prepayment Penatly,0,Fixed,, ,365/365,0,0,0,0,,,0,0,0,0,0,0,1,0.05,0,9999999.99,0,0,0,0,0,0,0,0,0,0,0,0,0,0,0,0,0,0,0,0,0,0,0,0,1060.33,,0,3/28/2026,0,0,0,4,1,0,0,0,0,0,0,0,0,0,0,0,,,,,,,,,,,5,5, ,0,0,0,0,0,0,X ,41,0,0,Open,ASHLAND ,OR,975203421
cif_cust_id_02712,loan_id_0338,Commercial,0,0,10,2/23/2026,1/23/2027,0,0,1,1/23/2027,Branch Not Assigned,41,M012,Monthly,0,Int Only,Y,12,530,0,50000,50000,Non _ Revolving,0,0,0,0,0,0,13,officer_id_011,1/23/2012,1/23/2012,1/23/2012,1/23/2013,1/8/2026,,0,,0,No Prepayment Penatly,0,WSJ Prime,,0000,365/360,6.25,6.75,3.25,0,,,3.25,0,0,6.25,0,0,1,0.05,0,9999999.99,0,0,0,0,0,0,0,0,0,0,0,0,0,0,0,0,0,0,0,0,0,0,0,0,0,,0,,0,0,0,0,0,0,0,0,0,0,0,0,0,0,0,0,,,,,,,,,,,5,1, ,0,0,0,0,999999,0, ,41,0,0,Open,MEDFORD ,OR,975044117
cif_cust_id_02714,loan_id_0340,Commercial,39612.36,205.65,9.75,5/5/2026,3/5/2027,1000,0,0,3/5/2027,branch_id_05,22,M012,Monthly,0,,Y,12,170,0,0,75000,Installment,2087.64,388.05,388.05,3059.66,1290.13,250.82,10,officer_id_061,3/11/2024,3/5/2024,3/11/2024,4/5/2024,3/5/2026,4/4/2026,154,,39972.01,No Prepayment Penatly,0,WSJ Prime,,0000,365/360,10.25,6.75,8.5,0,,,3,0,0,7.5,0,0,1,0.05,0,9999999.99,18.18,0,0,0,0,0,0,0,0,0,0,0,0,0,0,0,0.52,0,0,0,0,0,0,0,0,,0.52,4/5/2026,0,18.18,0,1,1,1,0,0,0,0,0,0,0,0,0,0,,,,,,,,,,,5,5, ,0,0,0,0,337203,0,X ,41,0,0,Open,MEDFORD ,OR,975044115
cif_cust_id_02729,loan_id_0342,Commercial,6500,48.52,10.75,4/30/2026,10/31/2026,0,0,0,11/30/2025,Branch Not Assigned,,M012,Monthly,0,Int Only,Y,12,530,0,20000,20000,Revolving,0,0,0,186.34,219.34,44.64,9,officer_id_011,11/6/2025,10/31/2025,11/6/2025,11/30/2025,,3/29/2026,0,,6548.52,No Prepayment Penatly,0,WSJ Prime,,0000,365/360,11,6.75,7,0,,,4,0,0,5,0,0,1,0.05,0,9999999.99,0,0,0,0,0,0,0,0,0,0,0,0,0,0,0,0,0,0,0,0,0,0,0,0,0,,0,,0,0,0,0,0,0,0,0,0,0,0,0,0,0,0,0,,,,,,,,,,,5,5, ,0,0,0,0,352044,18, ,41,0,0,Open,GRANTS PASS ,OR,975275556
cif_cust_id_10513,loan_id_0345,Mortgage,194644.67,_178.95,6.88,6/1/2026,7/1/2053,1322.73,86.91,0,,branch_id_15,38,M366,Monthly,0,Reg P&I, ,0,140,0,0,241500,Installment,216.7,1116.39,1116.39,39514.85,4212.46,855.9,326,officer_id_050,12/27/2022,12/22/2022,12/23/2022,2/1/2023,7/3/2023,4/28/2026,0,,194465.72,No Prepayment Penatly,0,1_Yr Treasury,5/17/2033,M012,30/360 Am Sch,6.88,0,3.88,0,,7/1/2033,3,2,2,6.875,11.875,589.14,1,0.05,0,9999999.99,0,0,0,0,0,0,0,0,0,0,0,0,0,0,0,0,0,0,0,0,0,0,0,0,0,,0,6/1/2024,0,0,0,0,0,0,0,0,0,0,0,0,0,0,0,0,,,,,,,,,,,5,5, ,4165.53,0,0,0,3,0,AE ,41,0,0,Open,TALENT ,OR,975408634
cif_cust_id_02795,loan_id_0351,Commercial,1764163.13,3964.95,4.25,5/20/2026,8/20/2031,10904.27,0,0,8/20/2031,Branch Not Assigned,22,M300,Monthly,0,Reg P&I,Y,119,170,0,0,2000000,Installment,4422.82,6481.45,6481.45,374802.25,23673.43,4800.12,64,officer_id_063,8/26/2021,8/26/2021,8/26/2021,9/20/2021,,4/4/2026,154,,1785923.71,% of Current Balance,17641.63,FHLB 7_YR,8/20/2028,M084,365/360,4.25,1.12,1.25,0,,8/20/2028,3,0,0,4.25,0,0,1,0.05,0,9999999.99,0,0,0,0,0,0,0,0,0,0,0,0,0,0,0,0,0,0,0,0,0,0,0,0,0,,0,12/20/2025,0,0,0,0,0,0,0,0,0,0,0,0,0,0,0,0,,,,,,,,,,,5,0, ,9900.66,0,0,0,0,0,X ,41,0,0,Open,SALEM ,OR,973070400
cif_cust_id_02827,loan_id_0360,Commercial,822446.9,3214.78,7.38,5/20/2026,3/20/2028,8953,0,0,3/20/2028,branch_id_02,22,M240,Monthly,0,Reg P&I,Y,120,170,1133325.49,0,1133325.49,Installment,3690.06,5262.94,5262.94,496897.25,19252.64,3892.21,23,officer_id_064,9/21/2017,9/21/2017,9/21/2017,10/20/2017,,4/4/2026,154,,825815.68,% of Current Balance,0,FHLB 5_YR,3/20/2028,M060,365/360,5.1,4.38,2.1,0,,3/20/2028,3,0,0,0,0,0,50,0.05,10,9999999.99,0,0,0,0,0,0,0,0,0,0,0,0,0,0,0,0,0,0,0,0,0,0,0,0,0,,0,12/20/2025,0,0,0,0,0,0,0,0,0,0,0,0,0,0,0,0,,,,,,,,,,,5,0, ,552.51,0,0,0,0,0,X ,41,0,0,Open,ALBANY ,OR,973223889
cif_cust_id_02867,loan_id_0364,Commercial,10965.95,94.41,11.25,4/29/2026,3/29/2027,0,0,0,3/29/2027,Branch Not Assigned,41,M024,Monthly,0,Int Only,Y,24,530,0,15000,15000,Revolving,1000,0,0,2859.15,455.99,83.19,12,officer_id_011,3/29/2023,3/29/2023,3/29/2023,4/29/2023,3/29/2025,3/26/2026,15,,11075.36,No Prepayment Penatly,0,WSJ Prime,,0000,365/360,12.5,6.75,8,0,,,4.5,0,0,0,0,0,1,0.05,0,9999999.99,0,0,0,0,0,0,0,0,0,0,0,0,0,0,0,0,0,0,0,0,0,0,0,0,0,,0,11/29/2025,0,0,0,0,0,0,0,0,0,0,0,0,0,0,0,0,,,,,,,,,,,5,5, ,0,0,0,0,468373,0, ,41,0,0,Open,MEDFORD ,OR,975014279
cif_cust_id_14020,loan_id_0369,Revolving Credit,199625.97,674.08,7.25,5/18/2026,10/18/2028,0,0,0,,branch_id_03,_4,M120,Monthly,0,Reg P&I, ,0,180,0,250000,250000,Revolving,0,2418.76,2418.76,100788.65,4480.65,911.99,117,officer_id_032,10/18/2018,10/18/2018,10/18/2018,11/18/2018,10/18/2018,4/6/2026,154,,200509.56,No Prepayment Penatly,0,RVC Prime,5/1/2026,M001,365/365,6,6.75,5.5,0,,5/1/2026,0.5,1,1,6,18,0,1,0.05,0,9999999.99,0,0,0,0,0,0,0,0,0,0,0,0,0,0,0,0,0,0,72.06,0,0,0,0,0,0,,72.06,3/18/2026,0,0,0,4,2,1,0,0,0,0,0,0,0,0,0,0,,,,,,,,,,,5,5, ,0,0,0,0,0,45,X ,41,0,0,Open,ASHLAND ,OR,975203640
cif_cust_id_10897,loan_id_0372,Mortgage,21847.81,108.97,8.13,5/1/2026,9/1/2038,240.8,0,0,,branch_id_15,29,M180,Monthly,0,Reg P&I, ,0,140,25000,0,25000,Installment,0,0,0,5005.13,560.92,113.41,149,officer_id_050,8/16/2023,8/14/2023,8/16/2023,10/1/2023,,4/1/2026,0,,21956.78,No Prepayment Penatly,0,1_Yr Treasury,6/17/2026,M012,30/360 Am Sch,8.13,0,5.34,0,,8/1/2026,3.5,2,2,8.125,13.125,0,1,0.05,0,9999999.99,0,0,0,0,0,0,0,0,0,0,0,0,0,0,0,0,0,0,0,0,0,0,0,0,0,,0,11/1/2025,0,0,0,1,1,0,0,0,0,0,0,0,0,0,0,0,,,,,,,,,,,5,5, ,0,0,0,0,3,0,X ,41,0,0,Open,NEWBERG ,OR,971329241
cif_cust_id_10503,loan_id_0378,Commercial,490436.73,3010.4,8.5,4/29/2026,11/29/2049,4067.02,0,0,,branch_id_05,22,M300,Monthly,0,Reg P&I, ,0,170,500000,0,500000,Installment,0,0,0,55509.05,13109.98,2663.34,284,officer_id_061,12/9/2024,11/29/2024,12/9/2024,12/29/2024,,3/28/2026,154,,503409.86,% of Current Balance,9808.73,FHLB 3_YR,11/29/2027,M036,365/360,8.5,0,4.31,0,,11/29/2027,4.23,0,0,7.5,0,0,1,0.05,0,9999999.99,0,0,0,0,0,0,0,0,0,0,0,0,0,0,0,0,0,0,0,0,0,0,0,0,0,,0,12/29/2024,0,0,0,0,0,0,0,0,0,0,0,0,0,0,0,0,,,,,,,,,,,5,5, ,1099.79,0,0,0,999999,0,A ,41,0,0,Open,JACKSONVILLE ,OR,975309411
cif_cust_id_01415,loan_id_0380,Revolving Credit,24191.01,164.92,7,5/4/2026,9/4/2034,0,0,0,9/4/2034,Branch Not Assigned,_4,M120,Monthly,0,Reg P&I,Y,120,180,0,50000,50000,Revolving,881.05,118.95,118.95,3117.48,505.89,107.22,120,officer_id_011,9/9/2024,9/4/2024,9/9/2024,10/4/2024,,3/18/2026,154,,24509.93,No Prepayment Penatly,0,RVC Prime,5/1/2026,M001,365/365,8.75,6.75,8.5,0,,5/1/2026,0.25,1,1,6,18,0,1,0.05,0,9999999.99,0,0,0,0,0,0,0,0,0,0,0,0,0,0,0,0,0,0,0,0,0,0,0,0,0,,0,4/4/2026,0,0,0,0,0,0,0,0,0,0,0,0,0,0,0,0,,,,,,,,,,,5,5, ,0,0,0,0,0,16,X ,41,0,0,Open,ASHLAND ,OR,975201954
cif_cust_id_08883,loan_id_0382,Installment,17353.87,53.49,4.5,4/30/2026,3/31/2042,127.26,0,0,,Branch Not Assigned,_1,M240,Monthly,0,Reg P&I, ,0,610,20114.5,0,20114.5,Installment,62.61,64.65,64.65,3388.35,243.49,49.19,188,officer_id_011,3/31/2022,3/31/2022,3/31/2022,4/30/2022,2/21/2023,3/29/2026,0,,17429.18,No Prepayment Penatly,0,Fixed,, ,365/365,4.5,0,4.5,0,,,0,0,0,0,0,0,1,0.05,0,9999999.99,0,0,0,0,0,0,0,0,0,0,0,0,0,0,0,0,0,0,0,0,0,0,0,0,0,,15.46,3/30/2026,0,0,0,10,0,1,0,0,0,0,0,0,0,0,0,0,,,,,,,,,,,5,5, ,0,0,0,0,3,26, ,41,0,0,Open,EAGLE POINT ,OR,975240631
cif_cust_id_06460,loan_id_0393,Mortgage,48019.15,103.14,4.9,5/8/2026,6/8/2031,1107.86,0,0,,branch_id_15,30,M120,Monthly,0,Reg P&I,N,0,140,105000,0,105000,Installment,1095.6,204.4,204.4,18419.15,759.12,149.3,62,officer_id_050,6/14/2021,6/8/2021,6/14/2021,7/8/2021,,4/7/2026,154,,48276.29,No Prepayment Penatly,0,Fixed,, ,365/365,4.9,0,4.9,0,,,0,0,0,0,0,0,1,0.05,0,9999999.99,0,0,0,0,0,0,0,0,0,0,0,0,0,0,0,0,0,0,0,0,0,0,0,0,0,,0,11/8/2025,0,0,0,0,0,0,0,0,0,0,0,0,0,0,0,0,,,,,,,,,,,5,5, ,0,0,0,0,0,16,C ,41,0,0,Open,ASHLAND ,OR,975209005
cif_cust_id_08338,loan_id_0394,Revolving Credit,100000,313.19,7.75,5/20/2026,5/20/2032,0,0,0,5/20/2032,Branch Not Assigned,_4,M120,Monthly,0,Reg P&I,Y,120,180,0,100000,100000,Revolving,60000,397.05,397.05,13539.78,1183.74,410.86,120,officer_id_011,5/25/2022,5/20/2022,5/25/2022,6/20/2022,,4/8/2026,154,,100467.19,No Prepayment Penatly,0,RVC Prime,5/1/2026,M001,365/365,6.5,6.75,4,0,,5/1/2026,1,1,1,6.5,18,0,1,0.05,0,9999999.99,0,0,0,0,0,0,0,0,0,0,0,0,0,0,0,0,0,0,0,0,0,0,0,0,0,,0,12/20/2023,0,0,0,0,0,0,0,0,0,0,0,0,0,0,0,0,,,,,,,,,,,5,5, ,0,0,0,0,3,0,X ,41,0,0,Open,JACKSONVILLE ,OR,975309337
cif_cust_id_10715,loan_id_0396,Mortgage,421394.03,2098.16,7.13,5/1/2026,7/1/2055,2863.3,267.83,0,,branch_id_15,38,M382,Monthly,0,Reg P&I, ,0,140,0,0,425000,Installment,359.14,2504.16,2504.16,52117.05,9437.05,1918.22,351,officer_id_050,8/4/2023,8/3/2023,8/4/2023,10/1/2023,2/19/2025,3/29/2026,0,,423492.19,No Prepayment Penatly,0,1_Yr Treasury,7/18/2031,M012,30/360 Am Sch,7.13,0,5.35,0,,9/1/2031,2.625,2,2,7.125,12.125,3041.35,1,0.05,0,9999999.99,0,0,0,0,0,0,0,0,0,0,0,0,0,0,0,0,0,0,0,0,0,0,0,0,0,,0,11/1/2025,0,0,0,0,0,0,0,0,0,0,0,0,0,0,0,0,,,,,,,,,,,5,5, ,0,0,0,0,3,0,VE ,41,0,0,Open,YACHATS ,OR,974980208
cif_cust_id_02606,loan_id_0398,Commercial,264307.26,1940,6.77,5/1/2026,3/1/2029,2558.6,0,0,3/1/2029,branch_id_09,22,M240,Monthly,0,Reg P&I,Y,120,190,395960.47,0,395960.47,Installment,0,0,0,139949.44,5650.25,1143.2,35,officer_id_055,8/3/2018,8/3/2018,8/3/2018,7/1/2019,7/11/2025,3/15/2026,154,,266401.26,% of Current Balance,0,FHLB 5_YR,6/1/2029,M060,365/360,5.25,4.62,3.1,0,,6/1/2029,2.15,0,0,0,0,0,1,0.05,0,9999999.99,0,0,0,0,0,0,0,0,0,0,0,0,0,0,0,0,0,0,0,0,0,0,0,0,0,,0,11/1/2025,0,0,0,0,0,0,0,0,0,0,0,0,0,0,0,0,,,,,,,,,,,5,0, ,0,0,0,0,129182,0,X ,41,0,0,Open,SALEM ,OR,973029767
cif_cust_id_03521,loan_id_0399,Commercial,0,0,10.75,5/11/2026,6/11/2026,0,0,0,6/11/2026,Branch Not Assigned,,M012,Monthly,0,Int Only,Y,12,530,0,25000,25000,Revolving,0,0,0,279.22,0,0,9,officer_id_011,6/13/2025,6/11/2025,6/13/2025,7/11/2025,,,0,,0,No Prepayment Penatly,0,WSJ Prime,,0000,365/360,11.5,6.75,7.5,0,,,4,0,0,5,0,0,1,0.05,0,9999999.99,0,0,0,0,0,0,0,0,0,0,0,0,0,0,0,0,0,0,0,0,0,0,0,0,0,,0,10/11/2025,0,0,0,0,0,0,0,0,0,0,0,0,0,0,0,0,,,,,,,,,,,5,5, ,0,0,0,0,366290,0, ,41,0,0,Open,ASHLAND ,OR,975201970
cif_cust_id_03539,loan_id_0401,Commercial,18028.12,43.07,10.75,5/16/2026,10/16/2026,0,0,0,10/16/2026,Branch Not Assigned,,M012,Monthly,0,Int Only,Y,12,530,0,25000,25000,Revolving,0,156.5,156.5,1059.86,628.67,123.82,6,officer_id_011,10/17/2025,10/16/2025,10/17/2025,11/16/2025,,4/15/2026,0,,18071.19,No Prepayment Penatly,0,WSJ Prime,,0000,365/360,11.25,6.75,7.25,0,,,4,0,0,5,0,0,1,0.05,0,9999999.99,0,0,0,0,0,0,0,0,0,0,0,0,0,0,0,0,0,0,0,0,0,0,0,0,0,,0,,0,0,0,0,0,0,0,0,0,0,0,0,0,0,0,0,,,,,,,,,,,5,5, ,0,0,0,0,238715,0, ,41,0,0,Open,MEDFORD ,OR,975046184
cif_cust_id_03540,loan_id_0402,Commercial,36693.73,8.41,8.25,5/23/2026,10/23/2030,818.14,0,0,,Branch Not Assigned,40,M060,Monthly,0,Reg P&I, ,0,510,40000,0,40000,Installment,553.53,264.61,264.61,1602.57,984.47,196.2,54,officer_id_011,10/23/2025,10/23/2025,10/24/2025,11/23/2025,,4/22/2026,0,,36702.14,No Prepayment Penatly,0,Fixed,, ,365/360,8.25,0,8.25,0,,,0,0,0,0,0,0,1,0.05,0,9999999.99,0,0,0,0,0,0,0,0,0,0,0,0,0,0,0,0,0,0,0,0,0,0,0,0,0,,0,,0,0,0,0,0,0,0,0,0,0,0,0,0,0,0,0,,,,,,,,,,,5,5, ,0,0,0,0,999999,0, ,41,0,0,Open,MEDFORD ,OR,975048548
cif_cust_id_03541,loan_id_0403,Commercial,374887.38,1847.82,7.09,5/15/2026,3/15/2030,3030.13,0,0,,branch_id_02,22,M300,Monthly,0,Reg P&I, ,0,190,0,0,440000,Installment,808.43,2221.7,2221.7,119198.86,8381.39,1699.88,47,officer_id_064,3/11/2020,3/11/2020,3/11/2020,4/15/2020,,3/29/2026,154,,377040.71,% of Current Balance,0,FHLB 5_YR,3/15/2030,M060,365/360,4.31,4.09,1.31,0,,3/15/2030,3,0,0,0,0,0,50,0.05,10,9999999.99,0,0,0,0,0,0,0,0,272.28,0,0,0,0,0,0,0,0,0,0,0,0,0,0,0,0,,0,2/15/2026,0,0,0,2,0,2,0,0,0,0,0,0,0,0,0,0,,,,,,,,,,,5,0, ,967.39,0,0,0,0,0,X ,41,0,0,Open,ALBANY ,OR,973227093
cif_cust_id_03543,loan_id_0407,Commercial,30000,144.98,8.5,5/1/2026,6/1/2026,0,0,0,6/1/2026,branch_id_03,11,M012,Monthly,0,Int Only,Y,12,530,0,100000,100000,Revolving,106000,367.15,367.15,15108.72,855.08,197.39,4,officer_id_032,6/9/2023,6/1/2023,6/9/2023,7/1/2023,6/1/2025,4/3/2026,15,,30224.88,No Prepayment Penatly,0,WSJ Prime,,0000,365/360,10,6.75,8.25,0,,,1.75,0,0,6.25,0,0,1,0.05,0,9999999.99,0,0,0,0,0,0,0,0,0,0,0,0,0,0,0,0,0,0,0,0,0,0,0,0,0,,0,4/1/2026,0,0,0,2,0,1,0,0,0,0,0,0,0,0,0,0,,,,,,,,,,,5,4, ,0,0,0,0,999999,0, ,41,0,0,Open,MEDFORD ,OR,975016009
cif_cust_id_03546,loan_id_0411,Commercial,207230.67,1004.49,6.98,4/30/2026,9/30/2028,1722.73,0,0,9/30/2028,branch_id_09,22,M300,Monthly,0,Reg P&I,Y,120,170,0,0,250000,Installment,0,0,0,100723.73,4557.82,924.13,30,officer_id_070,10/3/2018,10/3/2018,10/3/2018,10/30/2018,,3/29/2026,154,,208389.16,% of Current Balance,0,FHLB 5_YR,9/30/2028,M060,365/360,5.25,4.73,3,0,,9/30/2028,2.25,0,0,0,0,0,50,0.05,10,9999999.99,0,0,0,0,73.08,0,0,0,0,0,0,0,0,0,0,0,_73.08,0,0,0,0,0,0,0,0,,0,12/30/2024,0,0,0,0,0,0,0,0,0,0,0,0,0,0,0,0,,,,,,,,,,,5,0, ,0,0,0,0,0,0,X ,41,0,0,Open,ALBANY ,OR,973210539
cif_cust_id_03553,loan_id_0414,Commercial,9252.5,_460.57,10,10/8/2026,6/8/2027,0,0,0,6/8/2027,Branch Not Assigned,41,M024,Monthly,0,Int Only,Y,24,530,0,50000,50000,Revolving,2471.22,28.78,28.78,11921.45,535.94,60.49,9,officer_id_011,4/20/2022,4/8/2022,4/20/2022,5/8/2022,6/8/2025,10/19/2026,15,,8806.93,No Prepayment Penatly,0,WSJ Prime,,0000,365/360,7,7,3.5,0,,,3.5,0,0,6.5,10,0,1,0.05,0,9999999.99,0,0,0,0,0,0,0,0,0,0,0,0,0,0,0,0,0,0,0,0,0,0,0,0,0,,0,8/8/2025,0,0,0,2,0,0,0,0,0,0,0,0,0,0,0,0,,,,,,,,,,,5,5, ,0,0,0,0,999999,0, ,41,0,0,Open,MEDFORD ,OR,975013728
cif_cust_id_12699,loan_id_0417,Mortgage,783528.36,3754.44,7.5,5/1/2026,11/1/2054,5557.68,0,0,,branch_id_15,38,M372,Monthly,0,Reg P&I, ,0,140,0,0,960000,Installment,0,0,0,127881.38,18471.67,3754.41,345,officer_id_050,10/4/2023,9/26/2023,10/2/2023,12/1/2023,11/13/2024,3/31/2026,250,,787532.8,No Prepayment Penatly,0,1_Yr Treasury,9/17/2034,M012,30/360 Am Sch,7.5,0,5.39,0,,11/1/2034,3,2,2,7.5,12.5,0,1,0.05,0,9999999.99,0,0,0,0,0,0,0,0,0,0,0,0,0,0,0,0,0,0,0,0,0,0,0,0,0,,0,1/1/2025,0,0,0,0,1,0,0,0,0,0,0,0,0,0,0,0,,,,,,,,,,,5,5, ,880.46,0,0,0,3,0,X ,41,0,0,Open,SPRINGFIELD ,OR,974788590
cif_cust_id_03598,loan_id_0419,Commercial,19121.88,73.51,6.04,5/3/2026,9/3/2026,3784.85,0,0,,branch_id_05,10,M084,Monthly,0,Reg P&I,N,0,520,258000,0,258000,Installment,3660.23,124.62,124.62,59685.63,502.1,81.15,5,officer_id_069,9/9/2019,9/3/2019,9/6/2019,10/3/2019,,3/31/2026,15,,19210.39,% of Current Balance,0,Fixed,, ,365/360,6.04,0,6.04,0,,,0,0,0,0,0,0,1,0.05,0,9999999.99,0,0,0,0,0,0,0,0,0,0,0,0,0,0,0,0,0,0,0,0,0,0,0,0,0,,378.48,4/3/2026,0,0,0,7,3,0,0,0,0,0,0,0,0,0,0,0,,,,,,,,,,,5,5, ,32.33,0,0,0,682115,0, ,41,0,0,Open,CENTRAL POINT ,OR,975020045
cif_cust_id_03598,loan_id_0420,Commercial,21464.21,117.66,9.22,5/3/2026,3/3/2028,1046.71,0,0,,branch_id_05,10,M060,Monthly,0,Reg P&I, ,0,520,49992.57,0,50000,Installment,867.16,179.55,179.55,21998.4,671.81,129.1,23,officer_id_069,9/9/2019,9/3/2019,9/6/2019,4/3/2023,3/3/2023,4/2/2026,30,,21611.87,No Prepayment Penatly,0,Fixed,, ,365/360,7.5,8,5.25,0,,,0,0,0,0,0,0,1,0.05,0,9999999.99,0,0,0,0,0,0,0,0,0,0,0,0,0,0,0,0,0,0,0,0,0,0,0,0,0,,104.68,4/3/2026,0,0,0,7,3,0,0,0,0,0,0,0,0,0,0,0,,,,,,,,,,,5,5, ,0,0,0,0,643494,0, ,41,0,0,Open,CENTRAL POINT ,OR,975020045
cif_cust_id_03240,loan_id_0424,Commercial,9201.36,1.28,7.08,5/23/2026,2/23/2027,954.35,0,0,,Branch Not Assigned,40,M060,Monthly,0,Reg P&I,N,0,510,48000,0,48000,Installment,893.33,61.02,61.02,8918.86,250.34,44.96,10,officer_id_011,2/24/2022,2/23/2022,2/24/2022,3/23/2022,,4/22/2026,0,,9202.64,No Prepayment Penatly,0,Fixed,, ,365/360,7.08,0,7.08,0,,,0,0,0,0,0,0,1,0.05,0,9999999.99,0,0,0,0,0,0,0,0,0,0,0,0,0,0,0,0,0,0,0,0,0,0,0,0,0,,0,9/23/2023,0,0,0,0,0,0,0,0,0,0,0,0,0,0,0,0,,,,,,,,,,,5,5, ,0,0,0,0,97489,0, ,41,0,0,Open,CENTRAL POINT ,OR,975029711
cif_cust_id_03617,loan_id_0427,Commercial,0,0,11,6/2/2026,7/2/2027,0,0,0,7/2/2027,Branch Not Assigned,41,M024,Monthly,0,Int Only,Y,24,530,0,200000,200000,Revolving,0,0,0,2188.18,0,0,21,officer_id_011,5/2/2024,5/2/2024,5/2/2024,6/2/2024,7/2/2025,,15,,15,No Prepayment Penatly,0,WSJ Prime,,0000,365/360,12.75,6.75,8.5,0,,,4.25,0,0,0,0,0,1,0.05,0,9999999.99,0,0,0,0,0,0,0,0,0,0,0,0,0,0,0,0,0,0,0,0,0,0,0,0,0,,0,10/2/2025,0,0,0,4,0,0,0,0,0,0,0,0,0,0,0,0,,,,,,,,,,,5,5, ,0,0,0,0,999999,0, ,41,0,0,Open,ALBANY ,OR,973223304
cif_cust_id_02886,loan_id_0428,Revolving Credit,0,0,7.75,5/18/2026,12/23/2029,0,0,0,12/23/2029,Branch Not Assigned,_4,M120,Monthly,0,Reg P&I,Y,120,180,0,200000,200000,Revolving,0,0,0,1420.22,0,0,120,officer_id_011,12/23/2019,12/18/2019,12/23/2019,1/18/2020,,,154,,154,No Prepayment Penatly,0,RVC Prime,5/1/2026,M001,365/365,6.5,6.75,4.75,0,,5/1/2026,1,1,1,6.5,18,0,1,0.05,0,9999999.99,0,0,0,0,0,0,0,0,0,0,0,0,0,0,0,0,0,0,0,0,0,0,0,0,0,,0,6/18/2023,0,0,0,0,0,0,0,0,0,0,0,0,0,0,0,0,,,,,,,,,,,5,5, ,0,0,0,0,0,21,X500* ,41,0,0,Open,MEDFORD ,OR,975049453
cif_cust_id_08380,loan_id_0437,Revolving Credit,35951,68.94,7,5/26/2026,11/26/2035,0,0,0,11/26/2035,Branch Not Assigned,_4,M120,Monthly,0,Reg P&I,Y,120,180,0,36000,36000,Revolving,0,227.14,227.14,871.48,775.41,158.57,120,officer_id_011,12/2/2025,11/26/2025,12/2/2025,12/26/2025,,4/13/2026,154,,36173.94,No Prepayment Penatly,0,RVC Prime,5/1/2026,M001,365/365,7.25,6.75,7,0,,5/1/2026,0.25,1,1,6,18,0,1,0.05,0,9999999.99,0,0,0,0,0,0,0,0,0,0,0,0,0,0,0,0,0,0,0,0,0,0,0,0,0,,0,,0,0,0,0,0,0,0,0,0,0,0,0,0,0,0,0,,,,,,,,,,,5,5, ,0,0,0,0,3,18,X ,41,0,0,Open,PHOENIX ,OR,975357738
cif_cust_id_03804,loan_id_0461,Commercial,20000,28.37,10.75,5/8/2026,12/8/2026,0,0,0,12/8/2026,Branch Not Assigned,,M012,Monthly,0,Int Only,Y,12,530,0,25000,25000,Revolving,0,46.28,46.28,177.71,173.2,38.82,8,officer_id_011,12/9/2025,12/8/2025,12/9/2025,1/8/2026,,4/18/2026,0,,20028.37,No Prepayment Penatly,0,WSJ Prime,,0000,365/360,11,6.75,7,0,,,4,0,0,5,0,0,1,0.05,0,9999999.99,0,0,0,0,0,0,0,0,0,0,0,0,0,0,0,0,0,0,0,0,0,0,0,0,0,,0,,0,0,0,0,0,0,0,0,0,0,0,0,0,0,0,0,,,,,,,,,,,5,5, ,0,0,0,0,415000,0, ,41,0,0,Open,SALEM ,OR,973014155
cif_cust_id_17877,loan_id_0463,Revolving Credit,50016.69,365.81,7.25,4/27/2026,5/27/2026,0,0,0,5/27/2026,Branch Not Assigned,_8,M024,Monthly,0,Reg P&I,Y,24,630,0,200000,182000,Revolving,0,0,0,1178.54,468.59,228.5,24,officer_id_011,5/27/2022,5/27/2022,5/27/2022,6/27/2022,5/21/2024,3/17/2026,0,,50382.5,No Prepayment Penatly,0,RVC Prime,5/1/2026,M001,365/365,4.5,6.75,4,0,,5/1/2026,0.5,1,1,0,18,0,1,0.05,0,9999999.99,0,0,0,0,0,0,0,0,0,0,0,0,0,0,0,0,0,0,0,0,0,0,0,0,0,,0,1/27/2024,0,0,0,0,0,0,0,0,0,0,0,0,0,0,0,0,,,,,,,,,,,5,5, ,0,0,0,0,3,0, ,41,0,0,Open,MEDFORD ,OR,975049279
Borrower Not Found,loan_id_1306,Installment,75594.54,79.22,4.25,5/15/2026,9/15/2046,462.38,320.22,0,,Branch Not Assigned,_1,M300,Monthly,0,Reg P&I, ,0,640,85355.76,0,85355.76,Installment,188.83,273.55,273.55,15724.41,1000.05,202.76,245,officer_id_011,9/15/2021,9/15/2021,9/15/2021,10/15/2021,,4/14/2026,0,,75673.76,No Prepayment Penatly,0,Fixed,, ,365/365,4.25,0,4.25,0,,,0,0,0,0,0,2016.62,1,0.05,0,9999999.99,0,0,0,0,0,0,0,0,0,0,0,0,0,0,0,0,0,0,0,0,0,0,0,0,0,,0,2/15/2026,0,0,0,0,0,0,0,0,0,0,0,0,0,0,0,0,,,,,,,,,,,5,5, ,0,0,0,0,0,39,A ,41,0,0,Open,PHOENIX ,OR,975359630
cif_cust_id_03833,loan_id_0471,Commercial,0,0,8.25,5/15/2026,7/15/2026,0,0,0,7/15/2026,branch_id_05,11,M012,Monthly,0,Int Only,Y,12,530,0,150000,150000,Revolving,0,0,0,49392.74,0,0,12,officer_id_061,9/14/2004,9/14/2004,9/14/2004,7/15/2005,7/17/2025,,30,,30,No Prepayment Penatly,0,WSJ Prime,,0000,365/360,5.25,6.75,3.75,0,,,1.5,0,0,8,0,0,1,0.05,0,9999999.99,0,0,0,0,0,0,0,0,0,0,0,0,0,0,0,0,0,0,0,0,0,0,0,0,0,,0,4/15/2019,0,0,0,0,0,0,0,0,0,0,0,0,0,0,0,0,,,,,,,,,,,5,4, ,0,0,0,0,999999,0, ,41,0,0,Open,MEDFORD ,OR,975044705
cif_cust_id_03844,loan_id_0473,Commercial,313882.95,1442.47,5.17,4/23/2026,10/23/2042,2365.22,0,0,,branch_id_03,35,M245,Monthly,0,Reg P&I, ,0,160,397554,0,397554,Installment,0,0,0,156108.18,5116.81,1036.78,199,officer_id_032,10/23/2017,10/23/2017,10/23/2017,6/23/2022,5/30/2022,3/22/2026,154,,321757.07,% of Current Balance,6277.65,FHLB 5_YR,5/23/2027,M060,365/360,5.06,2.08,2.14,0,,5/23/2027,2.5,0,0,0,0,0,1,0.05,0,9999999.99,0,0,0,0,0,0,0,0,0,0,0,0,0,0,0,0,0,0,0,0,0,0,0,0,0,,0,9/23/2024,0,0,0,0,0,0,0,0,0,0,0,0,0,0,0,0,,,,,,,,,,,5,5, ,1638.69,0,0,0,999999,0,X ,41,0,0,Open,MEDFORD ,OR,975044341
cif_cust_id_09208,loan_id_0474,Revolving Credit,36523.67,72.76,7.25,5/22/2026,3/22/2027,0,0,0,3/22/2027,Branch Not Assigned,_8,M024,Monthly,0,Reg P&I,Y,24,630,0,100000,100000,Revolving,1066.63,133.37,133.37,15125.8,873.41,168.79,24,officer_id_011,3/28/2023,3/23/2023,3/28/2023,4/23/2023,3/22/2025,4/13/2026,154,,36750.43,No Prepayment Penatly,0,RVC Prime,5/1/2026,M001,365/365,8.25,6.75,7.75,0,,5/1/2026,0.5,1,1,0,18,0,1,0.05,0,9999999.99,0,0,0,0,0,0,0,0,0,0,0,0,0,0,0,0,0,0,0,0,0,0,0,0,0,,0,1/22/2026,0,0,0,3,1,0,0,0,0,0,0,0,0,0,0,0,,,,,,,,,,,5,5, ,0,0,0,0,3,21,X ,41,0,0,Open,MEDFORD ,OR,975014309
cif_cust_id_04009,loan_id_0475,Commercial,0,0,10.75,6/1/2026,8/1/2026,0,0,0,8/1/2026,Branch Not Assigned,,M012,Monthly,0,Int Only,Y,12,530,0,25000,25000,Revolving,0,0,0,0,0,0,12,officer_id_011,8/4/2025,8/1/2025,8/4/2025,9/1/2025,,,0,,0,No Prepayment Penatly,0,WSJ Prime,,0000,365/360,11.5,6.75,7.5,0,,,4,0,0,5,0,0,1,0.05,0,9999999.99,0,0,0,0,0,0,0,0,0,0,0,0,0,0,0,0,0,0,0,0,0,0,0,0,0,,0,,0,0,0,0,0,0,0,0,0,0,0,0,0,0,0,0,,,,,,,,,,,5,5, ,0,0,0,0,80000,0, ,41,0,0,Open,MEDFORD ,OR,975046772
Borrower Not Found,loan_id_1704,Revolving Credit,50067.43,199.91,7.75,5/16/2026,3/16/2032,0,0,0,3/16/2032,Branch Not Assigned,_4,M120,Monthly,0,Reg P&I,Y,120,180,0,100000,100000,Revolving,0,157.55,157.55,2730.84,640.25,206.29,120,officer_id_011,3/21/2022,3/16/2022,3/21/2022,4/16/2022,,4/4/2026,154,,50421.34,No Prepayment Penatly,0,RVC Prime,5/1/2026,M001,365/365,4.25,6.75,3.25,0,,5/1/2026,1,1,1,6.5,18,0,1,0.05,0,9999999.99,0,0,0,0,0,0,0,0,0,0,0,0,0,0,0,0,0,0,0,0,0,0,0,0,0,,0,8/16/2025,0,0,0,1,0,0,0,0,0,0,0,0,0,0,0,0,,,,,,,,,,,5,5, ,0,0,0,0,0,24,X500* ,41,0,0,Open,GRANTS PASS ,OR,975274100
cif_cust_id_12338,loan_id_0499,Commercial,1432.12,10.13,10.75,5/30/2026,12/30/2026,0,0,0,12/30/2026,Branch Not Assigned,,M012,Monthly,0,Int Only,Y,12,530,0,5000,5000,Revolving,0,0,0,32.05,42.18,9.73,11,officer_id_011,12/30/2025,12/30/2025,12/30/2025,1/30/2026,,3/30/2026,0,,1442.25,No Prepayment Penatly,0,WSJ Prime,,0000,365/360,10.75,0,6.75,0,,,4,0,0,5,0,0,1,0.05,0,9999999.99,0,0,0,0,0,0,0,0,0,0,0,0,0,0,0,0,0,0,0,0,0,0,0,0,0,,0,,0,0,0,0,0,0,0,0,0,0,0,0,0,0,0,0,,,,,,,,,,,5,5, ,0,0,0,0,200000,0, ,41,0,0,Open,SHEDD ,OR,973779756
cif_cust_id_04913,loan_id_0540,Commercial,5000,19.41,10.75,5/3/2026,3/3/2027,0,0,0,3/3/2027,Branch Not Assigned,,M012,Monthly,0,Int Only,Y,12,530,0,25000,25000,Revolving,0,0,0,0,19.41,19.41,12,officer_id_011,3/3/2026,3/3/2026,3/3/2026,4/3/2026,,4/10/2026,0,,5019.41,No Prepayment Penatly,0,WSJ Prime,,0000,365/360,10.75,0,6.75,0,,,4,0,0,5,0,0,1,0.05,0,9999999.99,0,0,0,0,0,0,0,0,0,0,0,0,0,0,0,0,0,0,0,0,0,0,0,0,0,,0,,0,0,0,0,0,0,0,0,0,0,0,0,0,0,0,0,,,,,,,,,,,5,5, ,0,0,0,0,999999,0, ,41,0,0,Open,MEDFORD ,OR,975016646
cif_cust_id_05333,loan_id_0545,Revolving Credit,85845.67,705.63,7.75,4/28/2026,12/28/2033,0,0,0,12/28/2033,Branch Not Assigned,_4,M120,Monthly,0,Reg P&I,Y,120,180,0,100000,100000,Revolving,0,0,0,15317.64,2076.14,419.23,120,officer_id_011,1/3/2024,12/28/2023,1/3/2024,1/28/2024,,3/15/2026,154,,86705.3,No Prepayment Penatly,0,RVC Prime,5/1/2026,M001,365/365,9.5,6.75,8.5,0,,5/1/2026,1,1,1,6.5,18,0,1,0.05,0,9999999.99,0,0,0,0,0,0,0,0,0,0,0,0,0,0,0,0,0,0,0,0,0,0,0,0,0,,0,3/28/2026,0,0,0,0,0,0,0,0,0,0,0,0,0,0,0,0,,,,,,,,,,,5,5, ,0,0,0,0,3,0,X ,41,0,0,Open,MEDFORD ,OR,975049636
cif_cust_id_03142,loan_id_0557,Revolving Credit,0,0,7.75,5/29/2026,6/29/2032,0,0,0,6/29/2032,Branch Not Assigned,_4,M120,Monthly,0,Reg P&I,Y,120,180,0,20000,20000,Revolving,0,0,0,205.64,0,0,120,officer_id_011,7/5/2022,6/29/2022,7/5/2022,7/29/2022,,,154,,154,No Prepayment Penatly,0,RVC Prime,5/1/2026,M001,365/365,6,6.75,4.75,0,,5/1/2026,1,1,1,6,18,0,1,0.05,0,9999999.99,0,0,0,0,0,0,0,0,0,0,0,0,0,0,0,0,0,0,0,0,0,0,0,0,0,,0,2/28/2023,0,0,0,0,0,0,0,0,0,0,0,0,0,0,0,0,,,,,,,,,,,5,5, ,0,0,0,0,0,18,X ,41,0,0,Open,MEDFORD ,OR,975019585
cif_cust_id_06683,loan_id_0561,Installment,52367.1,103.66,4.25,5/7/2026,1/7/2047,316.29,0,0,,Branch Not Assigned,_1,M300,Monthly,0,Reg P&I, ,0,640,58500,0,58500,Installment,126.81,189.48,189.48,10014.09,692.17,140.34,249,officer_id_011,1/10/2022,1/7/2022,1/10/2022,2/7/2022,3/20/2024,4/6/2026,0,,52470.76,No Prepayment Penatly,0,Fixed,, ,365/365,4.25,0,4.25,0,,,0,0,0,0,0,0,1,0.05,0,9999999.99,0,0,0,0,0,0,0,0,0,0,0,0,0,0,0,0,0,0,0,0,0,0,0,0,0,,0,3/7/2026,0,0,0,0,0,0,0,0,0,0,0,0,0,0,0,0,,,,,,,,,,,5,5, ,0,0,0,0,3,36,X ,41,0,0,Open,MEDFORD ,OR,975011864
cif_cust_id_20353,loan_id_0562,Mortgage,664046.82,2689.44,6.25,5/1/2026,6/1/2054,4186.88,0,0,,branch_id_15,38,M372,Monthly,0,Reg P&I, ,0,140,0,0,680000,Installment,724.53,3462.35,3462.35,92803.58,13049.87,2651.58,339,officer_id_050,5/30/2023,5/26/2023,5/30/2023,7/1/2023,,3/31/2026,0,,666736.26,No Prepayment Penatly,0,1_Yr Treasury,4/17/2029,M012,30/360 Am Sch,6.25,0,6.25,0,,6/1/2029,2.25,2,2,6.25,11.25,0,1,0.05,0,9999999.99,0,0,0,0,0,0,0,0,0,0,0,0,0,0,0,0,0,0,0,0,0,0,0,0,0,,0,,0,0,0,0,0,0,0,0,0,0,0,0,0,0,0,0,,,,,,,,,,,5,5, ,0,0,0,0,3,0,X ,41,0,0,Open,CORVALLIS ,OR,973391633
cif_cust_id_05361,loan_id_0565,Commercial,597311.95,1558.65,6.71,5/10/2026,2/10/2041,5339.67,0,0,,branch_id_05,22,M180,Monthly,0,Reg P&I, ,0,170,601390.55,0,850000,Installment,1877.52,3462.15,3462.15,358014.49,11348.97,2563.79,178,officer_id_061,2/10/2016,2/10/2016,2/10/2016,3/10/2016,2/10/2026,4/9/2026,631,,617420.95,% of Current Balance,17919.35,FHLB 3_YR,2/10/2029,M036,365/360,4.75,0.73,1.75,0,,2/10/2029,3.07,0,0,5.71,0,0,1,0.05,0,9999999.99,0,0,0,0,0,0,0,0,0,0,0,0,0,0,0,0,0,0,0,0,0,0,0,0,0,,0,2/10/2026,0,0,0,0,1,0,0,0,0,0,0,0,0,0,0,0,,,,,,,,,,,5,5, ,0,0,0,0,999999,0,X ,41,0,0,Open,JACKSONVILLE ,OR,975301150
cif_cust_id_18552,loan_id_0566,Revolving Credit,0,0,7.75,5/17/2026,9/17/2031,0,0,0,9/17/2031,Branch Not Assigned,_4,M120,Monthly,0,Reg P&I,Y,120,180,0,30000,30000,Revolving,0,0,0,7.12,0,0,120,officer_id_011,9/22/2021,9/14/2021,9/22/2021,10/17/2021,,,154,,154,No Prepayment Penatly,0,RVC Prime,5/1/2026,M001,365/365,6.5,6.75,3.25,0,,5/1/2026,1,1,1,6.5,18,0,1,0.05,0,9999999.99,0,0,0,0,0,0,0,0,0,0,0,0,0,0,0,0,0,0,0,0,0,0,0,0,0,,0,10/17/2021,0,0,0,0,0,0,0,0,0,0,0,0,0,0,0,0,,,,,,,,,,,5,5, ,0,0,0,0,0,0,X ,41,0,0,Open,ASHLAND ,OR,975202908
cif_cust_id_19331,loan_id_0578,Installment,53175.9,203.3,4.5,4/24/2026,3/24/2042,412.93,0,0,,Branch Not Assigned,_1,M240,Monthly,0,Reg P&I, ,0,610,65260.75,0,65260.75,Installment,0,0,0,10815.15,746.04,150.79,192,officer_id_011,3/24/2022,3/24/2022,3/24/2022,4/24/2022,,3/23/2026,0,,53379.2,No Prepayment Penatly,0,Fixed,, ,365/365,4.5,0,4.5,0,,,0,0,0,0,0,0,1,0.05,0,9999999.99,0,0,0,0,0,0,0,0,0,0,0,0,0,0,0,0,0,0,0,0,0,0,0,0,0,,0,3/24/2026,0,0,0,0,0,0,0,0,0,0,0,0,0,0,0,0,,,,,,,,,,,5,5, ,0,0,0,0,0,0, ,41,0,0,Open,WHITE CITY ,OR,975039536
cif_cust_id_19499,loan_id_0582,Revolving Credit,0,0,7.75,6/5/2026,11/5/2035,0,0,0,11/5/2035,Branch Not Assigned,_4,M060,Monthly,0,Reg P&I,Y,60,180,0,100000,100000,Revolving,0,0,0,4.14,0,0,60,officer_id_011,11/10/2025,11/5/2025,11/10/2025,12/5/2025,,,154,,154,No Prepayment Penatly,0,RVC Prime,5/1/2026,M001,365/365,8,6.75,7,0,,5/1/2026,1,1,1,6.5,18,0,1,0.05,0,9999999.99,0,0,0,0,0,0,0,0,0,0,0,0,0,0,0,0,0,0,0,0,0,0,0,0,0,,0,12/5/2025,0,0,0,0,0,0,0,0,0,0,0,0,0,0,0,0,,,,,,,,,,,5,5, ,0,0,0,0,3,22,X* ,41,0,0,Open,MEDFORD ,OR,975019329
cif_cust_id_05453,loan_id_0585,Commercial,539466.6,2487.69,6.39,4/29/2026,3/29/2047,3922.24,0,0,,branch_id_05,22,M298,Monthly,0,Reg P&I, ,0,170,0,0,1020000,Installment,0,0,0,140619.1,8056.28,2200.65,252,officer_id_061,3/30/2021,3/29/2021,3/30/2021,6/29/2022,,3/28/2026,154,,542108.29,No Prepayment Penatly,0,FHLB 5_YR,3/29/2031,M060,365/360,4.25,4.12,1.18,0,,3/29/2031,2.27,0,0,4.25,0,0,1,0.05,0,9999999.99,0,0,0,0,0,0,0,0,0,0,0,0,0,0,0,0,0,0,0,0,0,0,0,0,0,,0,11/29/2025,0,0,0,1,0,0,0,0,0,0,0,0,0,0,0,0,,,,,,,,,,,5,5, ,0,0,0,0,237291,0,X ,41,0,0,Open,MEDFORD ,OR,975049668
cif_cust_id_03241,loan_id_0586,Revolving Credit,40126.75,387.46,8.75,4/2/2026,3/2/2031,0,0,0,3/2/2031,Branch Not Assigned,_2,M060,Monthly,0,Reg P&I,Y,60,630,0,50000,50000,Revolving,0,0,0,0,387.46,221.24,60,officer_id_011,3/3/2026,3/2/2026,3/3/2026,4/2/2026,,3/14/2026,0,,40514.21,No Prepayment Penatly,0,RVC Prime,5/20/2026,M001,365/365,8.75,6.75,6.75,0,,5/20/2026,2,1,1,0,18,0,1,0.05,0,9999999.99,0,0,0,0,0,0,0,0,0,0,0,0,0,0,0,0,0,0,0,0,0,0,0,0,0,,0,4/2/2026,0,0,802.54,0,0,0,0,0,0,0,0,0,0,0,0,0,,,,,,,,,,,5,5, ,0,0,0,0,343080,13, ,41,0,0,Open,ASHLAND ,OR,975202739
cif_cust_id_05488,loan_id_0597,Commercial,24674.89,_6.57,10.75,5/25/2026,6/25/2026,0,0,0,6/25/2026,Branch Not Assigned,,M012,Monthly,0,Int Only,Y,12,530,0,25000,25000,Revolving,271.1,228.9,228.9,1929.04,779.57,170.2,2,officer_id_011,6/25/2025,6/25/2025,6/25/2025,7/25/2025,,4/24/2026,0,,24668.32,No Prepayment Penatly,0,WSJ Prime,,0000,365/360,11.5,6.75,7.5,0,,,4,0,0,5,0,0,1,0.05,0,9999999.99,0,0,0,0,0,0,0,0,0,0,0,0,0,0,0,0,0,0,0,0,0,0,0,0,0,,0,10/25/2025,0,0,0,0,1,0,0,0,0,0,0,0,0,0,0,0,,,,,,,,,,,5,5, ,0,0,0,0,185000,0, ,41,0,0,Open,BONANZA ,OR,976238779
cif_cust_id_05498,loan_id_0602,Commercial,986888.22,2649.14,4.39,5/2/2026,12/2/2046,6025.41,0,0,,branch_id_03,22,M300,Monthly,0,Reg P&I, ,0,190,1100000,0,1100000,Installment,2284.48,3740.93,3740.93,200209.54,13659.8,2769.84,248,officer_id_032,12/14/2021,12/2/2021,12/14/2021,1/2/2022,,4/1/2026,308,,999714.24,% of Current Balance,9868.88,FHLB 5_YR,12/2/2026, ,365/360,4.39,0,1.48,0,,12/2/2026,2.913,0,0,4.295,0,0,1,0.05,0,9999999.99,0,0,0,0,0,0,0,0,0,0,0,0,0,0,0,0,0,0,0,0,0,0,0,0,0,,0,,0,0,0,0,0,0,0,0,0,0,0,0,0,0,0,0,,,,,,,,,,,5,5, ,1897.74,0,0,0,488529,0,X ,41,0,0,Open,CENTRAL POINT ,OR,975020051
cif_cust_id_12552,loan_id_0605,Mortgage,295471.77,1557.45,8.25,5/1/2026,6/1/2054,2253.8,0,0,,branch_id_15,38,M366,Monthly,0,Reg P&I, ,0,140,0,0,300000,Installment,0,0,0,54579.96,7660.57,1557.38,360,officer_id_050,11/20/2023,11/2/2023,11/20/2023,1/1/2024,5/16/2024,3/31/2026,0,,297029.22,No Prepayment Penatly,0,1_Yr Treasury,10/17/2029,M012,30/360 Am Sch,8.25,0,5.41,0,,12/1/2029,2.25,2,2,8.25,13.25,0,1,0.05,0,9999999.99,0,0,0,0,0,0,0,0,0,0,0,0,0,0,0,0,0,0,0,0,0,0,0,0,0,,0,11/1/2024,0,0,0,0,0,0,0,0,0,0,0,0,0,0,0,0,,,,,,,,,,,5,5, ,0,0,0,0,3,0,X ,41,0,0,Open,SHADY COVE ,OR,975399750
cif_cust_id_05278,loan_id_0608,Installment,112498.95,275.08,4.25,5/3/2026,3/3/2047,677.26,0,0,,Branch Not Assigned,_1,M300,Monthly,0,Reg P&I,N,0,640,125000,0,125000,Installment,270.25,407.01,407.01,20684.69,1486.29,301.34,251,officer_id_011,3/3/2022,3/3/2022,3/3/2022,4/3/2022,,4/2/2026,0,,112774.03,No Prepayment Penatly,0,Fixed,, ,365/365,4.25,0,4.25,0,,,0,0,0,0,0,0,1,0.05,0,9999999.99,0,0,0,0,0,0,0,0,0,0,0,0,0,0,0,0,0,0,0,0,0,0,0,0,0,,0,,0,0,0,0,0,0,0,0,0,0,0,0,0,0,0,0,,,,,,,,,,,5,5, ,0,0,0,0,0,57,X ,41,0,0,Open,GRANTS PASS ,OR,975266309
cif_cust_id_05538,loan_id_0610,Commercial,0,0,9.75,6/3/2026,4/3/2027,0,0,0,4/3/2027,Branch Not Assigned,41,M024,Monthly,0,Int Only,Y,24,530,0,60000,20000,Revolving,0,0,0,3146.38,0,0,23,officer_id_011,5/3/2018,5/3/2018,5/3/2018,5/3/2022,4/3/2025,,15,,15,No Prepayment Penatly,0,WSJ Prime,,0000,365/360,7.75,6.75,4.75,0,,,3,0,0,5.5,11.5,0,1,0.05,0,9999999.99,0,0,0,0,0,0,0,0,0,0,0,0,0,0,0,0,0,0,0,0,0,0,0,0,0,,0,9/3/2024,0,0,0,1,1,0,0,0,0,0,0,0,0,0,0,0,,,,,,,,,,,5,5, ,0,0,0,0,400805,0, ,41,0,0,Open,GRANTS PASS ,OR,975277107
cif_cust_id_08014,loan_id_0611,Mortgage,250916.51,761.56,4.75,5/1/2026,7/1/2037,2426.84,340.77,0,,branch_id_15,29,M180,Monthly,0,Reg P&I, ,0,140,312000,0,312000,Installment,1460.24,998.99,998.99,50739.39,3775.69,761.46,135,officer_id_050,7/14/2022,6/17/2022,7/1/2022,8/1/2022,,3/31/2026,0,,251678.07,No Prepayment Penatly,0,Fixed,, ,30/360 Am Sch,4.75,0,4.75,0,,,0,0,0,0,0,2187.53,1,0.05,0,9999999.99,0,0,0,0,0,0,0,0,0,0,0,0,0,0,0,0,0,0,0,0,0,0,0,0,0,,0,1/1/2026,0,0,0,0,0,0,0,0,0,0,0,0,0,0,0,0,,,,,,,,,,,5,5, ,0,0,0,0,3,0,X ,41,0,0,Open,ALBANY ,OR,973212347
cif_cust_id_05841,loan_id_0622,Commercial,14540,13.03,10.75,5/21/2026,11/21/2026,0,0,0,11/21/2026,Branch Not Assigned,,M012,Monthly,0,Int Only,Y,12,530,0,25000,25000,Revolving,0,134.59,134.59,395.1,408.13,99.86,9,officer_id_011,11/25/2025,11/21/2025,11/25/2025,12/21/2025,,4/20/2026,0,,14553.03,No Prepayment Penatly,0,WSJ Prime,,0000,365/360,11,6.75,7,0,,,4,0,0,5,0,0,1,0.05,0,9999999.99,0,0,0,0,0,0,0,0,0,0,0,0,0,0,0,0,0,0,0,0,0,0,0,0,0,,0,3/21/2026,0,0,0,0,0,0,0,0,0,0,0,0,0,0,0,0,,,,,,,,,,,5,5, ,0,0,0,0,999999,0, ,41,0,0,Open,ALBANY ,OR,973222626
cif_cust_id_16948,loan_id_0625,Revolving Credit,0,0,7,5/10/2026,4/10/2029,0,0,0,4/10/2029,Branch Not Assigned,_4,M120,Monthly,0,Reg P&I,Y,120,180,0,175000,100000,Revolving,0,0,0,4479.56,0,0,120,officer_id_011,4/15/2019,4/10/2019,4/15/2019,5/10/2019,12/4/2019,,154,,154,No Prepayment Penatly,0,RVC Prime,5/1/2026,M001,365/365,6,6.75,0,0,,5/1/2026,0.25,1,1,6,18,0,1,0.05,0,9999999.99,0,0,0,0,0,0,0,0,0,0,0,0,0,0,0,0,0,0,0,0,0,0,0,0,0,,0,1/10/2020,0,0,0,0,0,0,0,0,0,0,0,0,0,0,0,0,,,,,,,,,,,5,5, ,0,0,0,0,0,7,X ,41,0,0,Open,MEDFORD ,OR,975049181
cif_cust_id_10598,loan_id_0630,Revolving Credit,0,0,7.25,5/23/2026,10/23/2028,0,0,0,,Branch Not Assigned,_4,M120,Monthly,0,Reg P&I, ,0,180,0,80000,80000,Revolving,0,0,0,1902.96,0,0,117,officer_id_011,10/23/2018,10/23/2018,10/23/2018,11/23/2018,10/23/2018,,154,,154,No Prepayment Penatly,0,RVC Prime,5/1/2026,M001,365/365,6,6.75,5.5,0,,5/1/2026,0.5,1,1,6,18,0,1,0.05,0,9999999.99,0,0,0,0,0,0,0,0,0,0,0,0,0,0,0,0,0,0,0,0,0,0,0,0,0,,0,7/23/2022,0,0,0,0,0,0,0,0,0,0,0,0,0,0,0,0,,,,,,,,,,,5,5, ,0,0,0,0,0,39.1,X ,41,0,0,Open,LAFAYETTE ,CO,800262419
cif_cust_id_17933,loan_id_0631,Revolving Credit,0,0,6.25,5/15/2026,6/15/2026,0,0,0,6/15/2026,branch_id_05,_8,M024,Monthly,0,Reg P&I,Y,24,630,0,100000,100000,Revolving,0,0,0,1625.74,0,0,24,officer_id_014,6/15/2020,6/15/2020,6/15/2020,7/15/2020,6/13/2024,,0,,0,No Prepayment Penatly,0,RVC Prime,5/1/2026,M001,365/365,2.75,6.75,2.75,0,,5/1/2026,_0.5,1,1,0,18,0,1,0.05,0,9999999.99,0,0,0,0,0,0,0,0,0,0,0,0,0,0,0,0,0,0,0,0,0,0,0,0,0,,0,11/15/2025,0,0,0,0,0,0,0,0,0,0,0,0,0,0,0,0,,,,,,,,,,,5,5, ,0,0,0,0,3,0, ,41,0,0,Open,MEDFORD ,OR,975049391
cif_cust_id_05970,loan_id_0632,Commercial,124400.77,692.69,7.15,4/27/2026,3/27/2028,1063.61,0,0,3/27/2028,branch_id_12,22,M300,Monthly,0,Reg P&I,Y,120,190,150000,0,150000,Installment,369.34,694.27,694.27,69444.13,2804.92,568.78,24,officer_id_054,3/27/2018,3/27/2018,3/27/2018,4/27/2018,3/27/2018,3/26/2026,154,,125247.46,No Prepayment Penatly,0,FHLB 5_YR,3/27/2028,M060,365/360,5.69,4.27,2.81,0,,3/27/2028,2.88,0,0,5.69,0,0,1,0.05,0,9999999.99,0,0,0,0,0,0,0,0,0,0,0,0,0,0,0,0,0,0,0,0,0,0,0,0,0,,0,3/27/2026,0,0,0,11,0,0,0,0,0,0,0,0,0,0,0,0,,,,,,,,,,,5,5, ,0,0,0,0,24860,0,C ,41,0,0,Open,KLAMATH FALLS ,OR,976019600
cif_cust_id_17008,loan_id_0635,Revolving Credit,9694.75,70.16,8.75,5/8/2026,7/8/2027,0,0,0,7/8/2027,Branch Not Assigned,_2,M060,Monthly,0,Reg P&I,Y,60,630,0,11209,11209,Revolving,130.21,66.29,66.29,1521.03,268.98,53.67,60,officer_id_011,7/11/2022,7/8/2022,7/11/2022,8/8/2022,,3/24/2026,0,,9764.91,No Prepayment Penatly,0,RVC Prime,5/1/2026,M001,365/365,6.75,6.75,4.75,0,,5/1/2026,2,1,1,0,18,0,1,0.05,0,9999999.99,4.77,0,0,0,0,0,0,0,0,0,0,0,0,0,0,0,0,0,0,0,0,0,0,0,0,,31.75,1/8/2026,0,4.77,0,1,0,1,0,0,0,0,0,0,0,0,0,0,,,,,,,,,,,5,5, ,0,0,0,0,3,26, ,41,0,0,Open,WOODBURN ,OR,970715765
cif_cust_id_00792,loan_id_0636,Commercial,214719.86,782.66,4.86,4/28/2026,10/31/2041,1676.18,0,0,,branch_id_05,22,M300,Monthly,0,Reg P&I, ,0,170,288750,0,288750,Installment,0,0,0,118378.2,3294.4,666.71,187,officer_id_069,10/31/2016,10/31/2016,10/31/2016,11/30/2016,10/31/2016,3/27/2026,154,,215656.52,No Prepayment Penatly,0,FHLB 5_YR,10/30/2026,M060,365/360,4.86,1.53,1.86,0,,10/30/2026,3,0,0,4.86,0,0,1,0.05,0,9999999.99,0,0,0,0,0,0,0,0,0,0,0,0,0,0,0,0,0,0,0,0,0,0,0,0,0,,0,3/28/2026,0,0,0,0,0,0,0,0,0,0,0,0,0,0,0,0,,,,,,,,,,,5,5, ,938.6,0,0,0,211294,0,X ,41,0,0,Open,MOUND ,MN,553641836
cif_cust_id_06135,loan_id_0649,Commercial,111618.2,699.25,11.87,5/5/2026,9/5/2031,2346.37,0,0,,Branch Not Assigned,40,M084,Monthly,0,Reg P&I, ,0,510,132780,0,132780,Installment,1192.85,1153.52,1153.52,23419.23,4238,848.04,65,officer_id_011,9/5/2024,9/5/2024,9/5/2024,10/5/2024,,4/4/2026,0,,112317.45,No Prepayment Penatly,0,Fixed,, ,365/360,11.87,0,11.87,0,,,0,0,0,0,0,0,1,0.05,0,9999999.99,0,0,0,0,0,0,0,0,0,0,0,0,0,0,0,0,0,0,0,0,0,0,0,0,0,,0,7/5/2025,0,0,0,0,0,0,0,0,0,0,0,0,0,0,0,0,,,,,,,,,,,5,5, ,0,0,0,0,999999,0, ,41,0,0,Open,GRANTS PASS ,OR,975275548
cif_cust_id_05922,loan_id_0650,Mortgage,54677,162.53,7.75,5/10/2026,9/10/2036,622.64,0,0,,branch_id_15,30,M360,Monthly,0,Reg P&I, ,0,140,88383.09,0,88383.09,Installment,261.03,361.61,361.61,114275.5,1324.28,267.51,125,officer_id_050,9/15/2006,9/13/2006,9/13/2006,10/10/2006,,4/9/2026,154,,54993.53,No Prepayment Penatly,0,FHLB 5_YR,9/10/2026,M060,365/365,7.75,1.14,5.15,0,,9/10/2026,2.6,0,0,7.75,18,0,1,0.05,0,9999999.99,0,0,0,0,0,0,0,0,0,0,0,0,0,0,0,0,0,0,0,0,0,0,0,0,0,,93.39,1/10/2026,0,0,0,0,0,0,0,0,0,0,0,0,0,0,0,0,,,,,,,,,,,5,0, ,159.93,0,0,0,0,0, ,41,0,0,Open,HARRISBURG ,OR,974469709
cif_cust_id_06143,loan_id_0651,Commercial,218917.19,465.56,6.97,5/13/2026,10/13/2040,2015.19,0,0,,branch_id_03,22,M300,Monthly,0,Reg P&I, ,0,170,299500,0,299500,Installment,697.39,1317.8,1317.8,148516.33,4820.47,975.8,174,officer_id_032,10/13/2015,10/13/2015,10/13/2015,11/13/2015,10/13/2015,4/12/2026,154,,219536.75,No Prepayment Penatly,0,5_Yr Treasury,10/13/2030,M060,365/360,5.25,3.72,2,0,,10/13/2030,3.25,0,0,5.25,0,0,1,0.05,0,9999999.99,0,0,0,0,0,0,0,0,0,0,0,0,0,0,0,0,0,0,0,0,0,0,0,0,0,,0,11/13/2021,0,0,0,0,0,0,0,0,0,0,0,0,0,0,0,0,,,,,,,,,,,5,5, ,0,0,0,0,0,0,X ,41,0,0,Open,ASHLAND ,OR,975202537
cif_cust_id_05449,loan_id_0665,Revolving Credit,0,0,7.25,5/21/2026,8/21/2029,0,0,0,8/21/2029,Branch Not Assigned,_4,M120,Monthly,0,Reg P&I,Y,120,180,0,100000,100000,Revolving,0,0,0,34582.05,0,0,120,officer_id_011,8/26/2019,8/21/2019,8/26/2019,9/21/2019,,,154,,154,No Prepayment Penatly,0,RVC Prime,5/1/2026,M001,365/365,6,6.75,5.5,0,,5/1/2026,0.5,1,1,6,18,0,1,0.05,0,9999999.99,0,0,0,0,0,0,0,0,0,0,0,0,0,0,0,0,0,0,0,0,0,0,0,0,0,,0,2/21/2024,0,0,0,0,0,0,0,0,0,0,0,0,0,0,0,0,,,,,,,,,,,5,5, ,0,0,0,0,0,24,X ,41,0,0,Open,GRANTS PASS ,OR,975275577
cif_cust_id_06163,loan_id_0670,Commercial,41445.66,569.17,8.5,4/5/2026,4/5/2026,947.17,0,0,4/5/2026,branch_id_12,22,M243,Monthly,0,Reg P&I,Y,119,170,131347.31,0,131347.31,Installment,0,947.17,947.17,34415.01,765.48,210.1,_1,officer_id_054,4/21/2016,4/21/2016,4/21/2016,3/5/2016,4/21/2016,2/24/2026,154,,44315.46,No Prepayment Penatly,0,WSJ Prime,4/5/2031,M060,365/360,5.25,6.75,3.5,0,,4/5/2031,1.75,0,0,5.25,18,0,1,0.05,0,9999999.99,0,0,0,0,0,0,0,0,0,0,0,0,0,0,0,0,0,0,0,0,0,0,0,0,1143.04,,94.72,4/5/2026,0,0,44161.46,0,0,0,0,0,0,0,0,0,0,0,0,0,,,,,,,,,,,5,5, ,0,0,0,0,0,0,C ,41,0,0,Open,KLAMATH FALLS ,OR,976014287
cif_cust_id_06179,loan_id_0672,Commercial,4999.5,12.75,7.75,5/13/2026,6/13/2027,0,0,0,6/13/2027,Branch Not Assigned,11,M024,Monthly,0,Int Only,Y,24,530,0,75000,55000,Revolving,4235,68.86,68.86,4211.01,389.69,36.61,15,officer_id_011,6/17/2022,6/13/2022,6/17/2022,7/13/2022,6/13/2025,4/11/2026,15,,5027.25,No Prepayment Penatly,0,WSJ Prime,,0000,365/360,5,6.75,4,0,,,1,0,0,5,0,0,1,0.05,0,9999999.99,0,0,0,0,0,0,0,0,0,0,0,0,0,0,0,0,0,0,0,0,0,0,0,0,0,,0,9/13/2025,0,0,0,0,0,0,0,0,0,0,0,0,0,0,0,0,,,,,,,,,,,5,4, ,0,0,0,0,999999,0, ,41,0,0,Open,MERLIN ,OR,975329703
cif_cust_id_06179,loan_id_0673,Commercial,45412.48,182.68,11.14,5/11/2026,9/11/2030,1094.48,0,0,,Branch Not Assigned,40,M060,Monthly,0,Reg P&I, ,0,510,50000,0,50000,Installment,652.59,441.89,441.89,3073.84,1632.94,325.23,53,officer_id_011,9/16/2025,9/11/2025,9/16/2025,10/11/2025,,4/10/2026,15,,45610.16,No Prepayment Penatly,0,Fixed,, ,365/360,11.14,0,11.14,0,,,0,0,0,0,0,0,1,0.05,0,9999999.99,0,0,0,0,0,0,0,0,0,0,0,0,0,0,0,0,0,0,0,0,0,0,0,0,0,,0,4/11/2026,0,0,0,0,0,0,0,0,0,0,0,0,0,0,0,0,,,,,,,,,,,5,5, ,0,0,0,0,999999,0, ,41,0,0,Open,MERLIN ,OR,975329703
cif_cust_id_06197,loan_id_0677,Commercial,206566.35,1291.14,5.75,5/1/2026,2/1/2034,2658.28,0,0,,branch_id_09,25,M180,Monthly,0,Reg P&I, ,0,140,318400,0,318400,Installment,1723.41,934.87,934.87,111461.87,3776.19,758.84,94,officer_id_055,2/4/2019,2/4/2019,2/4/2019,3/1/2019,3/19/2025,3/15/2026,444,,208301.49,% of Current Balance,0,Fixed,, ,365/360,0,0,0,0,,,0,0,0,0,0,0,1,0.05,0,9999999.99,0,0,0,0,0,0,0,0,0,0,0,0,0,0,0,0,0,0,0,0,0,0,0,0,0,,0,11/1/2025,0,0,0,0,0,0,0,0,0,0,0,0,0,0,0,0,,,,,,,,,,,5,0, ,847.75,0,0,0,271221,0,X ,41,0,0,Open,LINCOLN CITY ,OR,973670964
cif_cust_id_06206,loan_id_0691,Commercial,232988.21,922.14,5.68,5/15/2026,7/15/2027,2349.48,0,0,,Branch Not Assigned,22,M240,Monthly,0,Reg P&I, ,0,170,0,0,340000,Installment,1237.81,1111.67,1111.67,131536.21,4199.99,848.22,15,officer_id_011,7/3/2017,7/3/2017,7/3/2017,8/15/2017,,3/29/2026,154,,234181.82,% of Current Balance,0,FHLB 5_YR,7/15/2027,M060,365/360,4.75,3.33,2.4,0,,7/15/2027,2.35,0,0,0,0,0,50,0.05,10,9999999.99,0,0,0,0,0,0,0,0,0,0,0,0,0,0,0,0,0,0,0,0,0,0,0,0,0,,0,2/15/2026,0,0,0,0,0,0,0,0,0,0,0,0,0,0,0,0,,,,,,,,,,,5,0, ,26.51,0,0,0,0,0,X ,41,0,0,Open,ALBANY ,OR,973212331
cif_cust_id_06216,loan_id_0694,Commercial,4968.94,9.9,10.25,5/17/2026,5/17/2027,0,0,0,5/17/2027,Branch Not Assigned,41,M024,Monthly,0,Int Only,Y,24,530,0,5000,5000,Revolving,0,43.86,43.86,4297.78,159.88,32.54,13,officer_id_011,4/17/2014,4/17/2014,4/17/2014,4/17/2015,5/17/2025,4/16/2026,30,,5008.84,No Prepayment Penatly,0,WSJ Prime,,0000,365/360,7.5,6.75,4,0,,,3.5,0,0,5.5,11.5,0,1,0.05,0,9999999.99,0,0,0,0,0,1.28,0,0,0,0,0,0,0,0,0,0,0,0,0,0,0,0,0,0,0,,0.4,1/17/2026,0,0,0,0,0,1,0,0,0,0,0,0,0,0,0,0,,,,,,,,,,,5,5, ,0,0,0,0,296288,0, ,41,0,0,Open,MEDFORD ,OR,975010045
cif_cust_id_06266,loan_id_0713,Commercial,24000,88.83,10.25,5/11/2026,5/11/2027,0,0,0,5/11/2027,Branch Not Assigned,41,M024,Monthly,0,Int Only,Y,24,530,0,50000,50000,Revolving,0,211.83,211.83,2310.15,697.85,157.16,21,officer_id_011,2/17/2022,2/11/2022,2/17/2022,3/11/2022,5/11/2025,4/10/2026,15,,24103.83,No Prepayment Penatly,0,WSJ Prime,,0000,365/360,6.75,6.75,3.25,0,,,3.5,0,0,6.75,15,0,1,0.05,0,9999999.99,0,0,0,0,0,0,0,0,0,0,0,0,0,0,0,0,0,0,0,0,0,0,0,0,0,,0,2/11/2025,0,0,0,1,0,0,0,0,0,0,0,0,0,0,0,0,,,,,,,,,,,5,5, ,0,0,0,0,999999,0, ,41,0,0,Open,JACKSONVILLE ,OR,975301620
cif_cust_id_06292,loan_id_0719,Commercial,0,0,7.75,5/15/2026,3/15/2027,0,0,0,3/15/2027,Branch Not Assigned,41,M024,Monthly,0,Int Only,Y,24,530,0,150000,150000,Revolving,0,0,0,29290.26,0,0,0,officer_id_011,1/28/2014,1/28/2014,1/28/2014,2/28/2019,3/15/2025,,0,9/26/2025,0,No Prepayment Penatly,0,WSJ Prime,,0000,365/360,5,6.75,4,0,,,1,0,0,4.25,0,0,1,0.05,0,9999999.99,0,0,0,0,0,0,0,0,0,0,0,0,0,0,0,0,0,0,0,0,0,0,0,0,0,,0,8/15/2025,0,0,0,0,0,0,0,0,0,0,0,0,0,0,0,0,,,,,,,,,,,5,4, ,0,0,0,0,999999,0, ,41,0,0,Open,MEDFORD ,OR,975010128
cif_cust_id_17999,loan_id_0721,Revolving Credit,20000,45.69,7.25,5/24/2026,3/24/2027,0,0,0,3/24/2027,Branch Not Assigned,_8,M024,Monthly,0,Reg P&I,Y,24,630,0,30000,30000,Revolving,8000,103.78,103.78,1029.16,249.31,71.51,24,officer_id_011,3/25/2025,3/24/2025,3/25/2025,4/24/2025,,4/11/2026,0,,20052.97,No Prepayment Penatly,0,RVC Prime,5/1/2026,M001,365/365,8,6.75,7.5,0,,5/1/2026,0.5,1,1,0,18,0,1,0.05,0,9999999.99,0,0,0,0,0,0,0,0,0,0,0,0,0,0,0,0,0,0,0,0,0,0,0,0,0,,0,1/24/2026,0,0,0,1,0,1,0,0,0,0,0,0,0,0,0,0,,,,,,,,,,,5,5, ,0,0,0,0,3,19, ,41,0,0,Open,MEDFORD ,OR,975046914
cif_cust_id_06296,loan_id_0724,Commercial,0,0,9.75,6/7/2026,2/7/2027,0,0,0,2/7/2027,Branch Not Assigned,41,M024,Monthly,0,Int Only,Y,24,530,0,100000,100000,Revolving,0,139.48,139.48,15003.5,1207.92,0,13,officer_id_011,2/7/2017,2/7/2017,2/7/2017,2/7/2018,2/7/2025,,15,,15,No Prepayment Penatly,0,WSJ Prime,,0000,365/360,6.75,6.75,3.75,0,,,3,0,0,0,15,0,1,0.05,0,9999999.99,0,0,0,0,0,0,0,0,0,0,0,0,0,0,0,0,0,0,0,0,0,0,0,0,0,,0,3/7/2026,0,0,0,1,0,0,0,0,0,0,0,0,0,0,0,0,,,,,,,,,,,5,5, ,0,0,0,0,999999,0, ,41,0,0,Open,CENTRAL POINT ,OR,975029413
cif_cust_id_06303,loan_id_0726,Commercial,118041.95,615,6.7,4/27/2026,4/27/2043,974.97,0,0,,branch_id_03,42,M300,Monthly,0,Reg P&I, ,0,170,142500,0,142500,Installment,0,0,0,63892.7,2492.18,505.29,205,officer_id_032,4/27/2018,4/27/2018,4/27/2018,5/27/2018,4/27/2018,3/26/2026,154,,118810.95,% of Current Balance,0,FHLB 5_YR,4/27/2028,M060,365/360,5.75,3.95,3,0,,4/27/2028,2.75,0,0,0,0,0,1,0.05,0,9999999.99,0,0,0,0,0,0,0,0,0,0,0,0,0,0,0,0,0,0,0,0,0,0,0,0,0,,0,1/27/2021,0,0,0,0,0,0,0,0,0,0,0,0,0,0,0,0,,,,,,,,,,,5,5, ,0,0,0,0,0,0,X ,41,0,0,Open,TALENT ,OR,975400268
cif_cust_id_11104,loan_id_0730,Commercial,35010.83,_47.38,6.83,5/1/2026,8/1/2029,993.29,0,0,,branch_id_03,22,M180,Monthly,0,Reg P&I, ,0,190,120000,0,120000,Installment,793.34,199.95,199.95,54187.18,780.32,153.49,40,officer_id_032,8/1/2014,8/1/2014,8/1/2014,9/1/2014,8/1/2014,4/30/2026,154,,35117.45,No Prepayment Penatly,0,FHLB 10_YR,8/1/2034,M120,365/360,5.46,4.53,3.16,0,,8/1/2034,2.3,2,2,5.46,0,0,1,0.05,0,9999999.99,0,0,0,0,0,0,0,0,0,0,0,0,0,0,0,0,0,0,0,0,0,0,0,0,0,,0,11/1/2025,0,0,0,0,0,0,0,0,0,0,0,0,0,0,0,0,,,,,,,,,,,5,5, ,0,0,0,0,64660,0,X ,41,0,0,Open,CALEDONIA ,MI,493167523
cif_cust_id_15614,loan_id_0737,Revolving Credit,19841.85,113.5,9.49,5/15/2026,3/15/2033,0,0,0,,Branch Not Assigned,_4,M180,Monthly,0,Reg P&I, ,0,180,0,20000,20000,Revolving,0,154.76,154.76,13325.03,582.96,118.65,139,officer_id_011,3/22/2018,3/22/2018,3/22/2018,4/15/2018,,4/1/2026,154,,20109.35,No Prepayment Penatly,0,RVC Prime,5/1/2026,M001,365/365,7.24,6.75,4.5,0,,5/1/2026,2.74,0,0,4.99,18,0,50,0.05,10,9999999.99,0,0,0,0,0,0,0,0,0,0,0,0,0,0,0,0,0,0,0,0,0,0,0,0,0,,130,2/15/2026,0,0,0,1,1,0,0,0,0,0,0,0,0,0,0,0,,,,,,,,,,,5,0, ,0,0,0,0,0,0,X ,41,0,0,Open,COTTONWOOD ,CA,960227729
cif_cust_id_13306,loan_id_0741,Mortgage,335314.44,1312.21,6.13,5/1/2026,2/1/2053,2126.66,598.97,0,,branch_id_15,29,M360,Monthly,0,Reg P&I, ,0,140,350000,0,350000,Installment,586.54,1714.49,1714.49,66573.95,6463.05,1312.16,322,officer_id_050,2/1/2023,1/30/2023,2/1/2023,3/1/2023,,3/31/2026,0,,336626.65,No Prepayment Penatly,0,Fixed,, ,30/360 Am Sch,6.13,0,6.13,0,,,0,0,0,0,0,3528.19,1,0.05,0,9999999.99,0,0,0,0,0,0,0,0,0,0,0,0,0,0,0,0,0,0,0,0,0,0,0,0,0,,0,1/1/2026,0,0,0,1,0,0,0,0,0,0,0,0,0,0,0,0,,,,,,,,,,,5,5, ,780.79,0,0,0,3,0,X ,41,0,0,Open,GOLD HILL ,OR,97525
cif_cust_id_20369,loan_id_0745,Revolving Credit,0,0,8.75,5/18/2026,1/18/2029,0,0,0,1/18/2029,Branch Not Assigned,_2,M060,Monthly,0,Reg P&I,Y,60,630,0,25000,25000,Revolving,0,0,0,421.46,0.2,0,60,officer_id_011,1/26/2024,1/18/2024,1/26/2024,2/18/2024,,,0,,0,No Prepayment Penatly,0,RVC Prime,5/1/2026,M001,365/365,10.5,6.75,8.5,0,,5/1/2026,2,1,1,0,18,0,1,0.05,0,9999999.99,0,0,0,0,0,0,0,0,0,0,0,0,0,0,0,0,0,0,0,0,0,0,0,0,0,,0,1/18/2026,0,0,0,0,0,0,0,0,0,0,0,0,0,0,0,0,,,,,,,,,,,5,5, ,0,0,0,0,164232,46, ,41,0,0,Open,PORTLAND ,OR,972118122
cif_cust_id_08689,loan_id_0747,Mortgage,421338.02,1817.13,6.75,5/1/2026,9/1/2054,2782.49,0,0,,branch_id_15,38,M372,Monthly,0,Reg P&I, ,0,140,0,0,429000,Installment,0,0,0,66309.46,8941.49,1817.02,341,officer_id_050,8/30/2023,8/25/2023,8/30/2023,10/1/2023,,3/31/2026,0,,423155.15,No Prepayment Penatly,0,1_Yr Treasury,7/18/2031,M012,30/360 Am Sch,6.75,0,5.02,0,,9/1/2031,2.625,2,2,6.75,11.75,0,1,0.05,0,9999999.99,0,0,0,0,0,0,0,0,0,0,0,0,0,0,0,0,0,0,0,0,0,0,0,0,0,,0,1/1/2026,0,0,0,8,4,0,0,0,0,0,0,0,0,0,0,0,,,,,,,,,,,5,5, ,0,0,0,0,3,0,X ,41,0,0,Open,DRAIN ,OR,974350689
cif_cust_id_06421,loan_id_0750,Commercial,4365.08,13.15,7.75,5/10/2026,1/10/2027,0,0,0,1/10/2027,branch_id_02,11,M024,Monthly,0,Int Only,Y,24,530,0,5000,5000,Revolving,0,29.13,29.13,2134.68,107.46,21.61,9,officer_id_064,4/16/2014,4/16/2014,4/16/2014,4/10/2016,1/10/2025,4/9/2026,0,,4378.23,No Prepayment Penatly,0,WSJ Prime,,0000,365/360,5.25,6.75,3.25,0,,,1,0,0,5.5,0,0,1,0.05,0,9999999.99,0,0,0,0,0,0,0,0,0,0,0,0,0,0,0,0,0,0,0,0,0,0,0,0,0,,10.88,1/10/2026,0,0,0,0,0,0,0,0,0,0,0,0,0,0,0,0,,,,,,,,,,,5,0, ,0,0,0,0,448373,0, ,41,0,0,Open,SHEDD ,OR,973770047
cif_cust_id_06422,loan_id_0751,Commercial,9912.28,28.86,7.75,5/10/2026,1/10/2027,0,0,0,1/10/2027,branch_id_02,11,M024,Monthly,0,Int Only,Y,24,530,0,10000,10000,Revolving,0,59.51,59.51,5688.19,226.09,46.14,9,officer_id_064,3/15/2013,3/15/2013,3/15/2013,4/10/2015,1/10/2025,4/9/2026,0,,9941.14,No Prepayment Penatly,0,WSJ Prime,,0000,365/360,5.25,6.75,3.25,0,,,1,0,0,5.5,0,0,1,0.05,0,9999999.99,0,0,0,0,0,0,0,0,0,0,0,0,0,0,0,0,0,0,0,0,0,0,0,0,0,,1.94,1/10/2026,0,0,0,0,0,0,0,0,0,0,0,0,0,0,0,0,,,,,,,,,,,5,0, ,0,0,0,0,999999,0, ,41,0,0,Open,SHEDD ,OR,973770047
cif_cust_id_17940,loan_id_0754,Commercial,40275.33,800.77,6.75,4/30/2026,6/30/2042,340.44,0,0,6/30/2042,branch_id_03,42,M303,Monthly,0,Reg P&I,Y,300,170,50000,0,50000,Installment,112.8,227.64,227.64,22623.86,858.52,173.89,195,officer_id_032,6/30/2017,6/30/2017,6/30/2017,7/30/2017,6/30/2017,1/7/2026,154,,41305.64,No Prepayment Penatly,0,FHLB 5_YR,6/30/2027,M060,365/360,5.13,3.74,2.12,0,,6/30/2027,3.012,0,0,0,0,0,1,0.05,0,9999999.99,0,0,0,0,0,0,0,0,0,0,0,0,0,0,0,0,0,0,0,0,0,9.56,0,0,611.74,,456.94,3/30/2026,0,0,0,0,1,5,0,0,0,0,0,0,0,0,0,0,,,,,,,,,,,5,5, ,0,0,0,0,106000,0,X ,41,0,0,Open,ASHLAND ,OR,975202331
cif_cust_id_06432,loan_id_0768,Commercial,0,0,7.49,5/27/2026,2/27/2030,0,0,0,,branch_id_10,11,M048,Monthly,0,Int Only, ,0,530,0,400000,400000,Non _ Revolving,0,0,0,0,0,0,48,officer_id_069,3/3/2026,2/27/2026,3/3/2026,3/27/2026,,,15,,15,No Prepayment Penatly,0,Fixed,, ,365/360,7.49,0,7.49,0,,,0,0,0,0,0,0,1,0.05,0,9999999.99,0,0,0,0,0,0,0,0,0,0,0,0,0,0,0,0,0,0,0,0,0,0,0,0,0,,0,,0,0,0,0,0,0,0,0,0,0,0,0,0,0,0,0,,,,,,,,,,,5,5, ,0,0,0,0,999999,0, ,41,0,0,Open,WHITE CITY ,OR,975031923
cif_cust_id_06376,loan_id_0770,Revolving Credit,0,0,7.49,5/15/2026,9/15/2026,0,0,0,,Branch Not Assigned,_4,M178,Monthly,0,Reg P&I, ,0,180,0,115000,115000,Revolving,0,0,0,5643.55,0,0,59,officer_id_011,11/7/2011,11/7/2011,11/7/2011,11/15/2011,,,154,,154,No Prepayment Penatly,0,RVC Prime,5/1/2026,M001,365/365,3.99,6.75,3.25,0,,5/1/2026,0.74,0,0,3.99,18,0,50,0.05,10,9999999.99,0,0,0,0,0,0,0,0,0,0,0,0,0,0,0,0,0,0,0,0,0,0,0,0,0,,0,9/15/2023,0,0,0,0,0,0,0,0,0,0,0,0,0,0,0,0,,,,,,,,,,,5,0, ,0,0,0,0,0,0,X , ,0,0,Open,SALEM ,OR,973080245
cif_cust_id_06476,loan_id_0773,Commercial,17447.45,5.24,0.5,5/1/2026,7/25/2043,87.59,0,0,,branch_id_10,10,M240,Monthly,1,Reg P&I, ,0,510,20000,0,20000,Installment,80.28,7.31,7.31,254.16,27.59,5.58,207,officer_id_020,7/25/2023,7/25/2023,7/25/2023,9/1/2023,,4/1/2026,0,,17452.69,No Prepayment Penatly,0,Fixed,, ,30/360 Curr Bal,0.5,0,0.5,0,,,0,0,0,0,0,0,0,0,0,0,0,0,0,0,0,0,0,0,0,0,0,0,0,0,0,0,0,0,0,0,0,0,0,0,0,,0,4/1/2026,0,0,0,0,6,6,0,0,0,0,0,0,0,0,0,0,,,,,,,,,,,5,4,A,0,0,0,0,0,0,X500 ,41,0,0,Open,ENTERPRISE ,OR,978281331
cif_cust_id_15570,loan_id_0775,Mortgage,143886.59,607.92,6.13,5/1/2026,4/1/2054,896.9,394.3,0,,branch_id_15,38,M370,Monthly,0,Reg P&I, ,0,140,0,0,175000,Installment,170.41,735.29,735.29,18952.77,2771.54,563.06,342,officer_id_050,5/22/2023,5/15/2023,5/22/2023,7/1/2023,4/8/2024,3/29/2026,0,,144494.51,No Prepayment Penatly,0,1_Yr Treasury,4/17/2031,M012,30/360 Am Sch,6.13,0,4.78,0,,6/1/2031,2.625,2,2,6.125,8.125,1564.83,1,0.05,0,9999999.99,0,0,0,0,0,0,0,0,0,0,0,0,0,0,0,0,0,0,0,0,0,0,0,0,0,,0,4/1/2026,0,0,0,8,1,0,0,0,0,0,0,0,0,0,0,0,,,,,,,,,,,5,5, ,0,0,0,0,3,0,X ,41,0,0,Open,GOLD BEACH ,OR,974441042
cif_cust_id_08955,loan_id_0777,Installment,3094.02,1.49,9.5,5/22/2026,5/22/2027,251.29,0,0,,Branch Not Assigned,_1,M048,Monthly,0,Reg P&I, ,0,610,10000,0,10000,Installment,224.75,26.54,26.54,1892.72,106.42,19.63,13,officer_id_011,5/22/2023,5/22/2023,5/22/2023,6/22/2023,,4/21/2026,0,,3095.51,No Prepayment Penatly,0,Fixed,, ,365/365,9.5,0,9.5,0,,,0,0,0,0,0,0,1,0.05,0,9999999.99,0,0,0,0,0,0,0,0,0,0,0,0,0,0,0,0,0,0,0,0,0,0,0,0,0,,0,2/22/2026,0,0,0,0,0,0,0,0,0,0,0,0,0,0,0,0,,,,,,,,,,,5,5, ,0,0,0,0,64728,40, ,41,0,0,Open,GRANTS PASS ,OR,975275724
cif_cust_id_06576,loan_id_0780,Commercial,12627.69,30.99,10.75,5/14/2026,1/14/2027,0,0,0,1/14/2027,Branch Not Assigned,,M012,Monthly,0,Int Only,Y,12,530,0,25000,25000,Revolving,0,68.96,68.96,220.29,251.28,62.54,10,officer_id_011,1/16/2026,1/14/2026,1/16/2026,2/14/2026,,4/15/2026,0,,12658.68,No Prepayment Penatly,0,WSJ Prime,,0000,365/360,10.75,0,6.75,0,,,4,0,0,5,0,0,1,0.05,0,9999999.99,0,0,0,0,0,0,0,0,0,0,0,0,0,0,0,0,0,0,0,0,0,0,0,0,0,,0,,0,0,0,0,0,0,0,0,0,0,0,0,0,0,0,0,,,,,,,,,,,5,5, ,0,0,0,0,157437,0, ,41,0,0,Open,GRANTS PASS ,OR,975268891
cif_cust_id_06612,loan_id_0800,Commercial,25000,19.41,10.75,5/21/2026,8/21/2026,0,0,0,8/21/2026,Branch Not Assigned,,M012,Monthly,0,Int Only,Y,12,530,0,25000,25000,Revolving,0,185.13,185.13,1424.13,685.31,138.85,5,officer_id_011,8/22/2025,8/21/2025,8/22/2025,9/21/2025,,4/20/2026,0,,25019.41,No Prepayment Penatly,0,WSJ Prime,,0000,365/360,11.5,6.75,7.5,0,,,4,0,0,5,0,0,1,0.05,0,9999999.99,0,0,0,0,0,0,0,0,0,0,0,0,0,0,0,0,0,0,0,0,0,0,0,0,0,,0,3/21/2026,0,0,0,0,0,0,0,0,0,0,0,0,0,0,0,0,,,,,,,,,,,5,5, ,0,0,0,0,999999,0, ,41,0,0,Open,MEDFORD ,OR,975012403
cif_cust_id_06627,loan_id_0801,Revolving Credit,81500,386.34,7.25,5/12/2026,4/12/2029,0,0,0,4/12/2029,Branch Not Assigned,_4,M120,Monthly,0,Reg P&I,Y,120,180,0,180000,180000,Revolving,0,479.69,479.69,36902.99,1804.26,370.35,120,officer_id_011,4/17/2019,4/12/2019,4/17/2019,5/12/2019,,3/30/2026,154,,82040.34,No Prepayment Penatly,0,RVC Prime,5/1/2026,M001,365/365,6,6.75,0,0,,5/1/2026,0.5,1,1,6,18,0,1,0.05,0,9999999.99,0,0,0,0,0,0,0,0,0,0,0,0,0,0,0,0,0,0,0,0,0,0,0,0,0,,0,,0,0,0,0,0,0,0,0,0,0,0,0,0,0,0,0,,,,,,,,,,,5,5, ,0,0,0,0,0,40,X ,41,0,0,Open,ASHLAND ,OR,975209342
cif_cust_id_12361,loan_id_0802,Mortgage,38999.27,93.65,3.75,5/1/2026,7/1/2047,283.84,744.65,0,,branch_id_15,29,M355,Monthly,0,Reg P&I, ,0,140,60825,0,60825,Installment,261.15,122.69,122.69,15953.43,463.94,93.44,255,officer_id_050,11/24/2017,11/24/2017,11/24/2017,1/1/2018,11/24/2017,3/31/2026,0,,39092.92,No Prepayment Penatly,0,Fixed,, ,30/360 Am Sch,0,0,0,0,,,0,0,0,0,0,2213.41,1,0.05,0,9999999.99,0,0,0,0,0,0,0,0,0,0,0,0,0,0,0,0,0,0,0,0,0,0,0,0,0,,0,11/1/2025,0,0,0,2,0,0,0,0,0,0,0,0,0,0,0,0,,,,,,,,,,,5,5, ,0,0,0,0,0,0,AE ,41,0,0,Open,GRANTS PASS ,OR,975264091
cif_cust_id_09245,loan_id_0803,Installment,59067.8,158.19,4.25,5/1/2026,4/1/2047,365.7,0,0,,Branch Not Assigned,_1,M300,Monthly,0,Reg P&I,N,0,640,67500,0,67500,Installment,186.12,213.88,213.88,10767.8,781.22,158.19,252,officer_id_011,4/5/2022,4/1/2022,4/5/2022,5/1/2022,,3/31/2026,0,,59225.99,No Prepayment Penatly,0,Fixed,, ,365/365,4.25,0,4.25,0,,,0,0,0,0,0,0,1,0.05,0,9999999.99,0,0,0,0,0,0,0,0,0,0,0,0,0,0,0,0,0,0,0,0,0,0,0,0,0,,0,11/1/2025,0,0,0,0,0,0,0,0,0,0,0,0,0,0,0,0,,,,,,,,,,,5,5, ,0,0,0,0,3,23,C ,41,0,0,Open,KLAMATH FALLS ,OR,976038902
cif_cust_id_00829,loan_id_0806,Revolving Credit,51516.91,368.38,7.25,5/2/2026,7/2/2029,0,0,0,7/2/2029,Branch Not Assigned,_4,M120,Monthly,0,Reg P&I,Y,120,180,0,150000,150000,Revolving,0,290.88,290.88,21939.78,1176.17,235.35,120,officer_id_011,7/2/2019,6/27/2019,7/2/2019,8/2/2019,,3/18/2026,154,,52039.29,No Prepayment Penatly,0,RVC Prime,5/1/2026,M001,365/365,6,6.75,5.5,0,,5/1/2026,0.5,1,1,6,18,0,1,0.05,0,9999999.99,0,0,0,0,0,0,0,0,0,0,0,0,0,0,0,0,0,0,0,0,0,0,0,0,0,,0,7/2/2022,0,0,0,0,0,0,0,0,0,0,0,0,0,0,0,0,,,,,,,,,,,5,5, ,0,0,0,0,0,14,X ,41,0,0,Open,CENTRAL POINT ,OR,975021303
cif_cust_id_19426,loan_id_0810,Revolving Credit,40434.92,147.08,7.75,5/25/2026,5/20/2031,0,0,0,5/20/2031,Branch Not Assigned,_4,M120,Monthly,0,Reg P&I,Y,120,180,0,75000,75000,Revolving,771.82,278.18,278.18,11848.8,930.96,199.51,120,officer_id_011,5/25/2021,5/20/2021,5/25/2021,6/25/2021,,4/6/2026,154,,40736,No Prepayment Penatly,0,RVC Prime,5/1/2026,M001,365/365,5.5,6.75,3.25,0,,5/1/2026,1,1,1,5.5,17,0,1,0.05,0,9999999.99,0,0,0,0,0,0,0,0,0,0,0,0,0,0,0,0,0,0,0,0,0,0,0,0,0,,0,1/25/2025,0,0,0,0,0,0,0,0,0,0,0,0,0,0,0,0,,,,,,,,,,,5,5, ,0,0,0,0,0,27,X ,41,0,0,Open,PANAMA CITY ,FL,324011722
cif_cust_id_06809,loan_id_0816,Commercial,8323.25,28.45,6.75,5/6/2026,12/6/2027,0,0,0,12/6/2027,Branch Not Assigned,11,M024,Monthly,0,Int Only,Y,24,530,0,100000,100000,Revolving,1941.78,58.22,58.22,8889.18,240.42,38.08,19,officer_id_011,10/7/2022,10/6/2022,10/7/2022,11/6/2022,12/3/2025,4/5/2026,0,,8351.7,No Prepayment Penatly,0,WSJ Prime,,0000,365/360,6,6.75,6.25,0,,,0,0,0,5,0,0,1,0.05,0,9999999.99,0,0,0,0,0,0,0,0,0,0,0,0,3.25,0,0,0,0,0,0,0,0,0,0,0,0,,3.25,10/6/2025,3.25,0,0,0,0,0,1,0,0,0,0,0,0,0,0,0,,,,,,,,,,,5,3, ,0,0,0,0,213948,0, ,41,0,0,Open,SALEM ,OR,973025037
cif_cust_id_04397,loan_id_0830,Revolving Credit,330000,2834.38,8.25,5/1/2026,6/1/2035,0,0,0,,Branch Not Assigned,_4,M180,Monthly,0,Reg P&I, ,0,180,0,340000,300000,Revolving,0,0,0,126247.33,8428.56,1715.55,165,officer_id_063,6/3/2020,6/3/2020,6/3/2020,7/1/2020,1/18/2024,3/16/2026,154,,332988.38,No Prepayment Penatly,0,RVC Prime,5/1/2026,M001,365/365,5.2,6.75,3.7,0,,5/1/2026,1.5,0,0,5.2,18,0,1,0.05,0,9999999.99,0,0,0,0,0,0,0,0,0,0,0,0,0,0,0,0,0,0,0,0,0,0,0,0,0,,0,10/1/2022,0,0,0,0,0,0,0,0,0,0,0,0,0,0,0,0,,,,,,,,,,,5,0, ,0,0,0,0,3,33,X ,41,0,0,Open,ALBANY ,OR,973219121
cif_cust_id_06881,loan_id_0827,Commercial,1138566.61,6149.16,7.2,4/28/2026,1/31/2044,8642.99,0,0,,Branch Not Assigned,22,M300,Monthly,0,Reg P&I, ,0,170,1837500,0,1837500,Installment,0,0,0,761901.59,25797.45,5237.4,214,officer_id_027,1/28/2019,1/28/2019,1/28/2019,2/28/2019,3/20/2025,3/27/2026,154,,1144869.77,% of Current Balance,0,FHLB 5_YR,12/28/2028,M060,365/360,6.16,4.2,3.16,0,,12/28/2028,3,0,0,6.16,0,0,1,0.05,0,9999999.99,0,0,0,0,0,0,0,0,0,0,0,0,0,0,0,0,0,0,0,0,0,0,0,0,0,,0,3/28/2026,0,0,0,1,1,0,0,0,0,0,0,0,0,0,0,0,,,,,,,,,,,5,4, ,4520.61,0,0,0,765259,0,X ,41,0,0,Open,CENTRAL POINT ,OR,975020002
cif_cust_id_03620,loan_id_0829,Revolving Credit,18000,7.15,7.25,5/8/2026,8/8/2026,0,0,0,,Branch Not Assigned,_4,M120,Monthly,0,Reg P&I, ,0,180,0,72000,72000,Revolving,0,0,0,8078.17,89.38,7.15,90,officer_id_011,8/8/2016,8/8/2016,8/8/2016,9/8/2016,8/8/2016,4/21/2026,0,,18007.15,No Prepayment Penatly,0,RVC Prime,5/1/2026,M001,365/365,6,6.75,5.5,0,,5/1/2026,0.5,1,1,6,18,0,1,0.05,0,9999999.99,0,0,0,0,0,0,0,0,0,0,0,0,0,0,0,0,0,0,0,0,0,0,0,0,0,,5,11/8/2025,0,0,0,1,1,0,0,0,0,0,0,0,0,0,0,0,,,,,,,,,,,5,5, ,0,0,0,0,0,0,C ,41,0,0,Open,CENTRAL POINT ,OR,975020049
cif_cust_id_06947,loan_id_0835,Commercial,99847.43,_1216.89,11.25,7/2/2026,5/2/2027,0,0,0,5/2/2027,Branch Not Assigned,41,M024,Monthly,0,Int Only,Y,24,530,0,100000,100000,Revolving,0,1023.52,1023.52,10623.03,3475.62,717.65,_11,officer_id_011,5/5/2025,5/2/2025,5/5/2025,6/2/2025,,6/1/2026,15,,98645.54,No Prepayment Penatly,0,WSJ Prime,,0000,365/360,12,6.75,7.5,0,,,4.5,0,0,0,0,0,1,0.05,0,9999999.99,0,0,0,0,0,0,0,0,0,0,0,0,0,0,0,0,0,0,0,0,0,0,0,0,0,,0,,0,0,0,0,0,0,0,0,0,0,0,0,0,0,0,0,,,,,,,,,,,5,5, ,0,0,0,0,825589,0, ,41,0,0,Open,MEDFORD ,OR,975046124
cif_cust_id_14898,loan_id_0839,Mortgage,11050.83,29.97,4.95,5/4/2026,6/4/2029,315.87,0,0,,branch_id_15,30,M180,Monthly,0,Reg P&I, ,0,140,40000,0,40000,Installment,268.28,47.59,47.59,15904.37,176.36,34.58,38,officer_id_050,5/23/2014,5/23/2014,5/23/2014,7/4/2014,5/23/2014,4/3/2026,154,,11234.8,No Prepayment Penatly,0,Fixed,, ,365/365,0,0,0,0,,,0,0,0,0,0,0,1,0.05,0,9999999.99,0,0,0,0,0,0,0,0,0,0,0,0,0,0,0,0,0,0,0,0,0,0,0,0,0,,0,4/4/2026,0,0,0,0,0,0,0,0,0,0,0,0,0,0,0,0,,,,,,,,,,,5,5, ,0,0,0,0,0,0,X ,41,0,0,Open,MEDFORD ,OR,975046930
cif_cust_id_07045,loan_id_0840,Commercial,34217.98,_17.4,5.76,5/27/2026,4/27/2029,1040.53,0,0,,branch_id_02,10,M090,Monthly,0,Reg P&I,N,0,510,0,0,71588,Installment,867.07,173.46,173.46,13848.86,656.83,128.56,84,officer_id_064,10/27/2021,10/27/2021,10/27/2021,11/27/2021,,4/26/2026,15,,34215.58,No Prepayment Penatly,0,Fixed,, ,365/360,5.76,0,5.76,0,,,0,0,0,0,0,0,1,0.05,0,9999999.99,0,0,0,0,0,0,0,0,0,0,0,0,0,0,0,0,0,0,0,0,0,0,0,0,0,,0,12/27/2025,0,0,0,1,0,0,0,0,0,0,0,0,0,0,0,0,,,,,,,,,,,5,5, ,0,0,0,0,0,0, ,41,0,0,Open,ALBANY ,OR,973223889
cif_cust_id_16291,loan_id_0844,Revolving Credit,17073.86,23.74,7.25,5/17/2026,4/17/2027,0,0,0,,Branch Not Assigned,_4,M120,Monthly,0,Reg P&I, ,0,180,0,30000,30000,Revolving,949.88,114.56,114.56,5974.4,429.54,81.02,99,officer_id_011,4/17/2017,4/17/2017,4/17/2017,5/17/2017,4/17/2017,4/16/2026,154,,17251.6,No Prepayment Penatly,0,RVC Prime,5/1/2026,M001,365/365,6,6.75,5.5,0,,5/1/2026,0.5,1,1,6,18,0,1,0.05,0,9999999.99,0,0,0,0,0,0,0,0,0,0,0,0,0,0,0,0,0,0,0,0,0,0,0,0,0,,0,10/17/2019,0,0,0,0,0,0,0,0,0,0,0,0,0,0,0,0,,,,,,,,,,,5,5, ,0,0,0,0,0,0,X ,41,0,0,Open,MEDFORD ,OR,975049639
cif_cust_id_07047,loan_id_0847,Commercial,0,0,7.75,4/22/2026,4/22/2026,0,0,0,4/22/2026,branch_id_10,11,M013,Monthly,0,Int Only,Y,13,530,0,400000,500000,Revolving,0,0,0,72687.08,0,0,8,officer_id_020,4/28/2022,4/22/2022,4/28/2022,5/22/2022,4/14/2025,,338,,338,No Prepayment Penatly,0,WSJ Prime,,0000,365/360,4.88,6.75,3.5,0,,,1,0,0,4.875,0,0,1,0.05,0,9999999.99,0,0,0,0,0,0,0,0,0,0,0,0,0,0,0,0,0,0,0,0,0,0,0,0,0,,0,7/22/2024,0,0,0,0,0,1,0,0,0,0,0,0,0,0,0,0,,,,,,,,,,,5,4, ,0,0,0,0,999999,0,X ,41,0,0,Open,GRANTS PASS ,OR,975261838
cif_cust_id_05228,loan_id_0856,Revolving Credit,0,0,6.75,6/6/2026,8/6/2026,0,0,0,8/6/2026,Branch Not Assigned,_2,M024,Monthly,0,Reg P&I,Y,24,630,0,5500,5500,Revolving,0,0,0,0,0,0,24,officer_id_011,8/12/2024,8/6/2024,8/12/2024,9/6/2024,,,0,,0,No Prepayment Penatly,0,RVC Prime,5/1/2026,M001,365/365,8.5,6.75,8.5,0,,5/1/2026,0,0.5,0.5,0,0,0,1,0.05,0,9999999.99,0,0,0,0,0,0,0,0,0,0,0,0,0,0,0,0,0,0,0,0,0,0,0,0,0,,0,,0,0,0,0,0,0,0,0,0,0,0,0,0,0,0,0,,,,,,,,,,,5,5, ,0,0,0,0,3,0, ,41,0,0,Open,MEDFORD ,OR,975048553
cif_cust_id_18490,loan_id_0859,Installment,34350.57,36,4.25,5/15/2026,10/15/2046,216.7,0,0,,Branch Not Assigned,_1,M300,Monthly,0,Reg P&I, ,0,640,40000,0,40000,Installment,92.35,124.35,124.35,7045.87,454.72,92.15,246,officer_id_011,10/19/2021,10/15/2021,10/15/2021,11/15/2021,,4/14/2026,0,,34386.57,No Prepayment Penatly,0,Fixed,, ,365/365,4.25,0,4.25,0,,,0,0,0,0,0,0,1,0.05,0,9999999.99,0,0,0,0,0,0,0,0,0,0,0,0,0,0,0,0,0,0,0,0,0,0,0,0,0,,0,3/15/2026,0,0,0,0,0,0,0,0,0,0,0,0,0,0,0,0,,,,,,,,,,,5,5, ,0,0,0,0,0,45,X ,41,0,0,Open,ROGUE RIVER ,OR,975379660
cif_cust_id_04655,loan_id_0860,Mortgage,1319671.83,5473.52,6.5,5/1/2026,7/1/2054,8517.12,0,0,,branch_id_15,38,M372,Monthly,0,Reg P&I, ,0,140,0,0,1347500,Installment,1361.52,7155.6,7155.6,187801.65,26969.06,5480.31,340,officer_id_050,6/29/2023,6/28/2023,6/29/2023,8/1/2023,,3/31/2026,0,,1325571.21,No Prepayment Penatly,0,1_Yr Treasury,5/17/2031,M012,30/360 Am Sch,6.5,0,5.17,0,,7/1/2031,2.625,2,2,6.5,11.5,0,1,0.05,0,9999999.99,0,0,0,0,0,0,0,0,0,0,0,0,0,0,0,0,0,0,0,0,0,0,0,0,0,,0,9/1/2025,0,0,0,0,2,1,0,0,0,0,0,0,0,0,0,0,,,,,,,,,,,5,5, ,1340.72,0,0,0,3,0,X ,41,0,0,Open,SALEM ,OR,973173983
cif_cust_id_07132,loan_id_0863,Commercial,76640.39,137.27,7.38,5/15/2026,1/15/2029,2217.64,0,0,,Branch Not Assigned,22,M300,Monthly,0,Reg P&I, ,0,170,350000,0,350000,Installment,1727.83,489.81,489.81,340634.49,1824.26,358.96,33,officer_id_011,1/13/2004,1/13/2004,1/13/2004,8/15/2004,3/9/2012,4/14/2026,499,,77276.66,No Prepayment Penatly,0,3_Yr Treasury,1/1/2028,M036,365/365,6.5,4.36,3.5,0,,1/1/2028,3,0,0,5.5,13.5,0,1,0.05,0,9999999.99,0,0,0,0,0,0,0,0,0,0,0,0,0,0,0,0,0,0,0,0,0,0,0,0,0,,106.72,11/15/2025,0,0,0,0,0,0,0,0,0,0,0,0,0,0,0,0,,,,,,,,,,,5,5, ,0,0,0,0,0,0,X ,41,0,0,Open,ASHLAND ,OR,975201830
cif_cust_id_12256,loan_id_0866,Mortgage,332236.48,1356.27,6.38,5/1/2026,10/1/2052,2171.07,477.09,0,,branch_id_15,34,M360,Monthly,0,Reg P&I, ,0,140,348000,0,348000,Installment,403.92,1767.15,1767.15,76251,6661.02,1353.17,317,officer_id_050,9/27/2022,9/26/2022,10/1/2022,11/1/2022,,3/31/2026,0,,333592.75,No Prepayment Penatly,0,1_Yr Treasury,8/17/2032,M012,30/360 Am Sch,6.38,0,3.38,0,,10/1/2032,3,2,2,3,11.375,922.58,1,0.05,0,9999999.99,0,0,0,0,0,0,0,0,0,0,0,0,0,0,0,0,0,0,0,0,0,0,0,0,0,,0,4/1/2026,0,0,0,4,0,0,0,0,0,0,0,0,0,0,0,0,,,,,,,,,,,5,5, ,0,0,0,0,3,0,X ,41,0,0,Open,ASHLAND ,OR,975203467
cif_cust_id_04791,loan_id_0874,Installment,44052.93,123.04,4.25,4/30/2026,3/31/2047,270.92,0,0,,Branch Not Assigned,_1,M300,Monthly,0,Reg P&I, ,0,640,50000,0,50000,Installment,0,0,0,7997.95,582.15,117.98,252,officer_id_011,4/1/2022,3/30/2022,4/1/2022,4/30/2022,3/23/2026,3/30/2026,0,,44175.97,No Prepayment Penatly,0,Fixed,, ,365/365,4.25,0,4.25,0,,,0,0,0,0,0,0,1,0.05,0,9999999.99,0,0,0,0,0,0,0,0,0,0,0,0,0,0,0,0,0,0,0,0,0,0,0,0,0,,0,6/30/2025,0,0,0,0,0,0,0,0,0,0,0,0,0,0,0,0,,,,,,,,,,,5,5, ,0,0,0,0,26952,0,X ,41,0,0,Open,MEDFORD ,OR,975010034
cif_cust_id_05315,loan_id_2245,Revolving Credit,615.84,4.58,7.25,5/4/2026,10/4/2026,0,0,0,,Branch Not Assigned,_4,M120,Monthly,0,Reg P&I, ,0,180,0,20000,20000,Revolving,195.26,4.74,4.74,611.36,20.41,2.81,92,officer_id_011,10/4/2016,10/4/2016,10/4/2016,11/4/2016,10/4/2016,3/17/2026,153.35,,773.77,No Prepayment Penatly,0,RVC Prime,5/1/2026,M001,365/365,6,6.75,5.5,0,,5/1/2026,0.5,1,1,6,18,0,1,0.05,0,9999999.99,0,0,0,0,0,0,0,0,0,0,0,0,0,0,0,0,0,0,0,0,0,0,0,0,0,,0,12/4/2021,0,0,0,0,0,0,0,0,0,0,0,0,0,0,0,0,,,,,,,,,,,5,5, ,0,0,0,0,0,0,X ,41,0,0,Open,SHADY COVE ,OR,975391006
cif_cust_id_02070,loan_id_0883,Installment,7079.24,22.68,4.95,5/1/2026,3/1/2032,315.38,0,0,,Branch Not Assigned,_3,M180,Monthly,0,Reg P&I, ,0,130,40000,0,40000,Installment,368.28,31.72,31.72,11163.47,119.42,22.68,71,officer_id_011,2/24/2017,2/24/2017,2/24/2017,4/1/2017,2/24/2017,3/30/2026,154,,7255.92,No Prepayment Penatly,0,Fixed,, ,365/365,0,0,0,0,,,0,0,0,0,0,0,1,0.05,0,9999999.99,0,0,0,0,0,0,0,0,0,0,0,0,0,0,0,0,0,0,0,0,0,0,0,0,0,,15.77,4/1/2026,0,0,0,9,0,0,0,0,0,0,0,0,0,0,0,0,,,,,,,,,,,5,5, ,0,0,0,0,0,0,X* ,41,0,0,Open,ASHLAND ,OR,975209054
cif_cust_id_09052,loan_id_0886,Commercial,224169.79,136.06,4.37,5/19/2026,9/19/2041,1674.92,436.62,0,,branch_id_03,35,M300,Monthly,0,Reg P&I, ,0,160,425000,0,425000,Installment,828.24,846.68,846.68,143105.33,3100.95,627.68,185,officer_id_032,9/19/2016,9/19/2016,9/19/2016,10/19/2016,10/19/2022,4/18/2026,449,,224754.85,No Prepayment Penatly,0,FHLB 5_YR,9/19/2026,M060,365/360,4.36,1.12,1.11,0,,9/19/2026,3.25,0,0,4.36,0,2943.82,1,0.05,0,9999999.99,0,0,0,0,0,0,0,0,0,0,0,0,0,0,0,0,0,0,0,0,0,0,0,0,0,,0,7/19/2025,0,0,0,0,0,0,0,0,0,0,0,0,0,0,0,0,,,,,,,,,,,5,5, ,0,0,0,0,17169,0,X ,41,0,0,Open,ASHLAND ,OR,975202919
cif_cust_id_11045,loan_id_0895,Commercial,58366.22,291.59,4.5,5/15/2026,6/15/2030,1555.64,0,0,,Branch Not Assigned,22,M289,Monthly,0,Reg P&I, ,0,190,229292,0,229292,Installment,1788.87,211.13,211.13,242922.79,854,165.51,48,officer_id_011,5/8/2006,5/8/2006,5/8/2006,6/15/2006,9/11/2020,3/13/2026,154,,58811.81,No Prepayment Penatly,0,Fixed,, ,365/365,0,0,0,0,,,0,0,0,0,0,0,50,0.05,10,9999999.99,0,0,0,0,0,0,0,0,0,0,0,0,0,0,0,0,0,0,0,0,0,0,0,0,0,,0,4/15/2025,0,0,0,1,0,0,0,0,0,0,0,0,0,0,0,0,,,,,,,,,,,5,0, ,288.96,0,0,0,0,0, ,41,0,0,Open,ALBANY ,OR,973210507
cif_cust_id_16883,loan_id_0900,Installment,22074.03,_86.21,4.5,6/25/2026,2/25/2032,444.63,0,0,,Branch Not Assigned,_1,M120,Monthly,0,Reg P&I,N,0,610,42909,0,42909,Installment,363.54,81.09,81.09,6639.17,338.1,63.17,69,officer_id_011,3/1/2022,2/25/2022,3/1/2022,3/25/2022,,5/25/2026,0,,21987.82,No Prepayment Penatly,0,Fixed,, ,365/365,4.5,0,4.5,0,,,0,0,0,0,0,0,1,0.05,0,9999999.99,0,0,0,0,0,0,0,0,0,0,0,0,0,0,0,0,0,0,0,0,0,0,0,0,0,,0,,0,0,0,0,0,0,0,0,0,0,0,0,0,0,0,0,,,,,,,,,,,5,5, ,0,0,0,0,0,30, ,41,0,0,Open,MEDFORD ,OR,975016022
cif_cust_id_07106,loan_id_0907,Commercial,440224.24,1337.79,5.47,5/4/2026,4/4/2047,2962.11,0,0,,branch_id_05,22,M300,Monthly,0,Reg P&I, ,0,170,480000,0,480000,Installment,884.36,2077.75,2077.75,102405.52,7586.13,1538.87,252,officer_id_069,4/8/2022,4/4/2022,4/4/2022,5/4/2022,,4/3/2026,154,,446118.27,% of Current Balance,4402.24,FHLB 5_YR,4/4/2027,M060,365/360,5.47,0,2.89,0,,4/4/2027,3.676,0,0,5.47,0,0,1,0.05,0,9999999.99,0,0,0,0,0,0,0,0,0,0,0,0,0,0,0,0,0,0,0,0,0,0,0,0,0,,0,4/4/2026,0,0,0,0,0,0,0,0,0,0,0,0,0,0,0,0,,,,,,,,,,,5,4+, ,1041.76,0,0,0,72055,0,X ,41,0,0,Open,CENTRAL POINT ,OR,975021799
cif_cust_id_07418,loan_id_0912,Commercial,1206399.43,5802.86,6.92,5/15/2026,9/15/2030,9289.83,0,0,9/15/2030,Branch Not Assigned,22,M300,Monthly,0,Reg P&I,Y,96,190,2430000,0,2430000,Installment,2314.29,6975.54,6975.54,395823.41,26302.46,5338.31,52,officer_id_063,9/29/2020,9/29/2020,9/29/2020,10/15/2021,9/1/2022,3/29/2026,154,,1212356.29,% of Current Balance,0,FHLB 5_YR,8/15/2030,M060,365/360,4.65,3.92,1.65,0,,8/15/2030,3,0,0,4.5,0,0,1,0.05,0,9999999.99,0,0,0,0,0,0,0,0,0,0,0,0,0,0,0,0,0,0,0,0,0,0,0,0,0,,0,2/15/2026,0,0,0,0,0,0,0,0,0,0,0,0,0,0,0,0,,,,,,,,,,,5,0, ,4868.96,0,0,0,0,0,X ,41,0,0,Open,ALBANY ,OR,973211752
cif_cust_id_07427,loan_id_0913,Commercial,3048.96,7.44,5.86,5/9/2026,6/9/2026,1544.63,0,0,,Branch Not Assigned,40,M060,Monthly,0,Reg P&I, ,0,510,80000,0,80000,Installment,1521.57,23.06,23.06,12637.5,108.42,13.39,2,officer_id_011,6/10/2021,6/9/2021,6/10/2021,7/9/2021,,4/8/2026,0,,3056.4,No Prepayment Penatly,0,Fixed,, ,365/360,5.86,0,5.86,0,,,0,0,0,0,0,0,1,0.05,0,9999999.99,0,0,0,0,0,0,0,0,0,0,0,0,0,0,0,0,0,0,0,0,0,0,0,0,0,,0,8/9/2025,0,0,0,0,0,0,0,0,0,0,0,0,0,0,0,0,,,,,,,,,,,5,5, ,0,0,0,0,335896,0, ,41,0,0,Open,CENTRAL POINT ,OR,975028705
cif_cust_id_07427,loan_id_0914,Commercial,15000,148.91,10.25,4/27/2026,5/27/2026,0,0,0,5/27/2026,Branch Not Assigned,41,M012,Monthly,0,Int Only,Y,12,530,0,50000,50000,Revolving,11000,0,0,14720.23,563.19,110.76,3,officer_id_011,6/3/2022,5/27/2022,6/3/2022,6/27/2022,5/27/2025,3/19/2026,15,,15163.91,No Prepayment Penatly,0,WSJ Prime,,0000,365/360,7.5,6.75,4,0,,,3.5,0,0,7.5,15,0,1,0.05,0,9999999.99,0,0,0,0,0,0,0,0,0,0,0,0,0,0,0,0,0,0,0,0,0,0,0,0,0,,0,12/27/2025,0,0,0,0,0,0,0,0,0,0,0,0,0,0,0,0,,,,,,,,,,,5,5, ,0,0,0,0,611114,0, ,41,0,0,Open,CENTRAL POINT ,OR,975028705
cif_cust_id_18058,loan_id_0924,Mortgage,282022.49,1306.3,7.25,5/1/2026,10/1/2054,2182.96,0,0,,branch_id_15,38,M372,Monthly,0,Reg P&I, ,0,140,0,0,320000,Installment,476.2,1706.76,1706.76,46284.57,6435.16,1306.31,344,officer_id_050,9/18/2023,9/15/2023,9/18/2023,11/1/2023,,3/31/2026,0,,283328.79,No Prepayment Penatly,0,1_Yr Treasury,8/17/2034,M012,30/360 Am Sch,7.25,0,5.37,0,,10/1/2034,3,2,2,7.25,12.25,0,1,0.05,0,9999999.99,0,0,0,0,0,0,0,0,0,0,0,0,0,0,0,0,0,0,0,0,0,0,0,0,0,,0,11/1/2025,0,0,0,0,0,0,0,0,0,0,0,0,0,0,0,0,,,,,,,,,,,5,5, ,0,0,0,0,3,0,X* ,41,0,0,Open,SWEET HOME ,OR,973869624
cif_cust_id_02190,loan_id_0926,Mortgage,118008.8,678.55,9,5/1/2026,12/1/2053,1379.4,0,0,,branch_id_15,34,M180,Monthly,0,Reg P&I, ,0,140,136000,0,136000,Installment,709.61,890.39,890.39,27110.61,3365.54,678.55,152,officer_id_050,11/22/2023,11/14/2023,11/22/2023,1/1/2024,,3/31/2026,0,,118687.35,No Prepayment Penatly,0,1_Yr Treasury,8/31/2026,M012,30/360 Am Sch,9,0,5.41,0,,10/15/2026,3.5,2,2,9,14,0,1,0.05,0,9999999.99,0,0,0,0,0,0,0,0,0,0,0,0,0,0,0,0,0,0,0,0,0,0,0,0,0,,0,11/1/2025,0,0,0,0,0,0,0,0,0,0,0,0,0,0,0,0,,,,,,,,,,,5,5, ,1580.2,0,0,0,3,0,X ,41,0,0,Open,ALBANY ,OR,973219378
cif_cust_id_05220,loan_id_0928,Installment,60724.48,248.15,4.25,4/20/2026,10/20/2046,369.2,0,0,,Branch Not Assigned,_1,M300,Monthly,0,Reg P&I, ,0,640,68150.5,0,68150.5,Installment,_198.27,198.27,198.27,12142.04,802.43,162.95,247,officer_id_011,10/20/2021,10/20/2021,10/20/2021,11/20/2021,,3/19/2026,0,,60991.09,No Prepayment Penatly,0,Fixed,, ,365/365,4.25,0,4.25,0,,,0,0,0,0,0,0,1,0.05,0,9999999.99,0,0,0,0,0,0,0,0,0,0,0,0,0,8.96,18.46,0,0,0,0,0,0,9.5,0,0,0,,129.22,4/20/2026,27.42,0,387.66,0,9,3,0,0,0,0,0,0,0,0,0,0,,,,,,,,,,,5,5, ,0,0,0,0,0,46,X ,41,0,0,Open,MEDFORD ,OR,975011723
cif_cust_id_17204,loan_id_0935,Mortgage,94710.55,713.16,7.75,5/1/2026,12/1/2054,686.66,264.25,0,,branch_id_15,38,M372,Monthly,0,Reg P&I, ,0,140,0,0,200000,Installment,74.51,612.15,612.15,16614.98,2306.84,468.95,364,officer_id_050,12/6/2023,11/22/2023,12/6/2023,1/1/2024,12/19/2024,3/19/2026,154,,95577.71,No Prepayment Penatly,0,1_Yr Treasury,10/17/2031,M012,30/360 Am Sch,7.75,0,5.46,0,,12/1/2031,3,2,2,7.75,12.75,4077,1,0.05,0,9999999.99,0,0,0,0,0,0,0,0,0,0,0,0,0,0,0,0,0,0,0,0,0,0,0,0,0,,0,4/1/2026,0,0,0,4,4,1,0,0,0,0,0,0,0,0,0,0,,,,,,,,,,,5,5, ,1014.18,0,0,0,3,0,X ,41,0,0,Open,OAKRIDGE ,OR,974639770
cif_cust_id_07495,loan_id_0936,Commercial,11000,68.98,10.75,5/1/2026,4/1/2027,0,0,0,4/1/2027,Branch Not Assigned,,M012,Monthly,0,Int Only,Y,12,530,0,25000,25000,Revolving,0,0,0,0,68.98,68.98,12,officer_id_011,4/2/2026,4/1/2026,4/2/2026,5/1/2026,,4/2/2026,0,,11068.98,No Prepayment Penatly,0,WSJ Prime,,0000,365/360,10.75,0,6.75,0,,,4,0,0,5,0,0,1,0.05,0,9999999.99,0,0,0,0,0,0,0,0,0,0,0,0,0,0,0,0,0,0,0,0,0,0,0,0,0,,0,,0,0,0,0,0,0,0,0,0,0,0,0,0,0,0,0,,,,,,,,,,,5,5, ,0,0,0,0,999999,0, ,41,0,0,Open,KLAMATH FALLS ,OR,976036880
cif_cust_id_07526,loan_id_0975,Commercial,0,0,7.25,6/8/2026,12/8/2026,0,0,0,12/8/2026,branch_id_05,11,M024,Monthly,0,Int Only,Y,24,530,0,250000,250000,Revolving,0,0,0,14186.14,0,0,23,officer_id_061,9/8/2014,9/8/2014,9/8/2014,9/8/2015,12/8/2024,,0,,0,No Prepayment Penatly,0,WSJ Prime,,0000,365/360,4.75,6.75,4.25,0,,,0.5,0,0,4.5,0,0,1,0.05,0,9999999.99,0,0,0,0,0,0,0,0,0,0,0,0,0,0,0,0,0,0,0,0,0,0,0,0,0,,0,7/8/2022,0,0,0,2,0,1,0,0,0,0,0,0,0,0,0,0,,,,,,,,,,,5,4, ,0,0,0,0,999999,0, ,41,0,0,Open,MEDFORD ,OR,975046298
cif_cust_id_07530,loan_id_0978,Commercial,1124100.31,4159.7,3.8,5/5/2026,11/5/2028,7354.03,0,0,,branch_id_09,35,M120,Monthly,0,Reg P&I, ,0,160,1400000,0,1400000,Installment,4014.82,3339.21,3339.21,408183.42,13487.09,2730.76,31,officer_id_070,11/7/2018,11/7/2018,11/7/2018,12/5/2018,,3/19/2026,154,,1128414.01,% of Current Balance,0,Fixed,, ,365/360,0,0,0,0,,,0,0,0,0,0,0,50,0.05,10,9999999.99,0,0,0,0,0,0,0,0,0,0,0,0,0,0,0,0,0,0,0,0,0,0,0,0,0,,0,7/5/2025,0,0,0,0,0,0,0,0,0,0,0,0,0,0,0,0,,,,,,,,,,,5,0, ,1114.54,0,0,0,0,0,X ,41,0,0,Open,PORTLAND ,OR,972294978
cif_cust_id_07533,loan_id_0980,Commercial,564557.31,2632.15,7.63,5/2/2026,8/2/2033,4924.01,0,0,8/2/2033,branch_id_09,35,M240,Monthly,0,Reg P&I,Y,99,160,600000,0,600000,Installment,1207.11,3716.9,3716.9,126805.9,13571.31,2752.07,88,officer_id_055,8/8/2023,8/2/2023,8/8/2023,9/2/2023,5/14/2025,4/1/2026,154,,578634.6,% of Current Balance,11291.14,FHLB 3_YR,8/2/2026,M036,365/360,8.22,0,4.82,0,,8/2/2026,3.05,0,0,7.22,0,0,1,0.05,0,9999999.99,0,0,0,0,0,0,0,0,0,0,0,0,0,0,0,0,0,0,0,0,0,0,0,0,0,,0,11/2/2024,0,0,0,0,0,0,0,0,0,0,0,0,0,0,0,0,,,,,,,,,,,5,5, ,2218.4,0,0,0,939352,0,X ,41,0,0,Open,EUGENE ,OR,974023522
cif_cust_id_08593,loan_id_0981,Mortgage,114054.93,620.24,8.63,5/1/2026,10/1/2028,1054.12,88.58,0,10/1/2028,branch_id_15,30,M360,Monthly,0,Reg P&I,Y,180,140,143920,0,143920,Installment,216.69,837.43,837.43,107652.07,3056.81,620.24,30,officer_id_050,9/27/2013,9/27/2013,9/27/2013,11/1/2013,9/27/2013,3/31/2026,424,,115099.17,No Prepayment Penatly,0,3_Yr Treasury,9/1/2028,M036,365/365,5.88,3.64,0.88,0,,10/1/2028,5,2,2,5.88,11.88,722.28,1,0.05,0,9999999.99,0,0,0,0,0,0,0,0,0,0,0,0,0,0,0,0,0,0,0,0,0,0,0,0,0,,0,4/1/2026,0,0,0,5,0,0,0,0,0,0,0,0,0,0,0,0,,,,,,,,,,,5,5, ,0,0,0,0,0,0,D ,41,0,0,Open,GRANTS PASS ,OR,975279458
cif_cust_id_07553,loan_id_0985,Commercial,36600.8,_532.56,10.25,6/15/2026,12/15/2027,0,0,0,12/15/2027,Branch Not Assigned,41,M024,Monthly,0,Int Only,Y,24,530,0,80000,40000,Revolving,39687.15,1312.85,1312.85,13014.24,2365.08,420,18,officer_id_011,12/15/2021,12/15/2021,12/15/2021,1/15/2023,12/15/2025,6/13/2026,15,,36083.24,No Prepayment Penatly,0,WSJ Prime,,0000,365/360,6.75,6.75,3.25,0,,,3.5,0,0,6.75,18,0,1,0.05,0,9999999.99,0,0,0,0,0,0,0,0,0,0,0,0,0,0,0,0,0,0,0,0,0,0,0,0,0,,0,2/15/2026,0,0,0,0,0,0,0,0,0,0,0,0,0,0,0,0,,,,,,,,,,,5,5, ,0,0,0,0,584744,0, ,41,0,0,Open,GRANTS PASS ,OR,975263038
cif_cust_id_03226,loan_id_0988,Revolving Credit,0,0,7.75,5/21/2026,8/21/2034,0,0,0,8/21/2034,Branch Not Assigned,_4,M120,Monthly,0,Reg P&I,Y,120,180,0,40000,40000,Revolving,0,0,0,0,0,0,120,officer_id_011,8/26/2024,8/21/2024,8/26/2024,9/21/2024,,,154,,154,No Prepayment Penatly,0,RVC Prime,5/1/2026,M001,365/365,9.5,6.75,9.5,0,,5/1/2026,1,1,1,6.5,18,0,1,0.05,0,9999999.99,0,0,0,0,0,0,0,0,0,0,0,0,0,0,0,0,0,0,0,0,0,0,0,0,0,,0,,0,0,0,0,0,0,0,0,0,0,0,0,0,0,0,0,,,,,,,,,,,5,5, ,0,0,0,0,3,22,X ,41,0,0,Open,MEDFORD ,OR,975049750
cif_cust_id_07559,loan_id_0992,Commercial,31964.96,177.41,11.1,5/6/2026,5/6/2029,962.56,0,0,5/6/2029,Branch Not Assigned,40,M063,Monthly,0,Reg P&I,Y,61,510,0,0,44001.5,Installment,650.81,311.75,311.75,8221.34,1154.16,227.69,37,officer_id_011,2/6/2024,2/6/2024,2/6/2024,3/6/2024,7/19/2024,4/5/2026,30,,32172.37,No Prepayment Penatly,0,Fixed,, ,365/360,11.1,0,11.1,0,,,0,0,0,0,0,0,1,0.05,0,9999999.99,0,0,0,0,0,0,0,0,0,0,0,0,0,0,0,0,0,0,0,0,0,0,0,0,0,,0,12/6/2025,0,0,0,0,0,0,0,0,0,0,0,0,0,0,0,0,,,,,,,,,,,5,5, ,0,0,0,0,988101,0, ,41,0,0,Open,MEDFORD ,OR,975011362
cif_cust_id_19989,loan_id_0997,Revolving Credit,199999.96,652.06,7,5/21/2026,5/21/2035,0,0,0,5/21/2035,Branch Not Assigned,_4,M120,Monthly,0,Reg P&I,Y,120,180,0,200000,200000,Revolving,0,1189.04,1189.04,9143.28,4334.26,882.2,120,officer_id_011,5/27/2025,5/21/2025,5/27/2025,6/21/2025,,4/6/2026,154,,200806.02,No Prepayment Penatly,0,RVC Prime,5/1/2026,M001,365/365,7.75,6.75,7.5,0,,5/1/2026,0.25,1,1,6,18,0,1,0.05,0,9999999.99,0,0,0,0,0,0,0,0,0,0,0,0,0,0,0,0,0,0,0,0,0,0,0,0,0,,0,6/21/2025,0,0,0,0,0,0,0,0,0,0,0,0,0,0,0,0,,,,,,,,,,,5,5, ,0,0,0,0,154800,40,X ,41,0,0,Open,MEDFORD ,OR,975016642
cif_cust_id_00359,loan_id_1000,Commercial,0,0,7.25,5/30/2026,7/31/2029,0,0,0,7/31/2029,branch_id_02,47,M050,Monthly,0,Int Only,Y,50,190,0,700000,924000,Revolving,0,0,0,136506.82,4.56,0,40,officer_id_064,7/31/2020,7/31/2020,7/31/2020,8/31/2020,5/13/2025,,154,,154,No Prepayment Penatly,0,WSJ Prime,,0000,365/360,4.5,6.75,3.5,0,,,0.5,0,0,5.25,0,0,1,0.05,0,9999999.99,0,0,0,0,0,0,0,0,0,0,0,0,0,0,0,0,0,0,0,0,0,0,0,0,0,,0,1/30/2026,0,0,0,0,1,0,0,0,0,0,0,0,0,0,0,0,,,,,,,,,,,5,0, ,1589.41,0,0,0,162638,0,X ,41,0,0,Open,ALBANY ,OR,973211213
cif_cust_id_15883,loan_id_1002,Mortgage,662536.66,1535.72,3.63,5/1/2026,4/1/2050,3447.75,0,0,,branch_id_15,29,M360,Monthly,0,Reg P&I, ,0,140,756000,0,756000,Installment,0,0,0,155597.59,7564.74,1534.42,288,officer_id_050,5/8/2020,3/23/2020,3/27/2020,6/1/2020,,3/31/2026,0,,664072.38,No Prepayment Penatly,0,Fixed,, ,30/360 Am Sch,3.63,0,3.63,0,,,0,0,0,0,0,0,1,0.05,0,9999999.99,0,0,0,0,172.39,0,0,0,0,0,0,0,0,0,0,0,0,0,0,0,0,0,0,0,0,,0,3/1/2026,0,0,0,1,0,1,0,0,0,0,0,0,0,0,0,0,,,,,,,,,,,5,5, ,0,0,0,0,0,0,X ,41,0,0,Open,MEDFORD ,OR,975049337
cif_cust_id_03848,loan_id_1013,Installment,82921.96,222.26,4.25,5/1/2026,5/20/2047,512,0,0,,Branch Not Assigned,_1,M300,Monthly,0,Reg P&I, ,0,640,94500,0,94500,Installment,311.36,300.64,300.64,14748.36,1099.53,222.26,254,officer_id_011,5/20/2022,5/20/2022,5/20/2022,7/1/2022,,3/31/2026,0,,83144.22,No Prepayment Penatly,0,Fixed,, ,365/365,4.25,0,4.25,0,,,0,0,0,0,0,0,1,0.05,0,9999999.99,0,0,0,0,0,0,0,0,0,0,0,0,0,0,0,0,0,0,0,0,0,0,0,0,0,,0,4/1/2026,0,0,0,0,0,1,0,0,0,0,0,0,0,0,0,0,,,,,,,,,,,5,5, ,0,0,0,0,3,39,X* ,41,0,0,Open,CENTRAL POINT ,OR,975022627
cif_cust_id_19151,loan_id_1021,Revolving Credit,0,0,8.75,5/13/2026,3/13/2029,0,0,0,3/13/2029,Branch Not Assigned,_2,M060,Monthly,0,Reg P&I,Y,60,630,0,30000,30000,Revolving,50,0,0,0.55,0,_0.01,60,officer_id_011,3/22/2024,3/13/2024,3/22/2024,4/13/2024,,,0,,0,No Prepayment Penatly,0,RVC Prime,5/1/2026,M001,365/365,10.5,6.75,8.5,0,,5/1/2026,2,1,1,0,18,0,1,0.05,0,9999999.99,0,0,0,0,0,0,0,0,0,0,0,0,0,0,0,0,0,0,0,0,0,0,0,0,0,,0,4/13/2026,0,0,0,0,1,0,0,0,0,0,0,0,0,0,0,0,,,,,,,,,,,5,5, ,0,0,0,0,313080,11, ,41,0,0,Open,MEDFORD ,OR,975042141
cif_cust_id_07818,loan_id_1026,Commercial,3140086.65,90713.61,8,12/15/2026,12/15/2034,505090.07,0,0,,branch_id_10,22,M120,Annually,0,Reg P&I, ,0,170,3513987.84,0,3513987.84,Installment,0,0,0,131188.88,78851.06,16049.33,9,officer_id_020,6/30/2025,6/26/2025,6/30/2025,12/15/2025,,12/14/2025,154,,3230954.26,No Prepayment Penatly,0,Fixed,, ,365/360,8,0,8,0,,,0,0,0,0,0,0,1,0.05,0,9999999.99,0,0,0,0,0,0,0,0,0,0,0,0,0,0,0,0,0,0,0,0,0,0,0,0,0,,0,,0,0,0,0,0,0,0,0,0,0,0,0,0,0,0,0,,,,,,,,,,,5,5, ,12928.27,0,0,0,999999,0,X* ,41,0,0,Open,PHOENIX ,OR,975359605
cif_cust_id_04075,loan_id_1027,Mortgage,324918.09,908.19,4.38,5/1/2026,4/1/2052,1747.5,376.76,0,,branch_id_15,34,M360,Monthly,0,Reg P&I, ,0,140,350000,0,350000,Installment,560.86,1186.64,1186.64,59737.29,4474.22,908.19,312,officer_id_050,3/31/2022,3/17/2022,4/1/2022,5/1/2022,,3/31/2026,0,,325826.28,No Prepayment Penatly,0,Fixed,, ,30/360 Am Sch,4.38,0,4.38,0,,,0,0,0,0,0,1010.3,1,0.05,0,9999999.99,0,0,0,0,0,0,0,0,0,0,0,0,0,0,0,0,0,0,0,0,0,0,0,0,0,,0,11/1/2025,0,0,0,0,0,0,0,0,0,0,0,0,0,0,0,0,,,,,,,,,,,5,5, ,0,0,0,0,0,0,X ,41,0,0,Open,TALENT ,OR,975407722
cif_cust_id_08719,loan_id_1028,Revolving Credit,21819.5,58.22,7.25,5/22/2026,9/22/2027,0,0,0,,Branch Not Assigned,_4,M120,Monthly,0,Reg P&I, ,0,180,0,45000,45000,Revolving,500,65.2,65.2,9466.04,313.39,73.96,104,officer_id_011,9/22/2017,9/22/2017,9/22/2017,10/22/2017,9/22/2017,4/10/2026,154,,22031.72,No Prepayment Penatly,0,RVC Prime,5/1/2026,M001,365/365,6,6.75,5.5,0,,5/1/2026,0.5,1,1,6,18,0,1,0.05,0,9999999.99,0,0,0,0,0,0,0,0,0,0,0,0,0,0,0,0,0,0,0,0,0,0,0,0,0,,6.19,12/22/2025,0,0,0,5,0,0,0,0,0,0,0,0,0,0,0,0,,,,,,,,,,,5,5, ,0,0,0,0,0,0,X ,41,0,0,Open,GRANTS PASS ,OR,975279647
cif_cust_id_07824,loan_id_1029,Commercial,293900.94,395.86,8.09,5/18/2026,10/18/2049,2356.73,0,0,,branch_id_05,22,M300,Monthly,0,Reg P&I, ,0,170,300000,0,300000,Installment,307.16,2049.57,2049.57,36322.35,7484.95,1519.82,282,officer_id_040,10/21/2024,10/18/2024,10/21/2024,11/18/2024,,4/17/2026,154,,300328.81,% of Current Balance,5878.01,FHLB 3_YR,10/18/2027,M036,365/360,8.09,0,3.96,0,,10/18/2027,4.2,0,0,7.09,18,0,1,0.05,0,9999999.99,0,0,0,0,0,0,0,0,0,0,0,0,0,0,0,0,0,0,0,0,0,0,0,0,0,,0,2/18/2026,0,0,0,1,3,0,0,0,0,0,0,0,0,0,0,0,,,,,,,,,,,5,5, ,1456.12,0,0,0,215631,0,X500 ,41,0,0,Open,TRAIL ,OR,975419718
cif_cust_id_08194,loan_id_1035,Commercial,897879,16660.37,6.54,6/30/2026,12/31/2035,31590.05,0,0,,Branch Not Assigned,18,M180,Quarterly,0,Reg P&I,N,0,120,0,0,1300000,Installment,0,0,0,216422.34,14995.82,3749.34,39,officer_id_063,2/24/2021,2/24/2021,2/24/2021,3/31/2021,,1/11/2026,154,,914693.37,% of Current Balance,0,FHLB 5_YR,2/28/2031,M060,365/360,4,3.69,1.15,0,,2/28/2031,2.85,0,0,4,0,0,50,0.05,10,9999999.99,0,0,0,0,0,0,0,0,0,0,0,0,0,0,0,0,0,0,0,0,0,0,0,0,0,,0,6/30/2025,0,0,0,0,0,0,0,0,0,0,0,0,0,0,0,0,,,,,,,,,,,5,0, ,7256.15,0,0,0,0,0,X ,41,0,0,Open,HALSEY ,OR,973489763
cif_cust_id_08212,loan_id_1036,Commercial,13500,_121.83,10.75,6/23/2026,2/23/2027,0,0,0,2/23/2027,Branch Not Assigned,,M012,Monthly,0,Int Only,Y,12,530,0,25000,25000,Revolving,10500,350.27,350.27,350.27,228.44,98.54,10,officer_id_011,3/3/2026,2/23/2026,3/3/2026,3/23/2026,,5/23/2026,0,,13378.17,No Prepayment Penatly,0,WSJ Prime,,0000,365/360,10.75,0,6.75,0,,,4,0,0,5,0,0,1,0.05,0,9999999.99,0,0,0,0,0,0,0,0,0,0,0,0,0,0,0,0,0,0,0,0,0,0,0,0,0,,0,,0,0,0,0,0,0,0,0,0,0,0,0,0,0,0,0,,,,,,,,,,,5,5, ,0,0,0,0,999999,0, ,41,0,0,Open,JACKSONVILLE ,OR,975309474
cif_cust_id_04240,loan_id_1038,Revolving Credit,10192.26,85.51,8.75,5/4/2026,10/4/2029,0,0,0,10/4/2029,Branch Not Assigned,_2,M060,Monthly,0,Reg P&I,Y,60,630,0,50000,50000,Revolving,923.31,76.69,76.69,470.16,281.76,56.2,60,officer_id_011,10/8/2024,10/4/2024,10/8/2024,11/4/2024,,3/19/2026,0,,10277.77,No Prepayment Penatly,0,RVC Prime,5/1/2026,M001,365/365,10,6.75,8,0,,5/1/2026,2,1,1,0,18,0,1,0.05,0,9999999.99,0,0,0,0,0,0,0,0,0,0,0,0,0,0,0,0,0,0,0,0,0,0,0,0,0,,0,1/4/2026,0,0,0,0,1,0,0,0,0,0,0,0,0,0,0,0,,,,,,,,,,,5,5, ,0,0,0,0,385500,26, ,41,0,0,Open,ASHLAND ,OR,975201299
cif_cust_id_08316,loan_id_1039,Commercial,0,0,8.25,5/9/2026,12/5/2027,0,0,0,12/5/2027,Branch Not Assigned,41,M024,Monthly,0,Int Only,Y,24,530,0,75000,75000,Revolving,0,0,0,1808.37,0,0,22,officer_id_011,7/10/2019,6/20/2019,7/10/2019,8/9/2019,12/9/2025,,15,,15,No Prepayment Penatly,0,WSJ Prime,,0000,365/360,7,6.75,5.5,0,,,1.5,0,0,5.5,11.5,0,1,0.05,0,9999999.99,0,0,0,0,0,0,0,0,0,0,0,0,0,0,0,0,0,0,0,0,0,0,0,0,0,,0,3/9/2023,0,0,0,0,0,0,0,0,0,0,0,0,0,0,0,0,,,,,,,,,,,5,5, ,0,0,0,0,999999,0, ,41,0,0,Open,MEDFORD ,OR,975048900
cif_cust_id_08532,loan_id_1044,Commercial,110192.99,544.72,7.33,6/15/2026,6/15/2029,1494.84,0,0,6/15/2029,Branch Not Assigned,42,M183,Monthly,0,Reg P&I,Y,120,170,167000,0,167000,Installment,2329.44,712.98,712.98,59828.05,2604.51,521.82,37,officer_id_011,6/17/2019,6/17/2019,6/17/2019,7/15/2019,,3/30/2026,154,,110891.71,% of Current Balance,0,FHLB 5_YR,6/15/2029,M060,365/360,5.75,4.58,3,0,,6/15/2029,2.75,0,0,0,0,0,50,0.05,10,9999999.99,0,0,0,0,52.74,0,0,0,0,0,0,0,0,0,0,52.74,0,0,0,0,0,0,0,0,0,,261.96,11/15/2025,52.74,0,0,1,0,2,0,0,0,0,0,0,0,0,0,0,,,,,,,,,,,5,0, ,19.7,0,0,0,0,0, ,41,0,0,Open,JEFFERSON ,OR,973520110
cif_cust_id_08817,loan_id_1048,Commercial,0,0,8.75,5/15/2026,10/15/2027,0,0,0,10/15/2027,Branch Not Assigned,41,M026,Monthly,0,Int Only,Y,26,530,0,50000,50000,Revolving,0,0,0,969.53,0,0,23,officer_id_011,8/16/2023,8/15/2023,8/16/2023,9/15/2023,8/11/2025,,30,,30,No Prepayment Penatly,0,WSJ Prime,,0000,365/360,10.5,6.75,8.5,0,,,2,0,0,5.5,0,0,1,0.05,0,9999999.99,0,0,0,0,0,0,0,0,0,0,0,0,0,0,0,0,0,0,0,0,0,0,0,0,0,,0,,0,0,0,0,0,0,0,0,0,0,0,0,0,0,0,0,,,,,,,,,,,5,4, ,0,0,0,0,637970,0, ,41,0,0,Open,MEDFORD ,OR,975019326
cif_cust_id_08959,loan_id_1050,Commercial,0,26.87,10.75,5/13/2026,11/13/2026,0,0,0,11/13/2026,Branch Not Assigned,,M012,Monthly,0,Int Only,Y,12,530,0,25000,25000,Revolving,10000,0,0,307.92,235.36,26.87,10,officer_id_011,11/14/2025,11/13/2025,11/14/2025,12/13/2025,,,0,,26.87,No Prepayment Penatly,0,WSJ Prime,,0000,365/360,11,6.75,7,0,,,4,0,0,5,0,0,1,0.05,0,9999999.99,0,0,0,0,0,0,0,0,0,0,0,0,0,0,0,0,0,0,0,0,0,0,0,0,0,,0,,0,0,0,0,0,0,0,0,0,0,0,0,0,0,0,0,,,,,,,,,,,5,5, ,0,0,0,0,950000,0, ,41,0,0,Open,SALEM ,OR,973020335
cif_cust_id_09008,loan_id_1054,Commercial,849011.46,2358.01,3.99,5/15/2026,6/15/2027,5958.67,0,0,,branch_id_18,22,M120,Monthly,0,Reg P&I, ,0,190,1115548,0,1115548,Installment,3120.01,2838.66,2838.66,387109.66,10714.84,2169.12,14,officer_id_058,6/22/2017,6/22/2017,6/22/2017,7/15/2017,,3/29/2026,154,,851523.47,% of Current Balance,0,Fixed,, ,365/360,0,0,0,0,,,0,0,0,0,0,0,50,0.05,10,9999999.99,0,0,0,0,0,0,0,0,0,0,0,0,0,0,0,0,0,0,0,0,0,0,0,0,0,,0,2/15/2026,0,0,0,0,0,0,0,0,0,0,0,0,0,0,0,0,,,,,,,,,,,5,0, ,807.55,0,0,0,0,0,X ,41,0,0,Open,ALBANY ,OR,973210212
cif_cust_id_09008,loan_id_1055,Commercial,1810866.41,5029.41,3.99,5/15/2026,6/15/2027,12706.58,0,0,,branch_id_18,22,M120,Monthly,0,Reg P&I, ,0,190,2372258,0,2372258,Installment,6651.98,6054.6,6054.6,845950.13,22853.71,4626.52,14,officer_id_058,6/22/2017,6/22/2017,6/22/2017,7/15/2017,,3/29/2026,154,,1816049.82,% of Current Balance,0,Fixed,, ,365/360,0,0,0,0,,,0,0,0,0,0,0,50,0.05,10,9999999.99,0,0,0,0,0,0,0,0,0,0,0,0,0,0,0,0,0,0,0,0,0,0,0,0,0,,0,2/15/2026,0,0,0,0,0,0,0,0,0,0,0,0,0,0,0,0,,,,,,,,,,,5,0, ,2143.74,0,0,0,0,0,X* ,41,0,0,Open,ALBANY ,OR,973210212
cif_cust_id_09008,loan_id_1056,Commercial,231295.47,642.39,3.99,5/15/2026,6/15/2027,1622.96,0,0,,branch_id_18,22,M120,Monthly,0,Reg P&I, ,0,190,303000,0,303000,Installment,849.63,773.33,773.33,108049.88,2919.02,590.93,14,officer_id_058,6/22/2017,6/22/2017,6/22/2017,7/15/2017,,3/29/2026,154,,232091.86,% of Current Balance,0,Fixed,, ,365/360,0,0,0,0,,,0,0,0,0,0,0,50,0.05,10,9999999.99,0,0,0,0,0,0,0,0,0,0,0,0,0,0,0,0,0,0,0,0,0,0,0,0,0,,0,2/15/2026,0,0,0,0,0,0,0,0,0,0,0,0,0,0,0,0,,,,,,,,,,,5,0, ,0,0,0,0,0,0,X* ,43,0,0,Open,ALBANY ,OR,973210212
cif_cust_id_09008,loan_id_1057,Commercial,1172049.46,3255.19,3.99,5/15/2026,6/15/2027,8225.88,0,0,,branch_id_18,22,M120,Monthly,0,Reg P&I, ,0,190,1540000,0,1540000,Installment,4307.14,3918.74,3918.74,534400.19,14791.69,2994.43,14,officer_id_058,6/22/2017,6/22/2017,6/22/2017,7/15/2017,,3/29/2026,154,,1175458.65,% of Current Balance,0,Fixed,, ,365/360,0,0,0,0,,,0,0,0,0,0,0,50,0.05,10,9999999.99,0,0,0,0,0,0,0,0,0,0,0,0,0,0,0,0,0,0,0,0,0,0,0,0,0,,0,2/15/2026,0,0,0,0,0,0,0,0,0,0,0,0,0,0,0,0,,,,,,,,,,,5,0, ,1255.4,0,0,0,0,0,X ,41,0,0,Open,ALBANY ,OR,973210212
cif_cust_id_09008,loan_id_1058,Commercial,430813.98,1196.52,3.99,5/15/2026,6/15/2027,3022.95,0,0,,branch_id_18,22,M120,Monthly,0,Reg P&I, ,0,190,564375,0,564375,Installment,1582.53,1440.42,1440.42,201252.6,5437.01,1100.67,14,officer_id_058,6/22/2017,6/22/2017,6/22/2017,7/15/2017,,3/29/2026,154,,432164.5,% of Current Balance,0,Fixed,, ,365/360,0,0,0,0,,,0,0,0,0,0,0,50,0.05,10,9999999.99,0,0,0,0,0,0,0,0,0,0,0,0,0,0,0,0,0,0,0,0,0,0,0,0,0,,0,2/15/2026,0,0,0,0,0,0,0,0,0,0,0,0,0,0,0,0,,,,,,,,,,,5,0, ,227.66,0,0,0,0,0,X ,41,0,0,Open,ALBANY ,OR,973210212
cif_cust_id_09029,loan_id_1059,Commercial,31034.44,112.58,6.34,5/3/2026,2/3/2027,3285.86,0,0,,Branch Not Assigned,40,M060,Monthly,0,Reg P&I,N,0,510,168250,0,168250,Installment,0,0,0,27784.44,716.7,125.7,10,officer_id_011,2/4/2022,2/3/2022,2/3/2022,3/3/2022,,4/2/2026,0,,31147.02,No Prepayment Penatly,0,Fixed,, ,365/360,6.34,0,6.34,0,,,0,0,0,0,0,0,1,0.05,0,9999999.99,0,0,0,0,0,0,0,0,0,0,0,0,0,0,0,0,0,0,0,0,0,0,0,0,0,,0,11/3/2025,0,0,0,0,0,0,0,0,0,0,0,0,0,0,0,0,,,,,,,,,,,5,5, ,133.81,0,0,0,999999,0, ,41,0,0,Open,SHADY COVE ,OR,975391637
cif_cust_id_00794,loan_id_1062,Revolving Credit,26110.89,150.23,8.75,3/29/2026,3/29/2026,0,0,0,3/29/2026,Branch Not Assigned,_2,M060,Monthly,0,Reg P&I,Y,60,630,0,32500,32500,Revolving,0,0,0,8473.7,721.02,143.97,60,officer_id_011,3/30/2021,3/29/2021,3/30/2021,4/29/2021,,,0,,27571.05,No Prepayment Penatly,0,RVC Prime,5/14/2026,M001,365/365,5.25,6.75,3.25,0,,5/14/2026,2,1,1,0,18,0,1,0.05,0,9999999.99,0,0,0,0,0,0,0,0,0,0,0,0,0,0,0,0,0,0,0,0,0,0,0,0,0,,0,3/29/2026,0,0,27571.05,0,1,0,0,0,0,0,0,0,0,0,0,0,,,,,,,,,,,5,5, ,0,0,0,0,0,33, ,41,0,0,Open,GRANTS PASS ,OR,975269340
cif_cust_id_05531,loan_id_1064,Installment,53140.42,142.33,4.25,5/1/2026,5/18/2047,316.95,0,0,,Branch Not Assigned,_1,M300,Monthly,0,Reg P&I, ,0,640,58500,0,58500,Installment,124.67,192.28,192.28,9220.12,702.04,142.33,254,officer_id_011,5/18/2022,5/18/2022,5/18/2022,6/18/2022,,3/31/2026,0,,53282.75,No Prepayment Penatly,0,Fixed,, ,365/365,4.25,0,4.25,0,,,0,0,0,0,0,0,1,0.05,0,9999999.99,0,0,0,0,0,0,0,0,0,0,0,0,0,0,0,0,0,0,0,0,0,0,0,0,0,,0,1/1/2026,0,0,0,0,0,0,0,0,0,0,0,0,0,0,0,0,,,,,,,,,,,5,5, ,0,0,0,0,3,27,X500 ,41,0,0,Open,GRANTS PASS ,OR,975265926
cif_cust_id_09337,loan_id_1065,Commercial,0,0,10.75,5/13/2026,11/13/2026,0,0,0,11/13/2026,Branch Not Assigned,,M012,Monthly,0,Int Only,Y,12,530,0,25000,25000,Revolving,0,0,0,292.64,208.48,0,10,officer_id_011,11/14/2025,11/13/2025,11/14/2025,12/13/2025,,,0,,0,No Prepayment Penatly,0,WSJ Prime,,0000,365/360,11,6.75,7,0,,,4,0,0,5,0,0,1,0.05,0,9999999.99,0,0,0,0,0,0,0,0,0,0,0,0,0,0,0,0,0,0,0,0,0,0,0,0,0,,0,,0,0,0,0,0,0,0,0,0,0,0,0,0,0,0,0,,,,,,,,,,,5,5, ,0,0,0,0,999999,0, ,41,0,0,Open,SALEM ,OR,973013758
cif_cust_id_09339,loan_id_1068,Commercial,16022.55,59.63,5.5,5/18/2026,8/18/2026,4051.07,0,0,,branch_id_05,22,M240,Monthly,0,Reg P&I, ,0,170,586000,0,586000,Installment,3948.87,102.2,102.2,471316.27,419.9,65.64,4,officer_id_014,8/28/2006,8/18/2006,8/18/2006,9/18/2006,12/12/2019,3/29/2026,154,,16472.22,No Prepayment Penatly,0,Fixed,, ,365/365,0,0,0,0,,,0,0,0,0,0,0,50,0.05,10,9999999.99,0,0,0,0,0,0,0,0,0,0,0,0,0,0,0,0,0,0,0,0,0,0,0,0,0,,0,4/18/2026,0,0,0,0,0,0,0,0,0,0,0,0,0,0,0,0,,,,,,,,,,,5,0, ,0,0,0,0,0,0, ,41,0,0,Open,SCIO ,OR,973740343
cif_cust_id_09389,loan_id_1071,Commercial,598262.42,1353.66,7.41,5/13/2026,5/13/2045,4926.33,0,0,,branch_id_05,22,M291,Monthly,0,Reg P&I,N,0,170,0,0,686000,Installment,1104.46,3821.87,3821.87,173489.1,13962.58,2833.09,229,officer_id_061,11/19/2020,11/13/2020,11/19/2020,3/13/2021,2/13/2021,4/12/2026,524,,600140.08,% of Current Balance,0,FHLB 5_YR,11/13/2030,M060,365/360,5.25,3.77,0.89,0,,11/13/2030,3.638,0,0,5.245,0,0,1,0.05,0,9999999.99,0,0,0,0,0,0,0,0,0,0,0,0,0,0,0,0,0,0,0,0,0,0,0,0,0,,0,12/13/2025,0,0,0,0,0,0,0,0,0,0,0,0,0,0,0,0,,,,,,,,,,,5,5, ,0,0,0,0,0,0,X ,41,0,0,Open,MEDFORD ,OR,975013121
cif_cust_id_09688,loan_id_1082,Commercial,23176.36,_37.44,10.75,5/29/2026,9/29/2026,0,0,0,9/29/2026,Branch Not Assigned,,M012,Monthly,0,Int Only,Y,12,530,0,25000,25000,Revolving,500,211.11,211.11,1337.44,818.29,160.52,5,officer_id_011,9/30/2025,9/29/2025,9/30/2025,10/29/2025,,4/28/2026,0,,23138.92,No Prepayment Penatly,0,WSJ Prime,,0000,365/360,11.25,6.75,7.25,0,,,4,0,0,5,0,0,1,0.05,0,9999999.99,0,0,0,0,0,0,0,0,0,0,0,0,0,0,0,0,0,0,0,0,0,0,0,0,0,,0,,0,0,0,0,0,0,0,0,0,0,0,0,0,0,0,0,,,,,,,,,,,5,5, ,0,0,0,0,999999,0, ,41,0,0,Open,MEDFORD ,OR,975010098
cif_cust_id_08193,loan_id_1034,Commercial,217795.08,1777.97,7.52,5/1/2026,10/1/2027,2377.92,0,0,10/1/2027,branch_id_02,22,M240,Monthly,0,Reg P&I,Y,240,170,302982.3,0,302982.3,Installment,1095.07,1282.85,1282.85,141897.48,5179.37,1046.39,18,officer_id_064,6/30/2017,6/30/2017,6/30/2017,11/1/2017,,3/15/2026,154,,219727.05,No Prepayment Penatly,0,FHLB 5_YR,10/1/2027,M060,365/360,5.3,4.52,2.3,0,,10/1/2027,3,0,0,0,0,0,50,0.05,10,9999999.99,0,0,0,0,0,0,0,0,0,0,0,0,0,0,0,0,0,0,0,0,0,0,0,0,0,,0,11/1/2025,0,0,0,0,0,0,0,0,0,0,0,0,0,0,0,0,,,,,,,,,,,5,0, ,158.79,0,0,0,0,0,X ,41,0,0,Open,SCIO ,OR,973749547
cif_cust_id_03171,loan_id_1095,Mortgage,347886.53,1385.89,6.5,5/1/2026,6/1/2053,2275.44,438.7,0,,branch_id_15,29,M360,Monthly,0,Reg P&I, ,0,140,360000,0,360000,Installment,388.95,1886.49,1886.49,65700.26,7110.44,1444.69,326,officer_id_050,5/25/2023,5/22/2023,5/25/2023,7/1/2023,,4/1/2026,0,,349272.42,No Prepayment Penatly,0,Fixed,, ,30/360 Am Sch,6.5,0,6.5,0,,,0,0,0,0,0,2851.82,1,0.05,0,9999999.99,0,0,0,0,0,0,0,0,0,0,0,0,0,0,0,0,0,0,0,0,0,0,0,0,0,,0,11/1/2025,0,0,0,0,0,0,0,0,0,0,0,0,0,0,0,0,,,,,,,,,,,5,5, ,0,0,0,0,3,0,X ,41,0,0,Open,MEDFORD ,OR,975049641
cif_cust_id_09493,loan_id_1099,Commercial,2119000,6798.46,7.7,5/9/2026,6/9/2051,0,0,0,,branch_id_03,20,M312,Monthly,0,Int Only, ,0,110,0,2119000,2119000,Non _ Revolving,0,14050.15,14050.15,114043.61,51215.07,10424.3,302,officer_id_032,6/10/2025,6/9/2025,6/10/2025,7/9/2025,,4/8/2026,154,,2189522.46,% of Current Balance,63570,FHLB 3_YR,6/9/2028,M036,365/360,7.7,0,4,0,,6/9/2028,4,0,0,6.7,0,0,1,0.05,0,9999999.99,0,0,0,0,0,0,0,0,0,0,0,0,0,0,0,0,0,0,0,0,0,0,0,0,0,,0,4/9/2026,0,0,0,2,1,0,0,0,0,0,0,0,0,0,0,0,,,,,,,,,,,5,5, ,21892.01,0,0,0,999999,0,X ,41,0,0,Open,ASHLAND ,OR,975202756
cif_cust_id_09493,loan_id_1100,Mortgage,619923.61,3515.24,8.88,5/1/2026,12/1/2053,5072.24,0,0,,branch_id_15,34,M360,Monthly,0,Reg P&I, ,0,140,637500,0,637500,Installment,709.9,4590.1,4590.1,130368.09,17300.98,3515.05,332,officer_id_050,12/1/2023,11/29/2023,12/1/2023,1/1/2024,,3/31/2026,0,,623438.85,No Prepayment Penatly,0,1_Yr Treasury,10/17/2030,M012,30/360 Am Sch,8.88,0,4.33,0,,12/1/2030,2.625,2,2,8.875,13.875,0,1,0.05,0,9999999.99,0,0,0,0,0,0,0,0,0,0,0,0,0,0,0,0,0,0,0,0,0,0,0,0,0,,253.61,4/1/2026,0,0,0,0,0,0,0,0,0,0,0,0,0,0,0,0,,,,,,,,,,,5,5, ,3812.17,0,0,0,3,0,X ,41,0,0,Open,ASHLAND ,OR,975202756
cif_cust_id_10256,loan_id_1104,Commercial,136590.42,887.58,6.67,5/5/2026,2/5/2029,1330.35,0,0,2/5/2029,Branch Not Assigned,44,M240,Monthly,0,Reg P&I,Y,120,140,0,0,179000,Installment,617.25,713.1,713.1,66252.52,2880.62,582.53,34,officer_id_011,2/12/2019,2/12/2019,2/12/2019,3/5/2019,,3/19/2026,154,,137632,No Prepayment Penatly,0,FHLB 5_YR,2/5/2029,M060,365/360,5.46,4.17,2.96,0,,2/5/2029,2.5,0,0,0,0,0,50,0.05,10,9999999.99,0,0,0,0,0,0,0,0,0,0,0,0,0,0,0,0,0,0,0,0,0,0,0,0,0,,0,7/5/2025,0,0,0,0,0,0,0,0,0,0,0,0,0,0,0,0,,,,,,,,,,,5,0, ,273.13,0,0,0,0,0, ,41,0,0,Open,SALEM ,OR,973030282
cif_cust_id_10707,loan_id_1140,Commercial,95703.48,201.98,8.44,4/15/2026,4/15/2026,1352.25,0,0,4/15/2026,branch_id_09,22,M004,Monthly,0,Reg P&I,Y,4,170,0,0,187500,Installment,954.62,1045.38,1045.38,101248.36,2585.68,519.31,0,officer_id_055,7/17/2015,7/17/2015,7/17/2015,8/15/2015,1/8/2026,4/14/2026,154,,103747.33,No Prepayment Penatly,0,Fixed,, ,365/360,6,4.14,1.7,0,,,0,0,0,0,0,0,1,0.05,0,9999999.99,0,0,0,0,0,0,0,0,0,0,0,0,0,920.5,460.25,0,0,0,0,0,460.25,0,0,920.5,0,,3301.32,4/15/2026,1380.75,0,103593.33,2,1,2,1,0,0,0,0,0,0,0,0,0,,,,,,,,,,,5,0, ,0,0,0,0,595036,0,X ,41,0,0,Open,SUN CITY WEST ,AZ,853755846
cif_cust_id_10729,loan_id_1145,Commercial,54230.14,164.54,9.12,5/12/2026,11/12/2033,873.43,0,0,,Branch Not Assigned,42,M300,Monthly,0,Reg P&I, ,0,170,144000,0,144000,Installment,619.74,430.26,430.26,126398.41,1586.97,317.39,91,officer_id_011,11/12/2008,11/12/2008,11/12/2008,12/12/2008,5/17/2013,4/11/2026,184,,54578.68,No Prepayment Penatly,0,3_Yr Treasury,11/12/2026,M036,365/360,7.25,4.62,2.75,0,,11/12/2026,4.5,0,0,5.95,0,0,1,0.05,0,9999999.99,0,0,0,0,0,0,0,0,0,0,0,0,0,0,0,0,0,0,0,0,0,0,0,0,0,,94.62,11/12/2025,0,0,0,2,0,0,0,0,0,0,0,0,0,0,0,0,,,,,,,,,,,5,5, ,0,0,0,0,683822,0,X ,41,0,0,Open,MEDFORD ,OR,975011631
cif_cust_id_01128,loan_id_1146,Commercial,242263.78,686.42,6.38,5/8/2026,2/8/2038,2446.86,0,0,,branch_id_05,22,M300,Monthly,0,Reg P&I, ,0,170,390000,0,390000,Installment,1110.84,1336.02,1336.02,238411.26,4890.06,988.1,142,officer_id_061,2/8/2013,2/8/2013,2/8/2013,3/8/2013,2/8/2013,4/7/2026,154,,243104.2,No Prepayment Penatly,0,3_Yr Treasury,2/8/2028,M036,365/360,5.38,4.27,2.38,0,,2/8/2028,3,1,1,5.375,0,0,1,0.05,0,9999999.99,0,0,0,0,0,0,0,0,0,0,0,0,0,0,0,0,0,0,0,0,0,0,0,0,0,,0,11/8/2025,0,0,0,0,0,0,0,0,0,0,0,0,0,0,0,0,,,,,,,,,,,5,5, ,0,0,0,0,905268,0,X ,41,0,0,Open,JACKSONVILLE ,OR,975309762
cif_cust_id_16922,loan_id_1151,Revolving Credit,25000,14.9,7.25,5/24/2026,1/24/2027,0,0,0,1/24/2027,Branch Not Assigned,_8,M024,Monthly,0,Reg P&I,Y,24,630,0,100000,100000,Revolving,5200,7.23,7.23,31.32,22.13,22.13,24,officer_id_011,1/27/2023,1/24/2023,1/27/2023,2/24/2023,1/17/2025,4/20/2026,0,,25014.9,No Prepayment Penatly,0,RVC Prime,5/1/2026,M001,365/365,8,6.75,7.5,0,,5/1/2026,0.5,1,1,0,18,0,1,0.05,0,9999999.99,0,0,0,0,0,0,0,0,0,0,0,0,0,0,0,0,0,0,0,0,0,0,0,0,0,,0,3/24/2023,0,0,0,0,0,0,0,0,0,0,0,0,0,0,0,0,,,,,,,,,,,5,5, ,0,0,0,0,3,7, ,41,0,0,Open,TUCSON ,AZ,857499645
cif_cust_id_18984,loan_id_1152,Commercial,140166.84,350.35,6.92,5/11/2026,7/11/2028,1062.39,0,0,7/11/2028,branch_id_05,44,M300,Monthly,0,Reg P&I,Y,60,140,150000,0,150000,Installment,225.81,836.58,836.58,28225.71,3060.83,620.21,27,officer_id_014,7/12/2023,7/11/2023,7/12/2023,8/11/2023,,4/10/2026,154,,140671.19,No Prepayment Penatly,0,Fixed,, ,365/360,6.92,0,6.92,0,,,0,0,0,0,0,0,1,0.05,0,9999999.99,0,0,0,0,0,0,0,0,0,0,0,0,0,0,0,0,0,0,0,0,0,0,0,0,0,,0,4/11/2026,0,0,0,0,0,0,0,0,0,0,0,0,0,0,0,0,,,,,,,,,,,5,5, ,0,0,0,0,3,0,X ,41,0,0,Open,MEDFORD ,OR,975013875
cif_cust_id_10766,loan_id_1160,Commercial,426758.93,2165.95,9.75,5/5/2026,1/30/2035,6022.94,0,0,,Branch Not Assigned,13,M120,Monthly,0,Reg P&I, ,0,520,459600,0,459600,Installment,2468.59,3554.35,3554.35,53965.87,13015.98,2624.57,106,officer_id_059,1/30/2025,1/30/2025,1/30/2025,3/5/2025,,4/4/2026,184,,429108.88,No Prepayment Penatly,0,WSJ Prime,7/1/2026,M003,365/365,10.5,6.75,7.5,0,,7/1/2026,3,0,0,0,0,0,1,0.05,0,9999999.99,0,0,0,0,0,0,0,0,0,0,0,0,0,0,0,0,0,0,0,0,0,0,0,0,0,,0,7/5/2025,0,0,0,0,0,0,0,0,0,0,0,0,0,0,0,0,,,,,,,,,,,5,5,P,0,0,0,0,940939,0,X* ,41,75,0,Open,GOLD HILL ,OR,975259709
cif_cust_id_10766,loan_id_1161,Commercial,320069.16,1457.86,8.75,5/5/2026,1/30/2035,4341.95,0,0,,Branch Not Assigned,13,M120,Monthly,2,Reg P&I, ,0,520,344700,0,344700,Installment,1851.44,2392.34,2392.34,34034.69,8760.76,1766.54,106,officer_id_059,2/26/2025,1/30/2025,2/26/2025,3/5/2025,,4/4/2026,0,,321527.02,No Prepayment Penatly,0,WSJ Prime,7/1/2026,M003,365/365,9.36,6.75,7.25,0,,7/1/2026,2,0,0,0,0,0,0,0.05,0,9999999.99,0,0,0,0,0,0,0,0,0,0,0,0,0,0,0,0,0,0,0,0,0,0,0,0,0,,0,7/5/2025,0,0,0,0,0,0,0,0,0,0,0,0,0,0,0,0,,,,,,,,,,,5,5,P,8377.63,0,0,0,0,0, ,41,100,0,Open,GOLD HILL ,OR,975259709
cif_cust_id_10852,loan_id_1162,Commercial,116000,450.69,11,5/15/2026,7/15/2027,0,0,0,7/15/2027,Branch Not Assigned,41,M024,Monthly,0,Int Only,Y,24,530,0,200000,200000,Revolving,0,426.25,426.25,1287.92,1720.28,643.19,20,officer_id_011,7/17/2025,7/15/2025,7/17/2025,8/15/2025,,4/10/2026,15,,116465.69,No Prepayment Penatly,0,WSJ Prime,,0000,365/360,11.75,6.75,7.5,0,,,4.25,0,0,0,0,0,1,0.05,0,9999999.99,0,0,0,0,0,0,0,0,0,0,0,0,0,0,0,0,0,0,0,0,0,0,0,0,0,,0,2/15/2026,0,0,0,0,0,0,0,0,0,0,0,0,0,0,0,0,,,,,,,,,,,5,5, ,0,0,0,0,956404,0, ,41,0,0,Open,ALBANY ,OR,973212331
cif_cust_id_10863,loan_id_1168,Commercial,2307.26,_93.38,11.25,7/6/2026,5/6/2027,0,0,0,5/6/2027,Branch Not Assigned,43,M024,Monthly,0,Int Only,Y,24,170,0,100000,100000,Revolving,0,0,0,3426.16,240.85,16.58,17,officer_id_011,3/7/2024,3/6/2024,3/7/2024,4/6/2024,5/6/2025,8/31/2026,154,,2367.88,No Prepayment Penatly,0,WSJ Prime,,0000,365/360,13,6.75,8.5,0,,,4.5,0,0,0,0,0,1,0.05,0,9999999.99,0,0,0,0,0,0,0,0,0,0,0,0,0,0,0,0,0,0,0,0,0,0,0,0,0,,0,4/6/2025,0,0,0,2,0,0,1,0,0,0,0,0,0,0,0,0,,,,,,,,,,,5,5, ,0,0,0,0,176959,0,X ,41,0,0,Open,JACKSONVILLE ,OR,975309377
cif_cust_id_10871,loan_id_1170,Commercial,154529.09,182.34,7.08,5/18/2026,12/18/2038,1534.17,533.73,0,,Branch Not Assigned,22,M303,Monthly,0,Reg P&I, ,0,190,244000,0,244000,Installment,616.62,945.87,945.87,150906.81,3465.42,701.05,152,officer_id_011,12/18/2013,12/18/2013,12/18/2013,1/18/2014,12/18/2013,4/17/2026,308,,155019.43,No Prepayment Penatly,0,3_Yr Treasury,12/18/2028,M036,365/360,5.5,3.58,2,0,,12/18/2028,3.5,0,0,5.5,0,2636.38,1,0.05,0,9999999.99,0,0,0,0,0,103.95,0,0,0,0,0,0,0,0,0,0,0,0,0,0,0,0,0,0,0,,23.68,4/18/2026,0,0,0,1,2,1,0,0,0,0,0,0,0,0,0,0,,,,,,,,,,,5,5, ,0,0,0,0,61934,0,X ,41,0,0,Open,ASHLAND ,OR,975202437
cif_cust_id_07646,loan_id_1070,Commercial,0,0,11,5/11/2026,7/11/2026,0,0,0,7/11/2026,Branch Not Assigned,41,M012,Monthly,0,Int Only,Y,12,530,0,300000,300000,Revolving,0,0,0,632.78,0,0,9,officer_id_011,7/11/2025,7/11/2025,7/11/2025,8/11/2025,,,15,,15,No Prepayment Penatly,0,WSJ Prime,,0000,365/360,11.75,6.75,7.5,0,,,4.25,0,0,0,0,0,1,0.05,0,9999999.99,0,0,0,0,0,0,0,0,0,0,0,0,0,0,0,0,0,0,0,0,0,0,0,0,0,,0,,0,0,0,0,0,0,0,0,0,0,0,0,0,0,0,0,,,,,,,,,,,5,5, ,0,0,0,0,592061,0, ,41,0,0,Open,MURPHY ,OR,975330429
cif_cust_id_10945,loan_id_1177,Commercial,8353575.05,22554.65,5.4,5/6/2026,3/6/2053,49506.21,0,0,,branch_id_18,22,M376,Monthly,0,Reg P&I, ,0,160,0,0,8475000,Installment,10612.74,38893.47,38893.47,1276632.17,141946.29,28827.79,324,officer_id_063,1/12/2022,1/6/2022,1/12/2022,2/4/2022,12/13/2024,4/5/2026,154,,8459819.45,% of Current Balance,83535.75,FHLB 5_YR,12/6/2026,M060,365/360,3.72,0,1.75,0,,12/6/2026,2.5,0,0,3.72,0,0,1,0.05,0,9999999.99,0,0,0,0,0,0,0,0,0,0,0,0,0,0,0,0,0,0,0,0,0,0,0,0,0,,0,12/6/2025,0,0,0,0,0,0,0,0,0,0,0,0,0,0,0,0,,,,,,,,,,,5,4+, ,57242.8,0,0,0,942480,0,X ,41,0,0,Open,SALEM ,OR,973022435
cif_cust_id_10961,loan_id_1180,Commercial,486695.23,1427.98,8.13,5/11/2026,9/11/2049,3917.69,0,0,,branch_id_10,22,M300,Monthly,0,Reg P&I, ,0,190,497250,0,497250,Installment,508.95,3408.74,3408.74,63881.34,12442.64,2527.57,281,officer_id_020,9/13/2024,9/11/2024,9/13/2024,10/11/2024,,4/10/2026,154,,498011.11,% of Current Balance,9733.9,FHLB 5_YR,9/11/2029,M060,365/360,8.13,0,3.62,0,,9/11/2029,3.5,0,0,7.125,0,0,1,0.05,0,9999999.99,0,0,0,0,0,0,0,0,0,0,0,0,0,0,0,0,0,0,0,0,0,0,0,0,0,,0,4/11/2026,0,0,0,0,0,0,0,0,0,0,0,0,0,0,0,0,,,,,,,,,,,5,5, ,3294.89,0,0,0,785504,0,X ,41,0,0,Open,MEDFORD ,OR,975043713
cif_cust_id_19476,loan_id_1181,Mortgage,226157.6,_325.6,7.25,5/1/2026,3/1/2055,3069.79,159.55,0,,branch_id_15,38,M378,Monthly,0,Reg P&I, ,0,140,0,0,450000,Installment,1693.19,1376.6,1376.6,31208.34,5207.79,1047.54,347,officer_id_050,8/25/2023,8/25/2023,8/25/2023,10/1/2023,8/6/2024,4/30/2026,0,,225832,No Prepayment Penatly,0,1_Yr Treasury,1/15/2034,M012,30/360 Am Sch,7.25,0,5.35,0,,3/1/2034,3,2,2,7.25,12.25,1681.28,1,0.05,0,9999999.99,0,0,0,0,0,0,0,0,0,0,0,0,0,0,0,0,0,0,0,0,0,0,0,0,0,,56.92,11/1/2025,0,0,0,2,3,0,0,0,0,0,0,0,0,0,0,0,,,,,,,,,,,5,5, ,0,0,0,0,3,0,AE ,41,0,0,Open,ELMIRA ,OR,974379638
cif_cust_id_08433,loan_id_1906,Revolving Credit,74965.41,747.6,7,4/25/2026,6/25/2031,0,0,0,6/25/2031,Branch Not Assigned,_4,M120,Monthly,0,Reg P&I,Y,120,180,0,75000,75000,Revolving,0,0,0,23991.43,1624.6,330.67,120,officer_id_011,6/30/2021,6/25/2021,6/30/2021,7/25/2021,,3/2/2026,154,,75867.01,No Prepayment Penatly,0,RVC Prime,5/1/2026,M001,365/365,6,6.75,3.25,0,,5/1/2026,0.25,1,1,6,18,0,1,0.05,0,9999999.99,0,0,0,0,0,0,0,0,0,0,0,0,0,0,0,0,0,0,0,0,0,0,0,0,0,,0,10/25/2025,0,0,0,0,0,0,0,0,0,0,0,0,0,0,0,0,,,,,,,,,,,5,5, ,0,0,0,0,0,24,X ,41,0,0,Open,JACKSONVILLE ,OR,975309078
cif_cust_id_12730,loan_id_1185,Mortgage,71412.59,172.79,3.77,5/1/2026,8/1/2035,757.34,0,0,,branch_id_15,29,M180,Monthly,0,Reg P&I, ,0,140,104000,0,104000,Installment,531.32,226.02,226.02,19405.27,855.06,172,112,officer_id_050,7/10/2020,7/9/2020,7/10/2020,9/1/2020,,3/31/2026,15,,71600.38,No Prepayment Penatly,0,Fixed,, ,30/360 Am Sch,3.77,0,3.77,0,,,0,0,0,0,0,0,1,0.05,0,9999999.99,0,0,0,0,0,0,0,0,0,0,0,0,0,0,0,0,0,0,0,0,0,0,0,0,0,,0,11/1/2025,0,0,0,0,0,0,0,0,0,0,0,0,0,0,0,0,,,,,,,,,,,5,5, ,0,0,0,0,0,0,D ,41,0,0,Open,BEND ,OR,977029748
cif_cust_id_10777,loan_id_1186,Mortgage,418625.47,1721.38,6.38,5/1/2026,5/1/2038,4147.71,0,0,,branch_id_15,29,M180,Monthly,0,Reg P&I, ,0,140,479920,0,479920,Installment,1913.59,2234.12,2234.12,85048.8,8437.66,1705.03,145,officer_id_050,4/28/2023,4/14/2023,4/17/2023,6/1/2023,,3/31/2026,0,,420346.85,No Prepayment Penatly,0,Fixed,, ,30/360 Am Sch,6.38,0,6.38,0,,,0,0,0,0,0,0,1,0.05,0,9999999.99,0,0,0,0,0,0,0,0,0,0,0,0,0,0,0,0,0,0,0,0,0,0,0,0,0,,0,11/1/2025,0,0,0,0,0,0,0,0,0,0,0,0,0,0,0,0,,,,,,,,,,,5,5, ,0,0,0,0,3,0,X ,41,0,0,Open,SALEM ,OR,973022236
cif_cust_id_11211,loan_id_1190,Commercial,1323943.08,3323.19,4.75,5/20/2026,7/20/2031,8569.19,0,0,,Branch Not Assigned,22,M300,Monthly,0,Reg P&I, ,0,170,1491994.51,0,1491994.51,Installment,3137.22,5431.97,5431.97,350770.4,19841.45,4023.59,63,officer_id_063,10/29/2020,10/29/2020,10/29/2020,11/20/2020,,4/4/2026,202,,1327468.27,% of Current Balance,0,FHLB 5_YR,7/20/2026,M060,365/360,4.75,0.81,2,0,,7/20/2026,2.75,0,0,4.75,0,0,50,0.05,10,9999999.99,0,0,0,0,0,0,0,0,0,0,0,0,0,0,0,0,0,0,0,0,0,0,0,0,0,,0,5/20/2023,0,0,0,0,0,0,0,0,0,0,0,0,0,0,0,0,,,,,,,,,,,5,0, ,5953.64,0,0,0,0,0,X ,41,0,0,Open,INDEPENDENCE ,OR,973511824
cif_cust_id_03381,loan_id_1195,Mortgage,66574.66,160.28,3.73,5/1/2026,12/1/2035,684.47,328.81,0,,branch_id_15,29,M180,Monthly,0,Reg P&I, ,0,140,94250,0,94250,Installment,476.05,208.42,208.42,16386.83,788.32,158.65,116,officer_id_050,11/18/2020,11/13/2020,11/18/2020,1/1/2021,,3/31/2026,0,,66734.94,No Prepayment Penatly,0,Fixed,, ,30/360 Am Sch,3.73,0,3.73,0,,,0,0,0,0,0,138.3,1,0.05,0,9999999.99,0,0,0,0,0,0,0,0,0,0,0,0,0,0,0,0,0,0,0,0,0,0,0,0,0,,0,11/1/2025,0,0,0,0,0,0,0,0,0,0,0,0,0,0,0,0,,,,,,,,,,,5,5, ,0,0,0,0,0,0,X ,41,0,0,Open,WILLIAMS ,OR,975449721
cif_cust_id_06529,loan_id_1196,Mortgage,292654.85,1228.1,6.88,5/1/2026,8/1/2053,2003.63,0,0,,branch_id_15,29,M360,Monthly,0,Reg P&I, ,0,140,305000,0,305000,Installment,420.92,1679.08,1679.08,54912.3,6329.87,1285.45,328,officer_id_050,7/31/2023,7/25/2023,7/31/2023,9/1/2023,,4/1/2026,0,,293882.95,No Prepayment Penatly,0,Fixed,, ,30/360 Am Sch,6.88,0,6.88,0,,,0,0,0,0,0,0,1,0.05,0,9999999.99,0,0,0,0,0,0,0,0,0,0,0,0,0,0,0,0,0,0,0,0,0,0,0,0,0,,0,4/1/2026,0,0,0,7,1,0,0,0,0,0,0,0,0,0,0,0,,,,,,,,,,,5,5, ,0,0,0,0,3,0,X ,41,0,0,Open,CENTRAL POINT ,OR,975021107
cif_cust_id_11277,loan_id_1201,Commercial,0,0,9.25,3/10/2026,3/10/2026,0,0,0,3/10/2026,branch_id_18,19,M012,Monthly,0,Int Only,Y,12,440,0,500000,500000,Revolving,0,0,0,45929.15,0,0,3,officer_id_058,10/20/2023,10/12/2023,10/20/2023,11/12/2023,3/12/2025,,99,,99,No Prepayment Penatly,0,WSJ Prime,,0000,365/360,9.25,6.75,8.5,0,,,2.5,0,0,7.5,0,0,1,0.05,0,9999999.99,0,0,0,0,0,0,0,80.78,0,0,0,0,0,0,0,0,0,0,0,0,0,0,0,0,0,,0,5/10/2025,0,0,0,0,0,0,2,0,0,0,0,0,0,0,0,0,,,,,,,,,,,5,3, ,0,0,0,0,999999,0, ,41,0,0,Open,RICKREALL ,OR,973710219
cif_cust_id_11277,loan_id_1203,Commercial,238648.42,562.35,4.99,5/7/2026,1/7/2029,7725.1,0,0,,branch_id_18,19,M094,Monthly,0,Reg P&I, ,0,440,0,0,450000,Installment,6670.98,1054.12,1054.12,90246.74,3926.92,766.37,33,officer_id_058,2/24/2021,2/24/2021,2/24/2021,3/7/2021,6/7/2023,4/6/2026,33,,239243.77,% of Current Balance,0,Fixed,, ,365/360,0,0,0,0,,,0,0,0,0,0,0,1,0.05,0,9999999.99,0,0,0,0,0,0,0,0,0,0,0,0,0,0,0,0,0,0,0,0,0,0,0,0,0,,0,3/7/2026,0,0,0,0,0,0,0,0,0,0,0,0,0,0,0,0,,,,,,,,,,,5,0, ,926.58,0,0,0,0,0, ,41,0,0,Open,RICKREALL ,OR,973710219
cif_cust_id_16577,loan_id_1209,Mortgage,229987.63,869.97,5.92,5/1/2026,11/1/2050,1481.52,337.09,0,,branch_id_15,29,M360,Monthly,0,Reg P&I,N,0,140,256500,0,256500,Installment,345.21,1136.31,1136.31,53762.59,4283.86,869.86,295,officer_id_050,10/30/2020,10/28/2020,10/30/2020,12/1/2020,,3/31/2026,0,,230857.6,No Prepayment Penatly,0,1_Yr Treasury,9/17/2026,M012,30/360 Am Sch,3.92,3.66,0.12,0,,11/1/2026,3.8,2,2,3.8,8.92,1841.67,1,0.05,0,9999999.99,0,0,0,0,0,0,0,0,0,0,0,0,0,0,0,0,0,0,0,0,0,0,0,0,0,,0,11/1/2025,0,0,0,0,0,0,0,0,0,0,0,0,0,0,0,0,,,,,,,,,,,5,5, ,0,0,0,0,0,0,X ,41,0,0,Open,ASHLAND ,OR,975202913
cif_cust_id_07599,loan_id_1215,Commercial,894239.48,17033.84,7.27,5/5/2026,9/5/2029,7513.2,0,0,9/5/2029,branch_id_09,22,M300,Monthly,0,Reg P&I,Y,120,190,0,0,1053000,Installment,1870.12,5643.08,5643.08,382429.28,20490.14,4155.96,41,officer_id_070,8/30/2019,8/30/2019,8/30/2019,10/5/2019,,1/19/2026,154,,911759.35,% of Current Balance,0,FHLB 5_YR,9/5/2029,M060,365/360,5.67,3.77,2.17,0,,9/5/2029,3.5,0,0,0,0,0,50,0.05,10,9999999.99,0,0,0,0,0,0,0,0,0,0,0,0,0,0,0,0,0,0,0,0,0,0,0,0,0,,0,12/5/2024,0,0,0,0,0,0,0,0,0,0,0,0,0,0,0,0,,,,,,,,,,,5,0, ,2566.38,0,0,0,0,0,X ,41,0,0,Open,SALEM ,OR,973013431
cif_cust_id_06353,loan_id_1222,Installment,22751.99,36.82,4.95,5/12/2026,7/12/2036,236.4,0,0,,Branch Not Assigned,_3,M180,Monthly,0,Reg P&I,N,0,130,30000,0,30000,Installment,140.38,96.02,96.02,6226.79,352.17,70.97,123,officer_id_011,7/16/2021,7/12/2021,7/16/2021,8/12/2021,,4/11/2026,154,,22942.81,No Prepayment Penatly,0,Fixed,, ,365/365,4.95,0,4.95,0,,,0,0,0,0,0,0,1,0.05,0,9999999.99,0,0,0,0,0,0,0,0,0,0,0,0,0,0,0,0,0,0,0,0,0,0,0,0,0,,0,,0,0,0,0,0,0,0,0,0,0,0,0,0,0,0,0,,,,,,,,,,,5,5, ,0,0,0,0,0,30,AE ,41,0,0,Open,CENTRAL POINT ,OR,975022396
cif_cust_id_19228,loan_id_1223,Mortgage,202083.03,486.19,6.25,5/1/2026,7/1/2052,0,356.17,0,,branch_id_15,34,M360,Monthly,0,Reg P&I, ,0,140,204000,0,204000,Installment,31.33,1062.5,1062.5,48441.24,3965.46,806.93,315,officer_id_050,7/13/2022,6/9/2022,7/1/2022,8/1/2022,,4/9/2026,0,,202569.22,No Prepayment Penatly,0,Fixed,, ,30/360 Am Sch,6.25,0,6.25,0,,,0,0,0,0,0,2211.25,1,0.05,0,9999999.99,0,0,0,0,0,0,0,0,0,0,0,0,0,0,0,0,0,0,0,0,0,0,0,0,0,,0,4/1/2026,0,0,0,0,0,0,0,0,0,0,0,0,0,0,0,0,,,,,,,,,,,5,5, ,0,0,0,0,3,0,X ,41,0,0,Open,EUGENE ,OR,974043537
cif_cust_id_11398,loan_id_1224,Commercial,0,0,6.5,1/31/2026,1/31/2027,0,0,2,1/31/2027,Branch Not Assigned,41,M013,Monthly,0,Int Only,Y,13,530,0,17000,17000,Non _ Revolving,0,0,0,0,0,0,13,officer_id_011,2/3/2025,1/29/2026,1/31/2026,1/31/2025,1/29/2026,,0,,0,No Prepayment Penatly,0,WSJ Prime,,0000,365/360,7.25,6.75,7.5,0,,,_0.25,0,0,4.25,0,0,1,0.05,0,9999999.99,0,0,0,0,0,0,0,0,0,0,0,0,0,0,0,0,0,0,0,0,0,0,0,0,0,,0,,0,0,0,0,0,0,0,0,0,0,0,0,0,0,0,0,,,,,,,,,,,5,5, ,0,0,0,0,0,0, ,41,0,0,Open,SWEET HOME ,OR,973860487
cif_cust_id_16296,loan_id_1228,Mortgage,27428.42,46.36,4.72,5/11/2026,8/11/2032,473.02,0,0,,branch_id_15,30,M180,Monthly,0,Reg P&I, ,0,140,60000,0,60000,Installment,388.13,111.87,111.87,18691.48,413.06,82.33,76,officer_id_050,8/11/2017,8/11/2017,8/11/2017,9/11/2017,8/11/2017,4/10/2026,154,,27628.78,No Prepayment Penatly,0,Fixed,, ,365/365,0,0,0,0,,,0,0,0,0,0,0,1,0.05,0,9999999.99,0,0,0,0,0,0,0,0,0,0,0,0,0,0,0,0,0,0,0,0,0,0,0,0,0,,0,4/11/2026,0,0,0,5,0,0,0,0,0,0,0,0,0,0,0,0,,,,,,,,,,,5,5, ,0,0,0,0,0,0,X ,41,0,0,Open,MEDFORD ,OR,975049057
cif_cust_id_06734,loan_id_1234,Mortgage,544409.37,_857.47,6.5,6/1/2026,6/1/2053,3564.86,0,0,,branch_id_15,29,M360,Monthly,0,Reg P&I, ,0,140,564000,0,564000,Installment,0,0,0,105982.99,11133.88,2260.81,325,officer_id_050,5/24/2023,5/19/2023,5/24/2023,7/1/2023,,5/2/2026,0,,543551.9,No Prepayment Penatly,0,Fixed,, ,30/360 Am Sch,6.5,0,6.5,0,,,0,0,0,0,0,0,1,0.05,0,9999999.99,0,0,0,0,0,0,0,0,0,0,0,0,0,0,0,0,0,0,0,0,0,0,0,0,0,,0,,0,0,0,0,0,0,0,0,0,0,0,0,0,0,0,0,,,,,,,,,,,5,5, ,0,0,0,0,3,0,X ,41,0,0,Open,ASHLAND ,OR,975203307
cif_cust_id_11650,loan_id_1235,Commercial,55025.65,_176.11,9,6/15/2026,4/15/2027,0,0,0,4/15/2027,branch_id_05,11,M012,Monthly,0,Int Only,Y,12,530,0,150000,150000,Revolving,4564.57,255.43,255.43,255.43,79.32,79.32,11,officer_id_040,4/17/2026,4/15/2026,4/17/2026,5/15/2026,,5/6/2026,15,,54864.54,No Prepayment Penatly,0,WSJ Prime,,0000,365/360,9,0,6.75,0,,,2.25,0,0,6.875,18,0,1,0.05,0,9999999.99,0,0,0,0,0,0,0,0,0,0,0,0,0,0,0,0,0,0,0,0,0,0,0,0,0,,0,,0,0,0,0,0,0,0,0,0,0,0,0,0,0,0,0,,,,,,,,,,,5,5, ,780.27,0,0,0,999999,0, ,41,0,0,Open,MEDFORD ,OR,975049303
cif_cust_id_11650,loan_id_1236,Commercial,500000,756.39,7.78,5/15/2026,4/15/2031,10113.69,0,0,,branch_id_05,10,M060,Monthly,0,Reg P&I, ,0,510,500000,0,500000,Installment,0,0,0,0,756.39,756.39,60,officer_id_040,4/17/2026,4/15/2026,4/17/2026,5/15/2026,,4/16/2026,30,,500786.39,No Prepayment Penatly,0,Fixed,, ,365/360,7.78,0,7.78,0,,,0,0,0,0,0,0,1,0.05,0,9999999.99,0,0,0,0,0,0,0,0,0,0,0,0,0,0,0,0,0,0,0,0,0,0,0,0,0,,0,,0,0,0,0,0,0,0,0,0,0,0,0,0,0,0,0,,,,,,,,,,,5,5, ,3512.6,0,0,0,999999,0, ,41,0,0,Open,MEDFORD ,OR,975049303
cif_cust_id_11785,loan_id_1244,Commercial,75923.21,490.38,10.25,5/1/2026,7/1/2030,1862.26,0,0,,branch_id_05,13,M120,Monthly,0,Reg P&I, ,0,510,150000,0,132000,Installment,1277.93,672.07,672.07,53965.31,2474.57,490.38,51,officer_id_069,7/1/2020,7/1/2020,7/1/2020,8/1/2020,,3/31/2026,295,,76708.59,No Prepayment Penatly,0,WSJ Prime,7/1/2026,M012,365/365,6,7.5,3.25,0,,7/1/2026,2.75,0,0,0,0,0,1,0.05,0,9999999.99,0,0,0,0,0,0,0,0,0,0,0,0,0,0,0,0,0,0,0,0,0,0,0,0,0,,0,11/1/2025,0,0,0,0,0,0,0,0,0,0,0,0,0,0,0,0,,,,,,,,,,,5,5, ,0,0,0,0,351517,0, ,41,85,0.55,Open,MEDFORD ,OR,975049114
cif_cust_id_11905,loan_id_1252,Commercial,42063.28,_27.34,5.51,5/28/2026,8/29/2033,698.62,0,0,,Branch Not Assigned,44,M180,Monthly,0,Reg P&I, ,0,140,85000,0,85000,Installment,548.69,201.31,201.31,27938.44,749.06,148.74,88,officer_id_011,8/29/2018,8/29/2018,8/29/2018,9/29/2018,8/29/2018,4/27/2026,154,,42189.94,No Prepayment Penatly,0,Fixed,, ,365/360,0,0,0,0,,,0,0,0,0,0,0,1,0.05,0,9999999.99,0,0,0,0,0,0,0,0,0,0,0,0,0,0,0,0,0,0,0,0,0,0,0,0,0,,0,12/28/2025,0,0,0,0,0,0,0,0,0,0,0,0,0,0,0,0,,,,,,,,,,,5,3, ,0,0,0,0,53829,0,X ,41,0,0,Open,GRANTS PASS ,OR,975274437
cif_cust_id_01460,loan_id_1254,Installment,72786.43,152.58,4.25,5/6/2026,5/6/2047,436.42,0,0,,Branch Not Assigned,_1,M300,Monthly,0,Reg P&I, ,0,640,80550,0,80550,Installment,173,263.42,263.42,12812.23,962.43,195.05,253,officer_id_011,5/6/2022,5/6/2022,5/6/2022,6/6/2022,,4/5/2026,0,,72939.01,No Prepayment Penatly,0,Fixed,, ,365/365,4.25,0,4.25,0,,,0,0,0,0,0,0,1,0.05,0,9999999.99,0,0,0,0,0,0,0,0,0,0,0,0,0,0,0,0,0,0,0,0,0,0,0,0,0,,21.82,3/6/2026,0,0,0,1,1,0,0,0,0,0,0,0,0,0,0,0,,,,,,,,,,,5,5, ,0,0,0,0,0,29,X500* ,41,0,0,Open,MEDFORD ,OR,975011429
cif_cust_id_19805,loan_id_1257,Mortgage,249170.22,_355.06,6.38,6/1/2026,2/1/2053,1634.54,262.58,0,,branch_id_15,29,M360,Monthly,0,Reg P&I, ,0,140,262000,0,262000,Installment,411.52,1325.9,1325.9,53137.83,5007.24,1016.53,321,officer_id_050,1/31/2023,1/23/2023,1/31/2023,3/1/2023,,5/1/2026,0,,247815.16,No Prepayment Penatly,0,Fixed,, ,30/360 Am Sch,6.38,0,6.38,0,,,0,0,0,0,0,2119.63,1,0.05,0,9999999.99,0,0,0,0,0,0,0,0,0,0,0,0,0,0,0,0,0,0,0,0,0,0,0,0,0,,0,5/1/2025,0,0,0,2,1,0,0,0,0,0,0,0,0,0,0,0,,,,,,,,,,,5,5, ,0,0,0,0,3,0,X ,41,0,0,Open,MEDFORD ,OR,975011857
cif_cust_id_13413,loan_id_1273,Mortgage,177301.08,649.22,4.95,4/28/2026,7/29/2031,3153.58,0,0,,branch_id_15,30,M180,Monthly,0,Reg P&I, ,0,140,400000,0,400000,Installment,0,0,0,143116.36,2784.69,553.04,63,officer_id_050,7/29/2016,7/29/2016,7/29/2016,8/29/2016,7/29/2016,3/27/2026,154,,179208.06,No Prepayment Penatly,0,Fixed,, ,365/365,0,0,0,0,,,0,0,0,0,0,0,1,0.05,0,9999999.99,0,0,0,0,0,0,0,0,0,0,0,0,0,0,0,0,0,0,0,0,0,0,0,0,0,,0,3/28/2026,0,0,0,2,0,1,4,0,0,0,0,0,0,0,0,0,,,,,,,,,,,5,5, ,0,0,0,0,0,0,C ,41,0,0,Open,ASHLAND ,OR,975209323
cif_cust_id_02538,loan_id_1279,Installment,107997.8,75.39,4.25,5/18/2026,3/18/2047,650.17,0,0,,Branch Not Assigned,_1,M300,Monthly,0,Reg P&I,N,0,640,120000,0,120000,Installment,259.4,390.77,390.77,19856.43,1428.61,289.68,251,officer_id_011,3/18/2022,3/18/2022,3/18/2022,4/18/2022,,4/17/2026,0,,108073.19,No Prepayment Penatly,0,Fixed,, ,365/365,4.25,0,4.25,0,,,0,0,0,0,0,0,1,0.05,0,9999999.99,0,0,0,0,0,0,0,0,0,0,0,0,0,0,0,0,0,0,0,0,0,0,0,0,0,,0,,0,0,0,0,0,0,0,0,0,0,0,0,0,0,0,0,,,,,,,,,,,5,5, ,0,0,0,0,0,31,X ,41,0,0,Open,MEDFORD ,OR,975016635
cif_cust_id_12145,loan_id_1293,Revolving Credit,2600,0.69,9.75,5/14/2026,12/14/2028,0,0,0,12/14/2028,Branch Not Assigned,_2,M060,Monthly,0,Reg P&I,Y,60,630,0,50000,50000,Revolving,11700,6.33,6.33,6403.78,465.5,7.02,60,officer_id_011,12/15/2023,12/14/2023,12/15/2023,1/14/2024,,4/22/2026,0,,2600.69,No Prepayment Penatly,0,RVC Prime,5/1/2026,M001,365/365,11.5,6.75,8.5,0,,5/1/2026,3,1,1,0,18,0,1,0.05,0,9999999.99,0,0,0,0,0,0,0,0,0,0,0,0,0,0,0,0,0,0,0,0,0,0,0,0,0,,0,2/14/2026,0,0,0,0,0,0,0,0,0,0,0,0,0,0,0,0,,,,,,,,,,,5,5, ,0,0,0,0,249000,0, ,41,0,0,Open,ASHLAND ,OR,975202711
cif_cust_id_12757,loan_id_1295,Commercial,0,0,10.75,6/3/2026,7/3/2026,0,0,0,7/3/2026,Branch Not Assigned,,M012,Monthly,0,Int Only,Y,12,530,0,25000,25000,Revolving,0,0,0,303.32,176.27,0,0,officer_id_011,7/3/2025,7/3/2025,7/3/2025,8/3/2025,,,0,3/3/2026,0,No Prepayment Penatly,0,WSJ Prime,,0000,365/360,11.5,6.75,7.5,0,,,4,0,0,5,0,0,1,0.05,0,9999999.99,0,0,0,0,0,0,0,0,0,0,0,0,0,0,0,0,0,0,0,0,0,0,0,0,0,,0,1/3/2026,0,0,0,0,0,0,0,0,0,0,0,0,0,0,0,0,,,,,,,,,,,5,5, ,0,0,0,0,100000,0, ,41,0,0,Open,MEDFORD ,OR,975047020
cif_cust_id_18124,loan_id_1296,Revolving Credit,100000,339.04,8.25,5/23/2026,8/23/2034,0,0,0,,Branch Not Assigned,_4,M180,Monthly,0,Reg P&I, ,0,180,0,100000,100000,Revolving,0,678.08,678.08,36526.83,2554.11,519.86,155,officer_id_011,8/29/2019,8/29/2019,8/29/2019,9/23/2019,,4/8/2026,154,,100493.04,No Prepayment Penatly,0,RVC Prime,5/1/2026,M001,365/365,6.75,6.75,5.25,0,,5/1/2026,1.5,0,0,0,18,0,50,0.05,10,9999999.99,0,0,0,0,0,0,0,0,0,0,0,0,0,0,0,0,0,0,0,0,0,0,0,0,0,,0,8/23/2025,0,0,0,0,0,0,0,0,0,0,0,0,0,0,0,0,,,,,,,,,,,5,0, ,0,0,0,0,0,0,A ,41,0,0,Open,INDEPENDENCE ,OR,973519756
cif_cust_id_12809,loan_id_1300,Commercial,955726.04,723.43,5.45,5/19/2026,2/19/2032,6441.98,0,0,2/19/2032,branch_id_18,22,M300,Monthly,0,Reg P&I,Y,85,170,0,0,1044480,Installment,1947.57,4494.41,4494.41,269555.43,16428.58,3333.09,85,officer_id_058,2/22/2021,2/22/2021,2/22/2021,3/19/2022,,4/18/2026,154,,956603.47,% of Current Balance,0,FHLB 5_YR,2/19/2027,M060,365/360,4.75,2.43,3.25,0,,2/19/2027,3.25,0,0,0,0,0,1,0.05,0,9999999.99,0,0,0,0,0,0,0,0,0,0,0,0,0,0,0,0,0,0,0,0,0,0,0,0,0,,0,7/19/2025,0,0,0,0,0,0,0,0,0,0,0,0,0,0,0,0,,,,,,,,,,,5,0, ,4326.43,0,0,0,616437,0,X ,41,0,0,Open,SALEM ,OR,973020683
cif_cust_id_12812,loan_id_1303,Commercial,120512,773.29,11,5/3/2026,7/3/2026,0,0,0,7/3/2026,Branch Not Assigned,43,M006,Monthly,0,Int Only,Y,6,170,0,125000,75000,Revolving,0,1141.51,1141.51,14570.51,4160.16,846.93,3,officer_id_011,1/6/2025,1/3/2025,1/6/2025,2/3/2025,1/3/2026,4/2/2026,154,,121439.29,No Prepayment Penatly,0,WSJ Prime,,0000,365/360,11.75,6.75,7.5,0,,,4.25,0,0,0,0,0,1,0.05,0,9999999.99,0,0,0,0,0,0,0,0,0,0,0,0,0,0,0,0,0,0,0,0,0,0,0,0,0,,0,1/3/2026,0,0,0,1,0,0,0,0,0,0,0,0,0,0,0,0,,,,,,,,,,,5,5, ,0,0,0,0,848920,0,X ,41,0,0,Open,MEDFORD ,OR,975045300
cif_cust_id_08819,loan_id_1710,Mortgage,195549.9,593.41,4.75,5/1/2026,4/1/2052,1092.59,0,0,,branch_id_15,34,M360,Monthly,0,Reg P&I,N,0,140,209450,0,209450,Installment,0,0,0,38571.48,2923.11,593.44,312,officer_id_050,3/31/2022,3/28/2022,4/1/2022,5/1/2022,,3/31/2026,0,,196143.31,No Prepayment Penatly,0,1_Yr Treasury,2/16/2032,M012,30/360 Am Sch,4.75,0,0.75,0,,4/1/2032,4,2,2,4,9.75,0,1,0.05,0,9999999.99,0,0,0,0,0,0,0,0,0,0,0,0,0,0,0,0,0,0,0,0,0,0,0,0,0,,0,,0,0,0,0,0,0,0,0,0,0,0,0,0,0,0,0,,,,,,,,,,,5,5, ,0,0,0,0,0,0,C ,41,0,0,Open,MEDFORD ,OR,975019326
cif_cust_id_10180,loan_id_1471,Mortgage,286245.32,1070.6,5.88,5/1/2026,7/1/2052,2325.89,586.38,0,,branch_id_15,29,M360,Monthly,0,Reg P&I, ,0,140,323600,0,323600,Installment,0,0,0,67952.55,5306.5,1074.41,315,officer_id_050,6/22/2022,6/17/2022,7/1/2022,8/1/2022,,3/31/2026,0,,287315.92,No Prepayment Penatly,0,1_Yr Treasury,4/17/2027,M012,30/360 Am Sch,5.88,0,2.13,0,,6/1/2027,3.75,2,2,3.75,10.875,3018.04,1,0.05,0,9999999.99,0,0,0,0,0,0,0,0,0,0,0,0,0,37.73,107.88,0,0,0,0,22.39,0.73,0.73,121.76,0,0,,432.92,3/1/2026,145.61,0,0,3,0,3,0,0,0,0,0,0,0,0,0,0,,,,,,,,,,,5,5, ,0,0,0,0,3,0,X ,41,0,0,Open,TIGARD ,OR,972242288
cif_cust_id_12821,loan_id_1312,Commercial,13500,_124.3,10.75,6/23/2026,2/23/2027,0,0,0,2/23/2027,Branch Not Assigned,,M012,Monthly,0,Int Only,Y,12,530,0,25000,25000,Revolving,10750,372.07,372.07,372.07,247.77,99.96,10,officer_id_011,3/2/2026,2/23/2026,3/2/2026,3/23/2026,,5/24/2026,0,,13375.7,No Prepayment Penatly,0,WSJ Prime,,0000,365/360,10.75,0,6.75,0,,,4,0,0,5,0,0,1,0.05,0,9999999.99,0,0,0,0,0,0,0,0,0,0,0,0,0,0,0,0,0,0,0,0,0,0,0,0,0,,0,,0,0,0,0,0,0,0,0,0,0,0,0,0,0,0,0,,,,,,,,,,,5,5, ,0,0,0,0,999999,0, ,41,0,0,Open,JACKSONVILLE ,OR,975309474
cif_cust_id_12261,loan_id_1313,Revolving Credit,5623.43,31.73,7,5/10/2026,2/10/2031,0,0,0,2/10/2031,Branch Not Assigned,_4,M120,Monthly,0,Reg P&I,Y,120,180,0,30000,30000,Revolving,168.53,31.47,31.47,5665.43,129.37,25.06,120,officer_id_011,2/16/2021,2/10/2021,2/16/2021,3/10/2021,,3/25/2026,154,,5809.16,No Prepayment Penatly,0,RVC Prime,5/1/2026,M001,365/365,6,6.75,3.25,0,,5/1/2026,0.25,1,1,6,18,0,1,0.05,0,9999999.99,0,0,0,0,0,0,0,0,0,0,0,0,0,0,0,0,0,0,0,0,0,0,0,0,0,,0,1/10/2026,0,0,0,0,0,0,0,0,0,0,0,0,0,0,0,0,,,,,,,,,,,5,5, ,0,0,0,0,0,13,X ,41,0,0,Open,GRANTS PASS ,OR,975275358
cif_cust_id_12829,loan_id_1315,Commercial,23100,20.7,10.75,5/21/2026,11/21/2026,0,0,0,11/21/2026,Branch Not Assigned,,M012,Monthly,0,Int Only,Y,12,530,0,25000,25000,Revolving,0,213.83,213.83,938.18,779.47,158.65,7,officer_id_011,11/25/2025,11/21/2025,11/25/2025,12/21/2025,,4/20/2026,0,,23120.7,No Prepayment Penatly,0,WSJ Prime,,0000,365/360,11,6.75,7,0,,,4,0,0,5,0,0,1,0.05,0,9999999.99,0,0,0,0,0,0,0,0,0,0,0,0,0,0,0,0,0,0,0,0,0,0,0,0,0,,0,3/21/2026,0,0,0,0,0,0,0,0,0,0,0,0,0,0,0,0,,,,,,,,,,,5,5, ,0,0,0,0,999999,0, ,41,0,0,Open,ALBANY ,OR,973222626
cif_cust_id_12829,loan_id_1316,Commercial,856692.57,4104.92,7.18,5/15/2026,9/15/2030,7104.82,0,0,,branch_id_09,22,M300,Monthly,0,Reg P&I, ,0,190,984351.85,0,984351.85,Installment,1791.62,5313.2,5313.2,294711.35,19393.41,3933.75,53,officer_id_055,6/19/2019,6/19/2019,6/19/2019,7/15/2019,6/22/2020,3/30/2026,154,,860951.49,% of Current Balance,0,FHLB 5_YR,9/15/2030,M060,365/360,5.7,3.68,2.2,0,,9/15/2030,3.5,0,0,5,0,0,50,0.05,10,9999999.99,0,0,0,0,0,0,0,0,0,0,0,0,0,0,0,0,0,0,0,0,0,0,0,0,0,,0,2/15/2026,0,0,0,0,0,0,0,0,0,0,0,0,0,0,0,0,,,,,,,,,,,5,0, ,1963.17,0,0,0,0,0,X ,41,0,0,Open,ALBANY ,OR,973229541
cif_cust_id_12844,loan_id_1326,Commercial,1137517.86,1136.44,7.2,5/19/2026,3/19/2040,10556.96,0,0,,branch_id_10,22,M309,Monthly,0,Reg P&I, ,0,190,1580000,0,1580000,Installment,3483.28,7073.68,7073.68,834740.51,25899.59,5245.18,167,officer_id_020,6/19/2014,6/19/2014,6/19/2014,4/19/2015,4/10/2015,4/18/2026,154,,1138808.3,No Prepayment Penatly,0,FHLB 5_YR,3/19/2030,M060,365/360,4.56,4.2,1.56,0,,3/19/2030,3,0,0,4.56,0,0,1,0.05,0,9999999.99,0,0,0,0,0,0,0,0,0,0,0,0,0,0,0,0,0,0,0,0,0,0,0,0,0,,1407.36,2/19/2026,0,0,0,1,1,0,0,0,0,0,0,0,0,0,0,0,,,,,,,,,,,5,6, ,0,0,0,0,131530,0,X ,41,0,0,Open,GOLD HILL ,OR,975250936
cif_cust_id_06543,loan_id_1335,Revolving Credit,74450.75,47.43,7.75,5/16/2026,4/16/2036,0,0,0,4/16/2036,Branch Not Assigned,_4,M120,Monthly,0,Reg P&I,Y,120,180,0,74500,74500,Revolving,49,0,0,0,47.43,47.43,120,officer_id_069,4/21/2026,4/16/2026,4/21/2026,5/16/2026,,4/20/2026,154,,74652.18,No Prepayment Penatly,0,RVC Prime,5/1/2026,M001,365/365,7.75,6.75,6.75,0,,5/1/2026,1,1,1,6.5,18,0,1,0.05,0,9999999.99,0,0,0,0,0,0,0,0,0,0,0,0,0,0,0,0,0,0,0,0,0,0,0,0,0,,0,,0,0,0,0,0,0,0,0,0,0,0,0,0,0,0,0,,,,,,,,,,,5,5, ,0,0,0,0,0,32,X ,41,0,0,Open,KLAMATH FALLS ,OR,976013548
cif_cust_id_12885,loan_id_1341,Commercial,13533.13,41.52,8,5/10/2026,1/10/2031,286.22,0,0,,Branch Not Assigned,46,M300,Monthly,0,Reg P&I, ,0,190,425000,0,425000,Installment,192.95,93.27,93.27,245753.06,353.41,68.6,57,officer_id_011,1/10/2006,1/10/2006,1/10/2006,2/10/2006,2/29/2008,4/9/2026,184,,13758.65,No Prepayment Penatly,0,WSJ Prime,2/1/2027,M012,365/365,9.25,6.75,8,0,,2/1/2027,1.25,0,0,0,0,0,1,0.05,0,9999999.99,0,0,0,0,0,0,0,0,0,0,0,0,0,0,0,0,0,0,0,0,0,0,0,0,0,,0,1/10/2026,0,0,0,0,0,0,0,0,0,0,0,0,0,0,0,0,,,,,,,,,,,5,5, ,0,0,0,0,0,0,C ,41,75,0.545,Open,EAGLE POINT ,OR,975245573
cif_cust_id_07911,loan_id_1345,Revolving Credit,0,0,8.75,6/4/2026,5/4/2028,0,0,0,5/4/2028,branch_id_05,_2,M060,Monthly,0,Reg P&I,Y,60,630,0,3000,3000,Revolving,0,0,0,230.99,0,0,60,officer_id_014,5/9/2023,5/4/2023,5/9/2023,6/4/2023,,,0,,0,No Prepayment Penatly,0,RVC Prime,5/1/2026,M001,365/365,10,6.75,8,0,,5/1/2026,2,1,1,0,18,0,1,0.05,0,9999999.99,0,0,0,0,0,0,0,0,0,0,0,0,0,0,0,0,0,0,0,0,0,0,0,0,0,,0.17,1/4/2025,0,0,0,0,0,0,0,0,0,0,0,0,0,0,0,0,,,,,,,,,,,5,5, ,0,0,0,0,3,0, ,41,0,0,Open,MERLIN ,OR,975321306
cif_cust_id_13057,loan_id_1350,Commercial,730529.47,2985.03,5.88,5/15/2026,10/15/2029,5593.37,0,0,,branch_id_18,22,M130,Monthly,0,Reg P&I, ,0,170,0,0,860000,Installment,2001.17,3592.2,3592.2,341534.26,13550.78,2745.94,42,officer_id_058,12/12/2018,12/12/2018,12/12/2018,12/15/2018,,3/29/2026,0,,733514.5,No Prepayment Penatly,0,Fixed,, ,365/360,0,0,0,0,,,0,0,0,0,0,0,50,0.05,10,9999999.99,0,0,0,0,0,0,0,0,0,0,0,0,0,0,0,0,0,0,0,0,0,0,0,0,0,,0,3/15/2026,0,0,0,1,0,0,0,0,0,0,0,0,0,0,0,0,,,,,,,,,,,5,0, ,1851.62,0,0,0,0,0,X ,41,0,0,Open,SALEM ,OR,973058297
cif_cust_id_13063,loan_id_1355,Commercial,0,0,10.75,5/26/2026,11/26/2026,0,0,0,12/26/2025,Branch Not Assigned,,M012,Monthly,0,Int Only,Y,12,530,0,25000,25000,Revolving,0,0,0,0,0,0,12,officer_id_011,11/26/2025,11/26/2025,11/26/2025,12/26/2025,,,0,,0,No Prepayment Penatly,0,WSJ Prime,,0000,365/360,11,6.75,7,0,,,4,0,0,5,0,0,1,0.05,0,9999999.99,0,0,0,0,0,0,0,0,0,0,0,0,0,0,0,0,0,0,0,0,0,0,0,0,0,,0,,0,0,0,0,0,0,0,0,0,0,0,0,0,0,0,0,,,,,,,,,,,5,5, ,0,0,0,0,211553,0, ,41,0,0,Open,KLAMATH FALLS ,OR,976013347
cif_cust_id_13068,loan_id_1358,Commercial,60748.61,68.1,4.48,5/15/2026,7/15/2041,461.26,0,0,,branch_id_10,28,M300,Monthly,0,Reg P&I, ,0,140,82600,0,82600,Installment,226,235.26,235.26,32116.03,861.07,174.33,183,officer_id_020,7/15/2016,7/15/2016,7/15/2016,8/15/2016,7/15/2016,4/14/2026,154,,60970.71,No Prepayment Penatly,0,FHLB 5_YR,5/31/2026,M060,365/360,4.48,1.14,1.23,0,,7/15/2026,3.25,0,0,4.48,0,0,1,0.05,0,9999999.99,0,0,0,0,0,0,0,0,0,0,0,0,0,0,0,0,0,0,0,0,0,0,0,0,0,,0,4/15/2026,0,0,0,0,0,0,0,0,0,0,0,0,0,0,0,0,,,,,,,,,,,5,5, ,249.39,0,0,0,143174,0,X ,06,0,0,Open,LOS ANGELES ,CA,900691509
cif_cust_id_15501,loan_id_1374,Mortgage,969073.33,_4770.11,6.72,5/1/2026,3/1/2055,6458.39,0,0,,branch_id_15,38,M365,Monthly,0,Reg P&I, ,0,140,0,0,990000,Installment,1620.16,5431.84,5431.84,131125.35,20479.99,4157.46,346,officer_id_050,8/31/2023,8/29/2023,8/29/2023,10/1/2023,9/16/2024,5/19/2026,0,,960583.22,No Prepayment Penatly,0,1_Yr Treasury,6/17/2026,M012,30/360 Am Sch,7.63,4.09,5.37,0,,8/1/2026,2.625,2,2,2.625,12.625,0,1,0.05,0,9999999.99,0,0,0,0,0,0,0,0,0,0,0,0,0,0,0,0,0,0,0,0,0,0,0,0,0,,320.38,4/1/2026,0,0,0,7,1,1,0,0,0,0,0,0,0,0,0,0,,,,,,,,,,,5,5, ,0,0,0,0,3,0,X ,41,0,0,Open,JACKSONVILLE ,OR,975309411
cif_cust_id_19246,loan_id_1378,Revolving Credit,0,0,7,6/6/2026,4/6/2033,0,0,0,4/6/2033,Branch Not Assigned,_4,M120,Monthly,0,Reg P&I,Y,120,180,0,200000,200000,Revolving,0,0,0,2873.11,95.72,0,119,officer_id_011,4/11/2023,4/6/2023,4/11/2023,5/6/2023,,,154,,156.33,No Prepayment Penatly,0,RVC Prime,5/1/2026,M001,365/365,8.25,6.75,8,0,,5/1/2026,0.25,1,1,6,18,0,1,0.05,0,9999999.99,0,0,0,0,0,0,0,0,0,0,0,0,0,0,0,0,0,0,0,0,0,0,0,0,0,,0,3/6/2026,0,0,0,0,0,0,0,0,0,0,0,0,0,0,0,0,,,,,,,,,,,5,5, ,0,0,0,0,3,37,X ,41,0,0,Open,MEDFORD ,OR,975049418
cif_cust_id_08143,loan_id_1379,Installment,98907.58,228.03,4.95,5/7/2026,11/7/2032,1537.17,0,0,,Branch Not Assigned,_3,M180,Monthly,0,Reg P&I, ,0,130,195000,0,195000,Installment,1116.65,420.52,420.52,62746.72,1547.64,309.42,79,officer_id_011,11/2/2017,11/2/2017,11/2/2017,12/7/2017,11/2/2017,4/6/2026,154,,99289.61,No Prepayment Penatly,0,Fixed,, ,365/365,0,0,0,0,,,0,0,0,0,0,0,1,0.05,0,9999999.99,0,0,0,0,0,0,0,0,0,0,0,0,0,0,0,0,0,0,0,0,0,0,0,0,0,,139.69,3/7/2026,0,0,0,1,1,0,0,0,0,0,0,0,0,0,0,0,,,,,,,,,,,5,5, ,0,0,0,0,0,0,X* ,41,0,0,Open,GRANTS PASS ,OR,975268259
cif_cust_id_00546,loan_id_1382,Installment,8148.66,33.48,8.25,5/6/2026,9/6/2034,163.84,0,0,,branch_id_05,_1,M120,Monthly,0,Reg P&I, ,0,610,13360,0,13360,Installment,340.75,59.25,59.25,1483.66,222.88,43.07,101,officer_id_014,9/6/2024,9/6/2024,9/6/2024,10/6/2024,,4/5/2026,0,,8182.14,No Prepayment Penatly,0,Fixed,, ,365/365,8.25,0,8.25,0,,,0,0,0,0,0,0,1,0.05,0,9999999.99,0,0,0,0,0,0,0,0,0,0,0,0,0,0,0,0,0,0,0,0,0,0,0,0,0,,0,,0,0,0,0,0,0,0,0,0,0,0,0,0,0,0,0,,,,,,,,,,,5,5, ,0,0,0,0,0,0, ,41,0,0,Open,CENTRAL POINT ,OR,975023620
cif_cust_id_13576,loan_id_1385,Commercial,458030.93,493.27,7.76,5/19/2026,4/19/2027,3977.11,0,0,4/19/2027,branch_id_05,22,M240,Monthly,0,Reg P&I,Y,36,170,480000,0,480000,Installment,910.37,3066.74,3066.74,73481.57,11209.7,2273.96,12,officer_id_040,4/23/2024,4/19/2024,4/23/2024,5/19/2024,,4/18/2026,323,,458847.2,No Prepayment Penatly,0,Fixed,, ,365/360,7.76,0,7.76,0,,,0,0,0,0,0,0,1,0.05,0,9999999.99,0,0,0,0,0,0,0,0,0,0,0,0,0,0,0,0,0,0,0,0,0,0,0,0,0,,0,10/19/2024,0,0,0,0,0,0,0,0,0,0,0,0,0,0,0,0,,,,,,,,,,,5,5, ,1101.36,0,0,0,713221,0,AE ,41,0,0,Open,ELKTON ,OR,974369776
cif_cust_id_13576,loan_id_1386,Commercial,22689.54,26.13,8.29,5/19/2026,4/19/2027,716.59,0,0,4/19/2027,branch_id_05,10,M060,Monthly,0,Reg P&I,Y,36,510,35000,0,35000,Installment,550.69,165.9,165.9,4887.7,622.47,122.46,12,officer_id_040,4/23/2024,4/19/2024,4/23/2024,5/19/2024,,4/18/2026,323,,23038.67,No Prepayment Penatly,0,Fixed,, ,365/360,8.29,0,8.29,0,,,0,0,0,0,0,0,1,0.05,0,9999999.99,0,0,0,0,0,0,0,0,0,0,0,0,0,0,0,0,0,0,0,0,0,0,0,0,0,,0,7/19/2025,0,0,0,0,0,0,0,0,0,0,0,0,0,0,0,0,,,,,,,,,,,5,5, ,0,0,0,0,713221,0,X ,41,0,0,Open,ELKTON ,OR,974369776
cif_cust_id_15955,loan_id_1396,Revolving Credit,38000,158.85,6.75,5/14/2026,2/14/2032,0,0,0,2/14/2032,Branch Not Assigned,_4,M120,Monthly,0,Reg P&I,Y,120,180,0,40000,40000,Revolving,0,0,0,11167.78,743.06,152.38,120,officer_id_011,2/18/2022,2/14/2022,2/18/2022,3/14/2022,,3/31/2026,154,,38312.85,No Prepayment Penatly,0,RVC Prime,5/1/2026,M001,365/365,5.5,6.75,3.25,0,,5/1/2026,0,1,1,5.5,18,0,1,0.05,0,9999999.99,0,0,0,0,0,0,0,0,0,0,0,0,0,0,0,0,0,0,0,0,0,0,0,0,0,,0,12/14/2025,0,0,0,0,1,0,0,0,0,0,0,0,0,0,0,0,,,,,,,,,,,5,5, ,0,0,0,0,0,12,X500* ,41,0,0,Open,ALBANY ,OR,973211740
cif_cust_id_13662,loan_id_1397,Commercial,132873.37,801.07,8,4/28/2026,8/28/2029,3719.95,0,0,,branch_id_09,10,M060,Monthly,0,Reg P&I, ,0,520,183000,0,183000,Installment,2871.63,848.32,848.32,21636.14,3455.95,680.41,41,officer_id_055,9/10/2024,8/28/2024,9/9/2024,9/28/2024,,3/27/2026,25,,133699.44,No Prepayment Penatly,0,WSJ Prime,8/28/2026,M012,365/360,9,7.5,8.5,0,,8/28/2026,0.5,0,0,8,0,0,1,0.05,0,9999999.99,0,0,0,0,0,0,0,0,0,0,0,0,0,0,0,0,0,0,0,0,0,0,0,0,0,,0,3/28/2026,0,0,0,9,0,0,0,0,0,0,0,0,0,0,0,0,,,,,,,,,,,5,5, ,254.3,0,0,0,372920,0, ,02,0,0,Open,KENAI ,AK,996110944
cif_cust_id_17719,loan_id_1399,Mortgage,37264.86,20.79,5.09,5/20/2026,3/20/2034,477.49,0,0,,branch_id_15,30,M180,Monthly,0,Reg P&I, ,0,140,60000,0,60000,Installment,315.03,162.46,162.46,17851.51,598.6,120.36,95,officer_id_050,3/20/2019,3/15/2019,3/20/2019,4/20/2019,,4/19/2026,154,,37439.65,No Prepayment Penatly,0,Fixed,, ,365/365,5.09,0,0,0,,,0,0,0,0,0,0,1,0.05,0,9999999.99,0,0,0,0,0,0,0,0,0,0,0,0,0,0,0,0,0,0,0,0,0,0,0,0,0,,0,12/20/2025,0,0,0,0,0,0,0,0,0,0,0,0,0,0,0,0,,,,,,,,,,,5,5, ,0,0,0,0,0,37,X ,41,0,0,Open,MEDFORD ,OR,975046525
cif_cust_id_13664,loan_id_1400,Commercial,364019.27,2788.86,7.23,5/2/2026,11/2/2030,3500.86,0,0,,branch_id_02,22,M240,Monthly,0,Reg P&I, ,0,170,600000,0,600000,Installment,2932.52,2067.48,2067.48,132114.24,8347.61,1683.11,55,officer_id_064,11/4/2020,11/4/2020,11/4/2020,12/2/2020,,3/16/2026,154,,366962.13,% of Current Balance,0,FHLB 5_YR,11/2/2030,M060,365/360,4.75,3.73,1.25,0,,11/2/2030,3.5,0,0,4.75,0,0,50,0.05,10,9999999.99,0,0,0,0,0,0,0,0,0,0,0,0,0,0,0,0,0,0,0,0,0,0,0,0,0,,0,11/2/2025,0,0,0,0,0,0,0,0,0,0,0,0,0,0,0,0,,,,,,,,,,,5,0, ,1877.4,0,0,0,0,0,X ,41,0,0,Open,SWEET HOME ,OR,973860837
cif_cust_id_07503,loan_id_1402,Commercial,127495.49,18.88,5.33,5/23/2026,12/23/2041,1070.3,427.31,0,,Branch Not Assigned,22,M300,Monthly,0,Reg P&I, ,0,190,170000,0,170000,Installment,482.92,587.38,587.38,76081.01,2152.79,435.73,188,officer_id_011,12/23/2016,12/23/2016,12/23/2016,1/23/2017,12/23/2016,4/22/2026,154,,127668.37,% of Current Balance,0,FHLB 5_YR,12/23/2026,M060,365/360,5.33,1.44,2.08,0,,12/23/2026,3.25,0,0,5.33,0,2564.05,1,0.05,0,9999999.99,0,0,0,0,0,0,0,0,0,0,0,0,0,0,0,0,0,0,0,0,0,0,0,0,0,,0,8/23/2025,0,0,0,0,0,0,0,0,0,0,0,0,0,0,0,0,,,,,,,,,,,5,5, ,0,0,0,0,93952,0,X ,41,0,0,Open,ASHLAND ,OR,975201651
cif_cust_id_13883,loan_id_1403,Installment,10399,28.99,9.25,5/8/2026,4/8/2030,260.05,0,0,,Branch Not Assigned,_1,M048,Monthly,0,Reg P&I, ,0,610,10399,0,10399,Installment,0,0,0,0,28.99,28.99,48,officer_id_011,4/13/2026,4/8/2026,4/13/2026,5/8/2026,,4/12/2026,0,,10427.99,No Prepayment Penatly,0,Fixed,, ,365/365,9.25,0,9.25,0,,,0,0,0,0,0,0,1,0.05,0,9999999.99,0,0,0,0,0,0,0,0,0,0,0,0,0,0,0,0,0,0,0,0,0,0,0,0,0,,0,,0,0,0,0,0,0,0,0,0,0,0,0,0,0,0,0,,,,,,,,,,,5,5, ,0,0,0,0,75312,16, ,41,0,0,Open,SWEET HOME ,OR,973862739
cif_cust_id_01111,loan_id_1405,Installment,117558.64,373.61,7.25,5/8/2026,9/8/2032,1913.5,0,0,,Branch Not Assigned,_1,M120,Monthly,0,Reg P&I, ,0,650,163000,0,163000,Installment,1182.35,731.15,731.15,36839.14,2688.17,538.71,77,officer_id_011,9/8/2022,9/8/2022,9/8/2022,10/8/2022,,4/7/2026,15,,117947.25,No Prepayment Penatly,0,Fixed,, ,365/365,7.25,0,0,0,,,0,0,0,0,0,0,1,0.05,0,9999999.99,0,0,0,0,0,0,0,0,0,0,0,0,0,0,0,0,0,0,0,0,0,0,0,0,0,,0,11/8/2025,0,0,0,0,0,0,0,0,0,0,0,0,0,0,0,0,,,,,,,,,,,5,5, ,0,0,0,0,0,40, ,41,0,0,Open,REEDSPORT ,OR,974671831
cif_cust_id_02089,loan_id_1408,Revolving Credit,25096.23,60.19,8.75,5/3/2026,8/3/2027,0,0,0,8/3/2027,Branch Not Assigned,_2,M060,Monthly,0,Reg P&I,Y,60,630,0,30000,30000,Revolving,14403.63,96.23,96.23,5213.54,608.76,101.9,60,officer_id_011,8/8/2022,8/3/2022,8/8/2022,9/3/2022,,4/13/2026,0,,25156.42,No Prepayment Penatly,0,RVC Prime,5/1/2026,M001,365/365,7.5,6.75,5.5,0,,5/1/2026,2,1,1,0,18,0,1,0.05,0,9999999.99,0,0,0,0,0,0,0,0,0,0,0,0,0,0,0,0,0,0,0,0,0,0,0,0,0,,0,9/3/2023,0,0,0,0,0,0,0,0,0,0,0,0,0,0,0,0,,,,,,,,,,,5,5, ,0,0,0,0,0,19, ,41,0,0,Open,ALBANY ,OR,973214830
cif_cust_id_17862,loan_id_1409,Installment,9439.35,63.26,10.25,4/30/2026,10/31/2028,356.28,0,0,,Branch Not Assigned,_1,M036,Monthly,0,Reg P&I, ,0,670,11000,0,11000,Installment,0,0,0,439.35,314.89,60.97,31,officer_id_011,10/31/2025,10/30/2025,10/31/2025,11/30/2025,,3/30/2026,0,,9502.61,No Prepayment Penatly,0,Fixed,, ,365/365,10.25,0,10.25,0,,,0,0,0,0,0,0,1,0.05,0,9999999.99,0,0,0,0,0,0,0,0,0,0,0,0,0,0,0,0,0,0,0,0,0,0,0,0,0,,0,1/31/2026,0,0,0,0,0,0,0,0,0,0,0,0,0,0,0,0,,,,,,,,,,,5,5, ,0,0,0,0,0,25, ,41,0,0,Open,CENTRAL POINT ,OR,975023324
cif_cust_id_13718,loan_id_1422,Commercial,0,0,8.75,5/12/2026,7/12/2026,0,0,0,7/12/2026,branch_id_03,11,M012,Monthly,0,Int Only,Y,12,530,0,290000,417000,Revolving,0,0,0,110966.37,0,0,11,officer_id_032,4/22/2021,4/12/2021,4/22/2021,5/12/2021,7/12/2025,,338,,338,No Prepayment Penatly,0,WSJ Prime,,0000,365/360,5.25,6.75,3.25,0,,,2,0,0,5.25,0,0,1,0.05,0,9999999.99,0,0,0,0,0,0,0,0,0,0,0,0,0,0,0,0,0,0,0,0,0,0,0,0,0,,0,7/12/2025,0,0,0,0,0,0,1,0,0,0,0,0,0,0,0,0,,,,,,,,,,,5,4+, ,0,0,0,0,999999,0,X ,41,0,0,Open,TALENT ,OR,975400268
cif_cust_id_13734,loan_id_1423,Commercial,352897.25,2109.74,7.17,4/25/2026,1/25/2041,3248.44,0,0,,branch_id_03,22,M300,Monthly,0,Reg P&I, ,0,190,477000,0,477000,Installment,0,0,0,226604.53,7518.59,1617.47,178,officer_id_032,1/25/2016,1/25/2016,1/25/2016,2/25/2016,1/25/2016,3/24/2026,154,,355160.99,No Prepayment Penatly,0,FHLB 5_YR,1/25/2031,M060,365/360,5.21,3.92,1.96,0,,1/25/2031,3.25,0,0,5.21,0,0,1,0.05,0,9999999.99,0,0,0,0,0,0,0,0,0,0,0,0,0,0,0,0,0,0,0,0,0,0,0,0,0,,0,10/25/2025,0,0,0,0,0,0,0,0,0,0,0,0,0,0,0,0,,,,,,,,,,,5,5, ,1202.3,0,0,0,58686,0,X ,41,0,0,Open,JACKSONVILLE ,OR,975301168
cif_cust_id_13901,loan_id_1427,Commercial,61347.34,285.43,12.95,5/11/2026,2/11/2030,1706.5,0,0,,Branch Not Assigned,40,M060,Monthly,0,Reg P&I, ,0,520,74810.86,0,236707.26,Installment,1010.73,695.77,695.77,63568.04,2566.97,509.75,46,officer_id_011,6/11/2021,6/11/2021,6/11/2021,7/11/2021,2/11/2025,4/10/2026,15,,61663.41,No Prepayment Penatly,0,Fixed,, ,365/360,6.75,7.5,3.25,0,,,0,0,0,0,0,0,1,0.05,0,9999999.99,0,0,0,0,0,0,0,0,0,0,0,0,0,0,0,0,0,0,0,0,0,0,0,0,0,,0,2/11/2025,0,0,0,0,0,0,0,0,0,0,0,0,0,0,0,0,,,,,,,,,,,5,5, ,0,0,0,0,999999,0, ,41,0,0,Open,CENTRAL POINT ,OR,975028471
cif_cust_id_13901,loan_id_1429,Commercial,0,0,9.75,5/4/2026,5/4/2026,0,0,0,5/4/2026,Branch Not Assigned,41,M002,Monthly,0,Int Only,Y,2,530,0,50000,50000,Revolving,0,0,0,300.42,0,0,1,officer_id_011,3/5/2025,3/4/2025,3/5/2025,4/4/2025,3/4/2026,,15,,15,No Prepayment Penatly,0,WSJ Prime,,0000,365/360,10.5,6.75,7.5,0,,,3,0,0,0,0,0,1,0.05,0,9999999.99,0,0,0,0,0,0,0,0,0,0,0,0,0,0,0,0,0,0,0,0,0,0,0,0,0,,0,,0,0,0,0,0,0,0,0,0,0,0,0,0,0,0,0,,,,,,,,,,,5,5, ,0,0,0,0,999999,0, ,41,0,0,Open,CENTRAL POINT ,OR,975028471
cif_cust_id_13960,loan_id_1468,Commercial,149991.41,666.63,10,5/8/2026,10/8/2029,4263.37,0,0,,branch_id_02,10,M060,Monthly,0,Reg P&I, ,0,510,200000,0,200000,Installment,2944.73,1318.64,1318.64,26732.07,4882.75,964,42,officer_id_064,10/11/2024,10/8/2024,10/11/2024,11/8/2024,,4/7/2026,30,,150688.04,No Prepayment Penatly,0,Fixed,, ,365/360,10,0,10,0,,,0,0,0,0,0,0,1,0.05,0,9999999.99,0,0,0,0,0,0,0,0,0,0,0,0,0,0,0,0,0,0,0,0,0,0,0,0,0,,0,3/8/2026,0,0,0,1,0,0,0,0,0,0,0,0,0,0,0,0,,,,,,,,,,,5,5, ,380.42,0,0,0,0,0, ,41,0,0,Open,ALBANY ,OR,973211788
Borrower Not Found,loan_id_1305,Mortgage,221272.59,1007.25,7.13,5/1/2026,8/1/2054,1684.3,0,0,,branch_id_15,38,M372,Monthly,0,Reg P&I, ,0,140,0,0,250000,Installment,368.31,1315.99,1315.99,38391.47,4961.74,1007.26,360,officer_id_050,7/17/2023,7/13/2023,7/17/2023,9/1/2023,,3/31/2026,0,,222279.84,No Prepayment Penatly,0,1_Yr Treasury,6/17/2031,M012,30/360 Am Sch,7.13,0,5.17,0,,8/1/2031,2.625,2,2,7.125,12.125,0,1,0.05,0,9999999.99,0,0,0,0,0,0,0,0,0,0,0,0,0,0,0,0,0,0,0,0,0,0,0,0,0,,0,4/1/2026,0,0,0,4,1,0,0,0,0,0,0,0,0,0,0,0,,,,,,,,,,,5,5, ,0,0,0,0,3,0,X ,41,0,0,Open,DRAIN ,OR,974354501
cif_cust_id_02079,loan_id_1482,Mortgage,184211.26,_286.83,6.75,5/1/2026,3/1/2054,1267.71,328.49,0,,branch_id_15,38,M369,Monthly,0,Reg P&I, ,0,140,0,0,440000,Installment,0,0,0,49582.88,3924.22,794.41,335,officer_id_050,5/31/2023,5/30/2023,5/31/2023,7/1/2023,2/22/2024,5/1/2026,0,,183924.43,No Prepayment Penatly,0,1_Yr Treasury,4/17/2034,M012,30/360 Am Sch,6.75,0,6.75,0,,6/1/2034,3,2,2,6.75,11.75,1339.58,1,0.05,0,9999999.99,0,0,0,0,0,0,0,0,0,0,0,0,0,0,0,0,0,0,0,0,0,0,0,0,0,,0,5/1/2025,0,0,0,0,0,0,0,0,0,0,0,0,0,0,0,0,,,,,,,,,,,5,5, ,0,0,0,0,3,0,X* ,41,0,0,Open,COOS BAY ,OR,974206323
cif_cust_id_14092,loan_id_1486,Commercial,27300,2261.76,7.75,5/5/2026,2/5/2027,0,0,0,2/5/2027,branch_id_02,11,M036,Monthly,0,Int Only,Y,36,530,0,725000,550000,Revolving,638000,4227.79,4227.79,118431.22,15086.78,2798.87,11,officer_id_064,11/16/2020,11/5/2020,11/5/2020,12/15/2020,2/27/2024,4/3/2025,187,,29748.76,No Prepayment Penatly,0,WSJ Prime,,0000,365/360,4.5,6.75,3.5,0,,,1,0,0,4.5,0,0,1,0.05,0,9999999.99,0,0,0,0,0,0,0,0,0,0,0,0,0,0,0,0,0,0,0,0,0,0,0,0,0,,0,7/5/2025,0,0,0,0,0,0,0,0,0,0,0,0,0,0,0,0,,,,,,,,,,,5,0, ,1067.54,0,0,0,999999,0,X500 ,41,0,0,Open,ALBANY ,OR,973212733
cif_cust_id_09205,loan_id_1487,Commercial,18741.24,17.55,11.25,5/21/2026,8/21/2026,0,0,0,8/21/2026,Branch Not Assigned,43,M012,Monthly,0,Int Only,Y,12,190,0,100000,100000,Revolving,69.68,130.32,130.32,554.24,487.88,135.12,6,officer_id_011,8/28/2025,8/21/2025,8/28/2025,9/21/2025,,4/20/2026,154,,18912.79,No Prepayment Penatly,0,WSJ Prime,,0000,365/360,12,6.75,7.5,0,,,4.5,0,0,0,0,0,1,0.05,0,9999999.99,0,0,0,0,0,0,0,0,0,0,0,0,0,0,0,0,0,0,0,0,0,0,0,0,0,,0,,0,0,0,0,0,0,0,0,0,0,0,0,0,0,0,0,,,,,,,,,,,5,5, ,0,0,0,0,138935,0,X ,41,0,0,Open,CENTRAL POINT ,OR,975021109
cif_cust_id_14131,loan_id_1492,Commercial,94706.13,140.11,6,5/15/2026,4/15/2031,1831.99,0,0,,Branch Not Assigned,49,M120,Monthly,0,Reg P&I, ,0,520,165000,0,165000,Installment,1342.54,489.45,489.45,39625.53,1811.63,361.15,60,officer_id_011,4/16/2021,4/15/2021,4/16/2021,5/15/2021,,4/14/2026,315,,95161.24,No Prepayment Penatly,0,Fixed,, ,365/365,6,0,6,0,,,0,0,0,0,0,0,1,0.05,0,9999999.99,0,0,0,0,0,0,0,0,0,0,0,0,0,0,0,0,0,0,0,0,0,0,0,0,0,,0,2/15/2026,0,0,0,0,0,0,0,0,0,0,0,0,0,0,0,0,,,,,,,,,,,5,5, ,125.76,0,0,0,924223,0, ,41,50,0,Open,MEDFORD ,OR,975049148
cif_cust_id_14137,loan_id_1498,Commercial,0,0,10.75,5/18/2026,7/18/2026,0,0,0,7/18/2026,Branch Not Assigned,,M012,Monthly,0,Int Only,Y,12,530,0,25000,25000,Revolving,0,0,0,128.4,29.86,0,11,officer_id_011,7/24/2025,7/18/2025,7/24/2025,8/18/2025,,,0,,0,No Prepayment Penatly,0,WSJ Prime,,0000,365/360,11.5,6.75,7.5,0,,,4,0,0,5,0,0,1,0.05,0,9999999.99,0,0,0,0,0,0,0,0,0,0,0,0,0,0,0,0,0,0,0,0,0,0,0,0,0,,0,,0,0,0,0,0,0,0,0,0,0,0,0,0,0,0,0,,,,,,,,,,,5,5, ,0,0,0,0,800000,0, ,41,0,0,Open,CORVALLIS ,OR,973392585
cif_cust_id_14173,loan_id_1511,Commercial,1498353.05,7505.43,6.9,5/14/2026,12/14/2028,21032.52,0,0,,branch_id_18,22,M240,Monthly,0,Reg P&I, ,0,170,2704312.06,0,2704312.06,Installment,12601.29,8431.23,8431.23,872815.25,32999.8,6636.63,32,officer_id_058,12/14/2018,12/14/2018,12/14/2018,1/14/2019,,3/28/2026,187,,1506045.48,% of Current Balance,0,FHLB 5_YR,12/14/2028,M060,365/360,4.49,4.4,1.99,0,,12/14/2028,2.5,0,0,0,0,0,50,0.05,10,9999999.99,0,0,0,0,0,0,0,0,0,0,0,0,0,0,0,0,0,0,0,0,0,0,0,0,0,,0,3/14/2026,0,0,0,0,0,0,0,0,0,0,0,0,0,0,0,0,,,,,,,,,,,5,0, ,5420.79,0,0,0,0,0,X ,41,0,0,Open,LAS VEGAS ,NV,891493306
cif_cust_id_14726,loan_id_1520,Revolving Credit,1968.53,11.4,7.75,5/11/2026,12/11/2035,0,0,0,12/11/2035,Branch Not Assigned,_4,M120,Monthly,0,Reg P&I,Y,120,180,0,30000,30000,Revolving,38.42,11.58,11.58,36.37,45.53,9.7,120,officer_id_011,12/16/2025,12/11/2025,12/16/2025,1/11/2026,,3/27/2026,154,,2133.93,No Prepayment Penatly,0,RVC Prime,5/1/2026,M001,365/365,8,6.75,7,0,,5/1/2026,1,0,0,6.5,18,0,1,0.05,0,9999999.99,0,0,0,0,0,0,0,0,0,0,0,0,0,0,0,0,0,0,0,0,0,0,0,0,0,,0,4/11/2026,0,0,0,0,0,0,0,0,0,0,0,0,0,0,0,0,,,,,,,,,,,5,5, ,0,0,0,0,3,15,X ,41,0,0,Open,KLAMATH FALLS ,OR,976033951
cif_cust_id_15107,loan_id_1529,Revolving Credit,0,0,7.75,5/16/2026,12/16/2032,0,0,0,12/16/2032,Branch Not Assigned,_4,M120,Monthly,0,Reg P&I,Y,120,180,0,50000,50000,Revolving,0,0,0,1945.06,0,0,120,officer_id_011,12/21/2022,12/16/2022,12/21/2022,1/16/2023,,,154,,154,No Prepayment Penatly,0,RVC Prime,5/1/2026,M001,365/365,8.5,6.75,7.5,0,,5/1/2026,1,1,1,6.5,18,0,1,0.05,0,9999999.99,0,0,0,0,0,0,0,0,0,0,0,0,0,0,0,0,0,0,0,0,0,0,0,0,0,,2.5,8/16/2023,0,0,0,0,0,0,0,0,0,0,0,0,0,0,0,0,,,,,,,,,,,5,5, ,0,0,0,0,184152,0,X ,41,0,0,Open,GOLD HILL ,OR,975259615
cif_cust_id_14232,loan_id_1531,Commercial,572431.46,2161.37,7.13,5/20/2026,3/20/2028,5987.82,0,0,3/20/2028,branch_id_09,22,M240,Monthly,0,Reg P&I,Y,120,190,0,0,782000,Installment,2449.96,3537.86,3537.86,318291.69,12939.98,2616.8,23,officer_id_070,4/5/2018,4/5/2018,4/5/2018,4/20/2018,8/30/2024,4/4/2026,154,,575266,% of Current Balance,0,FHLB 5_YR,3/20/2028,M060,365/360,5,4.38,2.25,0,,3/20/2028,2.75,0,0,5,0,0,1,0.05,0,9999999.99,0,0,0,0,0,0,0,0,0,0,0,0,0,0,0,0,0,0,0,0,0,0,0,0,0,,0,12/20/2025,0,0,0,0,0,0,0,0,0,0,0,0,0,0,0,0,,,,,,,,,,,5,0, ,502.61,0,0,0,123502,0,X ,41,0,0,Open,GRESHAM ,OR,970808463
cif_cust_id_14266,loan_id_1542,Commercial,1640442.07,6431,4.6,5/1/2026,3/1/2030,32000,0,0,,Branch Not Assigned,22,M121,Monthly,1,Reg P&I, ,0,170,3120601.76,0,3120601.76,Installment,26665.32,6390.58,6390.58,718012.54,24327.43,4838.11,_44,officer_id_063,2/14/2020,2/14/2020,2/14/2020,8/1/2022,,3/23/2026,0,,1646873.07,No Prepayment Penatly,0,Fixed,, ,365/360,0,0,0,0,,,0,0,0,0,0,0,0,0,0,0,0,0,0,0,0,0,0,0,0,0,0,0,0,0,0,0,0,0,0,0,0,0,0,0,0,,0,4/1/2026,0,0,0,3,2,1,0,0,0,0,0,0,0,0,0,0,,,,,,,,,,,5,0,A,10575.12,0,0,0,0,0, ,41,0,0,Open,NEWPORT ,OR,973650168
cif_cust_id_14308,loan_id_1546,Commercial,78846.19,_934.57,7.75,7/18/2026,11/18/2026,0,0,0,11/18/2026,branch_id_05,11,M012,Monthly,0,Int Only,Y,12,530,0,150000,100000,Revolving,73.32,526.68,526.68,9736.18,1882.38,390.62,5,officer_id_061,1/18/2019,1/18/2019,1/18/2019,2/18/2019,11/18/2025,6/17/2026,30,,77941.62,No Prepayment Penatly,0,WSJ Prime,,0000,365/360,6.5,6.75,5.5,0,,,1,0,0,5.75,0,0,1,0.05,0,9999999.99,0,0,0,0,0,0,0,0,0,0,0,18.57,0,0,0,0,0,0,0,0,0,0,0,0,0,,3.56,11/18/2025,0,0,0,0,0,0,1,0,0,0,0,0,0,0,0,0,,,,,,,,,,,5,5, ,0,0,0,0,999999,0, ,41,0,0,Open,MEDFORD ,OR,975013119
cif_cust_id_02527,loan_id_1547,Mortgage,335835.98,618.06,2.88,5/1/2026,11/1/2050,1589.04,865.77,0,,branch_id_15,29,M360,Monthly,0,Reg P&I, ,0,140,383000,0,383000,Installment,782.56,806.48,806.48,57157.72,3041.91,616.86,295,officer_id_050,10/15/2020,10/5/2020,10/15/2020,12/1/2020,,3/31/2026,0,,336454.04,No Prepayment Penatly,0,Fixed,, ,30/360 Am Sch,2.88,0,2.88,0,,,0,0,0,0,0,4787.7,1,0.05,0,9999999.99,0,0,0,0,0,0,0,0,0,0,0,0,0,0,0,0,0,0,0,0,0,0,0,0,0,,0,12/1/2020,0,0,0,0,0,0,0,0,0,0,0,0,0,0,0,0,,,,,,,,,,,5,5, ,0,0,0,0,0,0,X ,41,0,0,Open,MEDFORD ,OR,975047201
cif_cust_id_14335,loan_id_1554,Commercial,55480.78,168.49,8.41,5/11/2026,10/11/2028,2061.38,0,0,,Branch Not Assigned,10,M060,Monthly,0,Reg P&I, ,0,520,100388,0,100388,Installment,1647.66,413.72,413.72,16934.18,1549.43,301.95,30,officer_id_027,10/12/2023,10/11/2023,10/12/2023,11/11/2023,,4/10/2026,15,,55664.27,No Prepayment Penatly,0,Fixed,, ,365/360,8.41,0,8.41,0,,,0,0,0,0,0,0,1,0.05,0,9999999.99,0,0,0,0,0,0,0,0,0,0,0,0,0,0,0,0,0,0,0,0,0,0,0,0,0,,0,4/11/2026,0,0,0,0,0,0,0,0,0,0,0,0,0,0,0,0,,,,,,,,,,,5,5, ,0,0,0,0,999999,0, ,41,0,0,Open,MEDFORD ,OR,975044145
cif_cust_id_12342,loan_id_1558,Commercial,412556.65,2108.1,6.56,5/12/2026,8/12/2028,3349.34,0,0,8/12/2028,branch_id_09,35,M300,Monthly,0,Reg P&I,Y,120,160,0,0,500000,Installment,1236.06,2113.28,2113.28,200847.33,8538.76,1731.09,27,officer_id_055,8/14/2018,8/14/2018,8/14/2018,9/12/2018,11/21/2025,3/26/2026,187,,414851.75,% of Current Balance,0,Fixed,, ,365/360,5.25,4.31,3,0,,,0,0,0,0,0,0,1,0.05,0,9999999.99,0,0,0,0,0,0,0,0,0,0,0,0,0,0,0,0,0,0,0,0,0,0,0,0,0,,0,,0,0,0,0,0,0,0,0,0,0,0,0,0,0,0,0,,,,,,,,,,,5,0, ,635.54,0,0,0,140026,0,X ,41,0,0,Open,LEBANON ,OR,973550997
cif_cust_id_10456,loan_id_1567,Revolving Credit,0,104.29,7.25,4/30/2026,8/30/2026,0,0,0,8/30/2026,Branch Not Assigned,_8,M024,Monthly,0,Reg P&I,Y,24,630,0,250000,250000,Revolving,15000,0,0,9651.36,1157.26,29.8,24,officer_id_011,9/3/2024,8/30/2024,9/3/2024,9/30/2024,,,0,,104.29,No Prepayment Penatly,0,RVC Prime,5/1/2026,M001,365/365,9,6.75,8.5,0,,5/1/2026,0.5,1,1,0,18,0,1,0.05,0,9999999.99,0,0,0,0,0,0,0,0,0,0,0,0,0,0,0,0,0,0,0,0,0,0,0,0,0,,0,12/30/2025,0,0,0,0,1,0,0,0,0,0,0,0,0,0,0,0,,,,,,,,,,,5,5, ,0,0,0,0,999999,0, ,41,0,0,Open,KLAMATH FALLS ,OR,976034807
cif_cust_id_14419,loan_id_1570,Commercial,221254.65,390.46,9,5/17/2026,7/17/2026,0,0,0,7/17/2026,branch_id_10,11,M012,Monthly,0,Int Only,Y,12,530,0,300000,300000,Revolving,3260.01,1739.99,1739.99,14745.57,6432.58,1288.52,3,officer_id_020,7/17/2025,7/17/2025,7/17/2025,8/17/2025,,4/16/2026,15,,221660.11,No Prepayment Penatly,0,WSJ Prime,,0000,365/360,9.75,6.75,7.5,0,,,2.25,0,0,7.5,0,0,1,0.05,0,9999999.99,0,0,0,0,0,0,0,0,0,0,0,0,0,0,171.88,0,0,0,0,0,0,0,0,77.7,0,,249.58,4/17/2026,171.88,0,0,2,0,3,0,0,0,0,0,0,0,0,0,0,,,,,,,,,,,5,5, ,0,0,0,0,999999,0, ,41,0,0,Open,GRANTS PASS ,OR,975268511
cif_cust_id_09503,loan_id_1572,Commercial,24353.03,145.44,10.75,5/4/2026,2/4/2031,542.17,0,0,,Branch Not Assigned,,M060,Monthly,0,Reg P&I, ,0,510,25000,0,25000,Installment,313.83,228.34,228.34,437.37,582.81,167.54,58,officer_id_011,2/4/2026,2/4/2026,2/4/2026,3/4/2026,,4/3/2026,0,,24498.47,No Prepayment Penatly,0,Fixed,, ,365/360,10.75,0,10.75,0,,,0,0,0,0,0,0,1,0.05,0,9999999.99,0,0,0,0,0,0,0,0,0,0,0,0,0,0,0,0,0,0,0,0,0,0,0,0,0,,0,4/4/2026,0,0,0,0,0,0,0,0,0,0,0,0,0,0,0,0,,,,,,,,,,,5,5, ,0,0,0,0,950000,0, ,41,0,0,Open,GRANTS PASS ,OR,975275814
cif_cust_id_11162,loan_id_1575,Installment,42859.4,2490.76,8.25,5/6/2026,4/6/2034,633.3,0,0,,Branch Not Assigned,_1,M097,Monthly,0,Reg P&I, ,0,610,49600,0,49600,Installment,0,0,0,8004.21,1094.68,222.81,96,officer_id_011,7/6/2023,7/6/2023,7/6/2023,8/6/2023,2/12/2026,8/9/2025,0,,45350.16,No Prepayment Penatly,0,Fixed,, ,365/365,8.25,0,8.25,0,,,0,0,0,0,0,0,1,0.05,0,9999999.99,0,0,0,0,0,0,0,0,0,0,0,0,0,0,0,0,0,0,0,0,0,0,0,0,0,,0,2/6/2026,0,0,0,1,0,0,0,0,0,0,0,0,0,0,0,0,,,,,,,,,,,5,5, ,0,0,0,0,118000,0, ,41,0,0,Open,CENTRAL POINT ,OR,975021445
cif_cust_id_11162,loan_id_1576,Installment,21394.74,742.09,7.5,5/6/2026,4/6/2029,676.13,0,0,,Branch Not Assigned,_1,M037,Monthly,0,Reg P&I, ,0,610,32595,0,32595,Installment,0,0,0,4621.24,496.78,101.11,36,officer_id_011,7/6/2023,7/6/2023,7/6/2023,8/6/2023,2/12/2026,11/5/2025,0,,22136.83,No Prepayment Penatly,0,Fixed,, ,365/365,7.5,0,7.5,0,,,0,0,0,0,0,0,1,0.05,0,9999999.99,0,0,0,0,0,0,0,0,0,0,0,0,0,0,0,0,0,0,0,0,0,0,0,0,0,,0,2/6/2026,0,0,0,1,0,0,0,0,0,0,0,0,0,0,0,0,,,,,,,,,,,5,5, ,0,0,0,0,118000,0, ,41,0,0,Open,CENTRAL POINT ,OR,975021445
cif_cust_id_14501,loan_id_1578,Commercial,11000,68.98,10.75,5/1/2026,4/1/2027,0,0,0,4/1/2027,Branch Not Assigned,,M012,Monthly,0,Int Only,Y,12,530,0,25000,25000,Revolving,0,0,0,0,68.98,68.98,12,officer_id_011,4/2/2026,4/1/2026,4/2/2026,5/1/2026,,4/2/2026,0,,11068.98,No Prepayment Penatly,0,WSJ Prime,,0000,365/360,10.75,0,6.75,0,,,4,0,0,5,0,0,1,0.05,0,9999999.99,0,0,0,0,0,0,0,0,0,0,0,0,0,0,0,0,0,0,0,0,0,0,0,0,0,,0,,0,0,0,0,0,0,0,0,0,0,0,0,0,0,0,0,,,,,,,,,,,5,5, ,0,0,0,0,999999,0, ,41,0,0,Open,KLAMATH FALLS ,OR,976034410
cif_cust_id_12629,loan_id_1582,Commercial,417717.03,1102.19,6.79,5/10/2026,12/10/2056,0,0,0,,branch_id_10,35,M372,Monthly,0,Int Only, ,0,160,0,472500,472500,Non _ Revolving,0,2440.57,2440.57,9047.65,8862.61,1810.74,368,officer_id_020,12/15/2025,12/10/2025,12/15/2025,1/10/2026,,4/9/2026,154,,431504.73,% of Current Balance,12531.51,FHLB 5_YR,12/10/2030,M060,365/360,6.79,0,3.32,0,,12/10/2030,3.325,0,0,5.785,0,0,1,0.05,0,9999999.99,0,0,0,0,0,0,0,0,0,0,0,0,0,0,0,0,0,0,0,0,0,0,0,0,0,,0,4/10/2026,0,0,0,1,0,0,0,0,0,0,0,0,0,0,0,0,,,,,,,,,,,5,5, ,3235.94,0,0,0,232944,0,X ,41,0,0,Open,GRANTS PASS ,OR,975263242
cif_cust_id_00144,loan_id_1584,Mortgage,577375.46,2097.76,7.5,5/1/2026,9/1/2054,4195.29,0,0,,branch_id_15,38,M372,Monthly,0,Reg P&I, ,0,140,0,0,600000,Installment,0,0,0,88672.18,13614.15,2766.59,343,officer_id_050,8/18/2023,8/14/2023,8/18/2023,10/1/2023,,4/6/2026,0,,579473.22,No Prepayment Penatly,0,1_Yr Treasury,7/18/2034,M012,30/360 Am Sch,7.5,0,5.34,0,,9/1/2034,3,2,2,3,12.5,0,1,0.05,0,9999999.99,0,0,0,0,0,0,0,0,0,0,0,0,0,0,0,0,0,0,0,0,0,0,0,0,0,,0,5/1/2024,0,0,0,0,0,0,0,0,0,0,0,0,0,0,0,0,,,,,,,,,,,5,5, ,0,0,0,0,3,0,X ,41,0,0,Open,MEDFORD ,OR,975049330
cif_cust_id_14509,loan_id_1585,Commercial,9872.56,58.96,10.75,5/4/2026,3/4/2031,217.02,0,0,,Branch Not Assigned,,M060,Monthly,0,Reg P&I, ,0,510,10000,0,10000,Installment,127.44,89.58,89.58,89.58,148.54,67.92,59,officer_id_011,3/5/2026,3/4/2026,3/5/2026,4/4/2026,,4/3/2026,0,,9931.52,No Prepayment Penatly,0,Fixed,, ,365/360,10.75,0,10.75,0,,,0,0,0,0,0,0,1,0.05,0,9999999.99,0,0,0,0,0,0,0,0,0,0,0,0,0,0,0,0,0,0,0,0,0,0,0,0,0,,0,4/4/2026,0,0,0,0,0,0,0,0,0,0,0,0,0,0,0,0,,,,,,,,,,,5,5, ,0,0,0,0,414000,0, ,41,0,0,Open,MEDFORD ,OR,975017966
cif_cust_id_14751,loan_id_1598,Commercial,1206134.88,4169.96,8.3,5/9/2026,8/9/2048,9995.79,0,0,,branch_id_05,22,M300,Monthly,0,Reg P&I, ,0,190,1250000,0,1250000,Installment,1370.17,8625.62,8625.62,276000.16,31487.16,6395.8,268,officer_id_061,8/10/2023,8/9/2023,8/10/2023,9/9/2023,,4/8/2026,477,,1234904.53,% of Current Balance,24122.69,FHLB 5_YR,8/9/2028,M060,365/360,8.3,0,4.31,0,,8/9/2028,2.775,0,0,7.295,0,0,1,0.05,0,9999999.99,0,0,0,0,0,0,0,0,0,0,0,0,0,0,0,0,0,0,0,0,0,0,0,0,0,,0,4/9/2026,0,0,0,0,0,0,0,0,0,0,0,0,0,0,0,0,,,,,,,,,,,5,5, ,12083.85,0,0,0,999999,0,X500 ,41,0,0,Open,PHOENIX ,OR,975359435
cif_cust_id_14777,loan_id_1600,Commercial,35000,214.06,11.25,5/2/2026,2/2/2028,0,0,0,2/2/2028,Branch Not Assigned,41,M025,Monthly,0,Int Only,Y,25,530,0,60000,60000,Revolving,0,101.56,101.56,4375.48,351.56,217.18,21,officer_id_011,2/5/2024,1/26/2026,1/26/2026,3/2/2024,1/29/2026,4/3/2026,15,,35229.06,No Prepayment Penatly,0,WSJ Prime,,0000,365/360,13,6.75,8.5,0,,,4.5,0,0,0,0,0,1,0.05,0,9999999.99,0,0,0,0,0,0,0,0,0,0,0,0,0,0,0,0,0,0,0,0,0,0,0,0,0,,0,4/2/2026,0,0,0,1,1,0,0,0,0,0,0,0,0,0,0,0,,,,,,,,,,,5,5, ,0,0,0,0,769306,0, ,41,0,0,Open,ASHLAND ,OR,975202043
cif_cust_id_04764,loan_id_1602,Revolving Credit,138011.14,579.92,7.25,5/17/2026,1/17/2028,0,0,0,1/17/2028,Branch Not Assigned,_8,M024,Monthly,0,Reg P&I,Y,24,630,0,150000,150000,Revolving,2132.68,867.32,867.32,22780.05,3194.44,635.59,23,officer_id_011,1/22/2024,1/17/2024,1/22/2024,2/17/2024,1/14/2026,4/2/2026,154,,138745.06,No Prepayment Penatly,0,RVC Prime,5/1/2026,M001,365/365,9,6.75,8.5,0,,5/1/2026,0.5,1,1,0,18,0,1,0.05,0,9999999.99,0,0,0,0,0,0,0,0,0,0,0,0,0,0,0,0,0,0,0,0,0,0,0,0,0,,0,1/17/2026,0,0,0,0,0,0,0,0,0,0,0,0,0,0,0,0,,,,,,,,,,,5,5, ,0,0,0,0,678454,0, ,41,0,0,Open,CENTRAL POINT ,OR,975021149
cif_cust_id_09309,loan_id_1608,Mortgage,350230.85,1854.91,8.63,5/1/2026,11/1/2053,2776.71,554.47,0,,branch_id_15,34,M360,Monthly,0,Reg P&I, ,0,140,357000,0,357000,Installment,257.57,2519.14,2519.14,74514.68,9492.82,1929.91,331,officer_id_050,10/23/2023,10/20/2023,10/23/2023,12/1/2023,,4/1/2026,0,,352085.76,No Prepayment Penatly,0,1_Yr Treasury,9/17/2030,M012,30/360 Am Sch,8.63,0,5.42,0,,11/1/2030,2.625,2,2,8.625,13.625,7125.26,1,0.05,0,9999999.99,0,0,0,0,0,0,0,0,0,0,0,0,0,0,0,0,0,0,0,0,0,0,0,0,0,,0,1/1/2026,0,0,0,1,0,0,0,0,0,0,0,0,0,0,0,0,,,,,,,,,,,5,5, ,1962.94,0,0,0,3,0,X ,41,0,0,Open,EUGENE ,OR,974013114
cif_cust_id_20408,loan_id_1612,Mortgage,309804.47,1146.01,4.33,5/1/2026,7/1/2051,1738.22,0,0,,branch_id_15,29,M360,Monthly,0,Reg P&I,N,0,140,350000,0,350000,Installment,679.67,1120.33,1120.33,67933.33,4225.38,857.04,303,officer_id_050,6/24/2021,6/18/2021,7/1/2021,8/1/2021,,3/23/2026,0,,310950.48,No Prepayment Penatly,0,1_Yr Treasury,5/17/2031,M012,30/360 Am Sch,4.33,0,0.08,0,,7/1/2031,4.25,2,2,4.25,9.33,0,1,0.05,0,9999999.99,0,0,0,0,0,0,0,0,0,0,0,0,0,0,0,0,0,0,0,0,0,0,0,0,0,,0,4/1/2026,0,0,0,0,0,0,0,0,0,0,0,0,0,0,0,0,,,,,,,,,,,5,5, ,0,0,0,0,0,0,X ,41,0,0,Open,EAGLE POINT ,OR,975240808
cif_cust_id_01929,loan_id_1614,Revolving Credit,0,0,7.75,6/1/2026,12/1/2033,0,0,0,12/1/2033,Branch Not Assigned,_4,M120,Monthly,0,Reg P&I,Y,120,180,0,100000,250000,Revolving,0,0,0,0,0,0,120,officer_id_011,12/6/2023,12/1/2023,12/6/2023,1/1/2024,5/5/2025,,154,,154,No Prepayment Penatly,0,RVC Prime,5/1/2026,M001,365/365,8.75,6.75,8.5,0,,5/1/2026,1,1,1,6.5,18,0,1,0.05,0,9999999.99,0,0,0,0,0,0,0,0,0,0,0,0,0,0,0,0,0,0,0,0,0,0,0,0,0,,0,,0,0,0,0,0,0,0,0,0,0,0,0,0,0,0,0,,,,,,,,,,,5,5, ,0,0,0,0,3,7,X ,41,0,0,Open,GRANTS PASS ,OR,975269756
cif_cust_id_05965,loan_id_1616,Revolving Credit,7469.78,43.32,8.75,5/14/2026,11/14/2030,0,0,0,11/14/2030,Branch Not Assigned,_2,M060,Monthly,0,Reg P&I,Y,60,630,0,10000,10000,Revolving,96.32,55,55,246.94,208.23,41.5,60,officer_id_011,11/17/2025,11/14/2025,11/17/2025,12/14/2025,,3/30/2026,0,,7513.1,No Prepayment Penatly,0,RVC Prime,5/1/2026,M001,365/365,9,6.75,7,0,,5/1/2026,2,1,1,0,18,0,1,0.05,0,9999999.99,0,0,0,0,0,0,0,0,0,0,0,0,0,0,0,0,0,0,0,0,0,0,0,0,0,,0,3/14/2026,0,0,0,1,1,0,0,0,0,0,0,0,0,0,0,0,,,,,,,,,,,5,5, ,0,0,0,0,3,39, ,41,0,0,Open,MEDFORD ,OR,975045040
cif_cust_id_14373,loan_id_1561,Commercial,15000,4.48,10.75,7/6/2026,1/6/2027,0,0,0,1/6/2027,Branch Not Assigned,,M012,Monthly,0,Int Only,Y,12,530,0,25000,25000,Revolving,30000,177.68,177.68,368.79,373.27,65.7,7,officer_id_011,1/6/2026,1/6/2026,1/6/2026,2/6/2026,,4/22/2026,0,,15004.48,No Prepayment Penatly,0,WSJ Prime,,0000,365/360,10.75,0,6.75,0,,,4,0,0,5,0,0,1,0.05,0,9999999.99,0,0,0,0,0,0,0,0,0,0,0,0,0,0,0,0,0,0,0,0,0,0,0,0,0,,0,,0,0,0,0,0,0,0,0,0,0,0,0,0,0,0,0,,,,,,,,,,,5,5, ,0,0,0,0,999999,0, ,41,0,0,Open,JACKSONVILLE ,OR,975309337
cif_cust_id_14999,loan_id_1629,Commercial,0,0,7.75,6/5/2026,2/5/2027,0,0,0,2/5/2027,branch_id_05,11,M012,Monthly,0,Int Only,Y,12,530,0,500000,500000,Revolving,0,169.53,169.53,5520.49,2392.27,0,10,officer_id_040,4/5/2018,4/5/2018,4/5/2018,5/5/2019,2/5/2026,,15,,15,No Prepayment Penatly,0,WSJ Prime,,0000,365/360,5.75,6.75,4.75,0,,,1,0,0,4.75,0,0,1,0.05,0,9999999.99,0,0,0,0,0,0,0,0,0,0,0,0,0,0,0,0,0,0,0,0,0,0,0,0,0,,0,2/5/2026,0,0,0,1,0,0,0,0,0,0,0,0,0,0,0,0,,,,,,,,,,,5,4, ,0,0,0,0,999999,0, ,41,0,0,Open,PORTLAND ,OR,972144607
cif_cust_id_15004,loan_id_1632,Commercial,13224.17,66.98,10.75,5/7/2026,10/7/2026,0,0,0,10/7/2026,Branch Not Assigned,,M012,Monthly,0,Int Only,Y,12,530,0,25000,25000,Revolving,0,0,0,1113.74,566.8,89.78,6,officer_id_011,10/8/2025,10/7/2025,10/8/2025,11/7/2025,,4/6/2026,0,,13291.15,No Prepayment Penatly,0,WSJ Prime,,0000,365/360,11.25,6.75,7.25,0,,,4,0,0,5,0,0,1,0.05,0,9999999.99,0,0,0,0,0,0,0,0,0,0,0,0,0,0,0,0,0,0,0,0,0,0,0,0,0,,0,,0,0,0,0,0,0,0,0,0,0,0,0,0,0,0,0,,,,,,,,,,,5,5, ,0,0,0,0,562106,0, ,41,0,0,Open,MEDFORD ,OR,975015913
cif_cust_id_06623,loan_id_1637,Revolving Credit,0,0,7.25,5/12/2026,4/12/2027,0,0,0,,Branch Not Assigned,_4,M120,Monthly,0,Reg P&I, ,0,180,0,20000,20000,Revolving,0,0,0,2063.76,0,0,99,officer_id_011,4/12/2017,4/12/2017,4/12/2017,5/12/2017,4/12/2017,,154,,154,No Prepayment Penatly,0,RVC Prime,5/1/2026,M001,365/365,6,6.75,5.5,0,,5/1/2026,0.5,1,1,6,18,0,1,0.05,0,9999999.99,0,0,0,0,0,0,0,0,0,0,0,0,0,0,0,0,0,0,0,0,0,0,0,0,0,,5,5/12/2023,0,0,0,0,0,0,0,0,0,0,0,0,0,0,0,0,,,,,,,,,,,5,5, ,0,0,0,0,0,0,C ,41,0,0,Open,MEDFORD ,OR,975047123
cif_cust_id_11597,loan_id_1648,Revolving Credit,0,0,10.25,5/9/2026,4/9/2028,0,0,0,4/9/2028,branch_id_05,_2,M060,Monthly,0,Reg P&I,Y,60,630,0,10000,10000,Revolving,0,0,0,0,0,0,60,officer_id_014,4/11/2023,4/9/2023,4/10/2023,5/9/2023,,,0,,0,No Prepayment Penatly,0,RVC Prime,5/1/2026,M001,365/365,11.5,6.75,8,0,,5/1/2026,3.5,1,1,0,18,0,1,0.05,0,9999999.99,0,0,0,0,0,0,0,0,0,0,0,0,0,0,0,0,0,0,0,0,0,0,0,0,0,,0,,0,0,0,0,0,0,0,0,0,0,0,0,0,0,0,0,,,,,,,,,,,5,5, ,0,0,0,0,3,0, ,41,0,0,Open,MEDFORD ,OR,975013875
cif_cust_id_13277,loan_id_1650,Mortgage,46302.58,_53.06,5.5,6/1/2026,9/1/2039,686.34,366.8,0,,branch_id_15,30,M361,Monthly,0,Reg P&I, ,0,140,120879,0,120879,Installment,0,0,0,87423.92,812.18,160.47,160,officer_id_050,8/14/2009,8/14/2009,8/14/2009,10/1/2009,12/15/2009,5/1/2026,154,,46403.52,No Prepayment Penatly,0,Fixed,, ,365/365,0,0,0,0,,,0,0,0,0,0,2970.07,1,0.05,0,9999999.99,0,0,0,0,0,0,0,0,0,0,0,0,0,0,0,0,0,0,0,0,0,0,0,0,0,,0,4/1/2024,0,0,0,0,0,0,0,0,0,0,0,0,0,0,0,0,,,,,,,,,,,5,5, ,0,0,0,0,0,0,C ,41,0,0,Open,GOLD HILL ,OR,975259628
cif_cust_id_15075,loan_id_1655,Commercial,99130.44,430.87,8.69,5/6/2026,4/6/2045,914.55,0,0,,Branch Not Assigned,42,M300,Monthly,0,Reg P&I, ,0,170,157315,0,157315,Installment,321.21,744.34,744.34,54688.9,2721.05,550.9,228,officer_id_011,4/6/2020,4/6/2020,4/6/2020,5/6/2020,,4/5/2026,154,,99715.31,No Prepayment Penatly,0,FHLB 5_YR,4/6/2030,M060,365/360,6.44,4.04,1.09,0,,4/6/2030,4.65,0,0,6.44,0,0,1,0.05,0,9999999.99,0,0,0,0,0,0,0,0,0,0,0,0,0,0,0,0,0,0,0,0,0,0,0,0,0,,0,12/6/2025,0,0,0,0,0,0,0,0,0,0,0,0,0,0,0,0,,,,,,,,,,,5,5, ,0,0,0,0,0,0,X ,41,0,0,Open,LINCOLN ,NE,685101873
cif_cust_id_15097,loan_id_1671,Commercial,49018.71,397.29,11.25,4/28/2026,8/28/2027,0,0,0,8/28/2027,Branch Not Assigned,45,M024,Monthly,0,Int Only,Y,24,180,0,50000,50000,Revolving,0,0,0,4582.65,1351.17,352.33,17,officer_id_011,8/30/2024,8/28/2024,8/30/2024,9/28/2024,8/28/2025,3/28/2026,154,,49570,No Prepayment Penatly,0,WSJ Prime,,0000,365/360,13,6.75,8.5,0,,,4.5,0,0,0,0,0,1,0.05,0,9999999.99,0,0,0,0,0,0,0,0,0,0,0,0,0,0,0,0,0,0,0,0,0,0,0,0,0,,0,,0,0,0,0,0,0,0,0,0,0,0,0,0,0,0,0,,,,,,,,,,,5,5, ,0,0,0,0,999999,0,X ,41,0,0,Open,MEDFORD ,OR,975046771
cif_cust_id_08184,loan_id_1680,Commercial,39239.42,103.57,5.62,5/7/2026,1/7/2047,500.9,0,0,,Branch Not Assigned,42,M300,Monthly,0,Reg P&I,N,0,190,80000,0,80000,Installment,906.29,193.71,193.71,14740.32,718.63,141.17,249,officer_id_011,1/10/2022,1/7/2022,1/10/2022,2/7/2022,,4/6/2026,154,,39496.99,No Prepayment Penatly,0,FHLB 5_YR,1/7/2027,M060,365/360,5.62,0,1.75,0,,1/7/2027,3.88,0,0,5.62,0,0,1,0.05,0,9999999.99,0,0,0,0,0,0,0,0,0,0,0,0,0,0,0,0,0,0,0,0,0,0,0,0,0,,0,2/7/2022,0,0,0,0,0,0,0,0,0,0,0,0,0,0,0,0,,,,,,,,,,,5,5, ,0,0,0,0,122961,0,X ,41,0,0,Open,CENTRAL POINT ,OR,975020047
cif_cust_id_04783,loan_id_1690,Installment,102721.74,382.84,4.25,4/23/2026,8/23/2047,609.47,0,0,,Branch Not Assigned,_1,M300,Monthly,0,Reg P&I, ,0,640,112500,0,112500,Installment,0,0,0,16428.96,1356.53,275.1,257,officer_id_011,8/23/2022,8/23/2022,8/23/2022,9/23/2022,,3/22/2026,0,,103104.58,No Prepayment Penatly,0,Fixed,, ,365/365,4.25,0,0,0,,,0,0,0,0,0,0,1,0.05,0,9999999.99,0,0,0,0,0,0,0,0,0,0,0,0,0,0,0,0,0,0,0,0,0,0,0,0,0,,0,3/23/2026,0,0,0,0,0,0,0,0,0,0,0,0,0,0,0,0,,,,,,,,,,,5,5, ,0,0,0,0,3,49,C ,41,0,0,Open,MEDFORD ,OR,975011769
cif_cust_id_08066,loan_id_1697,Installment,39887.53,24.46,4.5,5/19/2026,7/19/2036,405.49,0,0,,Branch Not Assigned,_1,M180,Monthly,0,Reg P&I,N,0,610,53000,0,53000,Installment,252.11,153.38,153.38,10000.46,563.46,113.54,123,officer_id_011,7/20/2021,7/19/2021,7/20/2021,8/19/2021,,4/18/2026,0,,39911.99,No Prepayment Penatly,0,Fixed,, ,365/365,4.5,0,4.5,0,,,0,0,0,0,0,0,1,0.05,0,9999999.99,0,0,0,0,0,0,0,0,0,0,0,0,0,0,0,0,0,0,0,0,0,0,0,0,0,,0,1/19/2025,0,0,0,0,0,0,0,0,0,0,0,0,0,0,0,0,,,,,,,,,,,5,5, ,0,0,0,0,0,33, ,41,0,0,Open,EAGLE POINT ,OR,975248645
cif_cust_id_15414,loan_id_1699,Commercial,25000,179.17,10.75,4/27/2026,3/27/2027,0,0,0,3/27/2027,Branch Not Assigned,,M012,Monthly,0,Int Only,Y,12,530,0,25000,25000,Revolving,0,0,0,0,179.17,171.7,12,officer_id_011,3/30/2026,3/27/2026,3/30/2026,4/27/2026,,3/30/2026,0,,25179.17,No Prepayment Penatly,0,WSJ Prime,,0000,365/360,10.75,0,6.75,0,,,4,0,0,5,0,0,1,0.05,0,9999999.99,0,0,0,0,0,0,0,0,0,0,0,0,0,0,0,0,0,0,0,0,0,0,0,0,0,,0,,0,0,0,0,0,0,0,0,0,0,0,0,0,0,0,0,,,,,,,,,,,5,5, ,0,0,0,0,159354,0, ,41,0,0,Open,KLAMATH FALLS ,OR,976037910
cif_cust_id_12270,loan_id_1700,Revolving Credit,0,0,7,5/31/2026,10/30/2034,0,0,0,10/30/2024,Branch Not Assigned,_4,M120,Monthly,0,Reg P&I,Y,120,180,0,145000,145000,Revolving,0,0,0,0,0,0,120,officer_id_011,11/4/2024,10/30/2024,11/4/2024,11/30/2024,,,154,,154,No Prepayment Penatly,0,RVC Prime,5/1/2026,M001,365/365,8.25,6.75,8,0,,5/1/2026,0.25,1,1,6,18,0,1,0.05,0,9999999.99,0,0,0,0,0,0,0,0,0,0,0,0,0,0,0,0,0,0,0,0,0,0,0,0,0,,0,,0,0,0,0,0,0,0,0,0,0,0,0,0,0,0,0,,,,,,,,,,,5,5, ,0,0,0,0,3,40,X ,41,0,0,Open,ASHLAND ,OR,975200034
cif_cust_id_02147,loan_id_1703,Revolving Credit,102.62,1.08,8.75,4/25/2026,3/25/2030,0,0,0,3/25/2030,Branch Not Assigned,_2,M060,Monthly,0,Reg P&I,Y,60,630,0,17000,17000,Revolving,0,0,0,944.26,5.89,0.57,60,officer_id_011,3/26/2025,3/25/2025,3/26/2025,4/25/2025,,3/10/2026,0,,103.7,No Prepayment Penatly,0,RVC Prime,5/1/2026,M001,365/365,9.5,6.75,7.5,0,,5/1/2026,2,1,1,0,18,0,1,0.05,0,9999999.99,0,0,0,0,0,0,0,0,0,0,0,0,0,0,0,0,0,0,0,0,0,0,0,0,0,,0,10/25/2025,0,0,0,0,0,0,0,0,0,0,0,0,0,0,0,0,,,,,,,,,,,5,5, ,0,0,0,0,3,0, ,41,0,0,Open,CENTRAL POINT ,OR,975027315
cif_cust_id_08819,loan_id_1709,Revolving Credit,0,0,7.75,5/13/2026,6/13/2027,0,0,0,6/13/2027,branch_id_05,_2,M060,Monthly,0,Reg P&I,Y,60,630,0,10000,10000,Revolving,0,0,0,16.88,0,0,60,officer_id_014,6/15/2022,6/13/2022,6/15/2022,7/13/2022,,,0,,0,No Prepayment Penatly,0,RVC Prime,5/1/2026,M001,365/365,5,6.75,4,0,,5/1/2026,1,1,1,0,18,0,1,0.05,0,9999999.99,0,0,0,0,0,0,0,0,0,0,0,0,0,0,0,0,0,0,0,0,0,0,0,0,0,,0,,0,0,0,0,0,0,0,0,0,0,0,0,0,0,0,0,,,,,,,,,,,5,5, ,0,0,0,0,0,0, ,41,0,0,Open,MEDFORD ,OR,975019326
cif_cust_id_01590,loan_id_1714,Revolving Credit,1639.76,11.17,7.25,5/5/2026,2/11/2029,0,0,0,2/11/2029,Branch Not Assigned,_4,M120,Monthly,0,Reg P&I,Y,120,180,432.25,30000,30000,Revolving,40.57,9.43,9.43,2282.94,43.05,7.5,120,officer_id_011,2/20/2019,2/5/2019,2/5/2019,4/5/2019,,3/20/2026,154,,1804.93,No Prepayment Penatly,0,RVC Prime,5/1/2026,M001,365/365,6,6.75,0,0,,5/1/2026,0.5,1,1,6,18,0,1,0.05,0,9999999.99,0,0,0,0,0,0,0,0,0,0,0,0,0,0,0,0,0,0,0,0,0,0,0,0,0,,0,3/5/2025,0,0,0,0,0,0,0,0,0,0,0,0,0,0,0,0,,,,,,,,,,,5,5, ,0,0,0,0,0,34,X ,41,0,0,Open,MEDFORD ,OR,975049716
cif_cust_id_10561,loan_id_1719,Mortgage,107289.23,378.11,2.75,5/1/2026,9/1/2035,1087.69,377.08,0,,branch_id_15,29,M180,Monthly,0,Reg P&I, ,0,140,268000,0,268000,Installment,0,0,0,24848.45,938.09,188.5,113,officer_id_050,10/5/2020,8/21/2020,8/26/2020,10/1/2020,4/12/2024,3/8/2026,0,,107667.34,No Prepayment Penatly,0,Fixed,, ,30/360 Am Sch,2.75,0,2.75,0,,,0,0,0,0,0,1873.63,1,0.05,0,9999999.99,0,0,0,0,0,0,0,0,0,0,0,0,0,0,0,0,0,0,0,0,0,0,0,0,0,,0,3/1/2026,0,0,0,0,0,1,0,0,0,0,0,0,0,0,0,0,,,,,,,,,,,5,5, ,0,0,0,0,0,0,X ,41,0,0,Open,CORVALLIS ,OR,973331922
cif_cust_id_15740,loan_id_1724,Commercial,0,0,9.3,5/18/2026,5/18/2026,0,0,0,5/18/2026,branch_id_10,11,M004,Monthly,0,Int Only,Y,4,530,0,250000,250000,Revolving,0,0,0,5784.02,0,0,2,officer_id_069,5/23/2023,5/18/2023,5/23/2023,6/18/2023,3/6/2026,,15,,18,No Prepayment Penatly,0,WSJ Prime,,0000,365/360,10.8,6.75,8.25,0,,,2.55,0,0,7.05,0,0,1,0.05,0,9999999.99,0,0,0,0,0,0,0,0,0,0,0,0,0,0,0,0,0,0,0,0,0,0,0,0,0,,0.85,9/18/2025,0,0,0,1,1,0,1,0,0,0,0,0,0,0,0,0,,,,,,,,,,,5,5, ,0,0,0,0,999999,0, ,41,0,0,Open,GRANTS PASS ,OR,975262340
cif_cust_id_15740,loan_id_1725,Commercial,88998.57,611.95,7.99,4/24/2026,7/24/2028,3501.59,0,0,,branch_id_10,10,M060,Monthly,0,Reg P&I, ,0,520,172240,0,172240,Installment,0,0,0,28809.45,2332.55,454.03,28,officer_id_020,7/25/2023,7/24/2023,7/25/2023,8/24/2023,,3/23/2026,169,,89779.52,No Prepayment Penatly,0,Fixed,, ,365/360,7.99,0,7.99,0,,,0,0,0,0,0,0,1,0.05,0,9999999.99,0,0,0,0,0,0,0,0,0,0,0,0,0,0,0,0,0,0,0,0,0,0,0,0,0,,0,1/24/2026,0,0,0,0,0,0,0,0,0,0,0,0,0,0,0,0,,,,,,,,,,,5,5, ,0,0,0,0,999999,0, ,41,0,0,Open,GRANTS PASS ,OR,975262340
cif_cust_id_15744,loan_id_1728,Commercial,0,0,10.75,5/28/2026,8/28/2026,0,0,0,8/28/2026,Branch Not Assigned,,M012,Monthly,0,Int Only,Y,12,530,0,25000,25000,Revolving,0,0,0,31.42,0,0,_1,officer_id_011,8/28/2025,8/28/2025,8/28/2025,9/28/2025,,,0,10/28/2025,0,No Prepayment Penatly,0,WSJ Prime,,0000,365/360,11.5,6.75,7.5,0,,,4,0,0,5,0,0,1,0.05,0,9999999.99,0,0,0,0,0,0,0,0,0,0,0,0,0,0,0,0,0,0,0,0,0,0,0,0,0,,0,,0,0,0,0,0,0,0,0,0,0,0,0,0,0,0,0,,,,,,,,,,,5,5, ,0,0,0,0,208140,0, ,41,0,0,Open,JACKSONVILLE ,OR,975309403
cif_cust_id_15760,loan_id_1736,Commercial,56471.5,116.03,7.5,5/14/2026,10/14/2029,1532.52,0,0,,branch_id_05,13,M120,Monthly,0,Reg P&I, ,0,510,144000,0,144000,Installment,1165.38,367.14,367.14,37949.07,1367,269.99,42,officer_id_061,10/15/2019,10/14/2019,10/15/2019,11/14/2019,,4/13/2026,169,,56756.53,No Prepayment Penatly,0,WSJ Prime,10/14/2026,M012,365/365,5.75,7.25,5,0,,10/14/2026,0.75,0,0,4,7.5,0,1,0.05,0,9999999.99,0,0,0,0,0,0,0,0,0,0,0,0,0,0,0,0,0,0,0,0,0,0,0,0,0,,0,3/14/2026,0,0,0,0,0,0,0,0,0,0,0,0,0,0,0,0,,,,,,,,,,,5,5, ,0,0,0,0,587007,0,X ,41,85,0.55,Open,MEDFORD ,OR,975012715
cif_cust_id_15710,loan_id_2274,Mortgage,312918.44,1299.51,6.5,5/1/2026,2/1/2054,2034.34,0,0,,branch_id_15,38,M368,Monthly,0,Reg P&I, ,0,140,0,0,327000,Installment,337.54,1696.8,1696.8,54854.79,6396.42,1299.49,334,officer_id_050,5/24/2023,5/16/2023,5/24/2023,7/1/2023,2/9/2024,3/31/2026,0,,314217.95,No Prepayment Penatly,0,1_Yr Treasury,4/17/2034,M012,30/360 Am Sch,6.5,0,4.77,0,,6/1/2034,3,2,2,6.5,11.5,0,1,0.05,0,9999999.99,0,0,0,0,0,0,0,0,0,0,0,0,0,0,0,0,0,0,0,0,0,0,0,0,0,,0,12/1/2025,0,0,0,1,0,0,0,0,0,0,0,0,0,0,0,0,,,,,,,,,,,5,5, ,0,0,0,0,3,0,X ,41,0,0,Open,MONROE ,OR,974560218
cif_cust_id_15774,loan_id_1779,Revolving Credit,233545.28,789.17,7.25,5/20/2026,3/20/2028,0,0,0,3/20/2028,Branch Not Assigned,_8,M024,Monthly,0,Reg P&I,Y,24,630,0,250000,250000,Revolving,1400,1107.42,1107.42,33599.46,5265.75,1069.17,24,officer_id_011,3/27/2024,3/20/2024,3/27/2024,4/20/2024,3/4/2026,4/6/2026,0,,234334.45,No Prepayment Penatly,0,RVC Prime,5/1/2026,M001,365/365,9,6.75,8.5,0,,5/1/2026,0.5,1,1,0,18,0,1,0.05,0,9999999.99,0,0,0,0,0,0,0,0,0,0,0,0,0,0,0,0,0,0,0,0,0,0,0,0,0,,0,4/20/2024,0,0,0,0,0,0,0,0,0,0,0,0,0,0,0,0,,,,,,,,,,,5,5, ,0,0,0,0,272340,38, ,41,0,0,Open,CENTRAL POINT ,OR,975021173
cif_cust_id_00998,loan_id_1740,Installment,9802.6,6.64,8.25,5/21/2026,3/21/2030,244.82,0,0,,Branch Not Assigned,_1,M060,Monthly,0,Reg P&I, ,0,610,12000,0,12000,Installment,174.9,69.92,69.92,985.26,260.71,51.75,47,officer_id_011,3/21/2025,3/21/2025,3/21/2025,4/21/2025,,4/20/2026,0,,9809.24,No Prepayment Penatly,0,Fixed,, ,365/365,8.25,0,8.25,0,,,0,0,0,0,0,0,1,0.05,0,9999999.99,0,0,0,0,0,0,0,0,0,0,0,0,0,0,0,0,0,0,0,0,0,0,0,0,0,,0,3/21/2026,0,0,0,0,0,0,0,0,0,0,0,0,0,0,0,0,,,,,,,,,,,5,5, ,0,0,0,0,3,0, ,41,0,0,Open,MEDFORD ,OR,975046876
cif_cust_id_18952,loan_id_1744,Revolving Credit,0,28.77,8.75,5/12/2026,11/12/2030,0,0,0,11/12/2030,Branch Not Assigned,_2,M060,Monthly,0,Reg P&I,Y,60,630,0,25000,25000,Revolving,15000,0,0,0,28.77,28.77,60,officer_id_011,11/12/2025,11/12/2025,11/12/2025,12/12/2025,,,0,,28.77,No Prepayment Penatly,0,RVC Prime,5/1/2026,M001,365/365,9,6.75,7,0,,5/1/2026,2,1,1,0,18,0,1,0.05,0,9999999.99,0,0,0,0,0,0,0,0,0,0,0,0,0,0,0,0,0,0,0,0,0,0,0,0,0,,0,,0,0,0,0,0,0,0,0,0,0,0,0,0,0,0,0,,,,,,,,,,,5,5, ,0,0,0,0,51948,13, ,41,0,0,Open,JACKSONVILLE ,OR,975300929
cif_cust_id_07874,loan_id_1749,Mortgage,259255.92,581.8,3.5,5/1/2026,8/1/2050,1320.19,399.85,0,,branch_id_15,29,M360,Monthly,0,Reg P&I, ,0,140,294000,0,294000,Installment,562.39,757.8,757.8,56435.85,2858.03,579.72,292,officer_id_050,8/28/2020,7/8/2020,7/8/2020,9/1/2020,,3/31/2026,0,,259837.72,No Prepayment Penatly,0,Fixed,, ,30/360 Am Sch,3.5,0,3.5,0,,,0,0,0,0,0,2834.05,1,0.05,0,9999999.99,0,0,0,0,0,0,0,0,0,0,0,0,0,0,0,0,0,0,0,0,0,0,0,0,0,,0,11/1/2025,0,0,0,0,0,0,0,0,0,0,0,0,0,0,0,0,,,,,,,,,,,5,5, ,0,0,0,0,0,0,X ,41,0,0,Open,MEDFORD ,OR,975047748
cif_cust_id_16082,loan_id_1750,Commercial,204374.37,528.44,7.76,5/12/2026,11/12/2045,1708.36,0,0,,Branch Not Assigned,42,M300,Monthly,0,Reg P&I, ,0,190,232704.55,0,232704.55,Installment,340.93,1367.43,1367.43,62086.42,4994.53,1013.66,235,officer_id_011,11/12/2020,11/12/2020,11/12/2020,12/12/2020,,4/11/2026,154,,205056.81,No Prepayment Penatly,0,FHLB 5_YR,11/12/2030,M060,365/360,4.96,3.77,0.89,0,,11/12/2030,3.99,0,0,4.96,0,0,1,0.05,0,9999999.99,0,0,0,0,0,0,0,0,0,0,0,0,0,0,0,0,0,0,0,0,0,0,0,0,0,,0,10/12/2025,0,0,0,0,0,0,0,0,0,0,0,0,0,0,0,0,,,,,,,,,,,5,5, ,0,0,0,0,104842,0,X ,41,0,0,Open,TALENT ,OR,975400203
cif_cust_id_01745,loan_id_1753,Mortgage,49160.15,193.34,4.95,4/26/2026,3/26/2033,693.86,0,0,,branch_id_15,30,M180,Monthly,0,Reg P&I, ,0,140,88000,0,88000,Installment,0,0,0,27772.67,764.42,153.34,84,officer_id_050,3/20/2018,3/20/2018,3/20/2018,4/26/2018,3/20/2018,3/25/2026,154,,49507.49,No Prepayment Penatly,0,Fixed,, ,365/365,0,0,0,0,,,0,0,0,0,0,0,1,0.05,0,9999999.99,0,0,0,0,0,0,0,0,0,0,0,0,0,0,0,0,0,0,0,0,0,0,0,0,0,,0,7/26/2025,0,0,0,0,0,0,0,0,0,0,0,0,0,0,0,0,,,,,,,,,,,5,5, ,0,0,0,0,0,36.81,C ,41,0,0,Open,EAGLE POINT ,OR,975249779
cif_cust_id_16099,loan_id_1755,Commercial,141832.92,158.15,6.69,5/18/2026,1/18/2029,4481.01,0,0,1/18/2029,Branch Not Assigned,40,M084,Monthly,0,Reg P&I,Y,79,520,299000,0,299000,Installment,3642.95,838.06,838.06,65630.5,3146.57,617.73,33,officer_id_011,1/19/2022,1/18/2022,1/19/2022,2/18/2022,6/24/2022,4/17/2026,15,,142006.07,No Prepayment Penatly,0,Fixed,, ,365/360,6.69,0,6.69,0,,,0,0,0,0,0,0,1,0.05,0,9999999.99,0,0,0,0,0,0,0,0,0,0,0,0,0,0,0,0,0,0,0,0,0,0,0,0,0,,0,4/18/2026,0,0,0,0,0,0,0,0,0,0,0,0,0,0,0,0,,,,,,,,,,,5,5, ,601.98,0,0,0,999999,0, ,41,0,0,Open,BUTTE FALLS ,OR,97522
cif_cust_id_16099,loan_id_1756,Commercial,175000,504.17,11,5/12/2026,2/12/2027,0,0,0,2/12/2027,Branch Not Assigned,41,M012,Monthly,0,Int Only,Y,12,530,0,175000,175000,Revolving,0,863.19,863.19,1023.61,1527.78,756.25,10,officer_id_011,2/17/2026,2/12/2026,2/17/2026,3/12/2026,,4/14/2026,15,,175519.17,No Prepayment Penatly,0,WSJ Prime,,0000,365/360,11,0,6.75,0,,,4.25,0,0,0,0,0,1,0.05,0,9999999.99,0,0,0,0,0,0,0,0,0,0,0,0,0,0,0,0,0,0,0,0,0,0,0,0,0,,0,,0,0,0,0,0,0,0,0,0,0,0,0,0,0,0,0,,,,,,,,,,,5,5, ,0,0,0,0,999999,0, ,41,0,0,Open,BUTTE FALLS ,OR,975220371
cif_cust_id_14000,loan_id_1757,Commercial,124341.8,299.25,10.83,5/16/2026,12/16/2050,1223.95,0,0,,Branch Not Assigned,42,M300,Monthly,0,Reg P&I, ,0,170,125000,0,125000,Installment,63.77,1160.18,1160.18,4237.6,4236.02,860.63,296,officer_id_011,12/24/2025,12/16/2025,12/24/2025,1/16/2026,,4/15/2026,154,,124795.05,No Prepayment Penatly,0,FHLB 5_YR,12/16/2030,M060,365/360,10.83,0,3.81,0,,12/16/2030,7.08,0,0,10.83,0,0,1,0.05,0,9999999.99,0,0,0,0,0,0,0,0,0,0,0,0,0,0,0,0,0,0,0,0,0,0,0,0,0,,0,1/16/2026,0,0,0,1,0,0,0,0,0,0,0,0,0,0,0,0,,,,,,,,,,,5,5, ,0,0,0,0,79798,0,C ,41,0,0,Open,BUTTE FALLS ,OR,975220371
cif_cust_id_15321,loan_id_1758,Mortgage,136613.59,555.86,6.25,5/1/2026,4/1/2054,862,0,0,,branch_id_15,38,M360,Monthly,0,Reg P&I, ,0,140,0,0,140000,Installment,149.69,712.31,712.31,22299.07,2684.75,545.5,328,officer_id_050,3/9/2023,3/3/2023,3/3/2023,4/1/2023,,3/31/2026,0,,137169.45,No Prepayment Penatly,0,Fixed,4/1/2031, ,30/360 Am Sch,6.25,0,4.88,0,,4/1/2031,0,0,0,0,0,0,1,0.05,0,9999999.99,0,0,0,0,0,86.2,0,0,0,0,0,0,129.3,43.1,86.2,0,0,0,0,0,43.1,43.1,0,0,0,,344.8,4/1/2026,258.6,0,0,1,0,4,0,0,0,0,0,0,0,0,0,0,,,,,,,,,,,5,5, ,0,0,0,0,3,0,X ,41,0,0,Open,MEDFORD ,OR,975044531
cif_cust_id_09372,loan_id_1762,Mortgage,18906.8,59.39,4.91,5/1/2026,8/1/2033,485.21,586.83,0,,branch_id_15,29,M181,Monthly,0,Reg P&I, ,0,140,148000,0,148000,Installment,0,0,0,21833.08,307.72,59.31,88,officer_id_050,7/6/2018,7/6/2018,7/6/2018,9/1/2018,7/6/2018,3/31/2026,0,,18966.19,No Prepayment Penatly,0,Fixed,, ,30/360 Am Sch,0,0,0,0,,,0,0,0,0,0,3872.23,1,0.05,0,9999999.99,0,0,0,0,0,0,0,0,0,0,0,0,0,0,0,0,0,0,0,0,0,0,0,0,0,,0,1/1/2026,0,0,0,0,0,0,0,0,0,0,0,0,0,0,0,0,,,,,,,,,,,5,5, ,0,0,0,0,0,0,X ,41,0,0,Open,LAKEVIEW ,OR,976309159
cif_cust_id_16174,loan_id_1764,Commercial,283734.97,961.98,11.25,5/10/2026,2/26/2031,3995.72,0,0,,Branch Not Assigned,13,M120,Monthly,0,Reg P&I, ,0,520,284053.56,0,284053.56,Installment,318.59,3677.13,3677.13,3677.13,4639.11,2012.59,119,officer_id_059,3/2/2026,2/26/2026,3/2/2026,4/10/2026,,4/12/2026,15,,284711.95,No Prepayment Penatly,0,WSJ Prime,7/1/2026,M003,365/365,11.25,6.75,6.75,0,,7/1/2026,4.5,0,0,0,0,0,1,0.05,0,9999999.99,0,0,0,0,0,0,0,0,0,0,0,0,0,0,0,0,0,0,0,0,0,0,0,0,0,,0,4/10/2026,0,0,0,0,0,0,0,0,0,0,0,0,0,0,0,0,,,,,,,,,,,5,5, ,0,0,0,0,999999,0, ,41,75,0.55,Open,JACKSONVILLE ,OR,975300749
cif_cust_id_16292,loan_id_1778,Commercial,43996.53,28.93,8,5/21/2026,7/21/2028,1759.45,0,0,7/21/2028,Branch Not Assigned,10,M072,Monthly,0,Reg P&I,Y,72,510,100800.55,0,100800.55,Installment,1450.66,308.79,308.79,22371.23,1172.35,228.15,27,officer_id_011,7/28/2022,7/21/2022,7/21/2022,8/21/2022,,4/20/2026,15,,44040.46,No Prepayment Penatly,0,Fixed,, ,365/365,8,0,8,0,,,0,0,0,0,0,0,1,0.05,0,9999999.99,0,0,0,0,0,0,0,0,0,0,0,0,0,0,0,0,0,0,0,0,0,0,0,0,0,,0,3/21/2026,0,0,0,0,0,0,0,0,0,0,0,0,0,0,0,0,,,,,,,,,,,5,5, ,0,0,0,0,481347,0, ,41,0,0,Open,MEDFORD ,OR,975015912
cif_cust_id_16211,loan_id_1773,Commercial,0,0,7.75,5/24/2026,3/24/2027,0,0,0,3/24/2027,Branch Not Assigned,41,M024,Monthly,0,Int Only,Y,24,530,0,250000,250000,Revolving,0,0,0,0,0,0,23,officer_id_011,3/24/2017,3/24/2017,3/24/2017,4/24/2019,3/24/2025,,15,,15,No Prepayment Penatly,0,WSJ Prime,,0000,365/360,5,6.75,4,0,,,1,0,0,5,0,0,1,0.05,0,9999999.99,0,0,0,0,0,0,0,0,0,0,0,0,0,0,0,0,0,0,0,0,0,0,0,0,0,,0,,0,0,0,0,0,0,0,0,0,0,0,0,0,0,0,0,,,,,,,,,,,5,4, ,0,0,0,0,999999,0, ,41,0,0,Open,CENTRAL POINT ,OR,975020011
cif_cust_id_16399,loan_id_1783,Commercial,8381.69,_61.34,10.75,6/16/2026,7/16/2026,0,0,0,7/16/2026,Branch Not Assigned,,M012,Monthly,0,Int Only,Y,12,530,0,25000,25000,Revolving,724.81,75.19,75.19,921.69,329.9,61.03,3,officer_id_011,7/17/2025,7/16/2025,7/17/2025,8/16/2025,,5/18/2026,0,,8320.35,No Prepayment Penatly,0,WSJ Prime,,0000,365/360,11.5,6.75,7.5,0,,,4,0,0,5,0,0,1,0.05,0,9999999.99,0,0,0,0,0,0,0,0,0,0,0,0,0,0,0,0,0,0,0,0,0,0,0,0,0,,0,,0,0,0,0,0,0,0,0,0,0,0,0,0,0,0,0,,,,,,,,,,,5,5, ,0,0,0,0,999999,0, ,41,0,0,Open,MEDFORD ,OR,975048450
cif_cust_id_08350,loan_id_1789,Revolving Credit,4559.12,40.69,8.75,5/18/2026,3/18/2029,0,0,0,3/18/2029,Branch Not Assigned,_2,M060,Monthly,0,Reg P&I,Y,60,630,0,50000,30000,Revolving,4909.07,90.93,90.93,7843.62,378.19,47.5,60,officer_id_011,3/18/2019,3/18/2019,3/18/2019,4/18/2019,3/8/2024,3/17/2026,0,,4599.81,No Prepayment Penatly,0,RVC Prime,5/1/2026,M001,365/365,8.5,6.75,0,0,,5/1/2026,2,1,1,0,18,0,1,0.05,0,9999999.99,0,0,0,0,0,0,0,0,0,0,0,0,0,0,0,0,0,0,0,0,0,0,0,0,0,,0,4/18/2026,0,0,0,2,0,0,0,0,0,0,0,0,0,0,0,0,,,,,,,,,,,5,5, ,0,0,0,0,495408,12, ,41,0,0,Open,SHADY COVE ,OR,975399407
cif_cust_id_07439,loan_id_1806,Revolving Credit,50000,238.36,7.25,5/12/2026,8/12/2030,0,0,0,8/12/2030,Branch Not Assigned,_4,M120,Monthly,0,Reg P&I,Y,120,180,0,50000,50000,Revolving,0,297.94,297.94,1096.77,736.16,228.42,120,officer_id_011,8/17/2020,8/12/2020,8/17/2020,9/12/2020,,3/30/2026,154,,50392.36,No Prepayment Penatly,0,RVC Prime,5/1/2026,M001,365/365,6,6.75,3.25,0,,5/1/2026,0.5,1,1,6,18,0,1,0.05,0,9999999.99,0,0,0,0,0,0,0,0,0,0,0,0,0,0,0,0,0,0,0,0,0,0,0,0,0,,0,3/12/2022,0,0,0,0,0,0,0,0,0,0,0,0,0,0,0,0,,,,,,,,,,,5,5, ,0,0,0,0,0,31,X ,41,0,0,Open,MEDFORD ,OR,975048226
cif_cust_id_16545,loan_id_1812,Commercial,0,0,10.75,4/26/2026,1/26/2027,0,0,0,1/26/2027,Branch Not Assigned,,M012,Monthly,0,Int Only,Y,12,530,0,25000,25000,Revolving,20000,203.05,203.05,203.05,203.05,113.47,0,officer_id_011,1/28/2026,1/26/2026,1/26/2026,2/26/2026,,,0,4/20/2026,0,No Prepayment Penatly,0,WSJ Prime,,0000,365/360,10.75,0,6.75,0,,,4,0,0,5,0,0,1,0.05,0,9999999.99,0,0,0,0,0,0,0,0,0,0,0,0,0,0,0,0,0,0,0,0,0,0,0,0,0,,0,,0,0,0,0,0,0,0,0,0,0,0,0,0,0,0,0,,,,,,,,,,,5,5, ,0,0,0,0,680000,0, ,41,0,0,Open,ALBANY ,OR,973211315
cif_cust_id_01685,loan_id_1813,Installment,2859.42,18.5,8.75,4/28/2026,11/28/2026,371.45,0,0,,Branch Not Assigned,_1,M048,Monthly,0,Reg P&I, ,0,650,15000,0,15000,Installment,0,0,0,2717.42,91.69,15.76,8,officer_id_011,12/2/2022,11/28/2022,12/2/2022,12/28/2022,,3/27/2026,0,,2877.92,No Prepayment Penatly,0,Fixed,, ,365/365,8.75,0,8.75,0,,,0,0,0,0,0,0,1,0.05,0,9999999.99,0,0,0,0,0,0,0,0,0,0,0,0,0,0,0,0,0,0,0,0,0,0,0,0,0,,0,3/28/2026,0,0,0,0,0,0,0,0,0,0,0,0,0,0,0,0,,,,,,,,,,,5,5, ,0,0,0,0,3,20, ,41,0,0,Open,ASHLAND ,OR,975203706
cif_cust_id_16612,loan_id_1819,Commercial,181675.1,362.74,5.99,5/12/2026,6/12/2042,1561.48,896.75,0,,Branch Not Assigned,22,M300,Monthly,0,Reg P&I, ,0,170,270000,0,270000,Installment,662.74,940.51,940.51,110381.86,3441.5,696.47,194,officer_id_011,6/12/2017,6/12/2017,6/12/2017,7/12/2017,6/12/2017,4/11/2026,154,,182191.84,% of Current Balance,0,FHLB 5_YR,6/12/2027,M060,365/360,5.25,3.33,2.59,0,,6/12/2027,2.66,0,0,5.25,0,5026.41,1,0.05,0,9999999.99,0,0,0,0,0,0,0,0,0,0,0,0,0,0,0,0,0,0,0,0,0,0,0,0,0,,0,10/12/2025,0,0,0,0,0,0,0,0,0,0,0,0,0,0,0,0,,,,,,,,,,,5,5, ,0,0,0,0,103826,0,X ,41,0,0,Open,GRANTS PASS ,OR,975261634
cif_cust_id_16614,loan_id_1820,Commercial,185434.45,921.19,7.12,5/15/2026,11/15/2028,1885.52,0,0,11/15/2028,branch_id_02,35,M240,Monthly,0,Reg P&I,Y,120,160,0,0,250000,Installment,1040.2,1109.8,1109.8,93786.97,4193.82,847.43,31,officer_id_064,11/16/2018,11/16/2018,11/16/2018,12/15/2018,,3/29/2026,154,,186509.64,% of Current Balance,0,FHLB 5_YR,11/15/2028,M060,365/360,5.87,4.62,3.37,0,,11/15/2028,2.5,0,0,0,0,0,50,0.05,10,9999999.99,0,0,0,0,0,0,0,0,0,0,0,0,0,0,0,0,0,0,0,0,0,0,0,0,0,,0,4/15/2026,0,0,0,0,0,0,0,0,0,0,0,0,0,0,0,0,,,,,,,,,,,5,0, ,185.14,0,0,0,0,0, ,41,0,0,Open,ALBANY ,OR,973212253
cif_cust_id_16637,loan_id_1825,Commercial,641762,11213.26,5.13,5/8/2026,10/8/2044,4474.62,0,0,10/8/2044,branch_id_05,22,M303,Monthly,0,Reg P&I,Y,300,190,750000,0,750000,Installment,1632.43,2842.19,2842.19,227358.5,10384.77,2105,222,officer_id_027,10/9/2019,10/8/2019,10/9/2019,11/8/2019,1/22/2024,12/21/2025,154,,653129.26,% of Current Balance,0,FHLB 7_YR,10/8/2026,M084,365/360,5.13,0,2.11,0,,10/8/2026,2.7,0,0,5.13,0,0,1,0.05,0,9999999.99,0,0,0,0,0,0,0,0,0,0,0,0,0,0,0,0,0,0,0,0,0,0,0,0,9750.04,,0,11/8/2025,0,0,0,0,0,0,0,0,0,0,0,0,0,0,0,0,,,,,,,,,,,5,4, ,4282.86,0,0,0,48297,0,X ,41,0,0,Open,MEDFORD ,OR,975045680
cif_cust_id_16645,loan_id_1827,Commercial,10673.56,37.35,6,5/3/2026,1/3/2029,352.11,0,0,,Branch Not Assigned,10,M084,Monthly,0,Reg P&I, ,0,510,24037.5,0,24037.5,Installment,295.43,56.68,56.68,4593.67,210.3,41.01,33,officer_id_011,1/3/2022,1/3/2022,1/3/2022,2/3/2022,,4/2/2026,15,,10725.91,No Prepayment Penatly,0,Fixed,, ,365/360,6,0,6,0,,,0,0,0,0,0,0,1,0.05,0,9999999.99,0,0,0,0,0,0,0,0,0,0,0,0,0,0,0,0,0,0,0,0,0,0,0,0,0,,0,1/3/2026,0,0,0,0,0,0,0,0,0,0,0,0,0,0,0,0,,,,,,,,,,,5,5, ,0,0,0,0,176896,0, ,41,0,0,Open,AUMSVILLE ,OR,973259490
cif_cust_id_16664,loan_id_1828,Commercial,22110.65,148.32,11.5,5/3/2026,7/3/2030,552.02,0,0,,Branch Not Assigned,,M060,Monthly,0,Reg P&I, ,0,510,25000,0,25000,Installment,329.8,222.22,222.22,2078.83,818.22,162.66,51,officer_id_011,7/3/2025,7/3/2025,7/3/2025,8/3/2025,,4/2/2026,0,,22258.97,No Prepayment Penatly,0,Fixed,, ,365/360,11.5,0,11.5,0,,,0,0,0,0,0,0,1,0.05,0,9999999.99,0,0,0,0,0,0,0,0,0,0,0,0,0,0,0,0,0,0,0,0,0,0,0,0,0,,0,1/3/2026,0,0,0,0,0,0,0,0,0,0,0,0,0,0,0,0,,,,,,,,,,,5,5, ,0,0,0,0,633000,0, ,41,0,0,Open,CENTRAL POINT ,OR,975028732
cif_cust_id_16761,loan_id_1832,Commercial,13798.95,24.19,8.75,5/16/2026,5/15/2028,0,0,0,5/15/2028,Branch Not Assigned,41,M026,Monthly,0,Int Only,Y,26,530,0,150000,100000,Revolving,10850,201.38,201.38,12194.15,780.21,114.06,24,officer_id_011,11/14/2017,11/14/2017,11/14/2017,11/15/2019,3/18/2026,4/16/2026,0,,13823.14,No Prepayment Penatly,0,WSJ Prime,,0000,365/360,6.25,6.75,4.25,0,,,2,0,0,5.25,0,0,1,0.05,0,9999999.99,0,0,0,0,0,0,0,0,0,0,0,0,0,0,0,0,0,0,0,0,0,0,0,0,0,,0,2/15/2026,0,0,0,0,0,0,0,0,0,0,0,0,0,0,0,0,,,,,,,,,,,5,0, ,0,0,0,0,999999,0, ,41,0,0,Open,LEBANON ,OR,973552334
cif_cust_id_13757,loan_id_1833,Revolving Credit,52034.58,170.58,7,5/20/2026,12/20/2032,0,0,0,12/20/2032,Branch Not Assigned,_4,M120,Monthly,0,Reg P&I,Y,120,180,0,60000,60000,Revolving,377.55,322.45,322.45,14460.83,1146.03,230.89,120,officer_id_011,12/27/2022,12/20/2022,12/27/2022,1/20/2023,,4/6/2026,154,,52359.16,No Prepayment Penatly,0,RVC Prime,5/1/2026,M001,365/365,7.75,6.75,7.5,0,,5/1/2026,0.25,1,1,6,18,0,1,0.05,0,9999999.99,0,0,0,0,0,0,0,0,0,0,0,0,0,0,0,0,0,0,0,0,0,0,0,0,0,,0,2/20/2025,0,0,0,0,0,0,0,0,0,0,0,0,0,0,0,0,,,,,,,,,,,5,5, ,0,0,0,0,0,6,X ,41,0,0,Open,ALBANY ,OR,973212059
cif_cust_id_15802,loan_id_1834,Installment,41222.38,178.32,5.09,4/24/2026,8/24/2033,556.99,0,0,,Branch Not Assigned,_3,M180,Monthly,0,Reg P&I, ,0,130,70000,0,70000,Installment,0,0,0,21910.72,658.55,132.22,89,officer_id_011,8/20/2018,8/20/2018,8/20/2018,9/24/2018,8/20/2018,3/23/2026,154,,41554.7,No Prepayment Penatly,0,Fixed,, ,365/365,0,0,0,0,,,0,0,0,0,0,0,1,0.05,0,9999999.99,0,0,0,0,0,0,0,0,0,0,0,0,0,0,0,0,0,0,0,0,0,0,0,0,0,,27.84,3/24/2026,0,0,0,2,0,0,0,0,0,0,0,0,0,0,0,0,,,,,,,,,,,5,5, ,0,0,0,0,0,26,X ,41,0,0,Open,WILLIAMS ,OR,975449636
cif_cust_id_16852,loan_id_1835,Commercial,782176.68,3230.1,5.93,5/15/2026,6/15/2030,6828.88,0,0,6/15/2030,branch_id_02,22,M240,Monthly,0,Reg P&I,Y,120,170,911648.15,0,911648.15,Installment,4105.35,3894.65,3894.65,305084.15,14713.64,2971.16,50,officer_id_064,6/14/2019,6/14/2019,6/14/2019,11/15/2020,,3/29/2026,154,,785560.78,% of Current Balance,0,FHLB 5_YR,9/15/2030,M060,365/360,6,3.68,3.75,0,,9/15/2030,2.25,0,0,0,0,0,50,0.05,10,9999999.99,0,0,0,0,0,0,0,0,0,0,0,0,0,0,0,0,0,0,0,0,0,0,0,0,0,,0,2/15/2026,0,0,0,0,0,0,0,0,0,0,0,0,0,0,0,0,,,,,,,,,,,5,0, ,859.67,0,0,0,0,0,X ,41,0,0,Open,MOLALLA ,OR,970380521
cif_cust_id_06254,loan_id_1840,Revolving Credit,12000,63.96,8.75,5/12/2026,9/12/2029,0,0,0,9/12/2029,Branch Not Assigned,_2,M060,Monthly,0,Reg P&I,Y,60,630,0,20000,20000,Revolving,700,73.23,73.23,515.19,159.62,67,60,officer_id_011,9/17/2024,9/11/2024,9/17/2024,10/12/2024,,4/1/2026,0,,12063.96,No Prepayment Penatly,0,RVC Prime,5/1/2026,M001,365/365,10.5,6.75,8.5,0,,5/1/2026,2,0,0,0,18,0,1,0.05,0,9999999.99,0,0,0,0,0,0,0,0,0,0,0,0,0,0,0,0,0,0,0,0,0,0,0,0,0,,0,10/12/2025,0,0,0,0,0,0,0,0,0,0,0,0,0,0,0,0,,,,,,,,,,,5,5, ,0,0,0,0,103692,9, ,41,0,0,Open,ASHLAND ,OR,975209796
cif_cust_id_02807,loan_id_1844,Revolving Credit,0,0,7,6/6/2026,5/2/2028,0,0,0,,branch_id_03,_4,M120,Monthly,0,Reg P&I, ,0,180,0,750000,750000,Revolving,0,0,0,76746.46,0,0,0,officer_id_032,5/2/2018,5/2/2018,5/2/2018,6/2/2018,5/2/2018,,154,,154,No Prepayment Penatly,0,RVC Prime,5/1/2026,M001,365/365,6,6.75,5.75,0,,5/1/2026,0.25,1,1,6,18,0,1,0.05,0,9999999.99,0,0,0,0,0,0,0,0,0,0,0,0,0,0,0,0,0,0,0,0,0,0,0,0,0,,0,12/6/2021,0,0,0,0,0,0,0,0,0,0,0,0,0,0,0,0,,,,,,,,,,,5,5, ,0,0,0,0,0,37.29,X ,41,0,0,Open,MEDFORD ,OR,975013792
cif_cust_id_16880,loan_id_1854,Commercial,26961.62,65.9,12.95,5/17/2026,3/17/2030,810,0,0,,Branch Not Assigned,40,M060,Monthly,0,Reg P&I, ,0,520,35478.59,0,35478.59,Installment,692.9,307.1,307.1,4485.92,1150.81,225.06,47,officer_id_011,3/19/2025,3/17/2025,3/18/2025,4/17/2025,,4/16/2026,0,,27027.52,No Prepayment Penatly,0,Fixed,, ,365/360,12.95,0,12.95,0,,,0,0,0,0,0,0,1,0.05,0,9999999.99,0,0,0,0,0,0,0,0,0,0,0,0,0,0,0,0,0,0,0,0,0,0,0,0,0,,0,,0,0,0,0,0,0,0,0,0,0,0,0,0,0,0,0,,,,,,,,,,,5,5, ,0,0,0,0,264050,0, ,41,0,0,Open,MEDFORD ,OR,975011297
cif_cust_id_16928,loan_id_1855,Commercial,25000,82.12,10.75,5/13/2026,3/13/2027,0,0,0,3/13/2027,Branch Not Assigned,,M012,Monthly,0,Int Only,Y,12,530,0,25000,25000,Revolving,0,223.96,223.96,223.96,306.08,171.7,11,officer_id_011,3/13/2026,3/13/2026,3/13/2026,4/13/2026,,4/12/2026,0,,25082.12,No Prepayment Penatly,0,WSJ Prime,,0000,365/360,10.75,0,6.75,0,,,4,0,0,5,0,0,1,0.05,0,9999999.99,0,0,0,0,0,0,0,0,0,0,0,0,0,0,0,0,0,0,0,0,0,0,0,0,0,,0,,0,0,0,0,0,0,0,0,0,0,0,0,0,0,0,0,,,,,,,,,,,5,5, ,0,0,0,0,251968,0, ,41,0,0,Open,SALEM ,OR,973024137
cif_cust_id_16928,loan_id_1856,Commercial,1280352.93,4234.99,4.75,5/15/2026,8/15/2032,10379.86,0,0,8/15/2032,branch_id_18,22,M300,Monthly,0,Reg P&I,Y,0,170,1758457.82,0,1758457.82,Installment,5498.99,5101.01,5101.01,658340.42,19260.98,3895.67,76,officer_id_058,2/1/2017,2/1/2017,2/1/2017,9/15/2017,,3/29/2026,154,,1284741.92,% of Current Balance,0,FHLB 5_YR,8/15/2027,M060,365/360,4.75,2.33,1.75,0,,8/15/2027,3,0,0,0,0,0,50,0.05,10,9999999.99,0,0,0,0,0,0,0,0,0,0,0,0,0,0,0,0,0,0,0,0,0,0,0,0,0,,0,2/15/2026,0,0,0,0,0,0,0,0,0,0,0,0,0,0,0,0,,,,,,,,,,,5,0, ,3100.84,0,0,0,0,0, ,41,0,0,Open,SALEM ,OR,973069017
cif_cust_id_16970,loan_id_1858,Commercial,30000,_317.83,9.75,6/2/2026,5/2/2027,0,0,0,5/2/2027,Branch Not Assigned,41,M024,Monthly,0,Int Only,Y,24,530,0,100000,50000,Revolving,32190,751.75,751.75,7676.73,758.92,204.31,20,officer_id_011,5/2/2018,5/2/2018,5/2/2018,6/2/2018,5/2/2025,6/1/2026,30,,29712.17,No Prepayment Penatly,0,WSJ Prime,,0000,365/360,7.75,6.75,4.75,0,,,3,0,0,6.5,11.5,0,1,0.05,0,9999999.99,0,0,0,0,0,0,0,0,0,0,0,0,0,0,0,0,0,0,0,0,0,0,0,0,0,,0,8/2/2025,0,0,0,0,0,0,0,0,0,0,0,0,0,0,0,0,,,,,,,,,,,5,5, ,0,0,0,0,999999,0, ,41,0,0,Open,GRANTS PASS ,OR,975279211
cif_cust_id_05951,loan_id_1859,Commercial,179145.85,207.06,8.32,5/19/2026,4/19/2044,1616.03,0,0,,Branch Not Assigned,18,M300,Monthly,0,Reg P&I,N,0,120,210000,0,210000,Installment,329.87,1286.16,1286.16,84014.17,4700.91,953.86,216,officer_id_011,4/19/2019,4/19/2019,4/19/2019,5/19/2019,,4/18/2026,154,,179506.91,No Prepayment Penatly,0,FHLB 5_YR,4/19/2029,M060,365/360,5.25,4.8,0,0,,4/19/2029,3.522,0,0,5.25,0,0,1,0.05,0,9999999.99,0,0,0,0,0,0,0,0,0,0,0,0,0,0,0,0,0,0,0,0,0,0,0,0,0,,0,7/19/2025,0,0,0,0,0,0,0,0,0,0,0,0,0,0,0,0,,,,,,,,,,,5,5, ,0,0,0,0,659100,0,X ,41,0,0,Open,TILLAMOOK ,OR,971419237
cif_cust_id_07284,loan_id_1860,Commercial,0,0,6.25,5/20/2026,5/20/2027,0,0,0,5/20/2027,Branch Not Assigned,41,M024,Monthly,0,Int Only,Y,24,530,0,40000,40000,Revolving,0,0,0,5659.21,312.5,0,0,officer_id_011,1/24/2017,1/24/2017,1/24/2017,1/20/2018,5/20/2025,,30,2/19/2026,30,No Prepayment Penatly,0,WSJ Prime,,0000,365/360,5,6.75,3.75,0,,,_0.5,0,0,4.5,0,0,1,0.05,0,0,0,0,0,0,0,0,0,0,0,0,0,0,0,0,0,0,0,0,0,0,0,0,0,0,0,,0,1/20/2024,0,0,0,0,0,0,0,0,0,0,0,0,0,0,0,0,,,,,,,,,,,5,0, ,0,0,0,0,514575,0, ,41,0,0,Open,LEBANON ,OR,973553051
cif_cust_id_13304,loan_id_1861,Revolving Credit,0,0,7,6/7/2026,12/7/2030,0,0,0,12/7/2030,Branch Not Assigned,_4,M120,Monthly,0,Reg P&I,Y,120,180,0,100000,100000,Revolving,0,0,0,969.51,0,0,120,officer_id_011,12/11/2020,12/7/2020,12/11/2020,1/7/2021,,,154,,154,No Prepayment Penatly,0,RVC Prime,5/1/2026,M001,365/365,6.5,6.75,3.25,0,,5/1/2026,0.25,1,1,6.5,18,0,1,0.05,0,9999999.99,0,0,0,0,0,0,0,0,0,0,0,0,0,0,0,0,0,0,0,0,0,0,0,0,0,,0,10/7/2022,0,0,0,0,0,0,0,0,0,0,0,0,0,0,0,0,,,,,,,,,,,5,5, ,0,0,0,0,0,13,X500* ,41,0,0,Open,BEND ,OR,977072523
cif_cust_id_09125,loan_id_1863,Installment,19998.97,91.9,4.5,4/18/2026,3/18/2027,500,0,0,3/18/2027,Branch Not Assigned,_1,M024,Monthly,0,Reg P&I,Y,24,670,25000,0,25000,Installment,0,0,0,1023.97,286.76,56.71,12,officer_id_011,3/18/2025,3/18/2025,3/18/2025,4/18/2025,,3/17/2026,0,,20090.87,No Prepayment Penatly,0,Fixed,, ,365/365,4.5,0,4.5,0,,,0,0,0,0,0,0,1,0.05,0,9999999.99,0,0,0,0,0,0,0,0,0,0,0,0,0,25,0,0,0,0,0,0,0,0,0,0,0,,25,4/18/2026,25,0,500,1,2,1,0,0,0,0,0,0,0,0,0,0,,,,,,,,,,,5,5, ,0,0,0,0,0,0, ,41,0,0,Open,CENTRAL POINT ,OR,975029481
cif_cust_id_10288,loan_id_1865,Commercial,32941.55,184.33,5,4/30/2026,7/31/2030,891.79,0,0,,branch_id_02,22,M120,Monthly,0,Reg P&I, ,0,170,0,0,83800,Installment,0,0,0,17141.55,538.29,105.23,52,officer_id_064,7/31/2020,7/31/2020,7/31/2020,8/31/2020,,3/14/2026,154,,33279.88,% of Current Balance,0,FHLB 5_YR,7/31/2030,M060,365/360,5,4.06,4.21,0,,7/31/2030,0.79,0,0,5,0,0,50,0.05,10,9999999.99,0,0,0,0,0,0,0,0,0,0,0,0,0,0,0,0,0,0,0,0,0,0,0,0,0,,0,2/28/2026,0,0,0,1,0,0,0,0,0,0,0,0,0,0,0,0,,,,,,,,,,,5,0, ,0,0,0,0,0,0,X ,41,0,0,Open,ALBANY ,OR,973219545
cif_cust_id_09755,loan_id_1881,Installment,47801.49,10.6,4.25,5/22/2026,12/22/2046,292.53,0,0,,Branch Not Assigned,_1,M300,Monthly,0,Reg P&I,N,0,640,54000,0,54000,Installment,0,0,0,9401.49,631.6,128.02,248,officer_id_011,12/27/2021,12/22/2021,12/22/2021,1/22/2022,,4/21/2026,0,,47812.09,No Prepayment Penatly,0,Fixed,, ,365/365,4.25,0,4.25,0,,,0,0,0,0,0,0,1,0.05,0,9999999.99,0,0,0,0,0,0,0,0,0,0,0,0,0,0,0,0,0,0,0,0,0,0,0,0,0,,0,7/22/2022,0,0,0,0,0,0,0,0,0,0,0,0,0,0,0,0,,,,,,,,,,,5,5, ,0,0,0,0,0,42,X500* ,41,0,0,Open,MEDFORD ,OR,975011449
cif_cust_id_16713,loan_id_0334,Commercial,822465.43,283.57,6.26,5/22/2026,5/22/2042,6812.25,0,0,,branch_id_10,22,M300,Monthly,0,Reg P&I, ,0,190,1035000,0,1035000,Installment,2367.4,4444.85,4444.85,467253.26,16267.11,3295.58,193,officer_id_020,5/22/2017,5/22/2017,5/22/2017,6/22/2017,5/22/2017,4/21/2026,184,,822933,% of Current Balance,0,FHLB 5_YR,5/22/2027,M060,365/360,5,3.26,2,0,,5/22/2027,3,0,0,5,0,0,1,0.05,0,9999999.99,0,0,0,0,0,0,0,0,0,0,0,0,0,0,0,0,0,0,0,0,0,0,0,0,0,,0,12/22/2025,0,0,0,0,0,0,0,0,0,0,0,0,0,0,0,0,,,,,,,,,,,5,5, ,2796.32,0,0,0,0,0,X ,41,0,0,Open,GRANTS PASS ,OR,975277917
cif_cust_id_12408,loan_id_1889,Mortgage,477766,2142.43,7.25,5/1/2026,8/1/2053,3351.19,453.53,0,,branch_id_15,34,M360,Monthly,0,Reg P&I, ,0,140,491250,0,491250,Installment,461.9,2889.29,2889.29,95803.29,10889.17,2212.98,328,officer_id_050,7/11/2023,7/7/2023,7/11/2023,9/1/2023,,4/1/2026,0,,479908.43,No Prepayment Penatly,0,Fixed,, ,30/360 Am Sch,7.25,0,7.25,0,,,0,0,0,0,0,1407.14,1,0.05,0,9999999.99,0,0,0,0,0,0,0,0,0,0,0,0,0,0,0,0,0,0,0,0,0,0,0,0,0,,0,4/1/2026,0,0,0,1,0,0,0,0,0,0,0,0,0,0,0,0,,,,,,,,,,,5,5, ,11695.35,0,0,0,3,0,X ,41,0,0,Open,ALBANY ,OR,973219308
cif_cust_id_10648,loan_id_1890,Commercial,122643.22,_754.15,4,7/18/2026,11/18/2047,1078,0,0,,Branch Not Assigned,22,M308,Monthly,0,Reg P&I,N,0,170,203000,0,203000,Installment,1325.13,830.87,830.87,26189.31,1569.49,315.48,257,officer_id_011,3/18/2022,3/18/2022,3/18/2022,4/18/2022,,6/17/2026,154,,122043.07,No Prepayment Penatly,0,FHLB 5_YR,3/18/2027,M060,365/360,4,0,2.43,0,,3/18/2027,4.14,0,0,4,0,0,1,0.05,0,9999999.99,0,0,0,0,0,0,0,0,0,0,0,0,0,0,0,0,0,0,0,0,0,0,0,0,0,,0,,0,0,0,0,0,0,0,0,0,0,0,0,0,0,0,0,,,,,,,,,,,5,5, ,0,0,0,0,120822,0,X ,41,0,0,Open,PHOENIX ,OR,975356604
cif_cust_id_07913,loan_id_1899,Commercial,227424.91,850.55,7.06,5/20/2026,7/20/2027,2459.46,0,0,,branch_id_02,22,M240,Monthly,0,Reg P&I, ,0,190,323812.06,0,323812.06,Installment,1066.84,1392.62,1392.62,149481.31,5095.19,1029.79,15,officer_id_064,1/31/2017,1/31/2017,1/31/2017,8/20/2017,,4/4/2026,154,,228429.46,% of Current Balance,0,FHLB 5_YR,7/20/2027,M060,365/360,5.14,3.46,1.54,0,,7/20/2027,3.6,0,0,0,0,0,50,0.05,10,9999999.99,0,0,0,0,0,0,0,0,0,0,0,0,0,0,0,0,0,0,0,0,0,0,0,0,0,,109.19,12/20/2025,0,0,0,0,0,0,0,0,0,0,0,0,0,0,0,0,,,,,,,,,,,5,0, ,142.64,0,0,0,0,0,X ,41,0,0,Open,INDEPENDENCE ,OR,973511323
cif_cust_id_16734,loan_id_1172,Revolving Credit,0,0,7,7/6/2026,4/6/2030,0,0,0,4/6/2030,Branch Not Assigned,_4,M120,Monthly,0,Reg P&I,Y,120,180,0,85000,85000,Revolving,0,0,0,1953.17,0,0,120,officer_id_011,4/10/2020,4/6/2020,4/10/2020,5/6/2020,,,154,,154,No Prepayment Penatly,0,RVC Prime,5/1/2026,M001,365/365,6,6.75,3.25,0,,5/1/2026,0.25,1,1,6,18,0,1,0.05,0,9999999.99,0,0,0,0,0,0,0,0,0,0,0,0,0,0,0,0,0,0,0,0,0,0,0,0,0,,0,,0,0,0,0,0,0,0,0,0,0,0,0,0,0,0,0,,,,,,,,,,,5,5, ,0,0,0,0,0,23,X ,41,0,0,Open,ASHLAND ,OR,975207313
cif_cust_id_02893,loan_id_1912,Revolving Credit,0,0,7.75,6/1/2026,11/1/2031,0,0,0,11/1/2031,Branch Not Assigned,_4,M120,Monthly,0,Reg P&I,Y,120,180,0,80000,80000,Revolving,0,0,0,528.92,0,0,120,officer_id_011,11/5/2021,11/1/2021,11/5/2021,12/1/2021,,,154,,154,No Prepayment Penatly,0,RVC Prime,5/1/2026,M001,365/365,6.5,6.75,3.25,0,,5/1/2026,1,1,1,6.5,18,0,1,0.05,0,9999999.99,0,0,0,0,0,0,0,0,0,0,0,0,0,0,0,0,0,0,0,0,0,0,0,0,0,,0,,0,0,0,0,0,0,0,0,0,0,0,0,0,0,0,0,,,,,,,,,,,5,5, ,0,0,0,0,0,7,X500 ,41,0,0,Open,ASHLAND ,OR,975201234
cif_cust_id_04321,loan_id_1915,Commercial,90230.7,295.95,7.38,5/8/2026,4/8/2036,1070.47,0,0,,branch_id_05,22,M300,Monthly,0,Reg P&I, ,0,170,150000,0,150000,Installment,498.32,564.87,564.87,125418.66,2075.16,423.5,120,officer_id_069,4/8/2011,4/8/2011,4/8/2011,5/8/2011,4/8/2011,4/7/2026,154,,90680.65,No Prepayment Penatly,0,3_Yr Treasury,4/8/2029,M036,365/360,6.5,3.88,3,0,,4/8/2029,3.5,0,0,6.5,0,0,1,0.05,0,9999999.99,0,0,0,0,0,0,0,0,0,0,0,0,0,0,0,0,0,0,0,0,0,0,0,0,0,,0,11/8/2025,0,0,0,0,0,0,0,0,0,0,0,0,0,0,0,0,,,,,,,,,,,5,5, ,0,0,0,0,0,0,C ,41,0,0,Open,MEDFORD ,OR,975046124
cif_cust_id_10017,loan_id_1921,Mortgage,280067.65,383.97,2.25,5/1/2026,3/1/2051,1224.5,396.29,0,,branch_id_15,29,M325,Monthly,0,Reg P&I, ,0,140,297799,0,297799,Installment,698.06,526.44,526.44,14384.84,1985.83,402.6,299,officer_id_050,1/17/2024,1/10/2024,1/17/2024,3/1/2024,,4/1/2026,154,,280605.62,No Prepayment Penatly,0,Fixed,, ,30/360 Am Sch,2.25,0,2.25,0,,,0,0,0,0,0,1925.14,1,0.05,0,9999999.99,0,0,0,0,0,0,0,0,0,0,0,0,0,0,0,0,0,0,0,0,0,0,0,0,0,,0,11/1/2025,0,0,0,0,0,0,0,0,0,0,0,0,0,0,0,0,,,,,,,,,,,5,5, ,0,0,0,0,3,0,X ,41,0,0,Open,TALENT ,OR,975408711
cif_cust_id_14651,loan_id_1924,Mortgage,174910.02,824.14,7.38,5/1/2026,9/1/2054,1263.94,0,0,,branch_id_15,50,M372,Monthly,0,Reg P&I, ,0,140,0,0,183000,Installment,0,0,0,30691.42,4055.95,824.15,372,officer_id_050,8/31/2023,8/23/2023,8/31/2023,10/1/2023,,3/31/2026,0,,175734.16,No Prepayment Penatly,0,1_Yr Treasury,7/18/2031,M012,30/360 Am Sch,7.38,0,5.34,0,,9/1/2031,2.625,2,2,7.375,12.375,0,1,0.05,0,9999999.99,0,0,0,0,0,0,0,0,0,0,0,0,0,0,0,0,0,0,0,0,0,0,0,0,0,,0,3/1/2025,0,0,0,0,0,0,0,0,0,0,0,0,0,0,0,0,,,,,,,,,,,5,5, ,0,0,0,0,3,0,C ,41,0,0,Open,KLAMATH FALLS ,OR,976037549
cif_cust_id_05961,loan_id_1926,Installment,3500,139.26,6.75,8/1/2026,8/1/2026,0,0,0,8/1/2026,Branch Not Assigned,_1,M012,Not Defined,0,Single Pay,Y,12,680,3500,0,3500,Installment,0,0,0,0,73.15,14.89,1,officer_id_011,9/25/2025,9/25/2025,9/25/2025,8/1/2026,,,0,,3639.26,No Prepayment Penatly,0,WSJ Prime,,0000,365/365,7.25,6.75,7.25,0,,,0,0,0,0,0,0,1,0.05,0,9999999.99,0,0,0,0,0,0,0,0,0,0,0,0,0,0,0,0,0,0,0,0,0,0,0,0,0,,0,,0,0,0,0,0,0,0,0,0,0,0,0,0,0,0,0,,,,,,,,,,,5,5, ,0,0,0,0,38808,38, ,41,0,0,Open,CENTRAL POINT ,OR,975021658
cif_cust_id_20206,loan_id_1928,Installment,10423.29,5.7,5.09,5/20/2026,11/20/2033,238.69,0,0,,Branch Not Assigned,_3,M180,Monthly,0,Reg P&I, ,0,130,30000,0,30000,Installment,254.13,45.87,45.87,7939.36,172.38,33.99,91,officer_id_011,11/15/2018,11/15/2018,11/15/2018,12/20/2018,11/15/2018,4/19/2026,154,,10582.99,No Prepayment Penatly,0,Fixed,, ,365/365,0,0,0,0,,,0,0,0,0,0,0,1,0.05,0,9999999.99,0,0,0,0,0,0,0,0,0,0,0,0,0,0,0,0,0,0,0,0,0,0,0,0,0,,0,7/20/2024,0,0,0,0,0,0,0,0,0,0,0,0,0,0,0,0,,,,,,,,,,,5,5, ,0,0,0,0,0,31,X ,41,0,0,Open,CENTRAL POINT ,OR,975029712
cif_cust_id_15356,loan_id_1989,Installment,28423.55,15.85,5.09,5/20/2026,5/20/2034,358.11,0,0,,Branch Not Assigned,_3,M180,Monthly,0,Reg P&I,N,0,130,45000,0,45000,Installment,234.22,123.89,123.89,13146.68,456.36,91.78,97,officer_id_011,5/20/2019,5/15/2019,5/20/2019,6/20/2019,,4/19/2026,154,,28593.4,No Prepayment Penatly,0,Fixed,, ,365/365,5.09,0,0,0,,,0,0,0,0,0,0,1,0.05,0,9999999.99,0,0,0,0,0,0,0,0,0,0,0,0,0,0,0,0,0,0,0,0,0,0,0,0,0,,0,12/20/2025,0,0,0,0,0,0,0,0,0,0,0,0,0,0,0,0,,,,,,,,,,,5,5, ,0,0,0,0,0,36,X ,41,0,0,Open,MEDFORD ,OR,975047022
cif_cust_id_17566,loan_id_1997,Commercial,430030.22,_1719.22,5.46,6/20/2026,2/20/2040,4966.2,0,0,,branch_id_10,22,M300,Monthly,0,Reg P&I, ,0,170,1267500,0,1267500,Installment,10959.03,4040.97,4040.97,499080.82,7648.25,1525.11,165,officer_id_020,2/20/2015,2/20/2015,2/20/2015,3/20/2015,2/20/2015,5/19/2026,154,,428465,No Prepayment Penatly,0,FHLB 7_YR,2/20/2029,M084,365/360,4.95,2.46,1.95,0,,2/20/2029,3,0,0,4.95,0,0,1,0.05,0,9999999.99,0,0,0,0,0,0,0,0,0,0,0,0,0,0,0,0,0,0,0,0,0,0,0,0,0,,0,10/20/2025,0,0,0,0,1,0,0,0,0,0,0,0,0,0,0,0,,,,,,,,,,,5,5, ,1319.18,0,0,0,0,0,X ,41,0,0,Open,GRANTS PASS ,OR,975261363
cif_cust_id_17608,loan_id_2003,Commercial,24974.65,59.67,10.75,5/16/2026,1/16/2027,0,0,0,1/16/2027,Branch Not Assigned,,M012,Monthly,0,Int Only,Y,12,530,0,25000,20000,Revolving,0,256.18,256.18,420.49,480.16,171.53,9,officer_id_011,1/21/2026,1/16/2026,1/21/2026,2/16/2026,3/17/2026,4/15/2026,0,,25034.32,No Prepayment Penatly,0,WSJ Prime,,0000,365/360,10.75,0,6.75,0,,,4,0,0,5,0,0,1,0.05,0,9999999.99,0,0,0,0,0,0,0,0,0,0,0,0,0,0,0,0,0,0,0,0,0,0,0,0,0,,0,4/16/2026,0,0,0,0,0,0,0,0,0,0,0,0,0,0,0,0,,,,,,,,,,,5,5, ,0,0,0,0,999999,0, ,41,0,0,Open,KLAMATH FALLS ,OR,976033968
cif_cust_id_17613,loan_id_2004,Commercial,3500,13.59,10.75,5/18/2026,7/18/2026,0,0,0,7/18/2026,Branch Not Assigned,,M012,Monthly,0,Int Only,Y,12,530,0,25000,25000,Revolving,0,11.38,11.38,294.62,90.45,13.59,_2,officer_id_011,7/21/2025,7/18/2025,7/21/2025,8/18/2025,,4/10/2026,0,,3513.59,No Prepayment Penatly,0,WSJ Prime,,0000,365/360,11.5,6.75,7.5,0,,,4,0,0,5,0,0,1,0.05,0,9999999.99,0,0,0,0,0,0,0,0,0,0,0,0,0,0,0,0,0,0,0,0,0,0,0,0,0,,0,4/18/2026,0,0,0,0,0,0,0,0,0,0,0,0,0,0,0,0,,,,,,,,,,,5,5, ,0,0,0,0,250000,0, ,41,0,0,Open,CENTRAL POINT ,OR,975029788
cif_cust_id_11598,loan_id_2008,Revolving Credit,0,198.49,7.75,4/27/2026,10/27/2033,0,0,0,10/27/2033,Branch Not Assigned,_4,M120,Monthly,0,Reg P&I,Y,120,180,0,100000,100000,Revolving,29107.9,0,0,5075.86,645.42,80.34,120,officer_id_011,11/1/2023,10/27/2023,11/1/2023,11/27/2023,,,154,,352.49,No Prepayment Penatly,0,RVC Prime,5/1/2026,M001,365/365,9.5,6.75,8.5,0,,5/1/2026,1,1,1,6.5,18,0,1,0.05,0,9999999.99,0,0,0,0,0,0,0,0,0,0,0,0,0,0,0,0,0,0,0,0,0,0,0,0,0,,0,,0,0,0,0,0,0,0,0,0,0,0,0,0,0,0,0,,,,,,,,,,,5,5, ,0,0,0,0,544632,18,X ,41,0,0,Open,CENTRAL POINT ,OR,975021025
cif_cust_id_17655,loan_id_2009,Commercial,769305.89,12386.61,8.11,6/7/2026,8/7/2043,6957.48,0,0,8/7/2043,branch_id_03,18,M303,Monthly,0,Reg P&I,Y,300,120,900000,0,900000,Installment,1750.96,5207.04,5207.04,455818.58,19696.03,3994.55,207,officer_id_032,8/7/2018,8/7/2018,8/7/2018,9/7/2018,8/7/2018,2/11/2026,154,,781846.5,No Prepayment Penatly,0,FHLB 5_YR,8/7/2028,M060,365/360,6.62,4.49,3,0,,8/7/2028,3.622,0,0,6.622,0,0,1,0.05,0,9999999.99,0,0,0,0,0,0,0,0,0,0,0,0,0,0,0,0,0,0,0,0,0,0,0,0,14646.86,,0,6/7/2025,0,0,0,0,0,0,0,0,0,0,0,0,0,0,0,0,,,,,,,,,,,5,5, ,5081.58,0,0,0,196209,0,X* ,41,0,0,Open,KILAUEA ,HI,967540628
cif_cust_id_17656,loan_id_2010,Commercial,259492.09,225.85,6.25,5/19/2026,11/19/2035,3017.86,0,0,,branch_id_05,22,M300,Monthly,0,Reg P&I, ,0,170,455000,0,455000,Installment,1611.18,1406.68,1406.68,410481.85,5165.6,1041.93,115,officer_id_040,11/19/2010,11/19/2010,11/19/2010,12/19/2010,12/15/2017,4/18/2026,568,,260439.31,No Prepayment Penatly,0,FHLB 7_YR,11/19/2031,M084,365/360,7.65,4.5,5.9,0,,11/19/2031,1.75,0,0,6.25,0,0,1,0.05,0,9999999.99,0,0,0,0,0,0,0,0,0,0,0,0,0,0,0,0,0,0,0,0,0,0,0,0,0,,1883.29,4/19/2026,0,0,0,0,1,0,0,0,0,0,0,0,0,0,0,0,,,,,,,,,,,5,5, ,581.96,0,0,0,69276,0,X ,41,0,0,Open,MEDFORD ,OR,975010196
cif_cust_id_17679,loan_id_2021,Commercial,432249.13,2632.39,7.83,4/27/2026,9/27/2049,3394.5,0,0,,branch_id_05,22,M300,Monthly,0,Reg P&I, ,0,190,442000,0,442000,Installment,0,0,0,51350.13,10646.11,2162.32,282,officer_id_040,10/3/2024,9/27/2024,10/3/2024,10/27/2024,,3/26/2026,154,,443680.5,% of Current Balance,8644.98,FHLB 3_YR,9/27/2027,M036,365/360,7.83,3.64,3.63,0,,9/27/2027,4.2,0,0,6.83,0,0,1,0.05,0,9999999.99,0,0,0,0,0,0,0,0,0,0,0,0,0,0,0,0,0,0,0,0,0,0,0,0,0,,0,12/27/2025,0,0,0,0,0,0,0,0,0,0,0,0,0,0,0,0,,,,,,,,,,,5,5, ,2577.12,0,0,0,331792,0,X ,41,0,0,Open,GRANTS PASS ,OR,975279673
cif_cust_id_17704,loan_id_2023,Commercial,6745724.77,8841.99,6.77,5/17/2026,11/17/2045,52286.11,0,0,,branch_id_10,22,M360,Monthly,0,Reg P&I, ,0,170,8160000,0,8160000,Installment,12946.24,39339.87,39339.87,3594051,143783.86,29169.07,234,officer_id_020,11/17/2015,11/17/2015,11/17/2015,12/17/2015,11/17/2015,4/16/2026,154,,6822178,% of Current Balance,67457.24,FHLB 5_YR,11/17/2030,M060,365/360,4.5,3.77,1.5,0,,11/17/2030,3,0,0,4.5,0,0,1,0.05,0,9999999.99,0,0,0,0,0,0,0,0,0,0,0,0,0,0,0,0,0,0,0,0,0,0,0,0,0,,0,5/17/2019,0,0,0,0,0,0,0,0,0,0,0,0,0,0,0,0,,,,,,,,,,,5,5, ,5594.98,_14086.01,_72547.5,0,0,0,X ,41,60,0,Open,CENTRAL POINT ,OR,975029472
cif_cust_id_02705,loan_id_2027,Commercial,402937.62,1239.17,4.81,5/1/2026,2/1/2042,3049.05,0,0,,branch_id_03,35,M303,Monthly,0,Reg P&I, ,0,160,528000,0,528000,Installment,1373.4,1675.65,1675.65,215536.14,6121.55,1239.17,189,officer_id_032,11/1/2016,11/1/2016,11/1/2016,12/1/2016,4/25/2017,3/31/2026,154,,404330.79,% of Current Balance,0,FHLB 5_YR,11/1/2026,M060,365/360,4.81,1.53,2.31,0,,11/1/2026,2.5,0,0,4.81,0,0,1,0.05,0,9999999.99,0,0,0,0,0,0,0,0,0,0,0,0,0,0,0,0,0,0,0,0,0,0,0,0,0,,0,4/1/2026,0,0,0,0,0,0,0,0,0,0,0,0,0,0,0,0,,,,,,,,,,,5,5, ,0,0,0,0,112136,0,X500 ,06,0,0,Open,JACKSONVILLE ,OR,975309150
cif_cust_id_05929,loan_id_2028,Revolving Credit,94623.2,462.48,7.75,5/14/2026,1/14/2032,0,0,0,1/14/2032,Branch Not Assigned,_4,M120,Monthly,0,Reg P&I,Y,120,180,0,100000,100000,Revolving,120.2,623.62,623.62,27069.61,2272.99,462.48,120,officer_id_011,1/20/2022,1/14/2022,1/20/2022,2/14/2022,,3/31/2026,154,,95239.68,No Prepayment Penatly,0,RVC Prime,5/1/2026,M001,365/365,6.5,6.75,3.25,0,,5/1/2026,1,1,1,6.5,18,0,1,0.05,0,9999999.99,0,0,0,0,0,0,0,0,0,0,0,0,0,0,0,6.18,0,0,0,0,0,0,0,0,0,,15.16,4/14/2026,6.18,0,0,0,0,0,1,0,0,0,0,0,0,0,0,0,,,,,,,,,,,5,5, ,0,0,0,0,0,40,X ,41,0,0,Open,MEDFORD ,OR,975047712
cif_cust_id_03150,loan_id_2033,Installment,16738.75,33.02,9,5/16/2026,7/16/2029,497.88,0,0,,branch_id_05,_1,M060,Monthly,0,Reg P&I, ,0,670,24000,0,24000,Installment,369.23,130.77,130.77,3234.51,488.34,96.29,39,officer_id_014,7/19/2024,7/19/2024,7/19/2024,8/16/2024,,4/15/2026,0,,16771.77,No Prepayment Penatly,0,Fixed,, ,365/365,9,0,9,0,,,0,0,0,0,0,0,1,0.05,0,9999999.99,0,0,0,0,0,0,0,0,0,0,0,0,0,0,0,0,0,0,0,0,0,0,0,0,0,,0,8/16/2025,0,0,0,0,0,0,0,0,0,0,0,0,0,0,0,0,,,,,,,,,,,5,5, ,0,0,0,0,3,0, ,41,0,0,Open,MEDFORD ,OR,975046792
cif_cust_id_16961,loan_id_2035,Revolving Credit,58320.51,224.49,7,5/18/2026,2/18/2036,0,0,0,2/18/2036,Branch Not Assigned,_4,M120,Monthly,0,Reg P&I,Y,120,180,0,100000,100000,Revolving,297.68,202.32,202.32,41149.2,1272.92,258.22,121,officer_id_011,2/18/2016,2/18/2016,2/18/2016,3/18/2016,2/17/2026,4/3/2026,154,,58699,No Prepayment Penatly,0,RVC Prime,5/1/2026,M001,365/365,6,6.75,5.75,0,,5/1/2026,0.25,1,1,6,18,0,1,0.05,0,9999999.99,0,0,0,0,0,0,0,0,0,0,0,0,0,0,0,0,0,0,0,0,0,0,0,0,0,,114.59,4/18/2026,0,0,0,0,0,0,0,0,0,0,0,0,0,0,0,0,,,,,,,,,,,5,5, ,0,0,0,0,3,9,X500* ,41,0,0,Open,WHITE CITY ,OR,975038540
cif_cust_id_11228,loan_id_2045,Revolving Credit,974.45,4.66,9.75,5/13/2026,2/13/2028,0,0,0,2/13/2028,Branch Not Assigned,_2,M060,Monthly,0,Reg P&I,Y,60,630,0,1000,1000,Revolving,90.72,9.28,9.28,597.95,28.16,5.89,60,officer_id_011,2/13/2018,2/13/2018,2/13/2018,3/13/2018,2/13/2023,4/5/2026,0,,979.11,No Prepayment Penatly,0,RVC Prime,5/1/2026,M001,365/365,9.5,6.75,4.5,0,,5/1/2026,3,1,1,0,18,0,1,0.05,0,9999999.99,0,0,0,0,0,0,0,0,0,0,0,0,0,0,0,0,0,0,0,0,0,0,0,0,0,,0,6/13/2025,0,0,0,0,0,0,0,0,0,0,0,0,0,0,0,0,,,,,,,,,,,5,5, ,0,0,0,0,3,0, ,41,0,0,Open,MEDFORD ,OR,975018169
cif_cust_id_17853,loan_id_2049,Commercial,471605.46,2768.64,6,5/5/2026,8/5/2027,5630.97,0,0,,branch_id_09,22,M240,Monthly,0,Reg P&I, ,0,190,808152.84,0,808152.84,Installment,3407.42,2223.55,2223.55,306249.69,8997.87,1818.61,16,officer_id_055,2/3/2017,2/3/2017,2/3/2017,9/5/2017,1/24/2025,3/19/2026,154,,474809.65,% of Current Balance,0,FHLB 5_YR,8/5/2027,M060,365/360,4.63,3,1.63,0,,8/5/2027,3,0,0,0,0,0,1,0.05,0,9999999.99,0,0,0,0,0,0,0,0,0,0,0,0,0,0,0,0,0,0,0,0,0,0,0,0,0,,0,4/5/2026,0,0,0,1,0,0,0,0,0,0,0,0,0,0,0,0,,,,,,,,,,,5,0, ,821.62,0,0,0,105335,0,X ,41,0,0,Open,LAKE OSWEGO ,OR,970345767
cif_cust_id_20215,loan_id_2054,Revolving Credit,0,0,7.25,6/5/2026,1/5/2028,0,0,0,1/5/2028,branch_id_05,_8,M024,Monthly,0,Reg P&I,Y,24,630,0,100000,100000,Revolving,0,0,0,0,0,0,24,officer_id_014,1/7/2026,1/5/2026,1/7/2026,2/5/2026,,,0,,0,No Prepayment Penatly,0,RVC Prime,5/1/2026,M001,365/365,7.25,6.75,6.75,0,,5/1/2026,0.5,1,1,0,18,0,1,0.05,0,9999999.99,0,0,0,0,0,0,0,0,0,0,0,0,0,0,0,0,0,0,0,0,0,0,0,0,0,,0,,0,0,0,0,0,0,0,0,0,0,0,0,0,0,0,0,,,,,,,,,,,5,5, ,0,0,0,0,0,0, ,41,0,0,Open,JACKSONVILLE ,OR,975309610
cif_cust_id_19876,loan_id_2055,Revolving Credit,0,0,7,5/14/2026,11/14/2026,0,0,0,,branch_id_03,_4,M120,Monthly,0,Reg P&I, ,0,180,0,260000,260000,Revolving,0,0,0,26266.81,0,0,93,officer_id_032,11/14/2016,11/14/2016,11/14/2016,12/14/2016,11/14/2016,,154,,154,No Prepayment Penatly,0,RVC Prime,5/1/2026,M001,365/365,6,6.75,5.75,0,,5/1/2026,0.25,1,1,6,18,0,1,0.05,0,9999999.99,0,0,0,0,0,0,0,0,0,0,0,0,0,0,0,0,0,0,0,0,0,0,0,0,0,,5,7/14/2025,0,0,0,0,0,0,0,0,0,0,0,0,0,0,0,0,,,,,,,,,,,5,5, ,0,0,0,0,0,0,X ,41,0,0,Open,ASHLAND ,OR,975201722
cif_cust_id_17980,loan_id_2060,Commercial,50000,_25,9,5/23/2026,5/23/2026,0,0,0,5/23/2026,branch_id_05,11,M012,Monthly,0,Int Only,Y,12,530,0,195000,125000,Revolving,75000,760,760,15713.06,1557.5,412.5,8,officer_id_027,5/23/2022,5/23/2022,5/23/2022,6/23/2022,5/23/2025,4/25/2026,30,,50005,No Prepayment Penatly,0,WSJ Prime,,0000,365/360,6.25,6.75,4,0,,,2.25,0,0,5.25,0,0,1,0.05,0,9999999.99,0,0,0,0,0,13.54,0,0,0,0,0,0,0,0,0,0,0,0,0,0,0,0,0,0,0,,0,5/23/2025,0,0,0,1,0,0,1,0,0,0,0,0,0,0,0,0,,,,,,,,,,,5,5, ,0,0,0,0,999999,0, ,41,0,0,Open,CENTRAL POINT ,OR,975023224
cif_cust_id_18053,loan_id_2079,Commercial,0,0,8.75,5/10/2026,6/10/2026,0,0,0,6/10/2026,branch_id_05,11,M012,Monthly,0,Int Only,Y,12,530,0,150000,150000,Revolving,0,0,0,0,0,0,12,officer_id_061,6/10/2025,6/10/2025,6/10/2025,7/10/2025,,,15,,15,No Prepayment Penatly,0,WSJ Prime,,0000,365/360,9,7.25,7.5,0,,,1.5,0,0,8.75,0,0,1,0.05,0,9999999.99,0,0,0,0,0,0,0,0,0,0,0,0,0,0,0,0,0,0,0,0,0,0,0,0,0,,0,,0,0,0,0,0,0,0,0,0,0,0,0,0,0,0,0,,,,,,,,,,,5,5, ,0,0,0,0,999999,0, ,41,0,0,Open,MEDFORD ,OR,975010003
cif_cust_id_13100,loan_id_2084,Revolving Credit,28000,53.7,7,5/14/2026,4/14/2032,0,0,0,4/14/2032,Branch Not Assigned,_4,M120,Monthly,0,Reg P&I,Y,120,180,0,250000,250000,Revolving,0,0,0,2862.57,53.7,53.7,120,officer_id_011,4/19/2022,4/14/2022,4/19/2022,5/14/2022,,4/13/2026,154,,28207.7,No Prepayment Penatly,0,RVC Prime,5/1/2026,M001,365/365,6,6.75,3.5,0,,5/1/2026,0.25,1,1,6,18,0,1,0.05,0,9999999.99,0,0,0,0,0,0,0,0,0,0,0,0,0,0,0,0,0,0,0,0,0,0,0,0,0,,0.36,6/14/2025,0,0,0,0,0,0,0,0,0,0,0,0,0,0,0,0,,,,,,,,,,,5,5, ,0,0,0,0,3,14,X ,41,0,0,Open,MEDFORD ,OR,975049623
cif_cust_id_18193,loan_id_2088,Commercial,130340.98,271.55,7.5,4/14/2026,4/14/2026,0,0,0,4/14/2026,branch_id_10,11,M003,Monthly,0,Int Only,Y,3,530,0,150000,150000,Revolving,0,841.78,841.78,42024.43,3188.27,624.55,0,officer_id_020,9/14/2018,9/14/2018,9/14/2018,10/14/2018,1/14/2026,4/13/2026,30,,130642.53,No Prepayment Penatly,0,WSJ Prime,,0000,365/360,5.75,6.75,5,0,,,0.75,0,0,4.5,0,0,1,0.05,0,9999999.99,0,0,0,0,0,0,0,0,0,0,0,0,0,0,0,0,0,0,0,0,0,0,0,0,0,,0,4/14/2026,0,0,130612.53,0,0,0,0,0,0,0,0,0,0,0,0,0,,,,,,,,,,,5,5, ,0,0,0,0,999999,0, ,41,0,0,Open,SUTHERLIN ,OR,974791931
cif_cust_id_18193,loan_id_2097,Commercial,62800.01,331.36,6.55,4/26/2026,10/26/2027,3505.37,0,0,,branch_id_10,10,M060,Monthly,0,Reg P&I, ,0,520,178530.35,0,178530.35,Installment,0,0,0,27989.83,1385.43,262.81,19,officer_id_020,11/1/2022,10/26/2022,11/1/2022,11/26/2022,,3/25/2026,0,,63131.37,No Prepayment Penatly,0,Fixed,, ,365/360,6.55,0,6.55,0,,,0,0,0,0,0,0,1,0.05,0,9999999.99,0,0,0,0,0,0,0,0,0,0,0,0,0,0,0,0,0,0,0,0,0,0,0,0,0,,0,7/26/2025,0,0,0,0,0,0,0,0,0,0,0,0,0,0,0,0,,,,,,,,,,,5,5, ,0,0,0,0,999999,0, ,41,0,0,Open,SUTHERLIN ,OR,974791931
cif_cust_id_18193,loan_id_2100,Commercial,202770.16,380.19,7.5,5/15/2026,1/15/2029,6846.71,0,0,,branch_id_10,10,M060,Monthly,0,Reg P&I, ,0,510,340046.55,0,340046.55,Installment,5501.62,1345.09,1345.09,47584.78,5044.56,987.65,33,officer_id_020,1/11/2024,1/4/2024,1/10/2024,2/15/2024,,4/14/2026,0,,203150.35,No Prepayment Penatly,0,Fixed,, ,365/360,7.5,0,7.5,0,,,0,0,0,0,0,0,1,0.05,0,9999999.99,0,0,0,0,0,0,0,0,0,0,0,0,0,0,0,0,0,0,0,0,0,0,0,0,0,,0,2/15/2026,0,0,0,0,0,0,0,0,0,0,0,0,0,0,0,0,,,,,,,,,,,5,5, ,0,0,0,0,999999,0, ,41,0,0,Open,SUTHERLIN ,OR,974791931
cif_cust_id_18193,loan_id_2101,Commercial,245967.09,409.95,7.5,5/16/2026,7/16/2029,7153.96,0,0,,branch_id_10,10,M060,Monthly,0,Reg P&I, ,0,510,356069.48,0,356069.48,Installment,5529.71,1624.25,1624.25,40130.77,6067.86,1195.88,39,officer_id_020,7/22/2024,7/16/2024,7/22/2024,8/16/2024,,4/15/2026,0,,246377.04,No Prepayment Penatly,0,Fixed,, ,365/360,7.5,0,7.5,0,,,0,0,0,0,0,0,1,0.05,0,9999999.99,0,0,0,0,0,0,0,0,0,0,0,0,0,0,0,0,0,0,0,0,0,0,0,0,0,,0,8/16/2025,0,0,0,0,0,0,0,0,0,0,0,0,0,0,0,0,,,,,,,,,,,5,5, ,0,0,0,0,999999,0, ,41,0,0,Open,SUTHERLIN ,OR,974791931
cif_cust_id_18237,loan_id_2106,Commercial,0,0,10.75,5/10/2026,10/10/2026,0,0,0,10/10/2026,Branch Not Assigned,,M012,Monthly,0,Int Only,Y,12,530,0,25000,25000,Revolving,0,0,0,0,0,0,12,officer_id_011,10/10/2025,10/10/2025,10/10/2025,11/10/2025,,,0,,0,No Prepayment Penatly,0,WSJ Prime,,0000,365/360,11.25,6.75,7.25,0,,,4,0,0,5,0,0,1,0.05,0,9999999.99,0,0,0,0,0,0,0,0,0,0,0,0,0,0,0,0,0,0,0,0,0,0,0,0,0,,0,,0,0,0,0,0,0,0,0,0,0,0,0,0,0,0,0,,,,,,,,,,,5,5, ,0,0,0,0,265000,0, ,41,0,0,Open,KLAMATH FALLS ,OR,976034137
cif_cust_id_18289,loan_id_2110,Commercial,14152.31,43.43,5.23,5/3/2026,3/3/2028,651.16,0,0,,Branch Not Assigned,40,M084,Monthly,0,Reg P&I, ,0,520,45600,0,45600,Installment,584.79,66.37,66.37,8273.07,248.57,47.71,23,officer_id_011,3/10/2021,3/3/2021,3/10/2021,4/3/2021,,4/2/2026,45,,14240.74,No Prepayment Penatly,0,Fixed,, ,365/360,5.23,0,5.23,0,,,0,0,0,0,0,0,1,0.05,0,9999999.99,0,0,0,0,0,0,0,0,0,0,0,0,0,0,0,0,0,0,0,0,32.56,0,0,0,0,,32.56,4/3/2026,0,0,0,0,0,1,0,0,0,0,0,0,0,0,0,0,,,,,,,,,,,5,5, ,0,0,0,0,117872,0, ,41,0,0,Open,TALENT ,OR,975409640
cif_cust_id_03818,loan_id_2117,Commercial,100580.56,4569.73,7.6,5/1/2026,6/1/2046,840.35,290.87,0,6/1/2046,Branch Not Assigned,28,M366,Monthly,0,Reg P&I,Y,360,140,120000,0,120000,Installment,189.43,650.92,650.92,57905.61,2375.52,482,242,officer_id_011,6/1/2016,6/1/2016,6/1/2016,7/1/2016,6/1/2016,9/17/2025,154,,105304.29,No Prepayment Penatly,0,5_Yr Treasury,4/17/2027,M012,365/365,4.82,3.94,1.37,7.39,6/1/2026,6/1/2026,3.45,2,2,4.82,10.82,1906.4,1,0.05,0,9999999.99,0,0,0,0,0,0,0,0,0,0,0,0,0,0,0,0,0,0,0,0,0,0,0,0,4087.73,,0,4/1/2026,0,0,0,7,1,0,0,0,0,0,0,0,0,0,0,0,,,,,,,,,,,5,5, ,0,0,0,0,0,0,X ,41,0,0,Open,GOLD HILL ,OR,975259544
cif_cust_id_18632,loan_id_2123,Commercial,25000,126.91,10.75,5/7/2026,10/7/2026,0,0,0,10/7/2026,Branch Not Assigned,,M012,Monthly,0,Int Only,Y,12,530,0,25000,25000,Revolving,0,0,0,1087.36,843.58,171.7,6,officer_id_011,10/8/2025,10/7/2025,10/8/2025,11/7/2025,,4/6/2026,0,,25126.91,No Prepayment Penatly,0,WSJ Prime,,0000,365/360,11.25,6.75,7.25,0,,,4,0,0,5,0,0,1,0.05,0,9999999.99,0,0,0,0,0,0,0,0,0,0,0,0,0,0,0,0,0,0,0,0,0,0,0,0,0,,0,3/7/2026,0,0,0,0,0,0,0,0,0,0,0,0,0,0,0,0,,,,,,,,,,,5,5, ,0,0,0,0,192922,0, ,41,0,0,Open,SALEM ,OR,973051657
cif_cust_id_18653,loan_id_2130,Commercial,23000,2.09,10.75,5/23/2026,10/23/2026,0,0,0,10/23/2026,Branch Not Assigned,,M012,Monthly,0,Int Only,Y,12,530,0,25000,25000,Revolving,2000,231.42,231.42,741.11,582.89,166.33,_3,officer_id_011,10/24/2025,10/23/2025,10/24/2025,11/23/2025,,4/23/2026,0,,23002.09,No Prepayment Penatly,0,WSJ Prime,,0000,365/360,11.25,6.75,7.25,0,,,4,0,0,5,0,0,1,0.05,0,9999999.99,0,0,0,0,0,0,0,0,0,0,0,0,0,0,0,0,0,0,0,0,0,0,0,0,0,,0,,0,0,0,0,0,0,0,0,0,0,0,0,0,0,0,0,,,,,,,,,,,5,5, ,0,0,0,0,750000,0, ,41,0,0,Open,ASHLAND ,OR,975201831
cif_cust_id_18662,loan_id_2131,Commercial,300276.71,1067.79,7.11,5/6/2026,8/6/2040,2807.52,0,0,,branch_id_05,22,M300,Monthly,0,Reg P&I, ,0,190,419000,0,419000,Installment,963.06,1844.46,1844.46,193503.7,6741.85,1365.14,172,officer_id_061,8/6/2015,8/6/2015,8/6/2015,9/6/2015,8/6/2015,4/5/2026,154,,301498.5,No Prepayment Penatly,0,FHLB 5_YR,8/6/2030,M060,365/360,4.79,3.86,1.54,0,,8/6/2030,3.25,0,0,4.79,0,0,1,0.05,0,9999999.99,0,0,0,0,0,0,0,0,0,0,0,0,0,0,0,0,0,0,0,0,0,0,0,0,0,,0,4/6/2026,0,0,0,0,0,0,0,0,0,0,0,0,0,0,0,0,,,,,,,,,,,5,5, ,97.13,0,0,0,145649,0,X ,06,0,0,Open,PLACERVILLE ,CA,956675316
cif_cust_id_18789,loan_id_2145,Commercial,167478.38,3175.79,6.74,5/9/2026,7/9/2043,1369.48,0,0,7/9/2043,Branch Not Assigned,22,M303,Monthly,0,Reg P&I,Y,300,170,203500,0,203500,Installment,395.16,974.32,974.32,83632.72,3559.98,721.77,207,officer_id_011,7/9/2018,7/9/2018,7/9/2018,8/9/2018,7/9/2018,1/12/2026,154,,170808.17,% of Current Balance,0,FHLB 5_YR,7/9/2028,M060,365/360,5.52,4.38,3.16,0,,7/9/2028,2.36,0,0,5.52,0,0,1,0.05,0,9999999.99,0,0,0,0,0,0,0,0,0,0,0,0,0,0,0,0,0,0,0,0,0,0,0,0,2705.45,,0,8/9/2025,0,0,0,1,0,0,0,0,0,0,0,0,0,0,0,0,,,,,,,,,,,5,4, ,0,0,0,0,0,0,X500 ,41,0,0,Open,MEDFORD ,OR,975019631
cif_cust_id_18473,loan_id_0701,Commercial,256945.15,_480.12,9.75,5/30/2026,11/30/2026,0,0,0,11/30/2026,branch_id_09,19,M011,Monthly,0,Int Only,Y,11,440,0,400000,400000,Revolving,55137.66,2364.84,2364.84,174356.57,8782.8,1831.55,7,officer_id_070,3/16/2015,3/12/2015,3/12/2015,4/10/2022,12/30/2025,4/30/2026,66,,256531.03,No Prepayment Penatly,0,WSJ Prime,,0000,365/360,4.75,6.75,3.75,0,,,3,0,0,7.5,0,0,1,0.05,0,9999999.99,0,0,0,0,0,0,0,0,0,0,0,0,0,0,71.12,0,0,0,0,0,0,0,0,0,0,,187.01,12/30/2025,71.12,0,0,1,0,1,0,0,0,0,0,0,0,0,0,0,,,,,,,,,,,5,0, ,0,0,0,0,196076,0, ,41,0,0,Open,BROWNSVILLE ,OR,973270555
cif_cust_id_19069,loan_id_2167,Commercial,1134068.05,2335.23,5.3,5/10/2026,3/10/2048,7348.49,0,0,,branch_id_10,22,M312,Monthly,0,Reg P&I, ,0,170,0,0,1200000,Installment,2167.73,5180.76,5180.76,182502.93,18922.29,3839.32,269,officer_id_020,3/11/2022,3/10/2022,3/11/2022,4/10/2022,,4/9/2026,308,,1148051.96,% of Current Balance,11340.68,FHLB 5_YR,3/10/2027,M060,365/360,5.3,0,2.22,0,,3/10/2027,3.788,0,0,5.295,0,0,1,0.05,0,9999999.99,0,0,0,0,0,0,0,0,0,0,0,0,0,0,0,0,0,0,0,0,0,0,0,0,0,,0,1/10/2026,0,0,0,0,0,0,0,0,0,0,0,0,0,0,0,0,,,,,,,,,,,5,5, ,6008.53,0,0,0,388447,0,X ,41,0,0,Open,LAKE FOREST ,CA,926307506
cif_cust_id_19390,loan_id_2187,Mortgage,199421.53,806.69,6.38,5/1/2026,3/1/2054,1278.93,0,0,,branch_id_15,38,M368,Monthly,0,Reg P&I, ,0,140,0,0,280000,Installment,239.3,1060.7,1060.7,31791.46,3998.12,812.22,336,officer_id_050,6/30/2023,6/26/2023,6/30/2023,8/1/2023,2/26/2024,3/31/2026,0,,200228.22,No Prepayment Penatly,0,1_Yr Treasury,5/17/2029,M012,30/360 Am Sch,6.38,0,5.18,0,,7/1/2029,2.25,2,2,6.375,11.375,0,1,0.05,0,9999999.99,0,0,0,0,0,0,0,0,0,0,0,0,0,0,0,0,0,0,0,0,0,0,0,0,0,,0,3/1/2026,0,0,0,2,1,0,0,0,0,0,0,0,0,0,0,0,,,,,,,,,,,5,5, ,127.09,0,0,0,3,0,X ,41,0,0,Open,ALBANY ,OR,973219558
cif_cust_id_19366,loan_id_2189,Commercial,253292.81,1108.16,7.5,5/3/2026,2/3/2030,6393.56,0,0,,branch_id_02,10,M060,Monthly,0,Reg P&I, ,0,510,318354,0,318354,Installment,4727.18,1666.38,1666.38,24448.65,6149.32,1215.67,46,officer_id_064,2/18/2025,2/3/2025,2/18/2025,3/3/2025,,4/2/2026,0,,254400.97,No Prepayment Penatly,0,Fixed,, ,365/360,7.5,0,7.5,0,,,0,0,0,0,0,0,1,0.05,0,9999999.99,0,0,0,0,0,0,0,0,0,0,0,0,0,0,0,0,0,0,0,0,0,0,0,0,0,,0,1/3/2026,0,0,0,0,0,0,0,0,0,0,0,0,0,0,0,0,,,,,,,,,,,5,5, ,1311.07,0,0,0,999999,0, ,41,0,0,Open,ALBANY ,OR,973210169
cif_cust_id_10427,loan_id_2195,Revolving Credit,0,0,6.25,5/27/2026,6/27/2026,0,0,0,6/27/2026,branch_id_05,_8,M024,Monthly,0,Reg P&I,Y,24,630,0,100000,100000,Revolving,0,0,0,191.88,0,0,24,officer_id_014,7/3/2024,6/27/2024,7/3/2024,7/27/2024,,,0,,0,No Prepayment Penatly,0,RVC Prime,5/1/2026,M001,365/365,8,6.75,8.5,0,,5/1/2026,_0.5,1,1,0,18,0,1,0.05,0,9999999.99,0,0,0,0,0,0,0,0,0,0,0,0,0,0,0,0,0,0,0,0,0,0,0,0,0,,0,9/27/2025,0,0,0,0,0,0,0,0,0,0,0,0,0,0,0,0,,,,,,,,,,,5,5, ,0,0,0,0,3,0, ,41,0,0,Open,CENTRAL POINT ,OR,975020004
cif_cust_id_11546,loan_id_2196,Revolving Credit,0,0,6.25,6/3/2026,9/3/2027,0,0,0,9/3/2027,branch_id_05,_8,M024,Monthly,0,Reg P&I,Y,24,630,0,100000,100000,Revolving,0,0,0,0,0,0,24,officer_id_014,9/5/2025,9/3/2025,9/5/2025,10/3/2025,,,0,,0,No Prepayment Penatly,0,RVC Prime,5/1/2026,M001,365/365,7,6.75,7.5,0,,5/1/2026,_0.5,1,1,0,18,0,1,0.05,0,9999999.99,0,0,0,0,0,0,0,0,0,0,0,0,0,0,0,0,0,0,0,0,0,0,0,0,0,,0,,0,0,0,0,0,0,0,0,0,0,0,0,0,0,0,0,,,,,,,,,,,5,5, ,0,0,0,0,0,0, ,41,0,0,Open,CENTRAL POINT ,OR,975021015
cif_cust_id_19453,loan_id_2205,Commercial,449906.89,9817.38,8.02,5/13/2026,8/13/2043,4016,0,0,8/13/2043,branch_id_05,22,M303,Monthly,0,Reg P&I,Y,300,170,517500,0,517500,Installment,901.89,3114.11,3114.11,264743.07,11379.01,2308.26,208,officer_id_061,8/13/2018,8/13/2018,8/13/2018,9/13/2018,8/13/2018,1/15/2026,154,,459878.27,% of Current Balance,0,FHLB 5_YR,8/13/2028,M060,365/360,6.8,4.31,3.09,0,,8/13/2028,3.712,0,0,0,0,0,1,0.05,0,9999999.99,0,0,0,0,0,0,0,0,0,0,0,0,0,0,0,0,0,0,0,0,0,0,0,0,8714.58,,0,12/13/2025,0,0,0,0,0,0,0,0,0,0,0,0,0,0,0,0,,,,,,,,,,,5,5, ,3186.24,0,0,0,917776,0,X ,41,0,0,Open,MEDFORD ,OR,975046713
cif_cust_id_08766,loan_id_2208,Installment,220.77,_10.38,9,5/13/2026,5/13/2034,101.35,0,0,,Branch Not Assigned,_1,M120,Monthly,0,Reg P&I, ,0,610,8000,0,8000,Installment,5557.18,44.17,44.17,1166.82,137.83,6.72,97,officer_id_011,5/13/2024,5/13/2024,5/13/2024,6/13/2024,,10/31/2026,0,,210.39,No Prepayment Penatly,0,Fixed,, ,365/365,9,0,0,0,,,0,0,0,0,0,0,1,0.05,0,9999999.99,0,0,0,0,0,0,0,0,0,0,0,0,0,0,0,0,0,0,0,0,0,0,0,0,0,,0,12/13/2025,0,0,0,0,0,0,0,0,0,0,0,0,0,0,0,0,,,,,,,,,,,5,5, ,0,0,0,0,40560,40, ,41,0,0,Open,MEDFORD ,OR,975048511
cif_cust_id_19500,loan_id_2213,Commercial,155242.42,_240.24,8,5/30/2026,12/30/2026,0,0,0,12/30/2026,branch_id_10,11,M013,Monthly,0,Int Only,Y,13,530,0,750000,195000,Revolving,0,0,0,134493.01,4066.15,793.46,10,officer_id_020,9/18/2014,9/18/2014,9/18/2014,9/18/2015,12/11/2025,4/30/2026,45,,155047.18,No Prepayment Penatly,0,WSJ Prime,,0000,365/360,9.75,6.75,8,0,,,1.25,0,0,5.25,0,0,1,0.05,0,9999999.99,0,0,0,0,0,0,0,0,0,0,0,0,0,0,0,0,0,0,0,0,0,0,0,0,0,,39.71,8/30/2025,0,0,0,1,0,0,0,0,0,0,0,0,0,0,0,0,,,,,,,,,,,5,4, ,0,0,0,0,999999,0, ,41,0,0,Open,PHOENIX ,OR,975350276
cif_cust_id_19500,loan_id_2216,Commercial,668208.98,1635.15,8.05,5/13/2026,11/13/2032,10967.03,0,0,,branch_id_10,10,M084,Monthly,0,Reg P&I, ,0,510,700000,0,700000,Installment,6301.86,4665.17,4665.17,23044.13,17188.95,3445.09,79,officer_id_020,11/14/2025,11/13/2025,11/14/2025,12/13/2025,,4/12/2026,30,,669874.13,No Prepayment Penatly,0,FHLB 5_YR,11/13/2030,M060,365/360,8.05,0,3.77,0,,11/13/2030,4.5,0,0,7.05,0,0,1,0.05,0,9999999.99,0,0,0,0,0,0,0,0,0,0,0,0,0,0,0,0,0,0,0,0,0,0,0,0,0,,0,12/13/2025,0,0,0,0,0,0,0,0,0,0,0,0,0,0,0,0,,,,,,,,,,,5,5, ,2964.48,0,0,0,999999,0, ,41,0,0,Open,PHOENIX ,OR,975350276
cif_cust_id_12537,loan_id_2219,Commercial,28309.39,75.43,8.72,5/13/2026,9/13/2033,438.43,0,0,,Branch Not Assigned,44,M120,Monthly,0,Reg P&I, ,0,140,34837.92,0,45500,Installment,224.18,214.25,214.25,31960.9,787.52,158.37,89,officer_id_011,9/13/2013,9/13/2013,9/13/2013,10/13/2023,9/13/2023,4/12/2026,154,,28538.82,No Prepayment Penatly,0,5_Yr Treasury,10/13/2028,M060,365/360,6,4.15,2.75,0,,10/13/2028,4.195,0,0,7.725,0,0,1,0.05,0,9999999.99,0,0,0,0,0,0,0,0,0,0,0,0,0,0,0,0,0,0,0,0,0,0,0,0,0,,0,12/13/2025,0,0,0,0,0,0,0,0,0,0,0,0,0,0,0,0,,,,,,,,,,,5,4, ,0,0,0,0,102526,0,X ,41,0,0,Open,GRANTS PASS ,OR,975279691
cif_cust_id_19507,loan_id_2220,Commercial,0,0,7,5/30/2026,11/30/2026,0,0,0,11/30/2026,branch_id_05,11,M024,Monthly,0,Int Only,Y,24,530,0,250000,250000,Revolving,0,0,0,13177.43,0,0,21,officer_id_061,7/31/2014,7/31/2014,7/31/2014,7/31/2015,11/30/2024,,0,,0,No Prepayment Penatly,0,WSJ Prime,,0000,365/360,5,6.75,4,0,,,0.25,0,0,4.5,0,0,1,0.05,0,9999999.99,0,0,0,0,0,0,0,0,0,0,0,0,0,0,0,0,0,0,0,0,0,0,0,0,0,,0,,0,0,0,0,0,0,0,0,0,0,0,0,0,0,0,0,,,,,,,,,,,5,4, ,0,0,0,0,999999,0, ,53,0,0,Open,SEATTLE ,WA,981162340
cif_cust_id_19520,loan_id_2226,Commercial,0,0,7,5/21/2026,11/21/2026,0,0,0,11/21/2026,branch_id_05,11,M024,Monthly,0,Int Only,Y,24,530,0,250000,250000,Revolving,0,0,0,132656.03,0,0,21,officer_id_061,5/19/2009,5/19/2009,5/19/2009,5/15/2010,11/21/2024,,0,,0,No Prepayment Penatly,0,WSJ Prime,,0000,365/360,4.75,6.75,4.5,0,,,0.25,0,0,4.5,0,0,1,0.05,0,9999999.99,0,0,0,0,0,0,0,0,0,0,0,0,0,0,0,0,0,0,0,0,0,0,0,0,0,,0,,0,0,0,0,0,0,0,0,0,0,0,0,0,0,0,0,,,,,,,,,,,5,4, ,0,0,0,0,999999,0, ,41,0,0,Open,SEATTLE ,WA,981162340
cif_cust_id_04482,loan_id_2233,Installment,2095.28,1.37,10,5/21/2026,7/21/2029,134.93,0,0,,Branch Not Assigned,_1,M048,Monthly,0,Reg P&I, ,0,610,5318.75,0,5318.75,Installment,116.15,18.78,18.78,300.9,87.19,13.49,39,officer_id_011,7/21/2025,7/21/2025,7/21/2025,8/21/2025,,4/21/2026,0,,2096.65,No Prepayment Penatly,0,Fixed,, ,365/365,10,0,10,0,,,0,0,0,0,0,0,1,0.05,0,9999999.99,0,0,0,0,0,0,0,0,0,0,0,0,0,0,0,0,0,0,0,0,0,0,0,0,0,,0,3/21/2026,0,0,0,0,0,0,0,0,0,0,0,0,0,0,0,0,,,,,,,,,,,5,5, ,0,0,0,0,54000,0, ,41,0,0,Open,ROGUE RIVER ,OR,975376656
cif_cust_id_19572,loan_id_2234,Commercial,37475.87,57.73,11.01,5/19/2026,4/19/2028,1746.57,0,0,,Branch Not Assigned,40,M060,Monthly,0,Reg P&I, ,0,520,80000,0,80000,Installment,1378.2,368.37,368.37,20352.39,1403.75,271.62,24,officer_id_011,4/19/2023,4/19/2023,4/19/2023,5/19/2023,,4/18/2026,15,,37548.6,No Prepayment Penatly,0,Fixed,, ,365/360,11.01,0,11.01,0,,,0,0,0,0,0,0,1,0.05,0,9999999.99,0,0,0,0,0,0,0,0,0,0,0,0,0,0,0,0,0,0,0,0,0,0,0,0,0,,0,2/19/2026,0,0,0,2,1,0,0,0,0,0,0,0,0,0,0,0,,,,,,,,,,,5,5, ,0,0,0,0,504601,0, ,41,0,0,Open,WHITE CITY ,OR,975030908
cif_cust_id_18534,loan_id_0488,Mortgage,549403.39,1308.66,7.13,5/1/2026,10/1/2054,4174.12,0,0,,branch_id_15,38,M372,Monthly,0,Reg P&I, ,0,140,0,0,800000,Installment,0,0,0,80689.53,13199.96,2500.93,347,officer_id_050,9/19/2023,9/13/2023,9/18/2023,11/1/2023,1/24/2025,4/11/2026,0,,550712.05,No Prepayment Penatly,0,1_Yr Treasury,8/17/2031,M012,30/360 Am Sch,7.13,0,5.35,0,,10/1/2031,2.625,2,2,7.125,12.125,0,1,0.05,0,9999999.99,0,0,0,0,0,0,0,0,0,0,0,0,0,0,0,0,0,0,0,0,0,0,0,0,0,,0,2/1/2026,0,0,0,1,1,0,0,0,0,0,0,0,0,0,0,0,,,,,,,,,,,5,5, ,366.34,0,0,0,3,0,X ,41,0,0,Open,MONROE ,OR,974569740
cif_cust_id_19674,loan_id_2252,Commercial,273000,1024.83,11,5/6/2026,8/6/2026,0,0,0,8/6/2026,Branch Not Assigned,41,M012,Monthly,0,Int Only,Y,12,530,0,275000,275000,Revolving,120000,1861.75,1861.75,7964.38,4822.59,1307.47,4,officer_id_011,8/7/2025,8/6/2025,8/7/2025,9/6/2025,,4/11/2026,15,,274039.83,No Prepayment Penatly,0,WSJ Prime,,0000,365/360,11.75,6.75,7.5,0,,,4.25,0,0,0,0,0,1,0.05,0,9999999.99,0,0,0,0,0,0,0,0,0,0,0,0,0,0,0,0,0,0,0,0,0,0,0,0,0,,0,3/6/2026,0,0,0,1,1,0,0,0,0,0,0,0,0,0,0,0,,,,,,,,,,,5,5, ,0,0,0,0,999999,0, ,41,0,0,Open,ASHLAND ,OR,975209156
cif_cust_id_01728,loan_id_2261,Installment,56564.79,90.53,4.5,5/11/2026,2/11/2042,417.09,0,0,,Branch Not Assigned,_1,M240,Monthly,0,Reg P&I, ,0,610,65937.5,0,65937.5,Installment,200.19,216.9,216.9,11490.89,793.18,160.52,190,officer_id_011,2/14/2022,2/11/2022,2/14/2022,3/11/2022,,4/10/2026,0,,56655.32,No Prepayment Penatly,0,Fixed,, ,365/365,4.5,0,4.5,0,,,0,0,0,0,0,0,1,0.05,0,9999999.99,0,0,0,0,0,0,0,0,0,0,0,0,0,0,0,0,0,0,0,0,0,0,0,0,0,,0,6/11/2025,0,0,0,0,1,0,0,0,0,0,0,0,0,0,0,0,,,,,,,,,,,5,5, ,0,0,0,0,0,22, ,41,0,0,Open,ASHLAND ,OR,975201909
cif_cust_id_14870,loan_id_2264,Revolving Credit,0,0,7.75,4/14/2026,6/14/2028,0,0,0,6/14/2028,branch_id_05,_2,M060,Monthly,0,Reg P&I,Y,60,630,0,20000,20000,Revolving,0,0,0,616.54,0,0,0,officer_id_014,6/14/2023,6/14/2023,6/14/2023,7/14/2023,,,0,,0,No Prepayment Penatly,0,RVC Prime,5/1/2026,M001,365/365,9.25,6.75,8.25,0,,5/1/2026,1,1,1,0,18,0,1,0.05,0,9999999.99,0,0,0,0,0,0,0,0,0,0,0,0,0,0,0,0,0,0,0,0,0,0,0,0,0,,0,10/14/2023,0,0,0,0,0,0,0,0,0,0,0,0,0,0,0,0,,,,,,,,,,,5,5, ,0,0,0,0,3,0, ,41,0,0,Open,CENTRAL POINT ,OR,975022583
Borrower Not Found,loan_id_2152,Commercial,0,0,10.75,5/26/2026,12/26/2026,0,0,0,12/26/2026,Branch Not Assigned,,M012,Monthly,0,Int Only,Y,12,530,0,25000,25000,Revolving,0,0,0,0,0,0,12,officer_id_011,12/29/2025,12/26/2025,12/29/2025,1/26/2026,,,0,,0,No Prepayment Penatly,0,WSJ Prime,,0000,365/360,10.75,0,5.75,0,,,4,0,0,5,0,0,1,0.05,0,9999999.99,0,0,0,0,0,0,0,0,0,0,0,0,0,0,0,0,0,0,0,0,0,0,0,0,0,,0,,0,0,0,0,0,0,0,0,0,0,0,0,0,0,0,0,,,,,,,,,,,5,5, ,0,0,0,0,350000,0, ,41,0,0,Open,SALEM ,OR,97301
cif_cust_id_04189,loan_id_2270,Mortgage,132439.62,372.36,4.4,5/1/2026,1/1/2052,871.32,289.98,0,,branch_id_15,29,M360,Monthly,0,Reg P&I, ,0,140,174000,0,174000,Installment,721.76,488.26,488.26,28623.5,1844.98,372.3,309,officer_id_050,12/13/2021,12/8/2021,1/1/2022,2/1/2022,,3/31/2026,0,,132811.98,No Prepayment Penatly,0,1_Yr Treasury,11/17/2031,M012,30/360 Am Sch,4.4,0,0,0,,1/1/2032,4.25,2,2,4.25,9.4,1946.77,1,0.05,0,9999999.99,0,0,0,0,0,0,0,0,0,0,0,0,0,0,0,0,0,0,0,0,0,0,0,0,0,,0,3/1/2026,0,0,0,0,0,0,0,0,0,0,0,0,0,0,0,0,,,,,,,,,,,5,5, ,0,0,0,0,0,0,X ,41,0,0,Open,Eagle Point ,OR,975249460
cif_cust_id_10414,loan_id_2280,Installment,111017.14,400.73,4.25,4/24/2026,9/24/2046,677.14,0,0,,Branch Not Assigned,_1,M300,Monthly,0,Reg P&I,N,0,640,125000,0,125000,Installment,0,0,0,22582.7,1466.17,297.31,246,officer_id_011,9/27/2021,9/24/2021,9/30/2021,10/24/2021,,3/23/2026,0,,111417.87,No Prepayment Penatly,0,Fixed,, ,365/365,4.25,0,4.25,0,,,0,0,0,0,0,0,1,0.05,0,9999999.99,0,0,0,0,0,0,0,0,0,0,0,0,0,0,0,0,0,0,0,0,0,0,0,0,0,,0,1/24/2026,0,0,0,0,0,0,0,0,0,0,0,0,0,0,0,0,,,,,,,,,,,5,5, ,0,0,0,0,0,38,X ,41,0,0,Open,BROOKINGS ,OR,974150416
cif_cust_id_03298,loan_id_2281,Mortgage,353326.21,_138.41,2.63,5/1/2026,2/1/2052,1572.46,523.54,0,,branch_id_15,29,M352,Monthly,0,Reg P&I, ,0,140,386453.99,0,386453.99,Installment,813.03,774.68,774.68,34856.07,2921.92,592.56,310,officer_id_050,9/30/2022,9/27/2022,9/27/2022,11/1/2022,,4/28/2026,0,,353187.8,No Prepayment Penatly,0,Fixed,, ,30/360 Am Sch,2.63,0,2.63,0,,,0,0,0,0,0,3278.89,1,0.05,0,9999999.99,0,0,0,0,0,0,0,0,0,0,105.56,0,0,0,0,0,0,0,0,0,0,0,0,0,0,,0,4/1/2026,0,0,0,0,0,2,0,0,0,0,0,0,0,0,0,0,,,,,,,,,,,5,5, ,0,0,0,0,3,0,AE ,41,0,0,Open,MEDFORD ,OR,975019651
cif_cust_id_13473,loan_id_2282,Revolving Credit,0,0,7,5/14/2026,2/14/2027,0,0,0,,Branch Not Assigned,_4,M120,Monthly,0,Reg P&I, ,0,180,0,100000,100000,Revolving,0,0,0,7445.83,0,0,96,officer_id_011,2/14/2017,2/14/2017,2/14/2017,3/14/2017,2/14/2017,,154,,154,No Prepayment Penatly,0,RVC Prime,5/1/2026,M001,365/365,6,6.75,5.75,0,,5/1/2026,0.25,1,1,6,18,0,1,0.05,0,9999999.99,0,0,0,0,0,0,0,0,0,0,0,0,0,0,0,0,0,0,0,0,0,0,0,0,0,,0,7/14/2022,0,0,0,0,0,0,0,0,0,0,0,0,0,0,0,0,,,,,,,,,,,5,5, ,0,0,0,0,0,0,X500 ,41,0,0,Open,MEDFORD ,OR,975010041
cif_cust_id_10144,loan_id_2288,Revolving Credit,91087.08,663.81,7,5/1/2026,12/17/2028,0,0,0,,Branch Not Assigned,_4,M120,Monthly,0,Reg P&I, ,0,180,0,100000,100000,Revolving,0,471.66,471.66,41109.28,1973.98,401.78,119,officer_id_011,12/17/2018,12/17/2018,12/17/2018,3/1/2019,1/30/2019,3/16/2026,154,,91904.89,No Prepayment Penatly,0,RVC Prime,5/1/2026,M001,365/365,6,6.75,5.75,0,,5/1/2026,0.25,1,1,6,18,0,1,0.05,0,9999999.99,0,0,0,0,0,0,0,0,0,0,0,0,0,0,0,0,0,0,0,0,0,0,0,0,0,,0,4/1/2026,0,0,0,10,2,0,0,0,0,0,0,0,0,0,0,0,,,,,,,,,,,5,5, ,0,0,0,0,0,35,X ,41,0,0,Open,GRANTS PASS ,OR,975267876
cif_cust_id_05940,loan_id_2290,Mortgage,443682.42,1133.98,4,5/1/2026,1/1/2052,2311.43,1112.04,0,,branch_id_15,29,M360,Monthly,0,Reg P&I, ,0,140,484154,0,484154,Installment,906,1481.96,1481.96,79932.25,5588.01,1133.86,309,officer_id_050,12/16/2021,12/13/2021,1/1/2022,2/1/2022,,3/31/2026,0,,444816.4,No Prepayment Penatly,0,1_Yr Treasury,11/17/2026,M012,30/360 Am Sch,4,0,0,0,,1/1/2027,3.8,2,2,4,9,3449.88,1,0.05,0,9999999.99,0,0,94.64,0,0,0,0,0,0,0,0,0,0,76.53,0,0,0,0,0,0,0,0,0,0,0,,231.92,4/1/2026,76.53,94.64,0,7,2,2,0,0,0,0,0,0,0,0,0,0,,,,,,,,,,,5,5, ,0,0,0,0,0,0,X ,41,0,0,Open,ASHLAND ,OR,975209142
cif_cust_id_19955,loan_id_2291,Commercial,51020.78,187.19,8,5/7/2026,2/7/2028,0,0,0,2/7/2028,Branch Not Assigned,41,M024,Monthly,0,Int Only,Y,24,530,0,150000,100000,Revolving,20000,317.04,317.04,41885.52,1174.75,248.56,22,officer_id_011,8/7/2017,8/7/2017,8/7/2017,10/7/2018,2/7/2026,4/6/2026,30,,51257.53,No Prepayment Penatly,0,WSJ Prime,,0000,365/360,5.5,6.75,4.25,0,,,1.25,0,0,5.5,11.5,0,1,0.05,0,9999999.99,0,0,8.69,0,0,0,0,0,0,0,0,0,0,0,0,0,0,0,0,0,0,0,0,0,0,,0,3/7/2026,0,8.69,0,0,0,1,0,0,0,0,0,0,0,0,0,0,,,,,,,,,,,5,5, ,0,0,0,0,999999,0, ,41,0,0,Open,ASHLAND ,OR,975209142
cif_cust_id_04749,loan_id_2296,Commercial,10833.3,51.82,9.75,5/5/2026,12/5/2026,0,0,0,12/5/2026,branch_id_05,11,M012,Monthly,0,Int Only,Y,12,530,0,40000,50000,Revolving,730,0,0,7682.43,368.93,69.18,8,officer_id_027,10/21/2020,10/5/2020,10/21/2020,11/5/2020,12/5/2025,4/5/2026,0,,10885.12,No Prepayment Penatly,0,WSJ Prime,,0000,365/360,4.75,6.75,3.25,0,,,3,0,0,5,0,0,1,0.05,0,9999999.99,0,0,0,0,0,0,0,0,0,0,0,0,0,0,3.07,0,0,0,0,0,0,0,0,0,0,,3.07,12/5/2025,3.07,0,0,0,0,1,0,0,0,0,0,0,0,0,0,0,,,,,,,,,,,5,4, ,0,0,0,0,196731,0, ,41,0,0,Open,CENTRAL POINT ,OR,975025002
cif_cust_id_06469,loan_id_2308,Revolving Credit,55639.22,149.38,7,5/10/2026,12/10/2035,0,0,0,12/10/2035,Branch Not Assigned,_4,M120,Monthly,0,Reg P&I,Y,120,180,0,100000,100000,Revolving,6751.23,248.77,248.77,1602.21,1650.16,254.56,120,officer_id_011,12/15/2025,12/10/2025,12/15/2025,2/10/2026,,4/9/2026,154,,55942.6,No Prepayment Penatly,0,RVC Prime,5/1/2026,M001,365/365,7.25,6.75,7,0,,5/1/2026,0.25,1,1,6,18,0,1,0.05,0,9999999.99,0,0,0,0,0,0,0,0,0,0,0,0,0,0,0,0,0,0,0,0,0,0,0,0,0,,0,1/10/2026,0,0,0,0,0,0,0,0,0,0,0,0,0,0,0,0,,,,,,,,,,,5,5, ,0,0,0,0,3,10,X ,41,0,0,Open,MEDFORD ,OR,975048222
cif_cust_id_03387,loan_id_2317,Revolving Credit,1.88,2.78,7,5/18/2026,3/18/2036,0,0,0,3/18/2036,Branch Not Assigned,_4,M120,Monthly,0,Reg P&I,Y,120,180,0,150000,150000,Revolving,962.87,1.88,1.88,1.88,4.66,2.96,120,officer_id_011,3/23/2026,3/18/2026,3/23/2026,4/18/2026,,,154,,158.66,No Prepayment Penatly,0,RVC Prime,5/1/2026,M001,365/365,7,6.75,6.75,0,,5/1/2026,0.25,1,1,6,18,0,1,0.05,0,9999999.99,0,0,0,0,0,0,0,0,0,0,0,0,0,0,0,0,0,0,0,0,0,0,0,0,0,,0,,0,0,0,0,0,0,0,0,0,0,0,0,0,0,0,0,,,,,,,,,,,5,5, ,0,0,0,0,3,15,X ,41,0,0,Open,MEDFORD ,OR,975049370
Borrower Not Found,loan_id_2268,Commercial,119006.8,32.07,5,5/22/2026,3/22/2033,1704.65,0,0,,Branch Not Assigned,22,M183,Monthly,0,Reg P&I, ,0,170,214500,0,214500,Installment,1188.17,516.48,516.48,72175.82,1907.89,382.64,83,officer_id_011,12/22/2017,12/22/2017,12/22/2017,1/22/2018,12/22/2017,4/21/2026,154,,119192.87,No Prepayment Penatly,0,FHLB 5_YR,12/22/2027,M060,365/360,5,4.16,5,0,,12/22/2027,0,0,0,5,0,0,1,0.05,0,9999999.99,0,0,0,0,0,0,0,0,0,0,0,0,0,0,0,0,0,0,0,0,0,0,0,0,0,,0,2/22/2019,0,0,0,0,0,0,0,0,0,0,0,0,0,0,0,0,,,,,,,,,,,5,5, ,0,0,0,0,299907,0,X ,41,0,0,Open,MEDFORD ,OR,975013017
cif_cust_id_14698,loan_id_2326,Commercial,20240.8,99.01,5.87,4/25/2026,1/25/2037,211.7,0,0,,Branch Not Assigned,44,M180,Monthly,0,Reg P&I,N,0,140,60000,0,60000,Installment,0,0,0,47835.15,375.95,75.91,130,officer_id_011,3/24/2008,3/24/2008,3/24/2008,2/25/2022,2/25/2022,3/24/2026,154,,20493.81,No Prepayment Penatly,0,Fixed,, ,365/360,0,0,0,0,,,0,0,0,0,0,0,1,0.05,0,9999999.99,0,0,0,0,0,0,0,0,0,0,0,0,0,0,0,0,0,0,0,0,0,0,0,0,0,,0,10/25/2025,0,0,0,0,0,0,0,0,0,0,0,0,0,0,0,0,,,,,,,,,,,5,5, ,0,0,0,0,73403,0,X ,41,0,0,Open,MEDFORD ,OR,975046297
cif_cust_id_18198,loan_id_2329,Commercial,114877.31,196,7.68,5/16/2026,2/16/2041,1090.83,0,0,,branch_id_03,25,M217,Monthly,0,Reg P&I, ,0,140,600000,0,728000,Installment,329.12,761.71,761.71,542987.48,2530.88,564.57,178,officer_id_032,6/14/2010,6/14/2010,6/14/2010,2/16/2023,3/21/2025,4/15/2026,154,,115227.31,No Prepayment Penatly,0,FHLB 5_YR,2/16/2031,M060,365/360,6.25,3.79,2.75,0,,2/16/2031,3.888,0,0,5.95,0,0,1,0.05,0,9999999.99,0,0,0,0,0,0,0,0,0,0,0,0,0,0,0,0,0,0,0,0,0,0,0,0,0,,0,8/16/2025,0,0,0,0,0,0,0,0,0,0,0,0,0,0,0,0,,,,,,,,,,,5,5, ,0,0,0,0,2612,0,X ,41,0,0,Open,ASHLAND ,OR,975209091
cif_cust_id_10452,loan_id_2336,Installment,24121.41,16.85,4.25,5/18/2026,11/18/2046,146.68,0,0,,Branch Not Assigned,_1,M300,Monthly,0,Reg P&I,N,0,640,27076.75,0,27076.75,Installment,59.4,87.28,87.28,4818.7,319.16,64.71,247,officer_id_011,11/18/2021,11/18/2021,11/18/2021,12/18/2021,,4/17/2026,0,,24138.26,No Prepayment Penatly,0,Fixed,, ,365/365,4.25,0,4.25,0,,,0,0,0,0,0,0,1,0.05,0,9999999.99,0,0,0,0,0,0,0,0,0,0,0,0,0,0,0,0,0,0,0,0,0,0,0,0,0,,0,4/18/2026,0,0,0,0,0,0,0,0,0,0,0,0,0,0,0,0,,,,,,,,,,,5,5, ,0,0,0,0,0,13,X ,41,0,0,Open,LAKEVIEW ,OR,976301967
cif_cust_id_07734,loan_id_2339,Mortgage,241562.07,1078.78,7,5/1/2026,2/1/2047,1838.64,902.94,0,,branch_id_15,29,M360,Monthly,0,Reg P&I, ,0,140,285000,0,285000,Installment,427.04,1411.6,1411.6,136459.03,5473.4,1080.31,250,officer_id_050,1/26/2017,1/26/2017,1/26/2017,3/1/2017,1/26/2017,3/31/2026,154,,242794.85,No Prepayment Penatly,0,1_Yr Treasury,12/18/2026,M012,30/360 Am Sch,4.69,3.54,1.24,0,,2/1/2027,3.45,2,2,4.69,9.69,4035.46,1,0.05,0,9999999.99,0,0,0,0,0,0,0,0,0,0,0,0,0,0,0,0,0,0,0,0,0,0,0,0,0,,0,11/1/2025,0,0,0,0,0,0,0,0,0,0,0,0,0,0,0,0,,,,,,,,,,,5,5, ,0,0,0,0,0,0,X ,41,0,0,Open,MEDFORD ,OR,975019542
cif_cust_id_04822,loan_id_2342,Revolving Credit,45349.86,162.42,7.75,5/21/2026,2/21/2035,0,0,0,2/21/2035,Branch Not Assigned,_4,M120,Monthly,0,Reg P&I,Y,120,180,0,60000,60000,Revolving,0,294.49,294.49,2696.11,1063.62,219.56,120,officer_id_011,2/26/2025,2/21/2025,2/26/2025,3/21/2025,,4/6/2026,154,,45666.28,No Prepayment Penatly,0,RVC Prime,5/1/2026,M001,365/365,8.5,6.75,7.5,0,,5/1/2026,1,1,1,6,18,0,1,0.05,0,9999999.99,0,0,0,0,0,0,0,0,0,0,0,0,0,0,0,0,0,0,0,0,0,0,0,0,0,,0,3/21/2026,0,0,0,0,0,0,0,0,0,0,0,0,0,0,0,0,,,,,,,,,,,5,5, ,0,0,0,0,3,40,X ,41,0,0,Open,MEDFORD ,OR,975014191
cif_cust_id_14106,loan_id_2347,Commercial,259618.99,466.99,7.2,5/15/2026,12/15/2039,2506.84,0,0,,Branch Not Assigned,22,M300,Monthly,0,Reg P&I, ,0,190,353000,0,353000,Installment,892.79,1614.05,1614.05,176512.37,5907.47,1195.92,164,officer_id_011,12/15/2014,12/15/2014,12/15/2014,1/15/2015,11/3/2017,4/14/2026,154,,260239.98,% of Current Balance,0,FHLB 5_YR,12/15/2029,M060,365/360,5.04,4.2,2.04,0,,12/15/2029,3,0,0,5.04,0,0,1,0.05,0,9999999.99,0,0,0,0,0,0,0,0,0,0,0,0,0,0,0,0,0,0,0,0,0,0,0,0,0,,0,2/15/2026,0,0,0,0,0,0,0,0,0,0,0,0,0,0,0,0,,,,,,,,,,,5,5, ,0,0,0,0,266040,0,X ,41,0,0,Open,MEDFORD ,OR,975015824
cif_cust_id_17430,loan_id_2349,Commercial,35053.7,_46.23,7,6/15/2026,12/15/2026,3628.86,0,0,,Branch Not Assigned,22,M240,Monthly,0,Reg P&I, ,0,170,467340,0,467340,Installment,3415.32,213.54,213.54,411649.72,926.43,167.72,7,officer_id_011,12/28/2006,12/27/2006,12/27/2006,1/15/2007,,4/30/2026,154,,35161.47,No Prepayment Penatly,0,FHLB 5_YR,12/27/2026,M060,365/365,7.38,1.44,5.13,0,,12/27/2026,2.25,0,0,7,0,0,50,0.05,10,9999999.99,0,0,0,0,0,0,0,0,0,0,0,0,0,0,0,0,0,0,0,0,0,0,0,0,0,,0,,0,0,0,0,0,0,0,0,0,0,0,0,0,0,0,0,,,,,,,,,,,5,0, ,0,0,0,0,0,0,X ,41,0,0,Open,ALBANY ,OR,973213416
cif_cust_id_01143,loan_id_2351,Commercial,589719.8,1920.35,6.17,5/5/2026,5/5/2042,4854.29,0,0,,branch_id_10,22,M300,Monthly,0,Reg P&I, ,0,170,1350000,0,1350000,Installment,1711.98,3142.31,3142.31,338831.39,11481.62,2325.81,193,officer_id_020,5/5/2017,5/5/2017,5/5/2017,6/5/2017,6/22/2022,4/4/2026,154,,591794.15,% of Current Balance,0,FHLB 5_YR,5/5/2027,M060,365/360,5,3.32,2.15,0,,5/5/2027,2.85,0,0,5,0,0,1,0.05,0,9999999.99,0,0,0,0,0,0,0,0,0,0,0,0,0,0,0,0,0,0,0,0,0,0,0,0,0,,0,7/5/2025,0,0,0,0,0,0,0,0,0,0,0,0,0,0,0,0,,,,,,,,,,,5,4, ,5156.43,0,0,0,999999,0,X ,41,0,0,Open,GRANTS PASS ,OR,975275416
cif_cust_id_19245,loan_id_2356,Revolving Credit,0,0,7.75,5/16/2026,9/16/2029,0,0,0,9/16/2029,Branch Not Assigned,_4,M120,Monthly,0,Reg P&I,Y,12,180,0,200000,200000,Revolving,0,0,0,656.84,0,0,12,officer_id_011,9/16/2019,9/11/2019,9/16/2019,10/16/2019,,,154,,154,No Prepayment Penatly,0,RVC Prime,5/1/2026,M001,365/365,6.5,6.75,5.25,0,,5/1/2026,1,1,1,6.5,18,0,1,0.05,0,9999999.99,0,0,0,0,0,0,0,0,0,0,0,0,0,0,0,0,0,0,0,0,0,0,0,0,0,,0.07,9/16/2022,0,0,0,0,0,0,0,0,0,0,0,0,0,0,0,0,,,,,,,,,,,5,5, ,0,0,0,0,0,11.9,A ,41,0,0,Open,TALENT ,OR,975407721
cif_cust_id_20301,loan_id_2363,Commercial,86512.4,533.29,9,4/30/2026,5/31/2029,2634.2,0,0,,branch_id_05,13,M120,Monthly,0,Reg P&I, ,0,510,224000,0,224000,Installment,0,0,0,78286.32,2495.66,490.63,38,officer_id_061,5/30/2019,5/30/2019,5/30/2019,6/30/2019,,3/29/2026,184,,87229.69,No Prepayment Penatly,0,WSJ Prime,5/30/2026,M012,365/365,7.5,7.5,5.5,0,,5/30/2026,2,0,0,6,9,0,1,0.05,0,9999999.99,0,0,0,0,0,0,0,0,0,0,0,0,0,0,0,0,0,0,0,0,0,0,0,0,0,,0,8/30/2025,0,0,0,0,0,0,0,0,0,0,0,0,0,0,0,0,,,,,,,,,,,5,5, ,0,0,0,0,884587,0,X ,41,75,0.55,Open,JACKSONVILLE ,OR,975301745
cif_cust_id_20301,loan_id_2364,Commercial,0,0,9.75,3/6/2026,3/6/2026,0,0,0,3/6/2026,branch_id_05,11,M012,Monthly,0,Int Only,Y,12,530,0,200000,150000,Revolving,0,0,0,26133.55,1365.77,0,1,officer_id_061,3/8/2024,3/6/2024,3/8/2024,4/6/2024,3/6/2025,,169,,169,No Prepayment Penatly,0,WSJ Prime,,0000,365/360,11.5,6.75,8.5,0,,,3,0,0,8.5,0,0,1,0.05,0,9999999.99,0,0,0,0,0,0,0,0,0,0,0,0,39.38,0,0,0,0,0,0,0,0,0,0,0,0,,39.38,2/6/2026,39.38,0,0,0,0,1,0,0,0,0,0,0,0,0,0,0,,,,,,,,,,,5,5, ,0,0,0,0,999999,0,X ,41,0,0,Open,JACKSONVILLE ,OR,975301745
cif_cust_id_20301,loan_id_2365,Commercial,57451.1,262.7,9.15,5/6/2026,3/6/2031,1217.49,0,0,,branch_id_05,10,M060,Monthly,0,Reg P&I, ,0,510,75000,0,75000,Installment,759.1,458.39,458.39,12888.35,1688.21,336.63,35,officer_id_061,3/8/2024,3/6/2024,3/8/2024,4/6/2024,,4/5/2026,0,,57713.8,No Prepayment Penatly,0,FHLB 3_YR,3/6/2027,M036,365/360,9.15,0,4.44,0,,3/6/2027,4.56,0,0,7.145,0,0,1,0.05,0,9999999.99,0,0,0,0,0,0,0,0,0,0,0,0,0,0,0,0,0,0,0,0,0,0,0,0,0,,0,12/6/2025,0,0,0,0,0,0,0,0,0,0,0,0,0,0,0,0,,,,,,,,,,,5,5, ,0,0,0,0,999999,0, ,41,0,0,Open,JACKSONVILLE ,OR,975301745
cif_cust_id_02440,loan_id_2366,Installment,106150.01,160.45,4.25,5/11/2026,2/11/2047,677.07,0,0,,Branch Not Assigned,_1,M300,Monthly,0,Reg P&I,N,0,640,125000,0,125000,Installment,405.49,384.51,384.51,20537.08,1406.53,284.52,250,officer_id_011,2/11/2022,2/11/2022,2/11/2022,3/11/2022,,4/10/2026,0,,106310.46,No Prepayment Penatly,0,Fixed,, ,365/365,4.25,0,4.25,0,,,0,0,0,0,0,0,1,0.05,0,9999999.99,0,0,0,0,0,0,0,0,0,0,0,0,0,0,0,0,0,0,0,0,0,0,0,0,0,,0,,0,0,0,0,0,0,0,0,0,0,0,0,0,0,0,0,,,,,,,,,,,5,5, ,0,0,0,0,0,16,X ,41,0,0,Open,GRANTS PASS ,OR,975279140
cif_cust_id_20394,loan_id_2373,Commercial,0,0,10.75,5/18/2026,7/18/2026,0,0,0,7/18/2026,Branch Not Assigned,,M012,Monthly,0,Int Only,Y,12,530,0,25000,25000,Revolving,0,0,0,0,0,0,12,officer_id_011,7/18/2025,7/18/2025,7/18/2025,8/18/2025,,,0,,0,No Prepayment Penatly,0,WSJ Prime,,0000,365/360,11.5,6.75,7.5,0,,,4,0,0,5,0,0,1,0.05,0,9999999.99,0,0,0,0,0,0,0,0,0,0,0,0,0,0,0,0,0,0,0,0,0,0,0,0,0,,0,,0,0,0,0,0,0,0,0,0,0,0,0,0,0,0,0,,,,,,,,,,,5,5, ,0,0,0,0,300000,0, ,41,0,0,Open,CENTRAL POINT ,OR,975021533
cif_cust_id_20410,loan_id_2376,Commercial,6342.33,1.9,10.75,5/23/2026,7/23/2026,0,0,0,7/23/2026,Branch Not Assigned,,M012,Monthly,0,Int Only,Y,12,530,0,15000,15000,Revolving,0,58.71,58.71,452.43,214.02,43.56,4,officer_id_011,7/23/2025,7/23/2025,7/23/2025,8/23/2025,,4/22/2026,0,,6344.23,No Prepayment Penatly,0,WSJ Prime,,0000,365/360,11.5,6.75,7.5,0,,,4,0,0,5,0,0,1,0.05,0,9999999.99,0,0,0,0,0,0,0,0,0,0,0,0,0,0,0,0,0,0,0,0,0,0,0,0,0,,0,,0,0,0,0,0,0,0,0,0,0,0,0,0,0,0,0,,,,,,,,,,,5,5, ,0,0,0,0,19305,0, ,41,0,0,Open,MEDFORD ,OR,975013530
cif_cust_id_06664,loan_id_2379,Installment,48695.31,51.03,4.25,5/15/2026,12/15/2046,301.46,0,0,,Branch Not Assigned,_1,M300,Monthly,0,Reg P&I, ,0,640,55646.75,0,55646.75,Installment,125.24,176.22,176.22,9624.48,644.29,130.61,248,officer_id_011,12/16/2021,12/15/2021,12/16/2021,1/15/2022,,4/14/2026,0,,48746.34,No Prepayment Penatly,0,Fixed,, ,365/365,4.25,0,4.25,0,,,0,0,0,0,0,0,1,0.05,0,9999999.99,0,0,0,0,0,0,0,0,0,0,0,0,0,0,0,0,0,0,0,0,0,0,0,0,0,,15.07,2/15/2026,0,0,0,0,0,0,0,0,0,0,0,0,0,0,0,0,,,,,,,,,,,5,5, ,0,0,0,0,0,0,X500 ,41,0,0,Open,MEDFORD ,OR,975010021
cif_cust_id_18807,loan_id_2380,Commercial,306310,1714.71,7.75,4/29/2026,8/29/2040,2957.45,0,0,,branch_id_05,22,M180,Monthly,0,Reg P&I, ,0,170,314774.08,0,440000,Installment,0,0,0,196310.85,7488.94,1516.66,173,officer_id_061,7/29/2015,7/29/2015,7/29/2015,8/29/2015,9/18/2025,3/28/2026,154,,308178.71,No Prepayment Penatly,0,FHLB 3_YR,8/29/2028,M036,365/360,4.65,0.79,1.53,0,,8/29/2028,4.25,0,0,6.75,0,0,1,0.05,0,9999999.99,0,0,0,0,0,0,0,0,0,0,0,0,0,0,0,0,0,0,0,0,0,0,0,0,0,,0,11/29/2025,0,0,0,1,0,0,0,0,0,0,0,0,0,0,0,0,,,,,,,,,,,5,5, ,1615.78,0,0,0,156195,0,X ,41,0,0,Open,EAGLE POINT ,OR,975247989
cif_cust_id_00202,loan_id_0040,Commercial,232339.37,5832.12,8.25,4/28/2026,4/29/2041,2223.24,0,0,4/29/2041,branch_id_03,16,M304,Monthly,0,Reg P&I,Y,304,190,310000,0,310000,Installment,0,0,0,128383.14,3948.6,1207.85,181,officer_id_032,4/29/2016,4/29/2016,4/29/2016,5/29/2016,4/29/2016,1/2/2026,154,,238325.49,No Prepayment Penatly,0,WSJ Prime,4/1/2031,M060,365/365,5,6.75,3.5,0,,4/1/2031,1.5,0,0,0,0,0,1,0.05,0,9999999.99,0,0,0,0,0,0,0,0,0,0,0,0,0,0,0,0,0,0,0,0,0,0,0,0,4503.33,,0,3/28/2026,0,0,0,0,0,0,0,0,0,0,0,0,0,0,0,0,,,,,,,,,,,6,5, ,0,0,0,0,161803,0,X ,41,75,0.473,Open,ASHLAND ,OR,975201749
cif_cust_id_00295,loan_id_0057,Commercial,930639.92,5217.06,7.76,4/29/2026,4/29/2044,8057.53,0,0,,branch_id_05,22,M300,Monthly,0,Reg P&I, ,0,190,1085000,0,1085000,Installment,0,0,0,441139.31,22751.88,4615.09,217,officer_id_027,4/30/2019,4/29/2019,4/30/2019,5/29/2019,,3/28/2026,154,,936010.98,% of Current Balance,0,FHLB 5_YR,4/29/2029,M060,365/360,5.68,4.79,0,0,,4/29/2029,2.972,0,0,5.482,0,0,1,0.05,0,9999999.99,0,0,0,0,0,0,0,0,0,0,0,0,0,0,0,0,0,0,0,0,0,0,0,0,0,,0,11/29/2025,0,0,0,0,0,0,0,0,0,0,0,0,0,0,0,0,,,,,,,,,,,6,4, ,3408.07,0,0,0,782732,0,X ,41,0,0,Open,GOLD HILL ,OR,975251056
Borrower Not Found,loan_id_0070,Commercial,297711.52,151.33,6.1,6/1/2026,10/1/2033,3550.45,0,0,10/1/2033,branch_id_09,22,M180,Monthly,0,Reg P&I,Y,120,170,358762.19,0,600000,Installment,2127.87,1422.58,1422.58,396206.64,5792.2,1167.46,149,officer_id_070,8/7/2013,8/7/2013,8/7/2013,11/1/2023,9/21/2023,4/20/2026,154,,300993.96,% of Current Balance,2977.11,FHLB 5_YR,10/1/2028, ,365/360,0,0,0,0,,10/1/2028,4.225,0,0,7.185,0,0,1,0.05,0,9999999.99,0,0,0,0,0,0,0,0,0,0,0,0,0,0,0,0,0,0,0,0,0,0,0,0,0,,6420.37,8/1/2023,0,0,0,0,0,0,0,0,0,0,0,0,5530.16,0,63046.79,0,0,0,0,0,0,0,0,0,0,0,6,0, ,0,0,0,0,146975,0,X ,41,0,0,Open,ALBANY ,OR,973214824
cif_cust_id_01335,loan_id_0140,Commercial,396764.06,1636.09,8.25,5/6/2026,9/6/2049,3225.25,0,0,,branch_id_03,28,M300,Monthly,0,Reg P&I, ,0,140,405000,0,405000,Installment,0,0,0,53043.81,10294.41,2091.28,281,officer_id_032,9/6/2024,9/6/2024,9/6/2024,10/6/2024,,4/5/2026,154,,406489.43,% of Current Balance,7935.28,FHLB 5_YR,9/6/2029,M060,365/360,8.25,0,3.77,0,,9/6/2029,4.494,0,0,7.25,0,0,1,0.05,0,9999999.99,0,0,0,0,0,0,0,0,0,0,0,0,0,0,0,0,0,0,0,0,0,0,0,0,0,,0,,0,0,0,0,0,0,0,0,0,0,0,0,0,0,0,0,,,,,,,,,,,6,6, ,200.98,0,0,0,999999,0,X ,41,0,0,Open,MEDFORD ,OR,975012725
cif_cust_id_01335,loan_id_0141,Commercial,411458.9,1696.69,8.25,5/6/2026,9/6/2049,3344.71,0,0,,branch_id_03,28,M300,Monthly,0,Reg P&I, ,0,140,420000,0,420000,Installment,0,0,0,55008.39,10675.68,2168.73,281,officer_id_032,9/6/2024,9/6/2024,9/6/2024,10/6/2024,,4/5/2026,154,,421538.76,% of Current Balance,8229.17,FHLB 5_YR,9/6/2029,M060,365/360,8.25,0,3.77,0,,9/6/2029,4.494,0,0,7.25,0,0,1,0.05,0,9999999.99,0,0,0,0,0,0,0,0,0,0,0,0,0,0,0,0,0,0,0,0,0,0,0,0,0,,0,,0,0,0,0,0,0,0,0,0,0,0,0,0,0,0,0,,,,,,,,,,,6,6, ,341.21,0,0,0,999999,0,X ,41,0,0,Open,MEDFORD ,OR,975012725
cif_cust_id_01347,loan_id_0144,Commercial,1618561.99,3942.82,6.26,5/10/2026,12/21/2045,12016.42,0,0,,branch_id_03,22,M300,Monthly,0,Reg P&I, ,0,190,1875000,0,1875000,Installment,3268.27,8748.15,8748.15,361021.92,31958.42,6482.61,237,officer_id_032,12/28/2020,12/21/2020,12/28/2020,2/10/2021,,4/9/2026,154,,1638844.42,% of Current Balance,16185.61,FHLB 5_YR,12/21/2030,M060,365/360,3.71,3.81,0.76,0,,12/21/2030,2.45,0,0,3.707,0,0,1,0.05,0,9999999.99,0,0,0,0,0,0,0,0,0,0,0,0,0,0,0,0,0,0,0,0,0,0,0,0,0,,0,1/10/2026,0,0,0,0,0,0,0,0,0,0,0,0,0,0,0,0,,,,,,,,,,,6,4, ,989.31,0,0,0,0,0,X ,41,0,0,Open,CENTRAL POINT ,OR,975028405
cif_cust_id_01347,loan_id_0145,Commercial,1302780.85,4466.86,6.57,5/10/2026,3/31/2046,9844.1,0,0,,branch_id_03,22,M300,Monthly,0,Reg P&I, ,0,170,1500000,0,1500000,Installment,3551.98,4170,4170,266099.65,17829.35,5470.09,240,officer_id_032,3/31/2021,3/30/2021,3/31/2021,5/10/2021,,4/4/2026,154,,1320429.51,% of Current Balance,13027.8,FHLB 5_YR,3/30/2031,M060,365/360,3.71,4.12,1.27,0,,3/30/2031,2.45,0,0,3.707,0,0,1,0.05,0,9999999.99,0,0,0,0,0,0,0,0,0,0,0,0,0,0,0,0,0,0,0,0,0,0,0,0,0,,0,1/10/2026,0,0,0,0,0,0,0,0,0,0,0,0,0,0,0,0,,,,,,,,,,,6,4, ,0,0,0,0,0,0,X ,41,0,0,Open,CENTRAL POINT ,OR,975028405
cif_cust_id_01904,loan_id_0244,Commercial,849708.68,3937.76,9.95,5/6/2026,6/6/2047,8046.16,0,0,,branch_id_05,16,M300,Monthly,0,Reg P&I, ,0,170,916000,0,916000,Installment,628.42,7417.74,7417.74,229777.16,26228.78,5328.59,254,officer_id_040,6/7/2022,6/6/2022,6/7/2022,7/6/2022,1/6/2023,4/6/2026,154,,853800.44,% of Current Balance,0,WSJ Prime,6/6/2028,M036,365/365,5.95,7.5,4,0,,6/6/2028,2.45,0,0,0,0,0,1,0.05,0,9999999.99,0,0,0,0,0,0,0,0,0,0,0,0,0,0,0,0,0,0,0,0,0,0,0,0,0,,0,1/6/2026,0,0,0,0,0,0,0,0,0,0,0,0,0,0,0,0,,,,,,,,,,,6,4, ,0,0,0,0,999999,0,X ,41,75,0.49,Open,CENTRAL POINT ,OR,975023006
cif_cust_id_01931,loan_id_0245,Commercial,173103.44,1406.46,9.75,4/25/2026,5/25/2026,0,0,0,5/25/2026,branch_id_09,67,M006,Monthly,0,Int Only,Y,6,120,0,175000,75000,Revolving,0,0,0,54989.32,5297.69,1078.29,2,officer_id_070,3/20/2020,3/20/2020,3/20/2020,4/10/2020,11/25/2025,3/24/2026,154,,174742.76,No Prepayment Penatly,0,WSJ Prime,,0000,365/360,5.25,6.75,4.25,0,,,3,0,0,7.5,0,0,1,0.05,0,9999999.99,0,0,0,0,0,0,0,0,0,0,0,0,0,0,0,0,0,0,0,0,0,0,0,0,0,,0,11/25/2025,0,0,0,0,0,1,1,0,0,0,0,0,0,0,0,0,,,,,,,,,,,6,0, ,0,0,0,0,526273,0,D ,41,0,0,Open,BEAVERCREEK ,OR,970048778
cif_cust_id_08570,loan_id_0246,Commercial,882790.09,3415.74,4.62,5/10/2026,3/10/2035,10178.67,0,0,,branch_id_09,18,M160,Monthly,0,Reg P&I,N,0,120,1056366.31,0,1187606.08,Installment,6970.46,3208.21,3208.21,290705.96,12992.2,2616.44,107,officer_id_070,3/20/2020,3/20/2020,3/20/2020,12/10/2021,11/8/2021,3/24/2026,154,,922180.36,% of Current Balance,35311.6,FHLB 5_YR,10/10/2026,M060,365/360,4.46,1.25,0.96,0,,10/10/2026,3.5,0,0,4.62,0,0,1,0.05,0,9999999.99,0,0,0,0,0,0,0,0,0,0,0,0,0,0,0,0,0,0,0,0,0,0,0,0,0,,0,4/10/2026,0,0,0,0,0,0,0,0,0,0,0,0,0,0,0,0,,,,,,,,,,,6,0, ,5243.79,0,0,0,480974,0,X ,41,0,0,Open,BEAVERCREEK ,OR,970048778
cif_cust_id_02016,loan_id_0251,Commercial,90422.99,366.64,9.25,5/8/2026,1/8/2029,3113.85,0,0,,branch_id_05,13,M120,Monthly,0,Reg P&I, ,0,510,250000,0,250000,Installment,2384.73,729.12,729.12,102249.05,2715.55,531.28,33,officer_id_061,1/8/2019,1/8/2019,1/8/2019,2/8/2019,1/8/2019,4/7/2026,323,,91112.63,No Prepayment Penatly,0,WSJ Prime,1/1/2027,M012,365/365,8,6.75,5.5,0,,1/1/2027,2.5,0,0,0,0,0,1,0.05,0,9999999.99,0,0,0,0,0,0,0,0,0,0,0,0,0,0,0,0,0,0,0,0,0,0,0,0,0,,0,11/8/2025,0,0,0,0,0,0,0,0,0,0,0,0,0,0,0,0,,,,,,,,,,,6,5, ,0,0,0,0,0,0,X ,41,75,0.55,Open,MEDFORD ,OR,975039505
cif_cust_id_16271,loan_id_0257,Commercial,335715.49,1187.95,7.95,5/8/2026,8/8/2036,3877.99,0,0,8/8/2036,branch_id_05,22,M303,Monthly,0,Reg P&I,Y,190,190,546000,0,546000,Installment,1590.07,2309.93,2309.93,404537.07,8458.68,1709.37,124,officer_id_069,8/8/2011,8/8/2011,8/8/2011,9/8/2011,8/8/2011,4/7/2026,1351.9,,338255.34,No Prepayment Penatly,0,3_Yr Treasury,8/12/2026,M036,365/360,5.75,4.45,2.25,0,,8/12/2026,3.5,0,0,5.75,0,0,1,0.05,0,9999999.99,0,0,0,0,0,0,0,0,0,0,0,0,0,0,0,0,0,0,0,0,0,0,0,0,0,,0,4/8/2026,0,0,0,2,0,0,0,0,0,0,0,0,0,0,0,0,,,,,,,,,,,6,5, ,0,0,0,0,0,0,X ,41,0,0,Open,TIGARD ,OR,972241454
cif_cust_id_02444,loan_id_0316,Commercial,505165.62,2953.7,7.8,4/28/2026,1/31/2035,6641.26,0,0,,branch_id_05,22,M240,Monthly,0,Reg P&I, ,0,170,875000,0,875000,Installment,0,0,0,431787.66,12486.89,2516.12,106,officer_id_040,1/28/2015,1/28/2015,1/28/2015,2/28/2015,1/29/2015,3/27/2026,259,,508378.32,No Prepayment Penatly,0,FHLB 10_YR,1/28/2035,M120,365/360,5.5,4.8,2.5,0,,1/28/2035,3,0,0,5.19,0,0,1,0.05,0,9999999.99,0,0,0,0,0,0,0,0,0,0,0,0,0,0,0,0,0,0,0,0,0,0,0,0,0,,0,3/28/2026,0,0,0,0,0,0,0,0,0,0,0,0,0,0,0,0,,,,,,,,,,,6,6, ,0,0,0,0,607313,0,X ,41,0,0,Open,MEDFORD ,OR,975049714
cif_cust_id_02503,loan_id_0326,Commercial,302292.41,968.39,5,5/1/2026,10/1/2031,5257.39,0,0,,Branch Not Assigned,12,M120,Monthly,0,Reg P&I,N,0,420,493750,0,493750,Installment,3936.09,1321.3,1321.3,92441.47,4854.45,968.39,66,officer_id_063,9/28/2021,9/27/2021,9/28/2021,11/1/2021,,3/31/2026,45,,306328.72,% of Current Balance,3022.92,FHLB 5_YR,10/1/2026,M060,365/360,5,0,1.15,0,,10/1/2026,3.54,0,0,5,0,0,1,0.05,0,9999999.99,0,0,0,0,0,0,0,0,0,0,0,0,0,0,0,0,0,0,0,0,0,0,0,0,0,,0,4/1/2026,0,0,0,4,0,0,0,0,0,0,0,0,0,0,0,0,,,,,,,,,,,6,5, ,0,0,0,0,514842,0,X ,41,0,0,Open,SCIO ,OR,973749350
cif_cust_id_02503,loan_id_0327,Commercial,725780.12,908.36,5,5/15/2026,10/15/2046,4756.66,0,0,,Branch Not Assigned,18,M300,Monthly,0,Reg P&I,N,0,120,806250,0,806250,Installment,1623.45,3133.21,3133.21,176389.76,11452.16,2322.75,246,officer_id_063,10/7/2021,10/1/2021,10/7/2021,11/15/2021,,4/14/2026,154,,734100.28,% of Current Balance,7257.8,FHLB 5_YR,10/15/2026,M060,365/360,5,0,1.35,0,,10/15/2026,3.54,0,0,5,0,0,1,0.05,0,9999999.99,0,0,0,0,0,0,0,0,0,0,0,0,0,0,0,0,0,0,0,0,0,0,0,0,0,,0,4/15/2026,0,0,0,5,0,0,0,0,0,0,0,0,0,0,0,0,,,,,,,,,,,6,5, ,0,0,0,0,514842,0,X ,41,0,0,Open,SCIO ,OR,973749350
cif_cust_id_02503,loan_id_0328,Commercial,58327.35,117.9,10.25,5/17/2026,4/17/2030,1490.33,0,0,,Branch Not Assigned,12,M060,Monthly,0,Reg P&I, ,0,420,69493.78,0,69493.78,Installment,966.41,523.92,523.92,26377.59,1950.77,388.01,48,officer_id_063,11/22/2021,11/17/2021,11/22/2021,12/17/2021,4/17/2025,4/16/2026,220,,58665.25,No Prepayment Penatly,0,Fixed,, ,365/360,5.25,7.5,3.25,0,,,0,0,0,0,0,0,1,0.05,0,9999999.99,0,0,0,0,0,0,0,0,0,0,0,0,0,0,0,0,0,0,0,0,0,0,0,0,0,,69.88,4/17/2026,0,0,0,6,0,0,0,0,0,0,0,0,0,0,0,0,,,,,,,,,,,6,5, ,0,0,0,0,700843,0, ,41,0,0,Open,SCIO ,OR,973749350
cif_cust_id_02503,loan_id_0329,Commercial,87449.21,333.07,8.06,5/7/2026,2/7/2034,1263.44,0,0,,Branch Not Assigned,12,M120,Monthly,0,Reg P&I, ,0,420,103376,0,103376,Installment,651.88,611.56,611.56,16922.65,2243.27,451.34,94,officer_id_063,2/12/2024,2/7/2024,2/12/2024,3/7/2024,,4/6/2026,220,,88876.77,% of Current Balance,874.49,FHLB 5_YR,2/7/2029,M060,365/360,8.06,0,4.23,0,,2/7/2029,3.88,0,0,7.055,0,0,1,0.05,0,9999999.99,0,0,0,0,0,0,0,0,0,0,0,0,0,0,0,0,0,0,0,0,0,0,0,0,0,,0,4/7/2026,0,0,0,0,1,0,0,0,0,0,0,0,0,0,0,0,,,,,,,,,,,6,6, ,0,0,0,0,999999,0, ,41,0,0,Open,SCIO ,OR,973749350
cif_cust_id_02747,loan_id_0343,Commercial,156940.33,42.51,9.75,5/23/2026,3/23/2027,0,0,0,3/23/2027,branch_id_03,11,M014,Monthly,0,Int Only,Y,14,530,0,200000,200000,Revolving,0,1317.64,1317.64,16989.03,5103.93,977.61,11,officer_id_032,7/22/2019,7/17/2019,7/22/2019,8/17/2019,1/23/2026,4/22/2026,15,,157024.11,No Prepayment Penatly,0,WSJ Prime,,0000,365/360,6.5,6.75,5.5,0,,,3,0,0,6.75,0,0,1,0.05,0,9999999.99,0,0,46.66,0,0,0,0,0,0,0,0,0,0,0,0,0,0.13,0,0,0,0,0,0,0,0,,0.13,3/23/2026,0,46.66,0,0,0,1,1,0,0,0,0,0,0,0,0,0,,,,,,,,,,,6,4, ,0,0,0,0,999999,0, ,41,0,0,Open,ASHLAND ,OR,975203777
cif_cust_id_02749,loan_id_0344,Commercial,199176.4,72.89,9.75,5/23/2026,3/23/2027,0,0,0,3/23/2027,branch_id_03,11,M014,Monthly,0,Int Only,Y,14,530,0,200000,200000,Revolving,0,0,0,54703.29,5811.26,1200.08,11,officer_id_032,10/26/2020,10/23/2020,10/26/2020,11/23/2020,1/23/2026,4/22/2026,45,,199339.02,No Prepayment Penatly,0,WSJ Prime,,0000,365/360,4.8,6.75,3.25,0,,,3,0,0,6,0,0,1,0.05,0,9999999.99,0,0,46.11,0,0,0,0,0,0,0,0,0,0,0,0,0,0,0,28,0,0,0,0,0,0,,28,3/23/2026,0,46.11,0,0,0,1,1,0,0,0,0,0,0,0,0,0,,,,,,,,,,,6,3+, ,0,0,0,0,999999,0, ,41,0,0,Open,MEDFORD ,OR,975017930
cif_cust_id_03020,loan_id_0374,Commercial,47415.79,3240.56,7.27,3/20/2026,9/20/2029,1123.31,0,0,9/20/2029,Branch Not Assigned,35,M186,Monthly,0,Reg P&I,Y,180,160,195000,0,195000,Installment,0,0,0,60684.72,1109.41,220.08,43,officer_id_011,9/9/2014,9/9/2014,9/9/2014,10/20/2014,2/20/2015,5/19/2025,154,,50978.86,No Prepayment Penatly,0,FHLB 10_YR,9/20/2034,M120,365/360,5.58,4.02,2.33,0,,9/20/2034,3.25,0,0,5.58,0,0,1,0.05,0,9999999.99,0,0,0,0,0,0,0,0,0,0,0,0,168.51,0,0,0,0,0,0,0,0,0,0,0,2622.43,,168.51,3/20/2026,168.51,0,2415.13,4,2,2,2,1,0,0,0,0,0,0,0,0,,,,,,,,,,,6,5, ,0,0,0,0,46530,0,X ,41,0,0,Open,JACKSONVILLE ,OR,975301024
cif_cust_id_03551,loan_id_0413,Commercial,0,0,11.75,12/15/2025,12/15/2026,0,0,1,12/15/2026,branch_id_10,11,M013,Monthly,0,Int Only,Y,13,530,0,50000,50000,Non _ Revolving,0,0,0,0,0,0,13,officer_id_020,12/24/2020,12/15/2020,12/24/2020,1/15/2023,12/1/2025,,169,,169,No Prepayment Penatly,0,WSJ Prime,,0000,365/360,8.25,6.75,3.25,0,,,5,0,0,7.25,0,0,1,0.05,0,9999999.99,0,0,0,0,0,0,0,0,0,0,0,0,0,0,0,0,0,0,0,0,0,0,0,0,0,,0,,0,0,0,0,0,0,0,0,0,0,0,0,0,0,0,0,,,,,,,,,,,6,5, ,0,0,0,0,999999,0,X500 ,41,0,0,Open,GRANTS PASS ,OR,975262123
cif_cust_id_03770,loan_id_0456,Commercial,1546772.55,3089.25,7.19,5/14/2026,11/14/2043,14106.66,0,0,11/14/2043,branch_id_05,22,M243,Monthly,0,Reg P&I,Y,243,190,1918000,0,1918000,Installment,4502.12,9604.54,9604.54,841588.36,35129.29,7116.96,211,officer_id_027,11/14/2018,11/14/2018,11/14/2018,9/14/2023,9/5/2023,4/13/2026,154,,1550015.8,% of Current Balance,0,FHLB 5_YR,11/14/2028,M060,365/360,5.89,4.62,3.32,0,,11/14/2028,2.57,0,0,5.89,0,0,1,0.05,0,9999999.99,0,0,0,0,0,0,0,0,0,0,0,0,0,0,0,0,0,0,0,0,0,0,0,0,0,,0,3/14/2026,0,0,0,0,0,0,0,0,0,0,0,0,0,0,0,0,,,,,,,,,,,6,4, ,0,0,0,0,57021,0,AE ,41,0,0,Open,GOLD HILL ,OR,975251056
cif_cust_id_10483,loan_id_0623,Commercial,410875.06,533.75,7.9,5/18/2026,12/18/2026,5000,0,0,12/18/2026,branch_id_18,22,M018,Monthly,0,Reg P&I,Y,18,170,433809.58,0,433809.58,Installment,2196.42,2803.58,2803.58,27065.48,10294.76,2074.74,8,officer_id_058,6/30/2025,6/18/2025,6/30/2025,7/18/2025,7/17/2025,4/17/2026,154,,411562.81,No Prepayment Penatly,0,Fixed,, ,365/360,7.9,0,7.9,0,,,0,0,0,0,0,0,1,0.05,0,9999999.99,0,0,0,0,0,0,0,0,0,0,0,0,0,0,0,0,0,0,0,0,0,0,0,0,0,,0,1/18/2026,0,0,0,0,1,0,0,0,0,0,0,0,0,0,0,0,,,,,,,,,,,6,6, ,0,0,0,0,0,0,X500 ,06,0,0,Open,SALEM ,OR,973021902
cif_cust_id_05855,loan_id_0626,Commercial,750000,3827.09,8.25,4/30/2026,3/31/2027,0,0,0,3/31/2027,branch_id_03,11,M012,Monthly,0,Int Only,Y,12,530,0,800000,500000,Revolving,0,0,0,173001.28,10177.9,3477.61,11,officer_id_032,2/26/2018,2/26/2018,2/26/2018,3/15/2019,3/31/2026,4/1/2026,15,,753842.09,No Prepayment Penatly,0,WSJ Prime,,0000,365/360,5.5,6.75,4.5,0,,,1.5,0,0,5.125,0,0,1,0.05,0,9999999.99,0,0,0,0,0,0,0,0,0,0,0,0,0,0,0,0,0,0,0,0,0,0,0,0,0,,0,11/30/2025,0,0,0,0,0,0,0,0,0,0,0,0,0,0,0,0,,,,,,,,,,,6,4, ,0,0,0,0,999999,0, ,41,0,0,Open,CENTRAL POINT ,OR,975028405
cif_cust_id_18473,loan_id_0697,Commercial,141701.3,3401.65,8.61,1/15/2027,1/15/2035,23378.45,0,0,,branch_id_09,12,M010,Annually,0,Reg P&I, ,0,410,155000,0,155000,Installment,0,0,0,10079.75,3920.46,779.2,9,officer_id_070,4/18/2025,4/18/2025,4/18/2025,1/15/2026,,1/13/2026,154,,145256.95,No Prepayment Penatly,0,FHLB 5_YR,12/15/2029,M060,365/360,8.61,0,4.13,0,,12/15/2029,4.475,0,0,0,0,0,1,0.05,0,9999999.99,0,0,0,0,0,0,0,0,0,0,0,0,0,0,0,0,0,0,0,0,0,0,0,0,0,,0,1/15/2026,0,0,0,0,1,0,0,0,0,0,0,0,0,0,0,0,,,,,,,,,,,6,5+, ,0,0,0,0,100178,0,X ,41,0,0,Open,BROWNSVILLE ,OR,973270555
cif_cust_id_07516,loan_id_0942,Commercial,513199.7,16473.3,7.25,6/1/2026,6/1/2029,30537.42,0,0,,Branch Not Assigned,18,M240,Semi_Annually,0,Reg P&I, ,0,120,0,0,650000,Installment,0,0,0,230546.16,11682.08,2377.77,7,officer_id_063,5/30/2019,5/30/2019,5/30/2019,12/1/2019,,11/15/2025,154,,529827,% of Current Balance,0,FHLB 5_YR,11/1/2029,M060,365/360,5.75,4.25,2.75,0,,11/1/2029,3,0,0,0,0,0,50,0.05,10,9999999.99,0,0,0,0,0,0,0,0,0,0,0,0,0,0,0,0,0,0,0,0,0,0,0,0,0,,0,12/1/2024,0,0,0,0,0,0,0,0,0,0,0,0,0,0,0,0,,,,,,,,,,,6,0, ,1261.64,0,0,0,0,0, ,41,0,0,Open,WOODBURN ,OR,970718715
cif_cust_id_10263,loan_id_1106,Commercial,2498247.18,38642,6.67,5/20/2026,1/20/2036,28720.31,0,0,1/20/2036,branch_id_05,22,M243,Monthly,0,Reg P&I,Y,240,190,4390000,0,4390000,Installment,14280.67,14439.64,14439.64,1422605.52,49430.59,10702.69,117,officer_id_061,1/20/2016,1/20/2016,1/20/2016,2/20/2016,1/20/2016,1/30/2026,578,,2537467.18,No Prepayment Penatly,0,FHLB 5_YR,1/20/2031,M060,365/360,4,3.92,1.25,0,,1/20/2031,2.75,0,0,4,0,0,1,0.05,0,9999999.99,0,0,0,0,0,0,0,0,0,0,0,0,0,0,0,0,0,0,0,0,0,0,0,0,36789.41,,0,12/20/2025,0,0,0,0,0,0,0,0,0,0,0,0,0,0,0,0,,,,,,,,,,,6,4, ,2577.78,0,0,0,0,0,X500 ,41,0,0,Open,MEDFORD ,OR,975045247
cif_cust_id_12650,loan_id_1288,Commercial,2858002.31,9990.47,6.62,5/5/2026,10/5/2054,18746.55,0,0,,Branch Not Assigned,35,M372,Monthly,0,Reg P&I, ,0,160,0,0,2890000,Installment,2434.6,16311.95,16311.95,383930.12,59512.85,12094.48,343,officer_id_063,10/11/2023,10/5/2023,10/11/2023,11/5/2023,2/14/2025,4/4/2026,154,,2896726.8,% of Current Balance,28580.02,FHLB 3_YR,10/5/2026,M036,365/360,6.62,4.93,5.02,0,,10/5/2026,2.13,0,0,5.62,0,0,1,0.05,0,9999999.99,0,0,0,0,0,0,0,0,0,0,0,0,0,0,0,0,0,0,0,0,0,0,0,0,0,,0,4/5/2026,0,0,0,5,6,0,0,0,0,0,0,0,0,0,0,0,,,,,,,,,,,6,4+, ,29632.2,0,0,0,78519,0,X ,41,0,0,Open,SPRINGFIELD ,OR,974771670
cif_cust_id_06898,loan_id_1329,Commercial,301067.26,1303.93,6.78,5/1/2026,1/1/2041,2636.78,0,0,,Branch Not Assigned,22,M309,Monthly,0,Reg P&I, ,0,170,465000,0,465000,Installment,874.2,1762.58,1762.58,183539.27,6437.67,1303.93,177,officer_id_011,4/13/2015,4/13/2015,4/13/2015,2/1/2016,9/20/2016,3/31/2026,154,,302525.19,% of Current Balance,0,FHLB 5_YR,1/1/2031,M060,365/360,4.58,3.78,1.58,0,,1/1/2031,3,0,0,4.58,0,0,1,0.05,0,9999999.99,0,0,0,0,0,0,0,0,0,0,0,0,0,0,0,0,0,0,0,0,0,0,0,0,0,,0,11/1/2025,0,0,0,0,0,0,0,0,0,0,0,0,0,0,0,0,,,,,,,,,,,6,4, ,864.73,0,0,0,254185,0,X ,41,0,0,Open,CENTRAL POINT ,OR,975029721
cif_cust_id_13538,loan_id_1381,Commercial,339832.14,1284.49,7.15,5/5/2026,5/20/2033,4583.3,2178.78,0,,branch_id_05,22,M162,Monthly,0,Reg P&I,N,0,190,700000,0,700000,Installment,2474.21,2109.09,2109.09,741043.22,7732.55,1556.36,85,officer_id_061,5/20/2008,5/20/2008,5/20/2008,6/20/2008,11/15/2019,4/4/2026,154,,341270.63,No Prepayment Penatly,0,FHLB 5_YR,11/5/2029,M060,365/360,8,4.29,6,0,,11/5/2029,2.862,0,0,4.902,0,14611.76,1,0.05,0,9999999.99,0,0,0,0,0,0,0,0,0,0,0,0,0,0,0,0,0,0,0,0,0,0,0,0,0,,1711.85,4/5/2026,0,0,0,1,0,0,0,0,0,0,0,0,0,0,0,0,,,,,,,,,,,6,5, ,1565.18,0,0,0,444176,0,X ,41,0,0,Open,MEDFORD ,OR,975017247
cif_cust_id_14170,loan_id_1509,Commercial,508115.9,2156.95,8.49,5/6/2026,8/6/2030,11773.65,0,0,,Branch Not Assigned,12,M060,Monthly,0,Reg P&I, ,0,430,572331.79,0,572331.79,Installment,8000.41,3773.24,3773.24,29973.31,13921.7,2765.54,52,officer_id_063,8/15/2025,8/6/2025,8/15/2025,9/6/2025,,4/5/2026,33,,510305.85,No Prepayment Penatly,0,Fixed,, ,365/360,8.49,0,8.49,0,,,0,0,0,0,0,0,1,0.05,0,9999999.99,0,0,0,0,0,0,0,0,0,0,0,0,0,0,0,0,0,0,0,0,0,0,0,0,0,,0,12/6/2025,0,0,0,0,0,0,0,0,0,0,0,0,0,0,0,0,,,,,,,,,,,6,6, ,0,0,0,0,980277,0, ,41,0,0,Open,HALSEY ,OR,973489763
cif_cust_id_02105,loan_id_1592,Commercial,453669.35,2225.43,7.68,5/1/2026,2/1/2040,4346,0,0,,branch_id_03,22,M309,Monthly,0,Reg P&I, ,0,170,618750,0,618750,Installment,0,0,0,369283.04,10991.6,2226,166,officer_id_032,5/1/2014,5/1/2014,5/1/2014,3/1/2015,2/11/2015,3/31/2026,169,,456063.78,No Prepayment Penatly,0,5_Yr Treasury,5/1/2029,M060,365/360,5.5,4.68,2.5,0,,5/1/2029,3,0,0,5.25,0,0,1,0.05,0,9999999.99,0,0,0,0,0,0,0,0,0,0,0,0,0,0,0,0,0,0,0,0,0,0,0,0,0,,0,3/1/2026,0,0,0,0,0,0,0,0,0,0,0,0,0,0,0,0,,,,,,,,,,,6,5, ,0,0,0,0,570000,0,X ,41,0,0,Open,MEDFORD ,OR,975017930
cif_cust_id_02105,loan_id_1593,Commercial,580275.33,228.3,7.28,5/22/2026,11/22/2034,7629.97,0,0,,branch_id_03,22,M240,Monthly,0,Reg P&I, ,0,170,1047000,0,1047000,Installment,3972.11,3657.86,3657.86,474636.02,13457.96,2709.74,103,officer_id_032,11/21/2014,11/21/2014,11/21/2014,12/22/2014,11/21/2014,4/21/2026,477,,580980.63,% of Current Balance,0,FHLB 5_YR,11/26/2029,M060,365/360,4.51,4.28,1.51,0,,11/26/2029,3,0,0,4.51,0,0,1,0.05,0,9999999.99,0,0,0,0,0,0,0,0,0,0,0,0,0,0,0,0,0,0,0,0,0,0,0,0,0,,0,12/22/2024,0,0,0,0,0,0,0,0,0,0,0,0,0,0,0,0,,,,,,,,,,,6,5, ,0,0,0,0,951099,0,X ,41,0,0,Open,MEDFORD ,OR,975017930
cif_cust_id_02105,loan_id_1594,Commercial,238692.9,94.41,7.32,5/22/2026,11/22/2034,3141.48,0,0,,branch_id_03,22,M240,Monthly,0,Reg P&I, ,0,170,443000,0,443000,Installment,1629.01,1512.47,1512.47,197416.43,5564.52,1120.44,103,officer_id_032,11/21/2014,11/21/2014,11/21/2014,12/22/2014,11/21/2014,4/21/2026,477,,239264.31,% of Current Balance,0,FHLB 5_YR,11/19/2029,M060,365/360,4.51,4.32,1.51,0,,11/19/2029,3,0,0,4.51,9,0,1,0.05,0,9999999.99,0,0,0,0,0,0,0,0,0,0,0,0,0,0,0,0,0,0,0,0,0,0,0,0,0,,0,12/22/2024,0,0,0,0,0,0,0,0,0,0,0,0,0,0,0,0,,,,,,,,,,,6,5, ,0,0,0,0,951099,0,X ,41,0,0,Open,MEDFORD ,OR,975017930
cif_cust_id_14780,loan_id_1601,Commercial,1138701.36,2443.94,4.55,5/7/2026,9/7/2046,7195.22,0,0,,branch_id_03,18,M300,Monthly,0,Reg P&I, ,0,120,1280000,0,1280000,Installment,2727.95,4467.27,4467.27,254438.46,16318.59,3308.57,245,officer_id_032,9/22/2021,9/7/2021,9/17/2021,6/7/2022,5/17/2022,4/6/2026,338,,1152870.31,% of Current Balance,11387.01,FHLB 5_YR,9/7/2026,M060,365/360,4.55,0,1.1,0,,9/7/2026,3.16,0,0,4.545,0,0,1,0.05,0,9999999.99,0,0,0,0,0,0,0,0,0,0,0,0,0,0,0,0,0,0,0,0,0,0,0,0,0,,0,3/7/2026,0,0,0,0,0,0,0,0,0,0,0,0,0,0,0,0,,,,,,,,,,,6,4, ,7546.82,0,0,0,539575,0,X ,41,0,0,Open,CENTRAL POINT ,OR,975021032
cif_cust_id_15089,loan_id_1666,Commercial,301892.67,1176.57,8.75,5/8/2026,4/8/2030,7534.92,0,0,,branch_id_10,10,M060,Monthly,0,Reg P&I, ,0,510,364001.97,0,364001.97,Installment,5218.3,2316.62,2316.62,28309.74,8567.6,1699.08,48,officer_id_020,4/25/2025,4/8/2025,4/25/2025,5/8/2025,,4/7/2026,15,,303084.24,No Prepayment Penatly,0,Fixed,, ,365/360,8.75,0,8.75,0,,,0,0,0,0,0,0,1,0.05,0,9999999.99,0,0,0,0,0,0,0,0,0,0,0,0,0,0,0,0,0,0,0,0,0,0,0,0,0,,0,4/8/2026,0,0,0,0,2,0,0,0,0,0,0,0,0,0,0,0,,,,,,,,,,,6,6, ,0,0,0,0,0,0, ,41,0,0,Open,JACKSONVILLE ,OR,975300697
cif_cust_id_19630,loan_id_1746,Commercial,160831.81,3596.8,7.55,5/7/2026,12/7/2043,1377.55,0,0,12/7/2043,branch_id_03,25,M303,Monthly,0,Reg P&I,Y,300,140,186750,0,186750,Installment,329.5,1048.05,1048.05,85037.36,3827.91,776.41,212,officer_id_032,12/7/2018,12/7/2018,12/7/2018,1/7/2019,12/7/2018,1/6/2026,154,,164582.61,No Prepayment Penatly,0,FHLB 5_YR,12/7/2028,M060,365/360,6.48,4.34,3.27,0,,12/7/2028,3.212,0,0,6.482,0,0,1,0.05,0,9999999.99,0,0,0,0,0,0,0,0,0,0,0,0,0,0,0,0,0,0,0,0,0,0,0,0,3023.24,,63.49,3/7/2026,0,0,0,0,0,0,0,0,0,0,0,0,0,0,0,0,,,,,,,,,,,6,4, ,0,0,0,0,74240,0,X ,41,0,0,Open,ASHLAND ,OR,975201487
cif_cust_id_19630,loan_id_1747,Commercial,152890.6,2819.59,8.52,5/20/2026,12/20/2044,1370.38,0,0,12/20/2044,branch_id_03,25,M303,Monthly,0,Reg P&I,Y,300,140,173250,0,173250,Installment,246.73,1123.65,1123.65,66174.2,4106.12,833.44,224,officer_id_032,12/24/2019,12/20/2019,12/24/2019,1/20/2020,,2/4/2026,154,,155864.19,No Prepayment Penatly,0,FHLB 5_YR,12/20/2029,M060,365/360,6.07,4.36,2.03,0,,12/20/2029,4.162,0,0,6.072,0,0,1,0.05,0,9999999.99,0,0,0,0,0,0,0,0,0,0,0,0,0,0,0,0,0,0,0,0,0,0,0,0,2674.84,,0,12/20/2025,0,0,0,0,0,0,0,0,0,0,0,0,0,0,0,0,,,,,,,,,,,6,4, ,0,0,0,0,0,0,X ,41,0,0,Open,ASHLAND ,OR,975201487
cif_cust_id_16195,loan_id_1769,Commercial,30312.8,392.17,11.62,4/15/2026,11/15/2028,1106.86,0,0,,Branch Not Assigned,40,M060,Monthly,0,Reg P&I, ,0,510,0,0,100000,Installment,0,0,0,29426.91,1146.27,225.04,32,officer_id_011,7/18/2019,7/15/2019,7/15/2019,12/15/2023,11/15/2023,3/14/2026,60,,30986.33,No Prepayment Penatly,0,Fixed,, ,365/360,6.75,8.5,5.5,0,,,0,0,0,0,0,0,1,0.05,0,9999999.99,0,0,0,0,0,0,55.34,0,0,0,0,0,0,0,0,0,0,0,0,0,0,0,0,0,0,,0,4/15/2026,0,0,1328.22,3,1,5,0,0,0,0,0,0,0,0,0,0,,,,,,,,,,,6,5, ,0,0,0,0,999999,0, ,41,0,0,Open,TALENT ,OR,975400949
cif_cust_id_16195,loan_id_1770,Commercial,13544.59,95.84,6.75,4/19/2026,1/19/2027,1400.1,0,0,,Branch Not Assigned,40,M060,Monthly,0,Reg P&I,N,0,510,70975,0,70975,Installment,1307.03,93.07,93.07,12574.59,343.18,59.63,10,officer_id_011,1/24/2022,1/19/2022,1/24/2022,2/19/2022,,3/16/2026,0,,14060.49,No Prepayment Penatly,0,Fixed,, ,365/360,6.75,0,6.75,0,,,0,0,0,0,0,0,1,0.05,0,9999999.99,0,0,0,0,0,0,0,0,0,0,0,0,0,0,0,0,0,0,0,0,0,0,0,0,0,,0,4/19/2026,0,0,1820.16,2,2,5,1,0,0,0,0,0,0,0,0,0,,,,,,,,,,,6,5, ,0,0,0,0,0,0, ,41,0,0,Open,TALENT ,OR,975400949
cif_cust_id_17747,loan_id_2037,Commercial,649482.14,541.23,10,5/21/2026,6/21/2026,10578.34,0,0,6/21/2026,Branch Not Assigned,21,M024,Monthly,0,Reg P&I,Y,24,100,0,0,2112000,Installment,4943.01,5635.33,5635.33,333254.1,20752.58,4176.93,1,officer_id_027,12/28/2021,12/21/2021,12/27/2021,7/21/2024,6/21/2024,4/20/2026,154,,650706.29,No Prepayment Penatly,0,Fixed,, ,365/360,4.75,8.5,3.25,0,,,0,0,0,0,0,0,1,0.05,0,9999999.99,0,0,0,0,0,0,0,0,0,0,0,0,0,0,0,0,0,0,0,0,0,0,0,0,0,,920.03,3/21/2026,0,0,0,0,1,1,1,0,0,0,0,0,0,0,0,0,,,,,,,,,,,6,4, ,0,0,0,0,895000,0,X ,41,0,0,Open,MOUNTAIN VIEW ,CA,940412014
cif_cust_id_19650,loan_id_2241,Commercial,1016566.02,1354.4,6.86,5/17/2026,10/17/2038,10177.77,0,0,,branch_id_03,22,M300,Monthly,0,Reg P&I, ,0,190,1564000,0,1564000,Installment,4149.97,6027.8,6027.8,861643.8,22083.23,4466.45,150,officer_id_032,10/17/2013,10/17/2013,10/17/2013,11/17/2013,6/16/2023,4/16/2026,154,,1018074.42,No Prepayment Penatly,0,FHLB 5_YR,3/17/2030,M060,365/360,5.15,4.09,2.15,0,,3/17/2030,2.772,0,0,4.562,9.5,0,1,0.05,0,9999999.99,0,0,0,0,0,0,0,0,0,0,0,0,0,0,0,0,0,0,0,0,0,0,0,0,0,,0,4/17/2025,0,0,0,1,0,0,0,0,0,0,0,0,0,0,0,0,,,,,,,,,,,6,5, ,0,0,0,0,586000,0,X ,41,0,0,Open,MEDFORD ,OR,975017930
cif_cust_id_19650,loan_id_2242,Commercial,1322779.94,3672.42,4,4/30/2026,10/30/2046,7966.2,0,0,,branch_id_03,22,M306,Monthly,0,Reg P&I, ,0,170,0,0,1500000,Installment,0,0,0,256639.51,16671.64,3380.44,248,officer_id_032,4/30/2021,4/30/2021,4/30/2021,5/30/2021,,3/29/2026,449,,1340217.84,% of Current Balance,13227.79,FHLB 5_YR,4/30/2026,M060,365/360,4,0,1.19,0,,4/30/2026,3.27,0,0,4,0,0,1,0.05,0,9999999.99,0,0,0,0,0,0,0,0,0,0,0,0,0,0,0,0,0,0,0,0,0,0,0,0,0,,0,6/30/2022,0,0,0,0,0,0,0,0,0,0,0,0,0,0,0,0,,,,,,,,,,,6,4, ,5684.21,0,0,0,284761,0,X500 ,41,0,0,Open,MEDFORD ,OR,975017930
cif_cust_id_19650,loan_id_2243,Commercial,1019522.79,441.79,7.8,5/22/2026,3/22/2049,7983.85,0,0,3/22/2049,branch_id_03,22,M306,Monthly,0,Reg P&I,Y,300,170,0,0,1042000,Installment,1128.47,6855.38,6855.38,163753.07,25036.84,5085.76,275,officer_id_032,9/22/2023,9/22/2023,9/22/2023,10/22/2023,3/29/2024,4/21/2026,308,,1030467.8,% of Current Balance,10195.22,FHLB 3_YR,9/22/2026,M036,365/360,7.8,0,4.93,0,,9/22/2026,3.38,0,0,7.8,0,0,1,0.05,0,9999999.99,0,0,0,0,0,0,0,0,0,0,0,0,0,0,0,0,0,0,0,0,0,0,0,0,0,,0,11/22/2025,0,0,0,0,0,0,0,0,0,0,0,0,0,0,0,0,,,,,,,,,,,6,4+, ,0,0,0,0,314052,0,X ,41,0,0,Open,MEDFORD ,OR,975017930
Borrower Not Found,loan_id_2324,Commercial,335282.59,4552.29,7.44,5/20/2026,2/20/2039,3366.9,0,0,2/20/2039,branch_id_10,22,M303,Monthly,0,Reg P&I,Y,300,170,502000,0,502000,Installment,1211.1,2155.8,2155.8,229320.93,7898.47,1598.47,154,officer_id_020,2/20/2014,2/20/2014,2/20/2014,3/20/2014,2/20/2014,2/16/2026,154,,339988.88,No Prepayment Penatly,0,FHLB 5_YR,3/20/2029,M060,365/360,4,4.44,1,0,,3/20/2029,3,0,0,4,0,0,1,0.05,0,9999999.99,0,0,0,0,0,0,0,0,0,0,0,0,0,0,0,0,0,0,0,0,0,0,0,0,4275.12,,0,2/20/2026,0,0,0,1,0,0,0,0,0,0,0,0,0,0,0,0,,,,,,,,,,,6,4, ,0,0,0,0,927892,0,X ,41,0,0,Open,PORTLAND ,OR,972143356
cif_cust_id_01646,loan_id_0206,Commercial,84992.36,598.49,9.75,4/29/2026,9/29/2026,2500,0,0,9/29/2026,branch_id_05,11,M012,Monthly,0,,Y,12,530,100000,0,100000,Installment,0,0,0,25774.45,2718.25,529.43,6,officer_id_061,9/29/2023,9/29/2023,9/29/2023,10/29/2023,9/29/2025,3/28/2026,169,,85885.79,No Prepayment Penatly,0,WSJ Prime,,0000,365/360,11,6.75,8.5,0,,,3,0,0,9.25,0,0,1,0.05,0,9999999.99,0,0,0,0,0,0,0,0,0,0,0,0,0,0,0,0,0,0,0,0,0,0,0,0,0,,0,11/29/2025,0,0,0,0,0,0,1,0,0,0,0,0,0,0,0,0,,,,,,,,,,,7,5, ,0,0,0,0,999999,0,X ,41,0,0,Open,MEDFORD ,OR,975044702
cif_cust_id_11214,loan_id_1191,Commercial,156149.11,272.05,3.92,5/8/2026,9/8/2046,932.51,0,0,,branch_id_05,22,M300,Monthly,0,Reg P&I,N,0,170,177100,0,177100,Installment,404.05,528.46,528.46,30337.16,1930.83,391.38,245,officer_id_027,9/13/2021,9/8/2021,9/13/2021,10/8/2021,,4/7/2026,154,,158136.65,% of Current Balance,1561.49,FHLB 5_YR,9/8/2026,M060,365/360,3.92,0,1.14,0,,9/8/2026,2.6,0,0,3.92,0,0,1,0.05,0,9999999.99,0,0,0,0,0,0,0,0,0,0,0,0,0,0,0,0,0,0,0,0,0,0,0,0,0,,0,11/8/2025,0,0,0,0,0,0,0,0,0,0,0,0,0,0,0,0,,,,,,,,,,,7,3, ,0,0,0,0,0,0,X ,41,0,0,Open,MEDFORD ,OR,975012601
cif_cust_id_18864,loan_id_2148,Commercial,492003.19,857.18,3.92,5/8/2026,9/8/2046,2938.11,0,0,,branch_id_05,22,M300,Monthly,0,Reg P&I, ,0,170,558000,0,558000,Installment,1273.03,1665.08,1665.08,95599.12,6083.75,1233.17,245,officer_id_027,9/13/2021,9/8/2021,9/13/2021,10/8/2021,,4/7/2026,154,,497934.4,% of Current Balance,4920.03,FHLB 5_YR,9/8/2026,M060,365/360,3.92,0,1.14,0,,9/8/2026,2.6,0,0,3.92,0,0,1,0.05,0,9999999.99,0,0,0,0,0,0,0,0,0,0,0,0,0,0,0,0,0,0,0,0,0,0,0,0,0,,0,11/8/2025,0,0,0,0,0,0,0,0,0,0,0,0,0,0,0,0,,,,,,,,,,,7,3, ,0,0,0,0,0,0,X ,41,0,0,Open,MEDFORD ,OR,975012601
cif_cust_id_18864,loan_id_2150,Commercial,624484.85,16546.33,6.6,12/31/2025,5/31/2048,4483.96,0,0,,branch_id_05,22,M300,Monthly,0,Reg P&I, ,0,170,652000,0,652000,Installment,0,0,0,107003.65,10198.71,10198.71,270,officer_id_027,6/2/2023,5/30/2023,6/2/2023,6/30/2023,,11/29/2025,154,,658607.27,% of Current Balance,12489.69,FHLB 5_YR,5/30/2028,M060,365/360,6.6,0,4.29,0,,5/30/2028,2.84,0,0,5.6,0,0,1,0.05,0,9999999.99,0,0,0,0,0,0,0,0,0,0,0,0,0,0,0,0,0,0,0,0,0,0,0,0,0,,0,12/31/2025,0,0,22868.24,0,0,4,1,3,1,0,1,1,13798.59,10198.71,2747.74,2747.74,624484.85,16546.33,4708.2,0,0,0,0,0,0,0,7,4, ,1599.92,0,0,0,999999,0,X ,41,0,0,Open,MEDFORD ,OR,975012601
cif_cust_id_11654,loan_id_0046,Commercial,159150,16790.32,11.75,5/23/2025,5/23/2025,0,0,0,5/23/2025,branch_id_05,11,M012,Monthly,0,Int Only,Y,12,530,0,160000,160000,Revolving,0,0,0,22764.49,0,2141.89,0,officer_id_061,3/29/2023,3/24/2023,3/24/2023,4/24/2023,5/23/2024,,184,,176162.12,No Prepayment Penatly,0,WSJ Prime,,0000,365/360,9.5,7,8,0,,,5,0,0,6,0,0,1,0.05,0,9999999.99,0,0,0,0,0,0,0,0,0,0,0,0,0,0,0,0,0,0,0,0,0,0,0,0,0,,0,5/23/2025,0,0,175978.12,0,0,0,0,0,0,8,1,1,3779.81,0,13010.51,5869.76,159150,16790.32,37.8,0,0,0,0,0,0,0,8,5, ,0,0,0,0,999999,0,X ,41,0,0,Open,MEDFORD ,OR,975046107
cif_cust_id_00935,loan_id_0099,Commercial,375340.07,92645.87,12.37,12/15/2026,12/15/2027,98848.04,0,0,12/15/2027,branch_id_02,18,M240,Annually,0,Reg P&I,Y,120,120,0,0,1066906.67,Installment,0,0,0,431653.85,0,23020.32,2,officer_id_064,5/4/2018,5/4/2018,5/4/2018,12/15/2018,,11/12/2025,616,,560745.72,% of Current Balance,0,FHLB 5_YR,11/15/2028,M060,365/360,5.25,4.62,2.5,0,,11/15/2028,7.75,0,0,0,0,0,50,0.05,10,9999999.99,0,0,0,0,0,0,0,0,0,0,0,0,0,0,0,0,0,0,0,0,0,4942.4,0,0,0,,4942.4,12/15/2025,0,0,0,0,0,0,1,0,0,5,1,1,90236.08,0,99792.81,21626.46,525941.39,29245.93,4942.4,0,0,0,167017.53,83830.51,296416.77,145658.92,8,0, ,450.88,0,0,0,0,0,X ,41,0,0,Open,SAINT PAUL ,OR,971370279
cif_cust_id_02713,loan_id_0339,Commercial,94237.91,20039.12,8.33,10/24/2025,11/1/2026,0,0,0,11/1/2026,branch_id_10,10,M012,Monthly,0,Int Only,Y,12,510,154500,0,154500,Installment,0,0,0,20786.65,0,1673.42,0,officer_id_020,3/7/2023,2/24/2023,3/7/2023,3/24/2023,11/5/2025,3/3/2025,169,,117333.68,No Prepayment Penatly,0,Fixed,, ,365/360,8.33,0,8.33,0,,,0,0,0,0,0,0,1,0.05,0,9999999.99,0,0,0,0,0,0,0,0,0,0,0,0,0,0,0,0,24.27,0,0,0,0,0,0,0,6730.11,,3434.67,10/24/2025,0,0,11525.05,0,0,0,1,2,0,3,1,1,3806.09,0,13291.9,2740.85,104887.72,10099.88,487.2,0,0,0,0,2500,0,10625.54,8,4, ,0,0,0,0,999999,0,X ,41,0,0,Open,GRANTS PASS ,OR,975261681
cif_cust_id_07342,loan_id_0558,Installment,114698.31,4304.45,4.25,4/16/2026,5/16/2047,677.26,0,0,5/16/2047,Branch Not Assigned,_1,M267,Monthly,0,Reg P&I,Y,261,640,125000,0,125000,Installment,700,0,0,16993.58,0,598.39,258,officer_id_011,5/17/2022,5/16/2022,5/17/2022,1/16/2026,12/14/2025,9/6/2025,1751.97,,120965.97,No Prepayment Penatly,0,Fixed,, ,365/365,4.25,0,4.25,0,,,0,0,0,0,0,0,1,0.05,0,9999999.99,0,0,0,0,0,0,0,0,0,0,0,0,0,22.74,22.74,22.74,0,0,0,0,0,0,0,0,2561.66,,474.54,4/16/2026,68.22,0,812.2,0,1,2,0,0,0,1,1,1,2126.46,0,2186.07,1533.28,115989.68,3089.38,101.58,0,297.3,379.96,808.63,1223.15,808.63,1223.15,8,5, ,0,0,0,0,3,49,AE ,41,0,0,Open,GRANTS PASS ,OR,975265913
cif_cust_id_05447,loan_id_0662,Commercial,543962.5,73294.18,11.25,3/5/2025,6/2/2026,0,0,0,6/2/2026,branch_id_10,33,M024,Monthly,0,Int Only,Y,24,100,0,625100,625100,Non _ Revolving,0,0,0,53104.02,0,8567.41,14,officer_id_020,9/8/2023,9/5/2023,9/8/2023,10/5/2023,10/23/2025,2/16/2025,154,,625870.03,No Prepayment Penatly,0,WSJ Prime,,0000,365/360,10,7.25,8.5,0,,,4.5,0,0,8.75,0,0,1,0.05,0,9999999.99,0,0,0,0,0,0,0,0,0,0,0,0,0,0,0,0,0,0,0,0,0,0,0,0,0,,1399.22,3/5/2025,0,0,78523.75,0,0,0,0,0,0,10,1,1,16359.44,0,56934.74,19208.68,543962.5,73294.18,861.85,0,0,0,0,0,0,0,8,3+, ,0,0,0,0,999999,0,X ,41,0,0,Open,GRANTS PASS ,OR,975263517
cif_cust_id_05633,loan_id_1432,Commercial,643228.34,13337.07,7.11,1/15/2027,8/10/2029,77767.44,0,0,8/10/2029,Branch Not Assigned,18,M240,Annually,0,Reg P&I,Y,84,120,735141.09,0,735141.09,Installment,0,0,0,235315.65,14398.92,2921.45,2,officer_id_063,7/29/2019,7/29/2019,7/29/2019,9/10/2019,1/15/2024,1/8/2026,154,,663151.69,% of Current Balance,6432.28,FHLB 5_YR,12/25/2029,M060,365/360,4.92,4.36,2.17,0,,12/25/2029,2.75,0,0,0,0,0,1,0.05,0,9999999.99,0,0,0,0,0,0,0,0,0,0,0,0,0,0,0,0,0,0,0,0,0,0,0,0,0,,0,7/15/2024,0,0,0,0,0,0,0,0,0,0,0,0,0,0,0,0,,,,,,,,,,,8,0, ,450.21,0,0,0,30422,0,X500* ,41,0,0,Open,BROWNSVILLE ,OR,973279741
cif_cust_id_07519,loan_id_0943,Commercial,112812.75,11811.26,12.75,5/20/2026,9/3/2034,800,0,0,,Branch Not Assigned,13,M120,Monthly,0,Reg P&I, ,0,510,118500,0,118500,Installment,800,0,0,21969.56,0,2756.29,106,officer_id_059,6/6/2024,6/3/2024,6/6/2024,7/3/2024,10/18/2024,10/12/2025,169,,126059.49,No Prepayment Penatly,0,WSJ Prime,7/1/2026,M003,365/365,14.5,6.75,8.5,0,,7/1/2026,6,0,0,0,0,0,1,0.05,0,9999999.99,0,0,0,0,0,0,0,0,0,0,0,0,0,0,0,0,0,0,0,0,0,0,0,0,0,,0.49,4/20/2026,0,0,0,0,2,4,0,0,0,2,1,1,6135.74,0,5246.97,4610.91,116812.75,7891.58,1092.9,0,0,800,0,3200,0,4000,8,4+, ,0,0,0,0,569253,0,X ,41,85,0,Open,MEDFORD ,OR,975049834
cif_cust_id_13061,loan_id_1352,Commercial,349771.43,47715.16,12.75,4/21/2025,4/21/2025,0,0,0,4/21/2025,branch_id_02,11,M003,Monthly,0,Int Only,Y,3,530,0,350000,350000,Revolving,0,0,0,58945.64,0,2040.34,0,officer_id_064,7/24/2023,7/21/2023,7/24/2023,8/21/2023,1/21/2025,4/3/2025,15,,397752.28,No Prepayment Penatly,0,WSJ Prime,,0000,365/360,11.25,6.75,8.25,0,,,6,0,0,7.5,0,0,1,0.05,0,9999999.99,0,0,0,0,0,0,0,0,0,0,0,0,0,0,0,0,0,0,0,0,0,0,0,0,0,,89.53,4/21/2025,0,0,397737.28,0,0,0,0,0,0,9,1,1,12665.15,0,35050.01,18778.35,349771.43,47715.16,250.69,0,0,0,0,0,0,0,8,5, ,0,0,0,0,999999,0, ,41,0,0,Open,SALEM ,OR,973021143
cif_cust_id_13061,loan_id_1353,Commercial,485995.48,56821.34,11.46,4/21/2025,7/21/2028,14030.63,0,0,,branch_id_02,10,M060,Monthly,0,Reg P&I, ,0,510,682446,0,682446,Installment,0,0,0,84192.08,0,2282.83,40,officer_id_064,7/24/2023,7/21/2023,7/24/2023,8/21/2023,,4/21/2025,15,,551951.71,No Prepayment Penatly,0,FHLB 3_YR,7/21/2026,M036,365/360,8.46,0,3.88,0,,7/21/2026,6.875,0,0,0,0,0,1,0.05,0,9999999.99,0,0,0,0,0,0,0,0,0,0,0,0,0,0,0,0,0,0,0,0,0,0,0,0,0,,0,4/21/2025,0,0,191518.08,0,0,0,0,0,0,9,1,1,13985.76,0,42835.58,24116.39,485995.48,56821.34,2806.12,0,0,0,0,0,0,0,8,5, ,1329.13,0,0,0,999999,0, ,41,0,0,Open,SALEM ,OR,973021143
cif_cust_id_13061,loan_id_1354,Commercial,65119.56,10041.98,20.25,4/16/2025,4/16/2025,5000,0,0,4/16/2025,branch_id_02,10,M003,Monthly,0,,Y,3,520,0,0,120000,Installment,0,0,0,13309.39,0,265.9,1,officer_id_064,1/16/2024,1/16/2024,1/16/2024,2/16/2024,1/16/2025,,15,,82252.85,No Prepayment Penatly,0,WSJ Prime,,0000,365/360,11.5,6.75,8.5,0,,,13.5,0,0,7.5,0,0,1,0.05,0,9999999.99,0,0,0,0,0,0,0,0,0,0,0,0,0,0,0,0,0,0,0,0,0,0,0,0,0,,0,4/16/2025,0,0,82237.85,0,0,0,0,0,0,9,1,1,6477.58,0,7743.81,4600.43,65119.56,10041.98,7076.31,0,0,0,0,0,0,0,8,5, ,0,0,0,0,999999,0, ,41,0,0,Open,SALEM ,OR,973021143
cif_cust_id_13704,loan_id_1417,Commercial,549718.94,28111.63,8.25,4/23/2026,3/23/2036,6630.96,0,0,3/23/2036,branch_id_03,16,M208,Monthly,0,Reg P&I,Y,208,190,770526.93,0,959436.15,Installment,2368.85,4242.76,4242.76,657564.29,14128.87,2864.21,123,officer_id_032,3/23/2011,3/23/2011,3/23/2011,3/23/2019,2/24/2019,9/9/2025,492,,578653.15,No Prepayment Penatly,0,WSJ Prime,4/1/2028,M036,365/365,6,7.5,3.25,0,,4/1/2028,0.75,0,0,0,0,0,1,0.05,0,9999999.99,0,0,0,0,0,0,0,0,0,0,0,0,0,0,0,0,0,0,0,0,0,0,0,0,26744.86,,0,3/23/2026,0,0,0,0,2,1,0,0,0,0,0,0,0,0,0,0,,,,,,,,,,,8,5, ,0,0,0,0,0,0,X ,41,90,0.55,Open,ASHLAND ,OR,975202877
cif_cust_id_13704,loan_id_1418,Commercial,1302281.24,62684.91,8.25,4/8/2026,9/8/2041,12337.65,0,0,9/8/2041,branch_id_03,22,M304,Monthly,0,Reg P&I,Y,270,170,1634000,0,1634000,Installment,0,0,0,865625.37,33842.03,6864.11,185,officer_id_032,9/8/2015,9/8/2015,9/8/2015,12/8/2016,3/11/2019,9/25/2025,477,,1366060.03,% of Current Balance,0,WSJ Prime,3/1/2028,M036,365/360,5.5,7.5,3.25,0,,3/1/2028,0.75,0,0,5.5,0,0,1,0.05,0,9999999.99,0,616.88,0,0,0,0,0,0,0,0,0,0,0,0,0,0,0,0,0,0,0,0,0,0,48644.69,,0,4/8/2026,0,616.88,12954.53,0,1,1,0,0,0,0,0,0,0,0,0,0,,,,,,,,,,,8,5, ,0,0,0,0,254158,0,X ,41,0,0,Open,ASHLAND ,OR,975202877
cif_cust_id_14816,loan_id_1611,Commercial,67277.66,1267.16,9.55,3/12/2026,10/12/2026,1288.97,0,0,10/12/2026,Branch Not Assigned,10,M120,Monthly,0,Reg P&I,Y,35,510,100000,0,100000,Installment,0,0,0,32177.34,2026.99,410.49,8,officer_id_011,10/14/2021,10/12/2021,10/14/2021,11/12/2021,11/3/2023,2/11/2026,169,,68778.27,No Prepayment Penatly,0,WSJ Prime,10/12/2026,M012,365/360,5.55,7.25,3.25,0,,10/12/2026,2.3,0,0,0,0,0,1,0.05,0,9999999.99,0,0,0,0,0,0,0,0,0,0,0,0,0,0,0,0,0,0,0,0,0,0,0,0,0,,0,3/12/2026,0,0,2642.39,0,0,0,1,0,0,0,0,0,0,0,0,0,,,,,,,,,,,8,5, ,0,0,0,0,575000,0,X ,41,0,0,Open,MEDFORD ,OR,975017942
cif_cust_id_14654,loan_id_1591,Commercial,1345945.05,1790.11,6.84,5/17/2026,2/17/2043,11314.25,0,0,,branch_id_03,22,M300,Monthly,0,Reg P&I, ,0,170,1685000,0,1685000,Installment,3366.8,7947.45,7947.45,632791.25,29063.6,5892.02,202,officer_id_032,2/9/2018,2/9/2018,2/9/2018,3/17/2018,5/22/2023,4/16/2026,154,,1361348.61,% of Current Balance,13459.45,FHLB 5_YR,8/17/2030,M060,365/360,5.34,3.92,2.42,0,,8/17/2030,2.922,0,0,4.555,0,0,1,0.05,0,9999999.99,0,0,0,0,0,0,0,0,0,0,0,0,0,0,0,0,0,0,0,0,0,0,0,0,0,,0,1/17/2026,0,0,0,0,0,0,0,0,0,0,0,0,0,0,0,0,,,,,,,,,,,8,5, ,3571.81,0,0,0,0,0,X ,41,0,0,Open,MEDFORD ,OR,975017930
cif_cust_id_05129,loan_id_1759,Commercial,704846.5,77267.72,5,11/29/2025,11/1/2026,0,0,0,11/1/2026,branch_id_10,22,M012,Monthly,0,Int Only,Y,12,170,800000,0,800000,Installment,0,0,0,154137.28,0,3763.73,_1,officer_id_020,7/1/2021,6/29/2021,7/1/2021,7/29/2021,11/5/2025,6/10/2025,23710.05,,823513.39,% of Current Balance,7527.47,Fixed,, ,365/360,5,0,1.24,0,,,0,0,0,0,0,0,1,0.05,0,9999999.99,0,0,0,0,0,0,0,0,0,0,0,0,0,0,1863.55,0,104.55,0,0,0,0,0,0,0,19259.12,,1968.1,11/29/2025,1863.55,0,36809.87,0,0,1,0,2,0,3,1,1,13613.51,0,57292.47,11813.96,752747.74,33127.61,1648.78,0,0,0,0,10909.45,0,45933.14,8,4+, ,0,0,0,0,999999,0,X ,41,0,0,Open,GRANTS PASS ,OR,975277650
cif_cust_id_05129,loan_id_1760,Revolving Credit,95953.75,7763.54,7.75,9/18/2025,3/14/2032,0,0,0,3/14/2032,Branch Not Assigned,_4,M120,Monthly,0,Reg P&I,Y,120,180,0,100000,100000,Revolving,0,0,0,27739.15,0,1774.39,112,officer_id_011,3/18/2022,3/14/2022,3/18/2022,4/18/2022,,9/6/2025,154,,104499.19,No Prepayment Penatly,0,RVC Prime,5/3/2026,M001,365/365,6.5,6.75,3.25,0,,5/3/2026,1,1,1,6.5,18,0,1,0.05,0,9999999.99,0,0,0,0,0,0,0,0,0,0,0,0,0,0,0,0,0,0,0,0,0,0,0,0,0,,214.71,9/18/2025,0,0,4971.23,1,0,0,0,0,0,7,1,1,5993.45,0,4736.23,2374.21,98953.75,4801.08,383.72,0,0,0,0,2500,0,3000,8,5, ,0,0,0,0,0,32,X ,41,0,0,Open,GRANTS PASS ,OR,975277650
Borrower Not Found,loan_id_2001,Commercial,49193.59,66.61,9.75,5/19/2026,11/19/2026,2000,0,0,11/19/2026,branch_id_05,10,M070,Monthly,0,Reg P&I,Y,12,510,79992.65,0,79992.65,Installment,1573.33,426.67,426.67,27930.16,1614.24,314.1,7,officer_id_061,8/19/2021,8/19/2021,8/19/2021,6/19/2022,11/19/2025,4/18/2026,15,,52739.9,No Prepayment Penatly,0,WSJ Prime,,0000,365/360,5.25,7.5,3.25,0,,,2.25,0,0,9.75,0,0,1,0.05,0,9999999.99,0,0,0,0,0,0,0,0,0,0,0,0,0,0,0,0,0,0,0,0,0,0,0,0,0,,0,1/19/2026,0,0,0,0,1,0,0,0,0,0,0,0,0,0,0,0,,,,,,,,,,,8,5, ,0,0,0,0,999999,0, ,41,0,0,Open,MEDFORD ,OR,975048900
Borrower Not Found,loan_id_2002,Commercial,36586.64,48.27,9.5,5/19/2026,8/19/2028,1464.4,0,0,,branch_id_05,10,M084,Monthly,0,Reg P&I,N,0,510,90785,0,90785,Installment,1155.33,309.07,309.07,25341.68,1168.79,227.55,28,officer_id_061,8/19/2021,8/19/2021,8/19/2021,9/19/2021,,4/18/2026,15,,36649.91,No Prepayment Penatly,0,WSJ Prime,8/19/2026,M012,365/360,5.25,7.5,3.25,0,,8/19/2026,2,0,0,0,0,0,1,0.05,0,9999999.99,0,0,0,0,0,0,0,0,0,0,0,0,0,0,0,0,0,0,0,0,0,0,0,0,0,,0,1/19/2026,0,0,0,0,0,0,0,0,0,0,0,0,0,0,0,0,,,,,,,,,,,8,5, ,0,0,0,0,0,0, ,41,0,0,Open,MEDFORD ,OR,975048900
cif_cust_id_19646,loan_id_2240,Commercial,555184.88,22932.05,8.18,4/29/2026,12/29/2030,12250.89,0,0,,branch_id_02,10,M060,Monthly,0,Reg P&I, ,0,510,599995.83,0,599995.83,Installment,0,0,0,11818.88,818.01,818.01,57,officer_id_064,12/31/2025,12/29/2025,12/31/2025,1/29/2026,,3/28/2026,15,,578474.38,No Prepayment Penatly,0,Fixed,, ,365/360,8.18,0,8.18,0,,,0,0,0,0,0,0,1,0.05,0,9999999.99,0,0,0,0,0,0,0,0,0,0,0,0,0,0,0,0,0,0,0,0,0,0,0,0,0,,0,,0,0,0,0,0,0,0,0,0,0,1,1,954.33,818.01,22320.17,22320.17,575062.04,3397.34,0,0,0,0,24933.79,11818.88,24933.79,11818.88,8,8, ,0,0,0,0,999999,0, ,41,0,0,Open,CORVALLIS ,OR,973304254
cif_cust_id_16092,loan_id_2293,Commercial,2930733.9,69451.77,8.5,5/15/2026,12/31/2026,0,0,0,12/31/2026,branch_id_12,11,M012,Monthly,0,Int Only,Y,12,530,0,0,3000000,Installment,21926.66,0,0,1181654.22,22654.87,97214.23,8,officer_id_027,9/23/2020,9/15/2020,9/15/2020,10/15/2020,12/15/2025,4/14/2026,661,,3002699.29,No Prepayment Penatly,0,WSJ Prime,,0000,365/360,3.75,6.75,3.25,0,,,1.75,0,0,7.5,0,0,1,0.05,0,9999999.99,0,0,0,0,0,0,0,0,0,0,0,0,0,1363.66,0,0,0,0,0,0,0,0,0,0,0,,5623.75,4/15/2026,1363.66,0,0,2,0,0,1,0,1,0,1,1,69171.28,2558.82,44560.63,44560.63,2995672.49,6365.8,1363.66,0,0,21926.66,0,63574.93,0,63574.93,8,3+, ,0,0,0,0,999999,0,X500 ,41,0,0,Open,KLAMATH FALLS ,OR,976011536
cif_cust_id_00047,loan_id_0009,Commercial,167019.6,73.65,4,5/20/2026,10/20/2045,1614.36,0,0,,branch_id_03,22,M300,Monthly,0,Reg P&I, ,0,170,304000,0,304000,Installment,1036.98,578.02,578.02,54608.96,2124.14,428.44,234,officer_id_032,10/21/2020,10/20/2020,10/21/2020,11/20/2020,,4/19/2026,449,,169212.44,% of Current Balance,1670.19,FHLB 5_YR,10/20/2030,M060,365/360,4,0,0.76,0,,10/20/2030,2.95,0,0,4,0,0,1,0.05,0,9999999.99,0,0,0,0,0,0,0,0,0,0,0,0,0,0,0,0,0,0,0,0,0,0,0,0,0,,0,12/20/2020,0,0,0,0,0,0,0,0,0,0,0,0,0,0,0,0,,,,,,,,,,,3+,3+, ,0,0,0,0,219905,0,X ,41,0,0,Open,MEDFORD ,OR,975049462
cif_cust_id_00059,loan_id_0015,Commercial,402220.88,1385.15,4.95,5/15/2026,8/15/2029,2812.05,0,0,8/15/2029,branch_id_18,22,M120,Monthly,0,Reg P&I,Y,76,170,0,0,480000,Installment,1145.7,1666.35,1666.35,147184.88,6286.77,1274.22,40,officer_id_058,8/21/2019,8/21/2019,8/21/2019,9/15/2019,4/20/2023,3/29/2026,154,,403760.03,% of Current Balance,0,Fixed,, ,365/360,0,0,0,0,,,0,0,0,0,0,0,1,0.05,0,9999999.99,0,0,0,0,0,0,0,0,0,0,0,0,0,0,0,0,0,0,0,0,0,0,0,0,0,,0,2/15/2026,0,0,0,0,0,0,0,0,0,0,0,0,0,0,0,0,,,,,,,,,,,3+,0, ,900.45,0,0,0,999999,0,X ,41,0,0,Open,ALBANY ,OR,973225125
cif_cust_id_00097,loan_id_0027,Commercial,385469.81,985.68,4.85,5/5/2026,1/5/2047,2472.43,0,0,,branch_id_05,22,M300,Monthly,0,Reg P&I,N,0,170,0,0,425000,Installment,860.63,1611.8,1611.8,84687.06,5886.14,1193.65,249,officer_id_061,1/5/2022,1/5/2022,1/5/2022,2/5/2022,,4/4/2026,154,,390464.18,% of Current Balance,3854.69,FHLB 5_YR,1/5/2027,M060,365/360,4.85,0,1.66,0,,1/5/2027,3.363,0,0,4.845,0,0,1,0.05,0,9999999.99,0,0,0,0,0,0,0,0,0,0,0,0,0,0,0,0,0,0,0,0,0,0,0,0,0,,0,7/5/2025,0,0,0,0,0,0,0,0,0,0,0,0,0,0,0,0,,,,,,,,,,,3+,3+, ,0,0,0,0,0,0,X500* ,41,0,0,Open,JACKSONVILLE ,OR,975309659
cif_cust_id_00190,loan_id_0038,Commercial,2965034.28,12071.4,3.75,5/1/2026,4/1/2028,24285.24,0,0,4/1/2028,branch_id_09,22,M300,Monthly,0,Reg P&I,Y,73,190,0,0,4500000,Installment,15572.05,8713.19,8713.19,1942637.49,35183.53,7103.72,24,officer_id_070,3/6/2014,3/6/2014,3/6/2014,12/1/2015,3/31/2022,3/15/2026,154,,2977259.68,No Prepayment Penatly,0,WSJ Prime,3/1/2027,M060,365/360,3.75,0,0,0,,3/1/2027,1,0,0,3.75,0,0,1,0.05,0,9999999.99,0,0,0,0,0,0,0,0,0,0,0,0,0,0,0,0,0,0,0,0,0,0,0,0,0,,0,11/1/2025,0,0,0,0,0,0,0,0,0,0,0,0,0,0,0,0,,,,,,,,,,,3+,0, ,10548.91,0,0,0,618633,0,X ,41,0,0,Open,TIGARD ,OR,972238368
cif_cust_id_00312,loan_id_0058,Commercial,2472338.11,11524.12,6.45,4/29/2026,6/29/2048,17612.11,0,0,,branch_id_10,22,M312,Monthly,0,Reg P&I, ,0,170,0,0,2596000,Installment,0,0,0,347955.05,50222.87,10194.41,272,officer_id_020,6/30/2022,6/29/2022,6/30/2022,7/29/2022,6/9/2023,3/28/2026,154,,2508739.61,% of Current Balance,24723.38,FHLB 3_YR,6/29/2028,M036,365/360,4.6,3.9,3.7,0,,6/29/2028,2.55,0,0,4.6,0,0,1,0.05,0,9999999.99,0,0,0,0,0,0,0,0,0,0,0,0,0,0,0,0,0,0,0,0,0,0,0,0,0,,0,11/29/2025,0,0,0,0,0,0,0,0,0,0,0,0,0,0,0,0,,,,,,,,,,,3+,3+, ,24432.6,0,0,0,0,0,X ,41,0,0,Open,GRANTS PASS ,OR,975268327
cif_cust_id_00324,loan_id_0060,Commercial,1618521.22,3248.1,4.82,5/9/2026,3/9/2047,8988.2,0,0,,Branch Not Assigned,22,M300,Monthly,0,Reg P&I,N,0,190,1725000,0,1725000,Installment,2264.92,6723.28,6723.28,333943.02,24545.5,4984.15,251,officer_id_027,3/11/2022,3/9/2022,3/11/2022,4/9/2022,,4/8/2026,154,,1638108.53,% of Current Balance,16185.21,FHLB 5_YR,3/9/2027, ,365/360,4.82,0,2.22,0,,3/9/2027,2.6,0,0,3.82,0,0,1,0.05,0,9999999.99,0,0,0,0,0,0,0,0,0,0,0,0,0,0,0,0,0,0,0,0,0,0,0,0,0,,0,,0,0,0,0,0,0,0,0,0,0,0,0,0,0,0,0,,,,,,,,,,,3+,3+, ,7674.02,0,0,0,0,0,X ,41,0,0,Open,MEDFORD ,OR,975049742
cif_cust_id_00363,loan_id_0066,Commercial,349184.78,565.25,6.48,5/15/2026,4/15/2030,2412.51,0,0,4/15/2030,branch_id_02,22,M060,Monthly,0,Reg P&I,Y,60,170,0,0,400000,Installment,462.98,1949.53,1949.53,97369.35,7118.96,1445.68,48,officer_id_064,9/20/2021,9/20/2021,9/20/2021,10/15/2021,12/9/2025,4/14/2026,154,,356887.72,% of Current Balance,6983.69,FHLB 3_YR,4/15/2028,M036,365/360,4,3.79,3.25,0,,4/15/2028,2.675,0,0,5.475,0,0,1,0.05,0,9999999.99,0,0,0,0,0,0,0,0,0,0,0,0,0,0,0,0,0,0,0,0,0,0,0,0,0,,0,2/15/2026,0,0,0,1,0,0,0,0,0,0,0,0,0,0,0,0,,,,,,,,,,,3+,3+, ,0,0,0,0,672073,0,X ,41,0,0,Open,ALBANY ,OR,973210620
Borrower Not Found,loan_id_0933,Commercial,17188.86,60.4,5.5,5/15/2026,5/15/2027,1883.01,0,0,,Branch Not Assigned,25,M060,Monthly,0,Reg P&I, ,0,140,160000,0,160000,Installment,1915.36,84.64,84.64,79159.84,351.3,60.4,13,officer_id_011,5/16/2012,5/15/2012,5/15/2012,5/15/2022,4/28/2022,3/31/2026,154,,17403.26,No Prepayment Penatly,0,Fixed,, ,365/360,5.5,0,5.5,0,,,0,0,0,0,0,0,1,0.05,0,9999999.99,0,0,0,0,0,0,0,0,0,0,0,0,0,0,0,0,0,0,0,0,0,0,0,0,0,,0,,0,0,0,0,0,0,0,0,0,0,0,0,0,0,0,0,,,,,,,,,,,3+,0, ,0,0,0,0,3,0,X , ,0,0,Open,ALBANY ,OR,973210507
cif_cust_id_01134,loan_id_0109,Commercial,1480521.17,6043.38,7,5/3/2026,9/3/2039,14295.69,0,0,,branch_id_05,18,M180,Monthly,0,Reg P&I, ,0,120,1580678.08,0,1580678.08,Installment,5340.45,8955.24,8955.24,171461.2,32732.68,6621.22,161,officer_id_040,9/5/2024,9/3/2024,9/5/2024,10/3/2024,,4/2/2026,154,,1501523.76,% of Current Balance,14805.21,FHLB 5_YR,9/3/2029,M060,365/360,7,0,3.83,0,,9/3/2029,3.01,0,0,6,0,0,1,0.05,0,9999999.99,0,0,0,0,0,0,0,0,0,0,0,0,0,0,0,0,0,0,0,0,0,0,0,0,0,,0,1/3/2026,0,0,0,0,0,0,0,0,0,0,0,0,0,0,0,0,,,,,,,,,,,3+,3+, ,17703.45,0,0,0,71952,0,X ,41,0,0,Open,MEDFORD ,OR,975048900
cif_cust_id_01244,loan_id_0120,Commercial,0,0,7,5/10/2026,1/10/2027,0,0,0,1/10/2027,branch_id_02,19,M024,Monthly,0,Int Only,Y,24,440,0,500000,800000,Revolving,0,0,0,901.27,74.78,0,19,officer_id_064,11/15/2018,11/15/2018,11/15/2018,6/10/2020,1/10/2025,,33,,33,No Prepayment Penatly,0,WSJ Prime,,0000,365/360,6,6.75,5.25,0,,,0.25,0,0,5.25,0,0,1,0.05,0,9999999.99,0,0,0,0,0,0,0,0,0,0,0,0,0,0,0,0,0,0,0,0,0,0,0,0,0,,0,,0,0,0,0,0,0,0,0,0,0,0,0,0,0,0,0,,,,,,,,,,,3+,0, ,0,0,0,0,999999,0, ,41,0,0,Open,SHEDD ,OR,973770055
cif_cust_id_08059,loan_id_0175,Commercial,431248.49,2732.02,7.5,4/28/2026,6/28/2026,0,0,0,6/28/2026,Branch Not Assigned,47,M004,Monthly,0,Int Only,Y,4,190,0,1000000,1000000,Revolving,500000,0,0,93249.47,20307.73,2030.98,3,officer_id_027,4/1/2024,3/28/2024,4/1/2024,4/28/2024,3/25/2026,3/24/2026,154,,434134.51,No Prepayment Penatly,0,WSJ Prime,,0000,365/360,9.25,6.75,8.5,0,,,0.75,0,0,5.25,0,0,1,0.05,0,9999999.99,0,0,0,0,0,0,0,0,0,0,0,0,0,0,0,0,0,0,0,0,0,0,0,0,0,,9.29,11/28/2024,0,0,0,0,0,0,0,0,0,0,0,0,0,0,0,0,,,,,,,,,,,3+,3+, ,0,0,0,0,999999,0,X500* ,41,0,0,Open,MEDFORD ,OR,975049362
Borrower Not Found,loan_id_1738,Commercial,223634.84,500.72,6.72,5/12/2026,11/12/2040,2020.23,0,0,,branch_id_03,22,M240,Monthly,0,Reg P&I,N,0,170,276000,0,276000,Installment,722.53,1297.7,1297.7,60997.79,4746.79,961.19,175,officer_id_032,11/16/2020,11/12/2020,11/16/2020,12/12/2020,,4/11/2026,449,,226820.9,% of Current Balance,2236.34,FHLB 5_YR,11/12/2030,M060,365/360,4.27,3.77,0.89,0,,11/12/2030,2.95,0,0,4.27,0,0,1,0.05,0,9999999.99,0,0,0,0,0,0,0,0,0,0,0,0,0,0,0,0,0,0,0,0,0,0,0,0,0,,0,10/12/2025,0,0,0,0,0,0,0,0,0,0,0,0,0,0,0,0,,,,,,,,,,,3+,3+, ,0,0,0,0,420479,0,X ,41,0,0,Open,JACKSONVILLE ,OR,975309659
cif_cust_id_17876,loan_id_0236,Commercial,62072.3,105.49,4.37,5/10/2026,9/10/2041,471.78,0,0,,branch_id_12,25,M240,Monthly,0,Reg P&I,N,0,140,75000,0,75000,Installment,237.31,234.47,234.47,14020.2,857.84,173.56,185,officer_id_054,9/13/2021,9/10/2021,9/13/2021,10/10/2021,,4/9/2026,154,,62952.51,% of Current Balance,620.72,FHLB 5_YR,9/10/2026,M060,365/360,4.37,0,1.14,0,,9/10/2026,2.95,0,0,4.37,0,0,1,0.05,0,9999999.99,0,0,0,0,0,0,0,0,0,0,0,0,0,0,0,0,0,0,0,0,0,0,0,0,0,,0,1/10/2026,0,0,0,0,0,0,0,0,0,0,0,0,0,0,0,0,,,,,,,,,,,3+,3+, ,0,0,0,0,288516,0,C ,41,0,0,Open,KLAMATH FALLS ,OR,976012314
Borrower Not Found,loan_id_1739,Commercial,22135.52,21,4.27,5/16/2026,4/16/2031,411.34,0,0,,branch_id_03,22,M120,Monthly,0,Reg P&I,N,0,170,40000,0,40000,Installment,328.74,82.6,82.6,6815.92,306.09,60.97,60,officer_id_032,4/19/2021,4/16/2021,4/19/2021,5/16/2021,,4/15/2026,154,,22310.52,No Prepayment Penatly,0,Fixed,, ,365/360,4.27,0,4.27,0,,,0,0,0,0,0,0,1,0.05,0,9999999.99,0,0,0,0,0,0,0,0,0,0,0,0,0,0,0,0,0,0,0,0,0,0,0,0,0,,0,8/16/2025,0,0,0,0,0,0,0,0,0,0,0,0,0,0,0,0,,,,,,,,,,,3+,3+, ,0,0,0,0,420479,0,X ,41,0,0,Open,JACKSONVILLE ,OR,975309659
cif_cust_id_02216,loan_id_0268,Commercial,561732.47,2845.2,7.93,5/1/2026,5/1/2035,7295.19,0,0,,branch_id_03,10,M120,Monthly,0,Reg P&I, ,0,520,600000,0,600000,Installment,0,0,0,41979.56,14137.86,2845.96,109,officer_id_032,5/9/2025,5/1/2025,5/9/2025,6/1/2025,,3/31/2026,125,,581554.64,% of Current Balance,16851.97,WSJ Prime,5/1/2026,M012,365/360,7.93,0,7.5,0,,5/1/2026,0.63,0,0,0,0,0,1,0.05,0,9999999.99,0,0,0,0,0,0,0,0,0,0,0,0,0,0,364.76,0,0,0,0,0,0,0,0,0,0,,364.76,3/1/2026,364.76,0,0,1,1,1,0,0,0,0,0,0,0,0,0,0,,,,,,,,,,,3+,3+, ,_1952.76,0,0,0,999999,0, ,41,0,0,Open,GREENWICH ,CT,068305091
cif_cust_id_02380,loan_id_0300,Commercial,50705.23,24.15,7.75,5/24/2026,11/24/2027,0,0,0,11/24/2027,branch_id_05,22,M024,Monthly,0,Int Only,Y,24,170,0,110000,110000,Revolving,741.09,258.91,258.91,1177.89,923.36,216.98,19,officer_id_040,11/26/2025,11/24/2025,11/26/2025,12/24/2025,,4/21/2026,154,,50883.38,No Prepayment Penatly,0,WSJ Prime,,0000,365/360,8,6.75,7,0,,,1,0,0,5.75,0,0,1,0.05,0,9999999.99,0,0,0,0,0,0,0,0,0,0,0,0,0,0,0,0,0,0,0,0,0,0,0,0,0,,0,,0,0,0,0,0,0,0,0,0,0,0,0,0,0,0,0,,,,,,,,,,,3+,3+, ,0,0,0,0,433063,0,AE ,41,0,0,Open,EAGLE POINT ,OR,975240957
cif_cust_id_02429,loan_id_0315,Commercial,1842250.76,5692.1,4.83,5/1/2026,1/1/2048,11488.35,0,0,,branch_id_03,22,M312,Monthly,0,Reg P&I,N,0,190,0,0,1985000,Installment,3586.67,7901.68,7901.68,345991.73,28056.51,5692.1,300,officer_id_032,1/18/2022,1/14/2022,1/14/2022,2/1/2022,,3/31/2026,154,,1866519.36,% of Current Balance,18422.5,Fixed,, ,365/360,4.5,0,4.5,0,,,0,0,0,0,0,0,1,0.05,0,9999999.99,0,0,0,0,0,0,0,0,0,0,0,0,0,0,0,0,0,0,0,0,0,0,0,0,0,,0,4/1/2026,0,0,0,0,12,0,0,0,0,0,0,0,0,0,0,0,,,,,,,,,,,3+,3+, ,12948.16,0,0,0,271567,0,X* ,41,0,0,Open,ASHLAND ,OR,975202113
cif_cust_id_02497,loan_id_0324,Commercial,116003.64,213.98,6.62,5/14/2026,11/14/2030,2458.14,0,0,,branch_id_03,22,M060,Monthly,0,Reg P&I, ,0,190,125000,0,125000,Installment,1785,673.14,673.14,3294.34,2490.9,495.56,55,officer_id_032,11/17/2025,11/14/2025,11/17/2025,12/14/2025,,4/13/2026,154,,116371.62,No Prepayment Penatly,0,Fixed,, ,365/360,6.62,0,6.62,0,,,0,0,0,0,0,0,1,0.05,0,9999999.99,0,0,0,0,0,0,0,0,0,0,0,0,0,0,122.91,0,0,0,0,0,0,0,0,0,0,,122.91,4/14/2026,122.91,0,0,0,0,1,0,0,0,0,0,0,0,0,0,0,,,,,,,,,,,3+,3+, ,0,0,0,0,81150,0,X ,41,0,0,Open,ASHLAND ,OR,975209406
cif_cust_id_04855,loan_id_0385,Commercial,526353.09,10767.68,5.23,4/25/2026,4/25/2039,4596.94,0,0,4/25/2039,branch_id_05,22,M303,Monthly,0,Reg P&I,Y,300,190,770000,0,770000,Installment,0,0,0,406044.32,8695.59,1758.75,157,officer_id_069,4/25/2014,4/25/2014,4/25/2014,5/25/2014,2/27/2017,12/3/2025,154,,537274.77,% of Current Balance,0,FHLB 5_YR,2/25/2027,M060,365/360,5.5,2.23,2.5,0,,2/25/2027,3,0,0,5.01,0,0,1,0.05,0,9999999.99,0,0,0,0,0,0,0,0,0,0,0,0,0,0,0,0,0,0,0,0,0,0,0,0,8473.66,,0,10/25/2025,0,0,0,0,0,0,0,0,0,0,0,0,0,0,0,0,,,,,,,,,,,3+,5, ,373.42,0,0,0,668875,0,X500 ,41,0,0,Open,JACKSONVILLE ,OR,975300180
cif_cust_id_04855,loan_id_0386,Commercial,154804.29,3435.02,5.23,4/25/2026,4/25/2039,1488.07,1970.63,0,4/25/2039,branch_id_05,22,M269,Monthly,0,Reg P&I,Y,266,190,238500,0,238500,Installment,0,0,0,91824.62,2564.12,517.26,157,officer_id_069,2/27/2017,2/27/2017,2/27/2017,3/25/2017,2/27/2017,11/21/2025,154,,158393.31,% of Current Balance,0,FHLB 5_YR,2/25/2027,M060,365/360,5.01,2.23,2.01,0,,2/25/2027,3,0,0,5.01,0,6592.23,1,0.05,0,9999999.99,0,0,0,0,0,0,0,0,0,0,0,0,0,0,0,0,0,0,0,0,0,0,0,0,2760.33,,0,10/25/2025,0,0,0,0,0,0,0,0,0,0,0,0,0,0,0,0,,,,,,,,,,,3+,5, ,717.61,0,0,0,668875,0,X500 ,41,0,0,Open,JACKSONVILLE ,OR,975300180
cif_cust_id_04203,loan_id_0479,Commercial,635221.7,3480.66,8,4/30/2026,11/30/2030,13627.83,0,0,,branch_id_05,13,M084,Monthly,0,Reg P&I, ,0,510,1135000,0,1135000,Installment,0,0,0,355353.37,16092.08,3202.21,56,officer_id_061,12/1/2020,11/30/2020,12/1/2020,12/30/2023,,3/29/2026,199,,638901.36,No Prepayment Penatly,0,WSJ Prime,11/30/2026,M036,365/365,6,8.5,3.25,0,,11/30/2026,_0.5,0,0,6,10,0,1,0.05,0,9999999.99,0,0,0,0,0,0,0,0,0,0,0,0,0,0,0,0,0,0,0,0,0,0,0,0,0,,0,8/30/2025,0,0,0,0,0,0,0,0,0,0,0,0,0,0,0,0,,,,,,,,,,,3+,5, ,0,0,0,0,999999,0,X ,41,75,0.55,Open,MEDFORD ,OR,975016634
cif_cust_id_14666,loan_id_0481,Commercial,539943.19,310.76,5.18,5/20/2026,3/20/2027,5424.59,0,0,3/20/2027,branch_id_02,22,M240,Monthly,0,Reg P&I,Y,20,190,0,0,875000,Installment,3002.75,2421.84,2421.84,307039,8891.96,1795.12,11,officer_id_064,3/20/2017,3/20/2017,3/20/2017,4/20/2017,7/7/2025,4/19/2026,154,,540407.95,No Prepayment Penatly,0,FHLB 5_YR,3/20/2027,M060,365/360,4.38,2.43,1.63,0,,3/20/2027,2.75,0,0,0,0,0,1,0.05,0,9999999.99,0,0,0,0,0,0,0,0,0,0,0,0,0,0,0,0,0,0,0,0,0,0,0,0,0,,0,12/20/2025,0,0,0,0,0,0,0,0,0,0,0,0,0,0,0,0,,,,,,,,,,,3+,0, ,46.77,0,0,0,204185,0,X500* ,41,0,0,Open,ALBANY ,OR,973210562
cif_cust_id_14666,loan_id_0482,Commercial,466945.55,793.81,6.8,5/15/2026,3/15/2030,3671.49,0,0,3/15/2030,branch_id_02,22,M300,Monthly,0,Reg P&I,Y,117,190,571440,0,571440,Installment,931.81,2739.68,2739.68,159514.27,10011.65,2031.08,47,officer_id_064,2/28/2020,2/28/2020,2/28/2020,7/15/2020,7/7/2025,4/14/2026,154,,467893.36,% of Current Balance,0,Fixed,, ,365/360,5.03,4.09,1.78,0,,,0,0,0,0,0,0,1,0.05,0,9999999.99,0,0,0,0,0,0,0,0,0,0,0,0,0,0,0,0,0,0,0,0,0,0,0,0,0,,0,2/15/2026,0,0,0,0,0,0,0,0,0,0,0,0,0,0,0,0,,,,,,,,,,,3+,0, ,439.29,0,0,0,204185,0,X500* ,41,0,0,Open,ALBANY ,OR,973210562
cif_cust_id_05507,loan_id_0607,Commercial,486894.88,1102.63,6.27,5/11/2026,12/11/2050,3266.06,0,0,,branch_id_05,22,M300,Monthly,0,Reg P&I, ,0,170,490000,0,490000,Installment,633.51,2632.55,2632.55,9959.12,9610.95,1951.74,296,officer_id_040,12/15/2025,12/11/2025,12/15/2025,1/11/2026,,4/10/2026,154,,502758.35,% of Current Balance,14606.84,FHLB 3_YR,12/11/2028,M036,365/360,6.27,0,3.18,0,,12/11/2028,2.75,0,0,5.275,0,0,1,0.05,0,9999999.99,0,0,0,0,0,0,0,0,0,0,0,0,0,0,0,0,0,0,0,0,0,0,0,0,0,,0,4/11/2026,0,0,0,0,0,0,0,0,0,0,0,0,0,0,0,0,,,,,,,,,,,3+,3+, ,3399.37,0,0,0,0,0,X ,41,0,0,Open,MEDFORD ,OR,975048127
cif_cust_id_06094,loan_id_0638,Commercial,1632685.71,5090.9,5.91,5/5/2026,8/5/2042,13097.86,0,0,,branch_id_05,22,M240,Monthly,0,Reg P&I, ,0,170,1829000,0,1829000,Installment,4767.41,8330.45,8330.45,379991.55,30438.5,6165.79,196,officer_id_061,8/11/2022,8/5/2022,8/10/2022,9/5/2022,11/18/2025,4/4/2026,308,,1654411.46,% of Current Balance,16326.85,FHLB 5_YR,8/5/2027,M060,365/360,5.91,0,3,0,,8/5/2027,2.518,0,0,5.908,0,0,1,0.05,0,9999999.99,0,0,0,0,0,0,0,0,0,0,0,0,0,0,0,0,0,0,0,0,0,0,0,0,0,,0,7/5/2025,0,0,0,0,0,0,0,0,0,0,0,0,0,0,0,0,,,,,,,,,,,3+,3+, ,23756.31,0,0,0,999999,0,C ,41,0,0,Open,CENTRAL POINT ,OR,975020067
cif_cust_id_14630,loan_id_0644,Commercial,99345.24,255.39,7.5,4/29/2026,9/29/2026,0,0,0,9/29/2026,branch_id_10,11,M012,Monthly,0,Int Only,Y,12,530,0,100000,100000,Revolving,0,0,0,8155.1,705.86,242.7,4,officer_id_020,10/10/2023,9/29/2023,10/10/2023,10/29/2023,9/29/2025,4/11/2026,0,,99600.63,No Prepayment Penatly,0,WSJ Prime,,0000,365/360,9.25,6.75,8.5,0,,,0.75,0,0,5.25,0,0,1,0.05,0,9999999.99,0,0,0,0,0,0,0,0,0,0,0,0,0,0,0,0,0,0,0,0,0,9.25,0,0,0,,30.49,11/29/2025,0,0,0,1,0,1,0,0,0,0,0,0,0,0,0,0,,,,,,,,,,,3+,3+, ,0,0,0,0,999999,0, ,41,0,0,Open,GRANTS PASS ,OR,975270021
cif_cust_id_09501,loan_id_0709,Commercial,286690.3,655.25,7.48,5/13/2026,2/13/2040,2795.28,0,0,,branch_id_10,22,M180,Monthly,0,Reg P&I, ,0,170,300000,0,300000,Installment,942.6,1852.68,1852.68,25824.22,6778.22,1372.42,166,officer_id_020,2/18/2025,2/13/2025,2/14/2025,3/13/2025,,4/12/2026,154,,293233.35,% of Current Balance,5733.8,FHLB 5_YR,2/13/2030,M060,365/360,7.48,4.47,4.47,0,,2/13/2030,3.14,0,0,6.48,0,0,1,0.05,0,9999999.99,0,0,0,0,0,0,0,0,0,0,0,0,0,0,0,0,0,0,0,0,0,0,0,0,0,,0,12/13/2025,0,0,0,0,0,0,0,0,0,0,0,0,0,0,0,0,,,,,,,,,,,3+,3+, ,0,0,0,0,168700,0,X ,41,0,0,Open,GRANTS PASS ,OR,975261198
cif_cust_id_06294,loan_id_0722,Commercial,0,0,7,5/24/2026,11/24/2026,0,0,0,11/24/2026,branch_id_05,11,M024,Monthly,0,Int Only,Y,24,530,0,100000,100000,Revolving,0,0,0,27945.2,0,0,24,officer_id_061,11/17/2008,11/17/2008,11/17/2008,11/17/2009,11/24/2024,,0,,0,No Prepayment Penatly,0,WSJ Prime,,0000,365/360,4.75,6.75,4.5,0,,,0.25,0,0,5.5,0,0,1,0.05,0,9999999.99,0,0,0,0,0,0,0,0,0,0,0,0,0,0,0,0,0,0,0,0,0,0,0,0,0,,0,,0,0,0,0,0,0,0,0,0,0,0,0,0,0,0,0,,,,,,,,,,,3+,4, ,0,0,0,0,999999,0, ,41,0,0,Open,MEDFORD ,OR,975044678
cif_cust_id_06392,loan_id_0736,Commercial,2167779.19,1264.91,7.01,5/21/2026,11/21/2049,15811.13,0,0,,branch_id_05,22,M306,Monthly,0,Reg P&I, ,0,170,0,2216000,2216000,Revolving,2720.81,13090.32,13090.32,274418.28,47814.63,9711.77,283,officer_id_061,5/23/2024,5/21/2024,5/23/2024,6/21/2024,,4/20/2026,154,,2212553.68,% of Current Balance,43355.58,FHLB 3_YR,5/21/2027,M036,365/360,7.01,8.5,4.73,0,,5/21/2027,2.275,0,0,6.005,0,0,1,0.05,0,9999999.99,0,0,0,0,0,0,0,0,0,0,0,0,0,0,0,0,0,0,0,0,0,0,0,0,0,,0,,0,0,0,0,0,0,0,0,0,0,0,0,0,0,0,0,,,,,,,,,,,3+,3+, ,14025.12,0,0,0,106000,0,X ,41,0,0,Open,WHITE CITY ,OR,975031042
cif_cust_id_06432,loan_id_0767,Commercial,251929.67,430.57,6.87,5/15/2026,8/15/2029,7077.62,0,0,,branch_id_10,10,M060,Monthly,0,Reg P&I, ,0,510,357702,0,357702,Installment,5556.54,1521.08,1521.08,35780.07,5675.25,1118.49,40,officer_id_020,8/15/2024,8/15/2024,8/15/2024,9/15/2024,,4/14/2026,0,,252360.24,No Prepayment Penatly,0,Fixed,, ,365/360,6.87,0,6.87,0,,,0,0,0,0,0,0,1,0.05,0,9999999.99,0,0,0,0,0,0,0,0,0,0,0,0,0,0,0,0,0,0,0,0,0,0,0,0,0,,0,6/15/2025,0,0,0,0,0,0,0,0,0,0,0,0,0,0,0,0,,,,,,,,,,,3+,3+, ,0,0,0,0,999999,0, ,41,0,0,Open,WHITE CITY ,OR,975031923
cif_cust_id_06438,loan_id_0769,Commercial,1319870.97,2774.66,6.88,5/15/2026,12/15/2028,13114.72,0,0,12/15/2028,branch_id_18,35,M179,Monthly,0,Reg P&I,Y,59,160,1749975.6,0,1749975.6,Installment,5097.08,8102.92,8102.92,696990.83,28751.75,5813.26,32,officer_id_058,9/11/2017,9/11/2017,9/11/2017,2/15/2024,1/15/2024,4/12/2026,154,,1335998.33,% of Current Balance,13198.7,Fixed,, ,365/360,4.99,4.4,2.24,0,,,0,0,0,0,0,0,1,0.05,0,9999999.99,0,0,0,0,0,0,0,0,0,0,0,0,0,0,0,0,0,0,0,0,0,0,0,0,0,,0,12/15/2025,0,0,0,0,0,0,0,0,0,0,0,0,0,0,0,0,,,,,,,,,,,3+,0, ,0,0,0,0,321456,0,X ,41,0,0,Open,SALEM ,OR,973021225
cif_cust_id_07053,loan_id_0850,Commercial,308321.65,401.01,4.68,5/14/2026,7/14/2046,1995.2,0,0,,branch_id_03,35,M300,Monthly,0,Reg P&I,N,0,160,350000,0,350000,Installment,749.98,1245.22,1245.22,74043.25,4552.47,923.34,243,officer_id_032,7/19/2021,7/14/2021,7/19/2021,8/14/2021,,4/13/2026,154,,311959.87,% of Current Balance,3083.21,FHLB 5_YR,7/14/2031,M060,365/360,4.68,0,1.15,0,,7/14/2031,2.7,0,0,4.68,0,0,1,0.05,0,9999999.99,0,0,0,0,0,0,0,0,0,0,0,0,0,0,0,0,0,0,0,0,0,0,0,0,0,,0,4/14/2026,0,0,0,1,0,0,0,0,0,0,0,0,0,0,0,0,,,,,,,,,,,3+,3+, ,0,0,0,0,89877,0,X ,41,0,0,Open,CENTRAL POINT ,OR,975020021
cif_cust_id_07520,loan_id_0945,Commercial,313230.07,1598.06,7.75,5/4/2026,2/4/2027,0,0,0,2/4/2027,branch_id_09,21,M012,Monthly,0,Int Only,Y,12,110,0,380000,380000,Non _ Revolving,0,1574.9,1574.9,2496.75,4094.81,1550.93,10,officer_id_055,2/10/2026,2/4/2026,2/9/2026,3/4/2026,,3/30/2026,154,,314982.13,No Prepayment Penatly,0,WSJ Prime,,0000,365/360,7.75,0,6.75,0,,,1,0,0,6.25,0,0,1,0.05,0,9999999.99,0,0,0,0,0,0,0,0,0,0,0,0,0,0,0,0,0,0,0,0,0,0,0,0,0,,0,3/4/2026,0,0,0,1,0,0,0,0,0,0,0,0,0,0,0,0,,,,,,,,,,,3+,3+, ,0,0,0,0,0,0,X ,41,0,0,Open,EUGENE ,OR,974013114
cif_cust_id_07524,loan_id_0973,Commercial,900000,3686.36,8.75,5/7/2026,7/7/2027,0,0,0,7/7/2027,branch_id_03,21,M024,Monthly,0,Int Only,Y,24,110,0,900000,900000,Non _ Revolving,0,6279.2,6279.2,31740.21,21848.94,4901.69,15,officer_id_032,7/9/2025,7/7/2025,7/9/2025,8/7/2025,,4/6/2026,154,,903840.36,No Prepayment Penatly,0,WSJ Prime,,0000,365/360,9.5,6.75,7.5,0,,,2,0,0,8,0,0,1,0.05,0,9999999.99,0,0,0,0,0,0,0,0,0,0,0,0,0,0,0,0,0,0,0,0,0,0,0,0,0,,0,,0,0,0,0,0,0,0,0,0,0,0,0,0,0,0,0,,,,,,,,,,,3+,3+, ,2234.08,0,0,0,999999,0,X ,41,0,0,Open,CENTRAL POINT ,OR,975020013
cif_cust_id_09678,loan_id_1074,Commercial,1244547.55,_1329.7,5.46,6/1/2026,8/8/2040,10425.85,0,0,8/8/2040,branch_id_05,22,M267,Monthly,0,Reg P&I,Y,273,170,1580000,0,1580000,Installment,4747.73,5678.12,5678.12,602767.89,21529.46,4356.67,171,officer_id_040,8/8/2017,8/8/2017,8/8/2017,9/1/2018,12/6/2023,4/30/2026,338,,1243555.85,% of Current Balance,0,FHLB 5_YR,8/1/2027,M060,365/360,4.53,3.19,2.26,0,,8/1/2027,2.272,0,0,4.532,0,0,1,0.05,0,9999999.99,0,0,0,0,0,0,0,0,0,0,0,0,0,0,0,0,0,0,0,0,0,0,0,0,0,,0,2/1/2025,0,0,0,0,0,0,0,0,0,0,0,0,0,0,0,0,,,,,,,,,,,3+,4, ,3871.97,0,0,0,999999,0,X ,41,0,0,Open,MEDFORD ,OR,975049108
cif_cust_id_09678,loan_id_1075,Commercial,1614775.29,_2650.4,6.54,6/3/2026,9/3/2041,14006.72,0,0,,branch_id_05,22,M233,Monthly,0,Reg P&I, ,0,170,0,0,3101780,Installment,5197,8809.72,8809.72,500106.1,33374.81,6759.84,184,officer_id_040,9/8/2020,9/3/2020,9/8/2020,5/3/2022,12/6/2023,5/2/2026,323,,1612447.89,% of Current Balance,0,FHLB 5_YR,9/3/2030,M060,365/360,4.46,3.85,0.76,0,,9/3/2030,2.682,0,0,4.462,0,0,1,0.05,0,9999999.99,0,0,0,0,0,0,0,0,0,0,0,0,0,0,0,0,0,0,0,0,0,0,0,0,0,,0,10/3/2020,0,0,0,0,0,0,0,0,0,0,0,0,0,0,0,0,,,,,,,,,,,3+,3+, ,17962.94,0,0,0,0,2.95,X ,41,0,0,Open,MEDFORD ,OR,975049108
cif_cust_id_09678,loan_id_1077,Commercial,777771.84,179.11,4.16,5/22/2026,4/22/2042,5579.52,0,0,,branch_id_05,22,M240,Monthly,0,Reg P&I,Y,0,170,896000,0,896000,Installment,2784.45,2795.07,2795.07,141650.95,10243.94,2073.26,192,officer_id_040,4/28/2022,4/22/2022,4/28/2022,5/22/2022,,4/21/2026,318,,786046.66,% of Current Balance,7777.71,FHLB 5_YR,4/22/2027,M060,365/360,4.16,0,3.12,0,,4/22/2027,2.91,0,0,4.16,0,0,1,0.05,0,9999999.99,0,0,0,0,0,0,0,0,0,0,0,0,0,0,0,0,0,0,0,0,0,0,0,0,0,,0,2/22/2026,0,0,0,1,0,0,0,0,0,0,0,0,0,0,0,0,,,,,,,,,,,3+,3+, ,1629.36,0,0,0,999999,0,X ,41,0,0,Open,MEDFORD ,OR,975049108
cif_cust_id_09948,loan_id_1101,Commercial,666498,925.69,5,5/14/2026,11/14/2047,4239.42,0,0,,Branch Not Assigned,22,M300,Monthly,0,Reg P&I, ,0,170,720000,0,720000,Installment,1363.91,2875.51,2875.51,120314.22,10506.88,2131.55,259,officer_id_027,11/14/2022,11/14/2022,11/14/2022,12/14/2022,,4/13/2026,154,,674242.67,% of Current Balance,6664.98,FHLB 7_YR,11/14/2029,M084,365/360,5,0,4.66,0,,11/14/2029,1.63,0,0,5,0,0,1,0.05,0,9999999.99,0,0,0,0,0,0,0,0,0,0,0,0,0,0,0,0,0,0,0,0,0,0,0,0,0,,0,3/14/2026,0,0,0,0,0,0,0,0,0,0,0,0,0,0,0,0,,,,,,,,,,,3+,3+, ,3716.92,0,0,0,304733,0,X500 ,41,0,0,Open,MEDFORD ,OR,975018805
cif_cust_id_10708,loan_id_1141,Commercial,0,0,7.5,5/16/2026,6/16/2026,0,0,0,6/16/2026,branch_id_05,47,M024,Monthly,0,Int Only,Y,24,190,0,1000000,1000000,Revolving,0,0,0,18828.15,0,0,20,officer_id_061,6/21/2023,6/16/2023,6/21/2023,7/16/2023,5/23/2024,,154,,154,No Prepayment Penatly,0,WSJ Prime,,0000,365/360,9,6.75,8.25,0,,,0.75,0,0,5,0,0,1,0.05,0,9999999.99,0,0,0,0,0,0,0,0,0,0,0,0,0,0,0,0,0,0,0,0,0,0,0,0,0,,0,,0,0,0,0,0,0,0,0,0,0,0,0,0,0,0,0,,,,,,,,,,,3+,3, ,257.61,0,0,0,375000,0,X ,41,0,0,Open,CENTRAL POINT ,OR,975020067
cif_cust_id_10760,loan_id_1157,Commercial,1986566.03,7863.49,7.13,5/4/2026,8/4/2049,14609.56,0,0,,branch_id_05,22,M312,Monthly,0,Reg P&I, ,0,190,0,0,2000000,Installment,2406.38,12203.18,12203.18,266268.13,44534.15,9044.44,280,officer_id_061,8/11/2023,8/4/2023,8/11/2023,9/4/2023,8/13/2024,4/3/2026,154,,2034314.84,% of Current Balance,39731.32,FHLB 5_YR,8/4/2028,M060,365/360,7.13,0,4.49,0,,8/4/2028,3.025,0,0,6.125,0,0,1,0.05,0,9999999.99,0,0,0,0,0,0,0,0,0,0,0,0,0,0,0,0,0,0,0,0,0,0,0,0,0,,0,4/4/2026,0,0,0,0,0,0,0,0,0,0,0,0,0,0,0,0,,,,,,,,,,,3+,3+, ,14473.09,0,0,0,187315,0,X ,41,0,0,Open,CENTRAL POINT ,OR,975020067
cif_cust_id_10859,loan_id_1164,Commercial,150694.47,504.48,7.75,5/9/2026,2/9/2027,0,0,0,2/9/2027,branch_id_05,26,M012,Monthly,0,Int Only,Y,12,180,0,200000,200000,Revolving,0,994.92,994.92,59634.72,3175.66,729.57,10,officer_id_040,5/9/2017,5/9/2017,5/9/2017,5/9/2018,2/9/2026,4/7/2026,1572,,152803.19,No Prepayment Penatly,0,WSJ Prime,,0000,365/360,5.5,6.75,4,0,,,1,0,0,4.25,0,0,1,0.05,0,9999999.99,0,0,0,0,0,0,0,0,0,0,0,0,0,0,0,0,0,0,0,0,0,0,0,0,0,,4656.38,2/9/2026,0,0,0,0,0,0,0,0,0,0,0,0,0,0,0,0,,,,,,,,,,,3+,6, ,0,0,0,0,999999,0,X500* ,41,0,0,Open,WHITE CITY ,OR,975039555
cif_cust_id_10879,loan_id_1171,Commercial,219951.26,551.4,4.75,5/5/2026,11/5/2041,1676.01,0,0,,branch_id_09,18,M240,Monthly,0,Reg P&I, ,0,120,0,0,250000,Installment,777.16,902.84,902.84,46272.48,3300.18,667.9,188,officer_id_070,11/15/2021,11/5/2021,11/12/2021,12/5/2021,,4/4/2026,154,,220656.66,No Prepayment Penatly,0,FHLB 5_YR,11/5/2026,M060,365/360,4.75,3.81,1.42,0,,11/5/2026,3.61,0,0,4.75,0,0,1,0.05,0,9999999.99,0,0,0,0,0,0,0,0,0,0,0,0,0,0,0,0,0,0,0,0,0,0,0,0,0,,0,7/5/2025,0,0,0,0,0,0,0,0,0,0,0,0,0,0,0,0,,,,,,,,,,,3+,3+, ,0,0,0,0,0,0,X ,41,0,0,Open,DALLAS ,OR,973389429
cif_cust_id_14856,loan_id_1274,Commercial,228928.93,399.86,5.25,5/12/2026,5/12/2047,1509.63,0,0,,branch_id_05,35,M300,Monthly,0,Reg P&I, ,0,160,250000,0,250000,Installment,473.37,1036.26,1036.26,49881.54,3786.37,767.86,253,officer_id_069,5/17/2022,5/12/2022,5/17/2022,6/12/2022,,4/11/2026,154,,231772.07,% of Current Balance,2289.28,FHLB 5_YR,5/12/2027,M060,365/360,5.25,0,3.23,0,,5/12/2027,2.68,0,0,5.25,0,0,1,0.05,0,9999999.99,0,0,0,0,0,0,0,0,0,0,0,0,0,0,0,0,0,0,0,0,0,0,0,0,0,,0,8/12/2024,0,0,0,0,0,0,0,0,0,0,0,0,0,0,0,0,,,,,,,,,,,3+,3+, ,0,0,0,0,3,0,X ,41,0,0,Open,MONTAGUE ,CA,960649420
cif_cust_id_12854,loan_id_1332,Commercial,817480.8,1598.17,3.91,5/6/2026,12/6/2043,5370.24,0,0,,branch_id_05,22,M269,Monthly,0,Reg P&I,N,0,190,955849.12,0,1012500,Installment,2609.04,2761.2,2761.2,295455.52,10091.37,2043.53,212,officer_id_040,12/6/2018,12/6/2018,12/6/2018,8/6/2021,7/6/2021,4/5/2026,154,,827407.77,% of Current Balance,8174.8,FHLB 5_YR,7/6/2026,M060,365/360,5.88,3.22,3.31,0,,7/6/2026,0,0,0,3.91,0,0,1,0.05,0,9999999.99,0,0,0,0,0,0,0,0,0,0,0,0,0,0,0,0,0,0,0,0,0,0,0,0,0,,0,12/6/2025,0,0,0,0,0,0,0,0,0,0,0,0,0,0,0,0,,,,,,,,,,,3+,4, ,2416.61,0,0,0,206652,0,X ,41,0,0,Open,ASHLAND ,OR,975201401
cif_cust_id_13534,loan_id_1380,Commercial,1392215.19,5897.59,6.63,5/1/2026,3/15/2047,10335.74,0,0,,branch_id_10,22,M312,Monthly,0,Reg P&I,N,0,170,0,0,1556000,Installment,3481.86,4712.1,4712.1,273703.99,19616.54,5897.59,252,officer_id_020,3/17/2021,3/15/2021,3/17/2021,5/1/2021,,3/31/2026,154,,1412188.93,% of Current Balance,13922.15,FHLB 5_YR,4/1/2031,M060,365/360,3.92,4.03,1.17,0,,4/1/2031,2.6,0,0,3.92,0,0,1,0.05,0,9999999.99,0,0,0,0,0,0,0,0,0,0,0,0,0,0,0,0,0,0,0,0,0,0,0,0,0,,0,4/1/2026,0,0,0,1,0,0,0,0,0,0,0,0,0,0,0,0,,,,,,,,,,,3+,3, ,11060.8,0,0,0,896284,0,X ,41,0,0,Open,CENTRAL POINT ,OR,975023283
cif_cust_id_13911,loan_id_1430,Commercial,935758.54,328.87,4.26,5/21/2026,7/21/2046,5785.69,0,0,,branch_id_03,22,M300,Monthly,0,Reg P&I,N,0,170,1060000,0,1060000,Installment,2342.53,3443.16,3443.16,205542.87,12581.83,2549.04,243,officer_id_032,7/23/2021,7/21/2021,7/23/2021,8/21/2021,,4/20/2026,154,,945598.99,% of Current Balance,9357.58,FHLB 5_YR,7/21/2026,M060,365/360,4.26,0,1.15,0,,7/21/2026,3.04,0,0,4.26,0,0,1,0.05,0,9999999.99,0,0,0,0,0,0,0,0,0,0,0,0,0,0,0,0,0,0,0,0,0,0,0,0,0,,0,3/21/2026,0,0,0,2,0,0,0,0,0,0,0,0,0,0,0,0,,,,,,,,,,,3+,3+, ,5934.05,0,0,0,0,0,X ,41,0,0,Open,ASHLAND ,OR,975209629
cif_cust_id_15025,loan_id_1642,Commercial,0,0,7.5,5/17/2026,6/17/2026,0,0,0,6/17/2026,branch_id_05,11,M010,Monthly,0,Int Only,Y,10,530,0,425000,425000,Revolving,0,0,0,0,0,0,9,officer_id_027,9/30/2025,9/15/2025,9/30/2025,10/17/2025,,,65,,65,No Prepayment Penatly,0,WSJ Prime,,0000,365/360,8.25,6.75,7.5,0,,,0.75,0,0,5.25,0,0,1,0.05,0,9999999.99,0,0,0,0,0,0,0,0,0,0,0,0,0,0,0,0,0,0,0,0,0,0,0,0,0,,0,,0,0,0,0,0,0,0,0,0,0,0,0,0,0,0,0,,,,,,,,,,,3+,0, ,0,0,0,0,999999,0, ,41,0,0,Open,CENTRAL POINT ,OR,975023224
cif_cust_id_15025,loan_id_1643,Commercial,27613.95,64.31,5.24,5/8/2026,11/8/2027,1523.26,0,0,,branch_id_05,10,M026,Monthly,0,Reg P&I, ,0,520,37372.66,0,37372.66,Installment,1392.38,130.88,130.88,904.11,496.32,93.86,19,officer_id_027,9/30/2025,9/15/2025,9/30/2025,10/8/2025,,4/7/2026,65,,27743.26,No Prepayment Penatly,0,Fixed,, ,365/360,5.24,0,5.24,0,,,0,0,0,0,0,0,1,0.05,0,9999999.99,0,0,0,0,0,0,0,0,0,0,0,0,0,0,0,0,0,0,0,0,0,0,0,0,0,,0,11/8/2025,0,0,0,0,0,0,0,0,0,0,0,0,0,0,0,0,,,,,,,,,,,3+,3+, ,0,0,0,0,999999,0, ,41,0,0,Open,CENTRAL POINT ,OR,975023224
cif_cust_id_15025,loan_id_1644,Commercial,22027.45,98.74,7.34,5/2/2026,3/2/2028,1034.86,0,0,,branch_id_05,10,M030,Monthly,0,Reg P&I, ,0,510,28327.73,0,28327.73,Installment,890.11,144.75,144.75,943.74,540.56,103.41,23,officer_id_027,9/30/2025,9/15/2025,9/30/2025,10/2/2025,,4/1/2026,0,,22126.19,No Prepayment Penatly,0,Fixed,, ,365/360,7.34,0,7.34,0,,,0,0,0,0,0,0,1,0.05,0,9999999.99,0,0,0,0,0,0,0,0,0,0,0,0,0,0,0,0,0,0,0,0,0,0,0,0,0,,0,,0,0,0,0,0,0,0,0,0,0,0,0,0,0,0,0,,,,,,,,,,,3+,3+, ,0,0,0,0,999999,0, ,41,0,0,Open,CENTRAL POINT ,OR,975023224
cif_cust_id_15025,loan_id_1645,Commercial,24297.1,105.38,7.44,5/3/2026,5/3/2028,1057.63,0,0,,branch_id_05,10,M032,Monthly,0,Reg P&I, ,0,510,30650.45,0,30650.45,Installment,896.34,161.29,161.29,1050.06,601.89,115.78,25,officer_id_027,9/30/2025,9/15/2025,9/30/2025,10/3/2025,,4/2/2026,0,,24402.48,No Prepayment Penatly,0,Fixed,, ,365/360,7.44,0,7.44,0,,,0,0,0,0,0,0,1,0.05,0,9999999.99,0,0,0,0,0,0,0,0,0,0,0,0,0,0,0,0,0,0,0,0,0,0,0,0,0,,0,1/3/2026,0,0,0,0,0,0,0,0,0,0,0,0,0,0,0,0,,,,,,,,,,,3+,3+, ,0,0,0,0,999999,0, ,41,0,0,Open,CENTRAL POINT ,OR,975023224
cif_cust_id_15085,loan_id_1659,Commercial,4891077.59,10196.54,3.95,5/5/2026,4/19/2048,28116.27,0,0,,branch_id_05,22,M312,Monthly,0,Reg P&I, ,0,170,0,0,5301391,Installment,12221.97,16678.03,16678.03,681188.3,60915.89,12348.54,266,officer_id_061,4/27/2022,4/19/2022,4/19/2022,5/19/2022,5/2/2024,4/4/2026,308,,4950492.9,% of Current Balance,48910.77,FHLB 5_YR,4/19/2027,M060,365/360,3.95,0,3.23,0,,4/19/2027,2.5,0,0,3.95,0,0,1,0.05,0,9999999.99,0,0,0,0,0,0,0,0,0,0,0,0,0,0,0,0,0,0,0,0,0,0,0,0,0,,0,7/5/2025,0,0,0,0,0,0,0,0,0,0,0,0,0,0,0,0,,,,,,,,,,,3+,3, ,31024.92,0,0,0,380268,0,X ,41,0,0,Open,WHITE CITY ,OR,975031009
cif_cust_id_15085,loan_id_1660,Commercial,481938.45,1112.04,4.37,5/5/2026,6/22/2046,3037.1,0,0,,branch_id_05,22,M300,Monthly,0,Reg P&I, ,0,170,550000,0,550000,Installment,1280.79,1819.21,1819.21,109977.25,6645.49,1346.78,242,officer_id_061,6/23/2021,6/22/2021,6/23/2021,7/22/2021,5/2/2024,4/4/2026,308,,488177.87,% of Current Balance,4819.38,FHLB 5_YR,6/22/2026,M060,365/360,4.37,0,1.24,0,,6/22/2026,2.582,0,0,4.372,0,0,1,0.05,0,9999999.99,0,0,0,0,0,0,0,0,0,0,0,0,0,0,0,0,0,0,0,0,0,0,0,0,0,,0,7/5/2025,0,0,0,0,0,0,0,0,0,0,0,0,0,0,0,0,,,,,,,,,,,3+,3, ,2839.93,0,0,0,999999,0,X ,41,0,0,Open,WHITE CITY ,OR,975031009
cif_cust_id_15089,loan_id_1662,Commercial,250000,1213.09,7.75,4/2/2026,4/2/2026,0,0,0,4/2/2026,branch_id_10,11,M024,Monthly,0,Int Only,Y,24,530,0,250000,250000,Revolving,0,1568.3,1568.3,45464.46,5816.82,1237.85,1,officer_id_020,2/11/2021,2/2/2021,2/11/2021,3/2/2022,4/2/2024,3/31/2026,15,,251277.98,No Prepayment Penatly,0,WSJ Prime,,0000,365/360,4.75,6.75,3.25,0,,,1,0,0,4.75,0,0,1,0.05,0,9999999.99,0,0,0,0,0,0,0,0,0,0,0,0,0,0,0,0,0,0,0,0,0,0,0,0,0,,0,4/2/2026,0,0,251262.98,0,0,0,0,0,0,0,0,0,0,0,0,0,,,,,,,,,,,3+,3, ,0,0,0,0,999999,0, ,41,0,0,Open,JACKSONVILLE ,OR,975300697
cif_cust_id_15093,loan_id_1668,Commercial,431118.84,1149.82,7.75,5/13/2026,5/13/2026,0,0,0,5/13/2026,branch_id_09,32,M012,Monthly,0,Int Only,Y,12,100,0,450000,450000,Non _ Revolving,0,1545.08,1545.08,4224.88,5374.7,1747.92,9,officer_id_055,5/21/2025,5/13/2025,5/21/2025,6/13/2025,,4/11/2026,154,,432422.66,No Prepayment Penatly,0,WSJ Prime,,0000,365/360,8.5,6.75,7.5,0,,,1,0,0,5.75,0,0,1,0.05,0,9999999.99,0,0,0,0,0,0,0,0,0,0,0,0,0,0,0,0,0,0,0,0,0,0,0,0,0,,0,,0,0,0,0,0,0,0,0,0,0,0,0,0,0,0,0,,,,,,,,,,,3+,3+, ,0,0,0,0,0,0,X ,41,0,0,Open,EUGENE ,OR,974059402
cif_cust_id_15111,loan_id_1675,Commercial,4283110.56,9577.5,3.5,5/1/2026,6/1/2047,24011.34,0,0,,branch_id_05,24,M318,Monthly,0,Reg P&I, ,0,170,0,0,4770000,Installment,11069.16,12942.18,12942.18,729146.17,47255.22,9577.51,301,officer_id_040,12/8/2020,11/30/2020,12/8/2020,1/1/2021,,3/31/2026,154,,4292842.06,% of Current Balance,0,Fixed,, ,365/360,2.75,0,2.75,0,,,0,0,0,0,0,0,1,0.05,0,9999999.99,0,0,0,0,0,0,0,0,0,0,0,0,0,0,0,0,0,0,0,0,0,0,0,0,0,,0,11/1/2025,0,0,0,0,0,0,0,0,0,0,0,0,0,0,0,0,,,,,,,,,,,3+,3+, ,5060.64,0,0,0,999999,0,X ,41,0,0,Open,MEDFORD ,OR,975044232
cif_cust_id_16441,loan_id_1793,Commercial,39488.59,87.17,7.28,5/13/2026,12/13/2028,1364.68,0,0,,branch_id_02,10,M060,Monthly,0,Reg P&I, ,0,510,68285,0,68285,Installment,1110.85,253.83,253.83,9414.63,950.77,185.69,32,officer_id_064,12/14/2023,12/13/2023,12/14/2023,1/13/2024,,4/12/2026,0,,39575.76,No Prepayment Penatly,0,Fixed,, ,365/360,7.28,0,7.28,0,,,0,0,0,0,0,0,1,0.05,0,9999999.99,0,0,0,0,0,0,0,0,0,0,0,0,0,0,0,0,0,0,0,0,0,0,0,0,0,,0,,0,0,0,0,0,0,0,0,0,0,0,0,0,0,0,0,,,,,,,,,,,3+,3+, ,0,0,0,0,999999,0, ,41,0,0,Open,SALEM ,OR,973090644
cif_cust_id_16460,loan_id_1800,Commercial,210000,1123.73,6.88,4/24/2026,3/24/2051,1481.89,0,0,,branch_id_05,22,M300,Monthly,0,Reg P&I, ,0,190,210000,0,210000,Installment,0,0,0,0,1123.73,923.06,300,officer_id_040,3/27/2026,3/24/2026,3/27/2026,4/24/2026,,3/26/2026,154,,217577.73,% of Current Balance,6300,FHLB 5_YR,3/24/2031,M060,365/360,6.8,0,4.12,0,,3/24/2031,3.14,0,0,5.88,0,0,1,0.05,0,9999999.99,0,0,0,0,0,0,0,0,0,0,0,0,0,0,0,0,0,0,0,0,0,0,0,0,0,,0,,0,0,0,0,0,0,0,0,0,0,0,0,0,0,0,0,,,,,,,,,,,3+,3+, ,0,0,0,0,60050,0,X ,41,0,0,Open,MEDFORD ,OR,975044974
cif_cust_id_16515,loan_id_1807,Commercial,73109.76,452.67,7.43,4/25/2026,4/25/2039,733.96,0,0,,branch_id_05,22,M170,Monthly,0,Reg P&I, ,0,190,0,0,75000,Installment,0,0,0,3738.68,1714.65,347.05,161,officer_id_069,2/25/2025,2/24/2025,2/24/2025,3/25/2025,,3/24/2026,154,,73716.43,No Prepayment Penatly,0,FHLB 5_YR,2/25/2030,M060,365/360,7.43,0,4.45,0,,2/25/2030,3.13,0,0,6.43,0,0,1,0.05,0,9999999.99,0,0,0,0,0,0,0,0,0,0,0,0,0,0,0,0,0,0,0,0,0,0,0,0,0,,0,10/25/2025,0,0,0,0,1,0,0,0,0,0,0,0,0,0,0,0,,,,,,,,,,,3+,3+, ,0,0,0,0,122760,0,X500 ,41,0,0,Open,JACKSONVILLE ,OR,975309246
cif_cust_id_16610,loan_id_1815,Commercial,3193447.8,8440.83,4.74,5/1/2026,7/1/2033,19502.49,0,0,7/1/2033,branch_id_05,35,M318,Monthly,0,Reg P&I,Y,138,160,0,0,3400000,Installment,6441.61,13060.88,13060.88,463374.57,47675.22,9670.82,96,officer_id_069,1/12/2022,1/10/2022,1/12/2022,2/1/2022,,4/3/2026,154,,3202042.63,% of Current Balance,0,Fixed,, ,365/360,4.25,0,4.25,0,,,0,0,0,0,0,0,1,0.05,0,9999999.99,0,0,0,0,0,0,0,0,0,0,0,0,0,0,0,0,0,0,0,0,0,0,0,0,0,,0,11/1/2025,0,0,0,0,0,0,0,0,0,0,0,0,0,0,0,0,,,,,,,,,,,3+,3+, ,15962.58,0,0,0,603000,0,X ,41,0,0,Open,MEDFORD ,OR,975049185
cif_cust_id_17052,loan_id_1869,Commercial,371313.36,3343.65,6.76,4/7/2026,9/7/2046,2807.27,0,0,,branch_id_03,22,M300,Monthly,0,Reg P&I,N,0,170,415000,0,415000,Installment,0,0,0,86164.92,7886.87,1602.47,246,officer_id_032,9/13/2021,9/7/2021,9/13/2021,10/7/2021,,3/6/2026,154,,378664.5,% of Current Balance,3713.13,FHLB 3_YR,9/7/2027,M036,365/360,3.94,3.85,0.7,0,,9/7/2027,2.91,0,0,3.94,0,0,1,0.05,0,9999999.99,0,0,0,0,0,0,0,0,0,0,0,0,0,0,0,0,0,0,0,0,0,0,0,0,0,,0,4/7/2026,0,0,2947.63,1,1,0,0,0,0,0,0,0,0,0,0,0,,,,,,,,,,,3+,3+, ,0,0,0,0,0,0,X500 ,41,0,0,Open,JACKSONVILLE ,OR,975301690
cif_cust_id_17054,loan_id_1871,Commercial,609705.3,126,3.72,5/22/2026,11/22/2046,3556.36,0,0,,branch_id_05,35,M300,Monthly,0,Reg P&I,N,0,160,690000,0,690000,Installment,1598.15,1958.21,1958.21,108389.38,7164.35,1452.53,247,officer_id_040,11/24/2021,11/22/2021,11/24/2021,12/22/2021,,4/21/2026,154,,616082.35,% of Current Balance,6097.05,FHLB 5_YR,11/22/2026,M060,365/360,4,0,1.6,0,,11/22/2026,2.4,0,0,3.72,0,0,1,0.05,0,9999999.99,0,0,0,0,0,0,0,0,0,0,0,0,0,0,0,0,0,0,0,0,0,0,0,0,0,,0,11/22/2025,0,0,0,0,0,0,0,0,0,0,0,0,0,0,0,0,,,,,,,,,,,3+,3+, ,0,0,0,0,141900,0,C ,41,0,0,Open,MEDFORD ,OR,975010027
cif_cust_id_01360,loan_id_1896,Commercial,341730.72,251.51,6.62,5/20/2026,1/20/2046,2608.69,0,0,,branch_id_03,22,M300,Monthly,0,Reg P&I, ,0,170,390000,0,390000,Installment,655.72,1952.97,1952.97,93741.99,6796.58,1448.5,237,officer_id_032,1/28/2021,1/20/2021,1/28/2021,2/20/2021,,4/19/2026,154,,345553.53,% of Current Balance,3417.3,FHLB 5_YR,1/20/2031,M060,365/360,4.74,3.92,0.85,0,,1/20/2031,2.7,0,0,4.74,0,0,1,0.05,0,9999999.99,0,0,0,0,0,0,0,0,0,0,0,0,0,0,0,0,0,0,0,0,0,0,0,0,0,,0,12/20/2025,0,0,0,0,0,0,0,0,0,0,0,0,0,0,0,0,,,,,,,,,,,3+,3+, ,0,0,0,0,328075,0,X ,41,0,0,Open,MEDFORD ,OR,975013306
cif_cust_id_17493,loan_id_1987,Commercial,384741.01,1808.01,7.36,5/1/2026,11/1/2048,2946.04,0,0,,branch_id_05,28,M300,Monthly,0,Reg P&I, ,0,140,400000,0,400000,Installment,505.94,2440.1,2440.1,70176.17,8904.14,1808.01,271,officer_id_040,11/8/2023,11/1/2023,11/8/2023,12/1/2023,,3/31/2026,154,,390550.43,% of Current Balance,3847.41,FHLB 3_YR,11/1/2026,M036,365/360,7.36,0,5.04,0,,11/1/2026,2.375,0,0,6.355,0,0,1,0.05,0,9999999.99,0,0,0,0,0,0,0,0,0,0,0,0,0,0,0,0,0,0,0,0,0,0,0,0,0,,0,1/1/2024,0,0,0,0,0,0,0,0,0,0,0,0,0,0,0,0,,,,,,,,,,,3+,3+, ,148.64,0,0,0,57600,0,X ,41,0,0,Open,CENTRAL POINT ,OR,975029341
cif_cust_id_17671,loan_id_2018,Commercial,874960.38,16915.48,6.31,5/14/2026,12/14/2037,8866.41,0,0,,branch_id_03,22,M182,Monthly,0,Reg P&I, ,0,190,1032846.03,0,1350000,Installment,4089.32,4777.09,4777.09,857003.01,17502.16,3535.43,140,officer_id_032,12/14/2012,12/14/2012,12/14/2012,11/14/2022,10/26/2022,1/3/2026,469,,909844.06,% of Current Balance,17499.2,FHLB 5_YR,10/14/2027,M060,365/360,5.5,2.14,2.5,0,,10/14/2027,1.975,2.75,2.75,5.5,0,0,1,0.05,0,9999999.99,0,0,0,0,0,0,0,0,0,0,0,0,0,0,0,0,0,0,0,0,0,0,0,0,15384.01,,0,1/14/2021,0,0,0,0,0,0,0,0,0,0,0,0,0,0,0,0,,,,,,,,,,,3+,5, ,3410.41,0,0,0,419817,0,X ,41,0,0,Open,CENTRAL POINT ,OR,975021011
cif_cust_id_17671,loan_id_2019,Commercial,66882.62,2098.8,7.1,5/18/2026,8/18/2039,644.47,0,0,8/18/2039,branch_id_03,22,M208,Monthly,0,Reg P&I,Y,205,190,175000,0,175000,Installment,234.23,410.24,410.24,83037.93,1502.03,304.08,161,officer_id_032,8/18/2014,8/18/2014,8/18/2014,8/18/2022,8/14/2022,11/15/2025,154,,69135.42,No Prepayment Penatly,0,5_Yr Treasury,7/18/2029,M060,365/360,5.5,4.1,2.5,0,,7/18/2029,3,0,0,5.5,0,0,1,0.05,0,9999999.99,0,0,0,0,0,0,0,0,0,0,0,0,0,0,0,0,0,0,0,0,0,0,0,0,2019.75,,0,,0,0,0,0,0,0,0,0,0,0,0,0,0,0,0,0,,,,,,,,,,,3+,5, ,0,0,0,0,404883,0,X ,41,0,0,Open,CENTRAL POINT ,OR,975021011
cif_cust_id_17977,loan_id_2058,Commercial,56951.19,429.11,8.75,4/24/2026,2/24/2030,1439.83,0,0,,branch_id_05,10,M060,Monthly,0,Reg P&I, ,0,510,69588,0,69588,Installment,0,0,0,6080.98,1603.6,318.37,47,officer_id_027,2/25/2025,2/24/2025,2/25/2025,3/24/2025,,3/23/2026,0,,57380.3,No Prepayment Penatly,0,Fixed,, ,365/360,8.75,0,8.75,0,,,0,0,0,0,0,0,1,0.05,0,9999999.99,0,0,0,0,0,0,0,0,0,0,0,0,0,0,0,0,0,0,0,0,0,0,0,0,0,,0,1/24/2026,0,0,0,0,0,0,0,0,0,0,0,0,0,0,0,0,,,,,,,,,,,3+,3+, ,0,0,0,0,0,0, ,41,0,0,Open,CENTRAL POINT ,OR,975023224
cif_cust_id_18520,loan_id_2119,Commercial,640168.56,2267.27,7.5,5/7/2026,4/7/2034,8925.88,0,0,,branch_id_05,10, ,Monthly,0,Reg P&I, ,0,520,0,0,1050000,Installment,4760.72,4165.16,4165.16,151365.18,15277.42,3073.43,96,officer_id_061,4/11/2023,4/7/2023,4/11/2023,5/7/2023,12/31/2024,4/6/2026,323,,642758.83,No Prepayment Penatly,0,FHLB 5_YR,4/7/2028,M060,365/360,7.5,0,3.87,0,,4/7/2028,2.4,0,0,6.5,0,0,1,0.05,0,9999999.99,0,0,0,0,0,0,0,0,0,0,0,0,0,0,0,0,0,0,0,0,0,0,0,0,0,,0,3/7/2026,0,0,0,0,0,0,0,0,0,0,0,0,0,0,0,0,,,,,,,,,,,3+,3+, ,0,0,0,0,999999,0,X ,41,0,0,Open,WHITE CITY ,OR,975031009
cif_cust_id_19053,loan_id_2161,Commercial,1389374.11,1722.74,4.06,5/13/2026,4/13/2052,7263.31,0,0,,Branch Not Assigned,35,M360,Monthly,0,Reg P&I, ,0,160,1500000,0,1500000,Installment,2399.91,4863.4,4863.4,238012.99,17762.56,3605.35,312,officer_id_063,4/15/2022,4/13/2022,4/15/2022,5/13/2022,,4/12/2026,154,,1405144.59,% of Current Balance,13893.74,FHLB 5_YR,4/13/2027,M060,365/360,4.06,0,4.06,0,,4/13/2027,2.632,0,0,4.058,0,0,1,0.05,0,9999999.99,0,0,0,0,0,0,0,0,0,0,0,0,0,0,0,0,0,0,0,0,0,0,0,0,0,,0,12/13/2025,0,0,0,0,0,0,0,0,0,0,0,0,0,0,0,0,,,,,,,,,,,3+,3+, ,11129.5,0,0,0,271611,0,X ,41,0,0,Open,ALBANY ,OR,973210652
cif_cust_id_19100,loan_id_2174,Commercial,382720.93,1333.7,7.85,5/8/2026,5/8/2033,5905.78,0,0,,branch_id_03,10,M120,Monthly,0,Reg P&I, ,0,520,487500,0,487500,Installment,3299.58,2606.2,2606.2,101923.23,9573.06,1922.55,85,officer_id_032,5/9/2023,5/8/2023,5/8/2023,6/8/2023,,4/7/2026,15,,387896.83,% of Current Balance,3827.2,FHLB 5_YR,5/8/2028,M060,365/360,7.85,3.92,4.02,0,,5/8/2028,3.975,0,0,7.845,0,0,1,0.05,0,9999999.99,0,0,0,0,0,0,0,0,0,0,0,0,0,0,0,0,0,0,0,0,0,0,0,0,0,,0,,0,0,0,0,0,0,0,0,0,0,0,0,0,0,0,0,,,,,,,,,,,3+,4+, ,2410.53,0,0,0,999999,0, ,41,0,0,Open,ASHLAND ,OR,975200045
cif_cust_id_19100,loan_id_2175,Commercial,355289.24,1152.24,7.3,5/8/2026,1/8/2035,4609.1,0,0,,branch_id_03,10,M120,Monthly,0,Reg P&I, ,0,520,390000,0,390000,Installment,2361.91,2247.19,2247.19,36930.14,8311.4,1659.9,105,officer_id_032,1/23/2025,1/8/2025,1/23/2025,2/8/2025,,4/7/2026,15,,363562.26,% of Current Balance,7105.78,WSJ Prime,1/8/2027,M012,365/360,8.3,6.75,7.5,0,,1/8/2027,0.55,0,0,7.3,0,0,1,0.05,0,9999999.99,0,0,0,0,0,0,0,0,0,0,0,0,0,0,0,0,0,0,0,0,0,0,0,0,0,,0,,0,0,0,0,0,0,0,0,0,0,0,0,0,0,0,0,,,,,,,,,,,3+,3+, ,56.61,0,0,0,999999,0, ,41,0,0,Open,ASHLAND ,OR,975200045
cif_cust_id_19603,loan_id_2236,Commercial,3771736.83,35769.82,6.83,4/5/2026,3/5/2050,26924.62,0,0,,branch_id_02,22,M300,Monthly,0,Reg P&I, ,0,170,3835000,0,3835000,Installment,0,0,0,259832.27,80964.01,16446.35,288,officer_id_064,3/10/2025,3/5/2025,3/10/2025,4/5/2025,,3/4/2026,154,,3884441.61,% of Current Balance,75434.73,FHLB 3_YR,3/5/2028,M036,365/360,6.83,0,3.97,0,,3/5/2028,2.475,0,0,5.825,0,0,1,0.05,0,9999999.99,1346.23,0,0,0,0,0,0,0,0,1346.23,0,1346.23,0,0,0,0,0,0,0,0,2692.46,0,0,0,0,,2692.46,4/5/2026,0,1346.23,28270.85,5,1,5,0,0,0,0,0,0,0,0,0,0,,,,,,,,,,,3+,3+, ,32946.3,0,0,0,0,0,X ,41,0,0,Open,SALEM ,OR,973011907
cif_cust_id_04749,loan_id_2297,Commercial,164456.86,394.32,3.92,5/2/2026,12/2/2046,974.14,0,0,,branch_id_05,35,M300,Monthly,0,Reg P&I, ,0,160,185000,0,185000,Installment,417.18,556.96,556.96,30112.14,2033.74,412.28,248,officer_id_027,12/6/2021,12/2/2021,12/6/2021,1/2/2022,,4/1/2026,154,,165005.18,% of Current Balance,0,FHLB 5_YR,12/2/2026,M060,365/360,3.92,0,1.48,0,,12/2/2026,2.6,0,0,3.92,0,0,1,0.05,0,9999999.99,0,0,0,0,0,0,0,0,0,0,0,0,0,0,0,0,0,0,0,0,0,0,0,0,0,,0,4/2/2026,0,0,0,12,0,0,0,0,0,0,0,0,0,0,0,0,,,,,,,,,,,3+,3+, ,0,0,0,0,38741,0,X500 ,41,0,0,Open,CENTRAL POINT ,OR,975025002
cif_cust_id_20034,loan_id_2312,Commercial,1207005.33,3492.34,4.25,4/29/2026,7/29/2026,10428.99,0,0,7/29/2026,branch_id_05,37,M300,Monthly,0,Reg P&I,Y,72,110,1912600,0,1912600,Installment,0,0,0,254743.08,17545.19,3277.35,4,officer_id_040,7/29/2020,7/29/2020,7/29/2020,8/29/2020,9/1/2023,3/29/2026,154,,1210651.67,No Prepayment Penatly,0,Fixed,, ,365/360,1,0,1,0,,,0,0,0,0,0,0,1,0.05,0,9999999.99,0,0,0,0,0,0,0,0,0,0,0,0,0,0,0,0,0,0,0,0,0,0,0,0,0,,0,11/29/2025,0,0,0,0,0,0,0,0,0,0,0,0,0,0,0,0,,,,,,,,,,,3+,3, ,0,0,0,0,999999,0,X ,41,0,0,Open,MEDFORD ,OR,975044145
cif_cust_id_13129,loan_id_2345,Commercial,27195.49,121.5,7.28,5/2/2026,10/2/2030,593.5,0,0,,branch_id_02,10,M060,Monthly,0,Reg P&I, ,0,520,29700,0,29700,Installment,420.03,173.47,173.47,1056.49,638.74,127.08,54,officer_id_064,10/2/2025,10/2/2025,10/2/2025,11/2/2025,,4/1/2026,15,,27331.99,No Prepayment Penatly,0,Fixed,, ,365/360,7.28,0,7.28,0,,,0,0,0,0,0,0,1,0.05,0,9999999.99,0,0,0,0,0,0,0,0,0,0,0,0,0,0,0,0,0,0,0,0,0,0,0,0,0,,0,4/2/2026,0,0,0,0,0,0,0,0,0,0,0,0,0,0,0,0,,,,,,,,,,,3+,3+, ,0,0,0,0,268338,0, ,41,0,0,Open,SHEDD ,OR,973779745
cif_cust_id_04500,loan_id_2360,Commercial,84717,416.12,6.55,4/28/2026,9/28/2042,706.99,0,0,,Branch Not Assigned,22,M240,Monthly,0,Reg P&I, ,0,170,93750,0,93750,Installment,0,0,0,20753.59,1749.45,354.52,198,officer_id_011,9/30/2022,9/28/2022,9/30/2022,10/28/2022,,3/27/2026,154,,86134.29,% of Current Balance,847.17,FHLB 5_YR,9/28/2027,M060,365/360,6.55,0,4.1,0,,9/28/2027,2.84,0,0,6.55,0,0,1,0.05,0,9999999.99,0,0,0,0,0,0,0,0,0,0,0,0,0,0,0,0,0,0,0,0,0,0,0,0,0,,0,5/28/2023,0,0,0,0,0,0,0,0,0,0,0,0,0,0,0,0,,,,,,,,,,,3+,3+, ,0,0,0,0,3,0,X ,41,0,0,Open,MEDFORD ,OR,975049484
cif_cust_id_20324,loan_id_2368,Commercial,94042.87,357.42,4.7,4/26/2026,5/26/2032,2099,0,0,,branch_id_12,10,M120,Monthly,0,Reg P&I, ,0,520,200000,0,200000,Installment,1745.1,353.9,353.9,27032.87,1440.13,282.39,74,officer_id_054,5/27/2022,5/26/2022,5/26/2022,6/26/2022,,3/25/2026,15,,94415.29,No Prepayment Penatly,0,FHLB 5_YR,5/26/2027,M060,365/360,4.7,0,3.14,0,,5/26/2027,3.18,0,0,4.7,0,0,1,0.05,0,9999999.99,0,0,0,0,0,0,0,0,0,0,0,0,0,0,0,0,0,0,0,0,0,0,0,0,0,,0,3/26/2026,0,0,0,1,0,0,0,0,0,0,0,0,0,0,0,0,,,,,,,,,,,3+,3+, ,0,0,0,0,999999,0, ,41,0,0,Open,KLAMATH FALLS ,OR,976035063
cif_cust_id_00082,loan_id_0022,Commercial,765729.34,_289.53,6.78,5/26/2026,9/26/2054,5125.28,0,0,,branch_id_10,35,M360,Monthly,0,Reg P&I, ,0,160,780000,0,780000,Installment,652.72,4472.56,4472.56,83109.66,16332.24,3318.85,341,officer_id_020,10/2/2024,9/26/2024,10/2/2024,10/26/2024,,4/25/2026,154,,781164.65,% of Current Balance,15314.58,FHLB 5_YR,9/26/2029,M060,365/360,6.78,0,3.68,0,,9/26/2029,3.125,0,0,5.78,0,0,1,0.05,0,9999999.99,0,0,0,0,0,0,0,0,0,0,0,0,0,0,0,0,0,0,0,0,0,0,0,0,0,,0,8/26/2025,0,0,0,0,0,0,0,0,0,0,0,0,0,0,0,0,,,,,,,,,,,4+,4+, ,3756.92,0,0,0,0,0,X ,41,0,0,Open,GRANTS PASS ,OR,975268841
cif_cust_id_01251,loan_id_0122,Commercial,703196.65,5128.96,4.3,5/7/2026,6/7/2046,4316.31,0,0,,branch_id_02,22,M300,Monthly,0,Reg P&I, ,0,190,0,0,800000,Installment,1699.84,2616.47,2616.47,153542.63,9521.38,1930.81,242,officer_id_064,6/18/2021,6/18/2021,6/18/2021,7/7/2021,,2/21/2026,154,,715511.57,% of Current Balance,7031.96,FHLB 5_YR,7/7/2026,M060,365/360,4.04,1.24,1.13,0,,7/7/2026,2.913,0,0,4.295,0,0,1,0.05,0,9999999.99,0,0,0,0,0,0,0,0,0,0,0,0,0,0,0,0,0,0,0,0,0,0,0,0,0,,0,,0,0,0,0,0,0,0,0,0,0,0,0,0,0,0,0,,,,,,,,,,,4+,4+, ,4894.51,0,0,0,0,0,X ,41,0,0,Open,LEBANON ,OR,973550962
cif_cust_id_01268,loan_id_0131,Commercial,327838.23,1403.95,7.71,5/4/2026,9/4/2050,2515.59,0,0,,branch_id_12,22,M300,Monthly,0,Reg P&I, ,0,190,331000,0,331000,Installment,0,0,0,14447.36,7949.93,1614.87,293,officer_id_054,9/12/2025,9/4/2025,9/12/2025,10/4/2025,,4/3/2026,154,,339231.32,% of Current Balance,9835.14,FHLB 5_YR,9/4/2030,M060,365/360,7.71,3.68,3.85,0,,9/4/2030,3.88,0,0,5.71,0,0,1,0.05,0,9999999.99,0,0,0,0,0,0,0,0,0,0,0,0,0,0,0,0,0,0,0,0,0,0,0,0,0,,0,,0,0,0,0,0,0,0,0,0,0,0,0,0,0,0,0,,,,,,,,,,,4+,4+, ,0,0,0,0,111519,0,X ,41,0,0,Open,KLAMATH FALLS ,OR,976010013
cif_cust_id_01446,loan_id_0154,Commercial,877566.02,4857.33,7.38,4/28/2026,3/28/2027,7244.69,0,0,3/28/2027,branch_id_05,10,M240,Monthly,0,Reg P&I,Y,24,510,900000,0,900000,Installment,0,0,0,64502.3,20396.1,4137.73,12,officer_id_061,4/8/2025,3/28/2025,4/8/2025,4/28/2025,,3/27/2026,154,,882577.35,No Prepayment Penatly,0,Fixed,, ,365/360,7.38,0,7.38,0,,,0,0,0,0,0,0,1,0.05,0,9999999.99,0,0,0,0,0,0,0,0,0,0,0,0,0,0,0,0,0,0,0,0,0,0,0,0,0,,0,3/28/2026,0,0,0,0,0,0,0,0,0,0,0,0,0,0,0,0,,,,,,,,,,,4+,4+, ,1088.08,0,0,0,0,0,X500* ,41,0,0,Open,MEDFORD ,OR,975048219
cif_cust_id_01518,loan_id_0178,Commercial,892203.81,5411.34,7.28,4/25/2026,6/25/2055,6219.94,0,0,,branch_id_18,22,M372,Monthly,0,Reg P&I, ,0,140,0,0,900000,Installment,1163.72,5056.22,5056.22,92011.52,20408.54,4147.6,351,officer_id_058,7/9/2024,6/25/2024,7/9/2024,7/25/2024,,3/24/2026,154,,915885.65,% of Current Balance,17844.07,FHLB 5_YR,6/25/2029,M060,365/360,7.28,4.36,4.38,0,,6/25/2029,2.75,0,0,6.275,0,0,1,0.05,0,9999999.99,0,0,0,0,0,0,0,0,0,0,0,0,0,0,0,0,0,0,0,0,0,0,0,0,0,,0,3/25/2026,0,0,0,9,0,1,0,0,0,0,0,0,0,0,0,0,,,,,,,,,,,4+,4+, ,6977.51,0,0,0,0,0,X ,41,0,0,Open,CLACKAMAS ,OR,970151489
cif_cust_id_02087,loan_id_0260,Commercial,4964.69,_199.86,8.5,8/7/2026,3/7/2028,0,0,0,3/7/2028,branch_id_05,11,M025,Monthly,0,Int Only,Y,25,530,0,100000,100000,Revolving,7877.98,122.02,122.02,1413.83,307.93,50.19,20,officer_id_069,2/8/2024,2/7/2024,2/8/2024,3/7/2024,3/5/2026,10/10/2026,15,,4779.83,No Prepayment Penatly,0,WSJ Prime,,0000,365/360,10.25,6.75,8.5,0,,,1.75,0,0,6.25,0,0,1,0.05,0,9999999.99,0,0,0,0,0,0,0,0,0,0,0,0,0,0,0,0,0,0,0,0,0,0,0,0,0,,0,3/7/2026,0,0,0,1,0,0,0,0,0,0,0,0,0,0,0,0,,,,,,,,,,,4+,5, ,0,0,0,0,999999,0, ,41,0,0,Open,PORTLAND ,OR,972111103
cif_cust_id_11658,loan_id_0166,Commercial,914170.08,1779.33,6.37,5/13/2026,11/13/2055,5783.99,0,0,,branch_id_05,35,M360,Monthly,0,Reg P&I, ,0,160,918750,0,918750,Installment,765.31,5018.68,5018.68,24340.03,18316.11,3722.04,355,officer_id_027,11/14/2025,11/13/2025,11/14/2025,12/13/2025,,4/12/2026,154,,916103.41,No Prepayment Penatly,0,FHLB 5_YR,11/13/2030,M060,365/360,6.37,0,3.77,0,,11/13/2030,3.125,0,0,5.37,0,0,1,0.05,0,9999999.99,0,0,0,0,0,0,0,0,0,0,0,289.2,0,0,0,0,0,0,0,0,0,0,0,0,0,,0,12/13/2025,0,0,0,0,0,1,0,0,0,0,0,0,0,0,0,0,,,,,,,,,,,4+,4+, ,5273.85,0,0,0,580428,0,X ,41,0,0,Open,MEDFORD ,OR,975049362
cif_cust_id_02819,loan_id_0356,Commercial,123711.13,566.3,7.17,5/1/2026,2/1/2047,962.24,0,0,,branch_id_05,22,M256,Monthly,0,Reg P&I, ,0,170,125000,0,125000,Installment,197.74,764.5,764.5,4484.57,2790.21,566.3,250,officer_id_027,10/2/2025,10/1/2025,10/2/2025,11/1/2025,,3/31/2026,154,,128142.76,% of Current Balance,3711.33,FHLB 3_YR,10/1/2028,M036,365/360,7.17,0,3.71,0,,10/1/2028,3.625,0,0,6.165,0,0,1,0.05,0,9999999.99,0,0,0,0,0,0,0,0,0,0,0,0,0,0,0,0,0,0,0,0,0,0,0,0,0,,0,11/1/2025,0,0,0,0,1,0,0,0,0,0,0,0,0,0,0,0,,,,,,,,,,,4+,4+, ,0,0,0,0,96547,0,X ,41,0,0,Open,MEDFORD ,OR,975042185
cif_cust_id_02827,loan_id_0359,Commercial,738351.42,4559.32,7.41,4/25/2026,4/25/2048,5718.56,0,0,,branch_id_02,22,M300,Monthly,0,Reg P&I, ,0,190,768905.86,0,798450,Installment,0,0,0,188906.45,17214.4,3495.48,265,officer_id_064,2/2/2022,1/27/2022,2/2/2022,5/25/2023,4/2/2023,3/24/2026,154,,743064.74,No Prepayment Penatly,0,FHLB 5_YR,4/25/2028,M060,365/360,4.75,8.25,7.41,0,,4/25/2028,3.4,0,0,4.75,0,0,1,0.05,0,9999999.99,0,0,0,0,0,0,0,0,0,0,0,0,0,0,0,0,0,0,0,0,0,0,0,0,0,,127.66,10/25/2025,0,0,0,0,0,0,0,0,0,0,0,0,0,0,0,0,,,,,,,,,,,4+,5, ,0,0,0,0,284000,0,X ,41,0,0,Open,ALBANY ,OR,973223889
cif_cust_id_03041,loan_id_0375,Commercial,61250.16,192.56,12.75,5/15/2026,8/15/2030,1583.12,0,0,,Branch Not Assigned,13,M060,Monthly,0,Reg P&I, ,0,510,68500,0,68500,Installment,910,673.12,673.12,5415.12,2493.62,496.55,52,officer_id_059,8/26/2025,8/15/2025,8/26/2025,9/15/2025,,4/14/2026,169,,61611.72,No Prepayment Penatly,0,WSJ Prime,7/1/2026,M003,365/365,13.5,6.75,7.5,0,,7/1/2026,6,0,0,0,0,0,1,0.05,0,9999999.99,0,0,0,0,0,0,0,0,0,0,0,0,0,0,0,0,0,0,0,0,0,0,0,0,0,,0,2/15/2026,0,0,0,0,0,0,0,0,0,0,0,0,0,0,0,0,,,,,,,,,,,4+,4+,P,0,0,0,0,592078,0, ,41,85,0,Open,ASHLAND ,OR,975201834
cif_cust_id_03041,loan_id_0376,Commercial,52062.63,150.84,11.75,5/15/2026,8/15/2030,1284.05,0,0,,Branch Not Assigned,13,M059,Monthly,2,Reg P&I, ,0,510,57310.05,0,57310.05,Installment,773.5,527.28,527.28,3518.69,1953.33,388.97,52,officer_id_059,10/3/2025,8/15/2025,10/2/2025,10/15/2025,,4/14/2026,0,,52213.47,No Prepayment Penatly,0,WSJ Prime,7/1/2026,M003,365/365,12.25,6.75,7.25,0,,7/1/2026,5,0,0,0,0,0,0,0,0,9999999.99,0,0,0,0,0,0,0,0,0,0,0,0,0,0,0,0,0,0,0,0,0,0,0,0,0,,0,2/15/2026,0,0,0,0,0,0,0,0,0,0,0,0,0,0,0,0,,,,,,,,,,,4+,4+,P,624.03,0,0,0,0,0, ,41,100,0,Open,ASHLAND ,OR,975201834
cif_cust_id_05369,loan_id_0568,Commercial,927003.77,1355.25,5.85,5/15/2026,8/15/2053,6205.63,0,0,,branch_id_10,35,M360,Monthly,0,Reg P&I, ,0,160,0,0,968100,Installment,1527.84,4677.79,4677.79,168417.51,17085.37,3467.65,328,officer_id_020,2/22/2023,2/15/2023,2/22/2023,9/15/2023,8/15/2023,4/14/2026,154,,937783.05,% of Current Balance,9270.03,FHLB 3_YR,2/15/2029,M036,365/360,5.85,3.62,4.44,0,,2/15/2029,1.65,0,0,5.85,0,0,1,0.05,0,9999999.99,0,0,0,0,0,310.28,0,0,0,0,0,0,0,0,0,0,0,0,0,0,0,0,0,0,0,,0,2/15/2026,0,0,0,0,0,1,0,0,0,0,0,0,0,0,0,0,,,,,,,,,,,4+,4+, ,7370.87,0,0,0,999999,0,X500 ,41,0,0,Open,GRANTS PASS ,OR,975268841
cif_cust_id_00944,loan_id_0614,Commercial,0,0,8.63,5/12/2026,11/12/2029,0,0,0,11/12/2029,branch_id_05,26,M060,Monthly,0,Int Only,Y,60,180,0,500000,700000,Revolving,0,0,0,364.58,0,0,60,officer_id_069,8/13/2020,8/12/2020,8/13/2020,9/12/2020,11/12/2024,,154,,154,No Prepayment Penatly,0,WSJ Prime,,0000,365/360,3.75,6.75,3.25,0,,,1.875,0,0,6.25,0,0,1,0.05,0,9999999.99,0,0,0,0,0,0,0,0,0,0,0,0,0,0,0,0,0,0,0,0,0,0,0,0,0,,0,,0,0,0,0,0,0,0,0,0,0,0,0,0,0,0,0,,,,,,,,,,,4+,3+, ,0,0,0,0,999999,0,X ,41,0,0,Open,JACKSONVILLE ,OR,975309418
cif_cust_id_05769,loan_id_0616,Commercial,1003511.34,2412.55,9.75,5/5/2026,5/2/2050,9680.99,0,0,,Branch Not Assigned,16,M300,Monthly,0,Reg P&I, ,0,170,1012500,0,1012500,Installment,1359.83,8321.16,8321.16,97502.23,30397.02,6170.5,289,officer_id_059,5/5/2025,5/2/2025,5/5/2025,6/5/2025,,4/14/2026,338,,1006261.89,No Prepayment Penatly,0,WSJ Prime,7/1/2026,M003,365/365,10.5,6.75,7.5,0,,7/1/2026,3,0,0,0,0,0,1,0.05,0,9999999.99,0,0,0,0,0,0,0,0,0,0,0,0,0,0,0,0,0,0,0,0,0,0,0,0,0,,0,4/5/2026,0,0,0,8,1,0,0,0,0,0,0,0,0,0,0,0,,,,,,,,,,,4+,4+,P,0,0,0,0,178718,0,X ,41,75,0,Open,INDEPENDENCE ,OR,973519789
cif_cust_id_05769,loan_id_0617,Commercial,752633.5,1623.83,8.75,5/5/2026,5/2/2050,6265.92,0,0,,Branch Not Assigned,16,M299,Monthly,2,Reg P&I, ,0,170,759375,0,759375,Installment,1019.87,5600.77,5600.77,56278.32,20459.53,4153.21,289,officer_id_059,6/23/2025,5/2/2025,6/23/2025,7/5/2025,,4/14/2026,0,,754257.33,No Prepayment Penatly,0,WSJ Prime,7/1/2026,M003,365/365,9.5,6.75,7.5,0,,7/1/2026,2,0,0,0,0,0,1,0.05,0,9999999.99,0,0,0,0,0,0,0,0,0,0,0,0,0,0,0,0,0,0,0,0,0,0,0,0,0,,0,4/5/2026,0,0,0,8,1,0,0,0,0,0,0,0,0,0,0,0,,,,,,,,,,,4+,4+,P,22194.81,0,0,0,0,0,X ,41,100,0,Open,INDEPENDENCE ,OR,973519789
cif_cust_id_06099,loan_id_0640,Commercial,1433378.69,4891.41,4.1,4/25/2026,1/25/2053,7392.45,0,0,,branch_id_10,35,M360,Monthly,0,Reg P&I, ,0,160,0,0,1520000,Installment,0,0,0,233276.41,18471.73,3750.08,322,officer_id_020,1/27/2022,1/25/2022,1/27/2022,2/25/2022,,3/24/2026,154,,1452757.88,% of Current Balance,14333.78,FHLB 5_YR,1/25/2027,M060,365/360,4.1,3.99,1.89,0,,1/25/2027,2.831,0,0,4.095,0,0,1,0.05,0,9999999.99,0,0,0,0,0,0,0,0,0,0,0,0,0,0,0,0,0,0,0,0,0,0,0,0,0,,0,10/25/2025,0,0,0,0,0,0,0,0,0,0,0,0,0,0,0,0,,,,,,,,,,,4+,4+, ,8030.03,0,0,0,999,0,X ,41,0,0,Open,MERLIN ,OR,975320032
cif_cust_id_06205,loan_id_0682,Commercial,1595897.81,7756.73,7,4/30/2026,10/31/2054,10886.19,0,0,,branch_id_18,35,M360,Monthly,0,Reg P&I, ,0,160,0,0,2200000,Installment,0,0,0,226692.39,35114.01,7136.19,344,officer_id_058,9/6/2023,8/30/2023,9/6/2023,11/30/2024,11/29/2024,3/29/2026,154,,1619767.51,% of Current Balance,15958.97,FHLB 3_YR,2/28/2028,M036,365/360,7.29,4.2,4.73,0,,2/28/2028,2.8,0,0,6.29,0,0,1,0.05,0,9999999.99,0,0,0,0,0,0,0,0,0,0,0,0,0,0,0,0,0,0,0,0,0,0,0,0,0,,560.37,11/30/2025,0,0,0,3,0,0,0,0,0,0,0,0,0,0,0,0,,,,,,,,,,,4+,4+, ,21652.9,0,0,0,999999,0,X ,41,0,0,Open,DALLAS ,OR,973380968
cif_cust_id_06269,loan_id_0715,Commercial,18076.57,96.65,8.75,5/2/2026,11/2/2026,0,0,0,11/2/2026,branch_id_05,10,M012,Monthly,0,Int Only,Y,12,510,0,300000,300000,Revolving,0,350.37,350.37,34945.93,704.28,101.05,7,officer_id_027,10/3/2023,10/2/2023,10/3/2023,11/2/2023,11/2/2025,4/1/2026,30,,18203.22,No Prepayment Penatly,0,WSJ Prime,,0000,365/360,10.5,6.75,8.5,0,,,2,0,0,5.5,0,0,1,0.05,0,9999999.99,0,0,0,0,0,0,0,0,0,0,0,11.62,0,0,0,0,0,0,96.87,0,0,0,0,0,0,,96.87,11/2/2025,0,0,0,0,0,0,1,0,0,0,0,0,0,0,0,0,,,,,,,,,,,4+,4+, ,0,0,0,0,999999,0, ,41,0,0,Open,MEDFORD ,OR,975049318
cif_cust_id_02054,loan_id_0804,Commercial,240335.38,728.68,4.75,5/1/2026,9/1/2048,1827.75,0,0,,branch_id_02,35,M303,Monthly,0,Reg P&I, ,0,160,0,0,320000,Installment,0,0,0,40967.01,3608.54,729.35,269,officer_id_064,11/10/2021,11/1/2021,11/10/2021,7/1/2023,6/22/2023,3/31/2026,154,,243621.41,% of Current Balance,2403.35,FHLB 5_YR,11/1/2026,M060,365/360,4.75,0,1.53,0,,11/1/2026,3.6,0,0,4.75,0,0,1,0.05,0,9999999.99,0,0,0,0,0,0,0,0,0,0,0,0,0,0,0,0,0,0,0,0,0,0,0,0,0,,0,3/1/2026,0,0,0,1,0,0,0,0,0,0,0,0,0,0,0,0,,,,,,,,,,,4+,4+, ,0,0,0,0,221620,0,X ,41,0,0,Open,ALBANY ,OR,973226664
cif_cust_id_19976,loan_id_0887,Commercial,486515.79,2758.42,8.16,4/30/2026,12/30/2049,3911.84,0,0,,branch_id_10,35,M300,Monthly,0,Reg P&I, ,0,160,495000,0,495000,Installment,598.03,3313.81,3313.81,50193.39,12490.82,2537.59,285,officer_id_020,1/3/2025,12/30/2024,1/3/2025,1/30/2025,,3/29/2026,154,,499158.52,% of Current Balance,9730.31,FHLB 5_YR,12/30/2029,M060,365/360,8.16,0,4.44,0,,12/30/2029,3.9,0,0,7.16,0,0,1,0.05,0,9999999.99,0,0,0,0,0,0,0,0,0,0,0,0,195.59,0,0,0,0,0,0,0,0,0,195.59,0,0,,391.18,3/30/2026,195.59,0,0,2,1,2,0,0,0,0,0,0,0,0,0,0,,,,,,,,,,,4+,4+, ,3316.01,0,0,0,202208,0,X ,41,0,0,Open,GRANTS PASS ,OR,975279573
cif_cust_id_07244,loan_id_0891,Commercial,956081.71,3575.49,9.75,5/10/2026,5/10/2049,9294.27,0,0,,Branch Not Assigned,16,M300,Monthly,0,Reg P&I, ,0,170,990000,0,990000,Installment,2164.93,7935.07,7935.07,198381.71,28996.46,5879.22,277,officer_id_059,5/13/2024,5/10/2024,5/13/2024,6/10/2024,,4/9/2026,154,,959811.2,No Prepayment Penatly,0,WSJ Prime,7/1/2026,M003,365/365,11.5,6.75,0,0,,7/1/2026,3,0,0,0,0,0,1,0.05,0,9999999.99,0,0,0,0,0,0,0,0,0,0,0,0,0,0,0,0,0,0,0,0,0,0,0,0,0,,0,1/10/2026,0,0,0,0,0,0,0,0,0,0,0,0,0,0,0,0,,,,,,,,,,,4+,4+,P,0,0,0,0,698036,0,X ,41,75,0,Open,MEDFORD ,OR,975049724
cif_cust_id_07244,loan_id_0892,Commercial,717061.25,2406.58,8.75,5/10/2026,5/10/2049,6071.96,0,0,,Branch Not Assigned,16,M299,Monthly,2,Reg P&I, ,0,170,742500,0,742500,Installment,1623.7,5340.91,5340.91,125143.45,19516.85,3957.17,277,officer_id_059,6/27/2024,6/26/2024,6/26/2024,7/7/2024,,4/9/2026,0,,719467.83,No Prepayment Penatly,0,WSJ Prime,7/1/2026,M003,365/365,10.5,6.75,8.5,0,,7/1/2026,2,0,0,0,0,0,0,0.05,0,9999999.99,0,0,0,0,0,0,0,0,0,0,0,0,0,0,0,0,0,0,0,0,0,0,0,0,0,,0,1/10/2026,0,0,0,0,0,0,0,0,0,0,0,0,0,0,0,0,,,,,,,,,,,4+,4+,P,21506.55,0,0,0,0,0, ,41,100,0,Open,MEDFORD ,OR,975049724
cif_cust_id_16883,loan_id_0901,Commercial,783447.66,3927.63,5.47,4/22/2026,8/22/2047,5242.64,0,0,,branch_id_05,22,M300,Monthly,0,Reg P&I, ,0,190,850000,0,850000,Installment,1902.12,3340.52,3340.52,158881.18,13481.2,2735.43,257,officer_id_069,9/16/2022,8/22/2022,9/16/2022,9/22/2022,,3/21/2026,154,,803198.24,% of Current Balance,15668.95,FHLB 5_YR,8/22/2027,M060,365/360,5.47,0,3.33,0,,8/22/2027,2.525,0,0,5.465,0,0,1,0.05,0,9999999.99,0,0,0,0,0,0,0,0,0,0,0,0,0,0,0,0,0,0,0,0,0,0,0,0,0,,0,4/22/2026,0,0,5242.64,2,0,0,0,0,0,0,0,0,0,0,0,0,,,,,,,,,,,4+,4+, ,960.53,0,0,0,999999,0,X ,41,0,0,Open,MEDFORD ,OR,975016022
cif_cust_id_07645,loan_id_1031,Commercial,6283729.22,34724.21,7.65,4/29/2026,12/29/2048,49147.76,0,0,,branch_id_09,22,M300,Monthly,0,Reg P&I, ,0,190,6500000,0,6500000,Installment,10358.54,38789.22,38789.22,1110718.74,151248.38,30711.73,273,officer_id_055,1/2/2024,12/29/2023,1/2/2024,1/29/2024,2/26/2025,3/28/2026,308,,6318761.43,No Prepayment Penatly,0,FHLB 3_YR,12/29/2026,M036,365/360,7.65,0,4.22,0,,12/29/2026,2.65,0,0,6.65,0,0,1,0.05,0,9999999.99,0,0,0,0,0,0,0,0,0,0,0,0,0,0,0,0,0,0,0,0,0,0,0,0,0,,0,3/29/2026,0,0,0,0,0,0,0,0,0,0,0,0,0,0,0,0,,,,,,,,,,,4+,4+, ,38892.66,0,0,0,999999,0,X500 ,41,0,0,Open,PORTLAND ,OR,972178286
cif_cust_id_09006,loan_id_1053,Commercial,599870.3,1378.83,7.52,5/13/2026,1/13/2046,4914.84,0,0,,branch_id_10,35,M300,Monthly,0,Reg P&I, ,0,160,700000,0,700000,Installment,1107.41,3892.59,3892.59,160895.08,13614.5,2885.28,236,officer_id_020,1/14/2021,1/13/2021,1/14/2021,2/13/2021,,4/12/2026,154,,607401.83,% of Current Balance,5998.7,FHLB 5_YR,1/13/2031,M060,365/360,4.5,3.84,0.73,0,,1/13/2031,3.68,0,0,4.5,0,0,1,0.05,0,9999999.99,0,0,0,0,0,0,0,0,0,0,0,0,0,0,0,0,0,0,0,0,0,0,0,0,0,,475.22,4/13/2026,0,0,0,2,0,0,0,0,0,0,0,0,0,0,0,0,,,,,,,,,,,4+,4+, ,3167.69,0,0,0,323472,0,X ,41,0,0,Open,ROGUE RIVER ,OR,975379768
cif_cust_id_09861,loan_id_1090,Commercial,778020.82,2977.01,4.75,4/26/2026,4/26/2047,4908.93,0,0,,branch_id_05,22,M312,Monthly,0,Reg P&I, ,0,170,855000,0,855000,Installment,0,0,0,175713.12,11640.82,2361.08,300,officer_id_061,4/26/2021,4/26/2021,4/26/2021,5/26/2021,,3/25/2026,154,,788932.03,% of Current Balance,7780.2,FHLB 5_YR,4/26/2026,M060,365/360,4.75,0,1.19,0,,4/26/2026,4,0,0,4.75,0,0,1,0.05,0,9999999.99,0,0,0,0,0,0,0,0,0,0,0,0,0,0,0,0,0,0,0,0,0,0,0,0,0,,0,7/26/2025,0,0,0,0,0,0,0,0,0,0,0,0,0,0,0,0,,,,,,,,,,,4+,4+, ,1254.83,0,0,0,58756,0,X ,41,0,0,Open,CENTRAL POINT ,OR,975023675
cif_cust_id_09874,loan_id_1093,Commercial,275036.05,377.91,5.5,5/15/2026,6/15/2047,2166.22,0,0,,branch_id_10,22,M300,Monthly,0,Reg P&I, ,0,190,350000,0,350000,Installment,860.14,1306.08,1306.08,68294.91,4779.1,968.02,254,officer_id_020,6/16/2022,6/15/2022,6/16/2022,7/15/2022,,4/14/2026,154,,278318.32,% of Current Balance,2750.36,FHLB 5_YR,6/15/2027,M060,365/360,5.5,0,3.8,0,,6/15/2027,3.68,0,0,5.5,0,0,1,0.05,0,9999999.99,0,0,0,0,0,0,0,0,0,0,0,0,0,0,0,0,0,0,0,0,0,0,0,0,0,,0,2/15/2023,0,0,0,0,0,0,0,0,0,0,0,0,0,0,0,0,,,,,,,,,,,4+,4+, ,1053.21,0,0,0,3,0,X ,41,0,0,Open,GRANTS PASS ,OR,975277209
cif_cust_id_14906,loan_id_1131,Commercial,1427683.92,7595.82,6.38,4/25/2026,1/25/2054,9233.33,0,0,,branch_id_03,35,M372,Monthly,0,Reg P&I, ,0,160,0,0,1465000,Installment,2135.82,7097.51,7097.51,241675.29,28652.1,5822.05,335,officer_id_032,1/27/2023,1/25/2023,1/27/2023,2/25/2023,,3/24/2026,154,,1449710.57,% of Current Balance,14276.83,FHLB 3_YR,1/25/2029,M036,365/360,6.38,3.75,4.19,0,,1/25/2029,1.82,0,0,6.38,0,0,1,0.05,0,9999999.99,0,0,0,0,0,0,0,0,0,0,0,0,0,0,0,0,0,0,0,0,0,0,0,0,0,,923.34,3/25/2026,0,0,0,7,3,0,0,0,0,0,0,0,0,0,0,0,,,,,,,,,,,4+,4+, ,11960.22,0,0,0,147125,0,X ,41,0,0,Open,AZALEA ,OR,974109771
cif_cust_id_10662,loan_id_1133,Commercial,1114442.73,7894.69,6.53,5/1/2026,12/1/2029,9035.62,0,0,12/1/2029,branch_id_09,22,M300,Monthly,0,Reg P&I,Y,68,190,1398788,0,1398788,Installment,3351.17,5684.45,5684.45,425035.1,22945.31,4650.11,43,officer_id_055,12/14/2018,12/14/2018,12/14/2018,1/1/2019,4/15/2024,3/15/2026,154,,1122491.42,% of Current Balance,0,FHLB 5_YR,12/1/2029,M060,365/360,5.25,4.28,3,0,,12/1/2029,2.25,0,0,0,0,0,1,0.05,0,9999999.99,0,0,0,0,0,0,0,0,0,0,0,0,0,0,0,0,0,0,0,0,0,0,0,0,0,,0,12/1/2025,0,0,0,2,0,0,0,0,0,0,0,0,0,0,0,0,,,,,,,,,,,4+,0, ,1173.05,0,0,0,270878,0, ,41,0,0,Open,ALBANY ,OR,973210167
cif_cust_id_10953,loan_id_1179,Commercial,219537.11,306.07,7.17,5/17/2026,2/17/2046,1745.6,0,0,,branch_id_05,28,M300,Monthly,0,Reg P&I, ,0,140,249000,0,249000,Installment,387.74,1357.86,1357.86,61274.91,4313.67,1006.9,238,officer_id_040,2/19/2021,2/17/2021,2/19/2021,3/17/2021,,4/16/2026,154,,222192.55,% of Current Balance,2195.37,FHLB 5_YR,2/17/2031,M060,365/360,4.92,3.7,0.86,0,,2/17/2031,3.47,0,0,4.92,0,0,1,0.05,0,9999999.99,0,0,0,0,0,0,0,0,0,0,0,0,0,0,0,0,0,0,0,0,0,0,0,0,0,,0,1/17/2026,0,0,0,0,0,0,0,0,0,0,0,0,0,0,0,0,,,,,,,,,,,4+,4+, ,0,0,0,0,34000,0,X ,41,0,0,Open,MEDFORD ,OR,975010017
cif_cust_id_11564,loan_id_1232,Commercial,774906.25,1996.63,6.75,5/10/2026,2/10/2027,0,0,0,2/10/2027,branch_id_02,11,M012,Monthly,0,Int Only,Y,12,530,0,800000,600000,Revolving,150000,4649.46,4649.46,94758.42,16498.72,3346.47,10,officer_id_064,5/28/2010,5/25/2010,5/25/2010,6/10/2012,2/10/2026,4/9/2026,33,,776935.88,No Prepayment Penatly,0,WSJ Prime,,0000,365/360,3.25,6.75,3.25,0,,,0,0,0,5.25,0,0,1,0.05,0,9999999.99,0,0,119.99,0,0,0,0,0,0,0,0,0,0,0,0,0,0,0,0,0,0,0,0,0,0,,0,2/10/2026,0,119.99,0,1,0,0,1,0,0,0,0,0,0,0,0,0,,,,,,,,,,,4+,0, ,0,0,0,0,999999,0, ,41,0,0,Open,LEBANON ,OR,973550397
cif_cust_id_13651,loan_id_1394,Commercial,586255.86,1286.01,6.58,5/12/2026,1/12/2049,4185.85,0,0,,branch_id_10,35,M300,Monthly,0,Reg P&I, ,0,160,610000,0,610000,Installment,859.83,3326.02,3326.02,89273.81,12146.78,2466.44,273,officer_id_020,1/17/2024,1/12/2024,1/17/2024,2/12/2024,,4/11/2026,154,,593558.42,% of Current Balance,5862.55,FHLB 5_YR,1/12/2029,M060,365/360,6.58,0,4.12,0,,1/12/2029,2.74,0,0,5.58,0,0,1,0.05,0,9999999.99,0,0,0,0,0,0,0,0,0,0,0,0,0,0,0,0,0,0,0,0,0,0,0,0,0,,0,11/12/2025,0,0,0,0,0,0,0,0,0,0,0,0,0,0,0,0,,,,,,,,,,,4+,4+, ,2058.39,0,0,0,0,0,X ,41,0,0,Open,GRANTS PASS ,OR,975268841
cif_cust_id_15224,loan_id_1474,Commercial,498272.28,2100.88,7.23,5/3/2026,1/3/2047,3905.96,0,0,,branch_id_10,22,M300,Monthly,0,Reg P&I,N,0,190,562500,0,562500,Installment,799.46,3106.5,3106.5,108910.8,11338.98,2301.29,249,officer_id_020,1/5/2022,1/3/2022,1/5/2022,2/3/2022,4/18/2024,4/2/2026,154,,500527.16,% of Current Balance,0,FHLB 3_YR,1/3/2028,M036,365/360,3.83,4.35,1.38,0,,1/3/2028,2.876,0,0,3.825,0,0,1,0.05,0,9999999.99,0,0,0,0,0,0,0,0,0,0,0,0,0,0,0,0,0,0,0,0,0,0,0,0,0,,0,1/3/2026,0,0,0,0,0,0,0,0,0,0,0,0,0,0,0,0,,,,,,,,,,,4+,4+, ,2317.46,0,0,0,999999,0,X ,41,0,0,Open,GRANTS PASS ,OR,975263393
cif_cust_id_14151,loan_id_1501,Commercial,7913507.17,42864.83,7.5,4/29/2026,11/29/2048,61178.77,0,0,,branch_id_09,22,M300,Monthly,0,Reg P&I, ,0,190,8200000,0,8200000,Installment,0,0,0,1426533.45,186735.19,37918.89,272,officer_id_055,12/1/2023,11/29/2023,12/1/2023,12/29/2023,,3/28/2026,308,,8114950.14,% of Current Balance,158270.14,FHLB 3_YR,11/29/2026,M036,365/360,7.5,0,4.66,0,,11/29/2026,2.66,0,0,6.5,0,0,1,0.05,0,9999999.99,0,0,0,0,0,0,0,0,0,0,0,0,0,0,0,0,0,0,0,0,0,0,0,0,0,,0,11/29/2025,0,0,0,0,0,0,0,0,0,0,0,0,0,0,0,0,,,,,,,,,,,4+,4+, ,31729.14,0,0,0,999999,0,X ,41,0,0,Open,PORTLAND ,OR,972102311
cif_cust_id_14206,loan_id_1521,Commercial,219000,306.96,8.41,5/18/2026,4/18/2027,0,0,0,4/18/2027,branch_id_10,23,M024,Monthly,0,Int Only,Y,24,110,219000,0,219000,Installment,0,1585.99,1585.99,18417.89,5781.18,1176.7,12,officer_id_020,4/23/2025,4/18/2025,4/23/2025,5/18/2025,,4/17/2026,154,,219460.96,No Prepayment Penatly,0,Fixed,, ,365/360,8.41,0,8.41,0,,,0,0,0,0,0,0,1,0.05,0,9999999.99,0,0,0,0,0,0,0,0,0,0,0,0,0,0,0,0,0,0,0,0,0,0,0,0,0,,0,1/18/2026,0,0,0,1,0,0,0,0,0,0,0,0,0,0,0,0,,,,,,,,,,,4+,4+, ,363.91,0,0,0,517164,0,X ,41,0,0,Open,ROGUE RIVER ,OR,975378503
cif_cust_id_14245,loan_id_1536,Commercial,1039813.32,2155.02,4.15,5/6/2026,12/6/2046,6284.72,0,0,,branch_id_05,22,M300,Monthly,0,Reg P&I,N,0,190,1165500,0,1165500,Installment,2564.16,3720.56,3720.56,201118.76,13590.23,2755.11,248,officer_id_040,12/8/2021,12/6/2021,12/8/2021,1/6/2022,,4/5/2026,154,,1052520.47,% of Current Balance,10398.13,FHLB 5_YR,12/6/2026,M060,365/360,4.15,0,1.48,0,,12/6/2026,2.86,0,0,4.145,0,0,1,0.05,0,9999999.99,0,0,0,0,0,0,0,0,0,0,0,0,0,0,0,0,0,0,0,0,0,0,0,0,0,,0,12/6/2025,0,0,0,0,0,0,0,0,0,0,0,0,0,0,0,0,,,,,,,,,,,4+,4+, ,4469.93,0,0,0,137808,0,X ,41,0,0,Open,ASHLAND ,OR,975201401
cif_cust_id_14331,loan_id_1552,Commercial,10458.45,29.14,5.28,5/5/2026,6/5/2027,772.31,0,0,,Branch Not Assigned,10,M084,Monthly,0,Reg P&I,N,0,520,54000,0,54000,Installment,721.47,50.84,50.84,10890.93,194.05,35.7,14,officer_id_027,3/4/2020,3/4/2020,3/4/2020,4/5/2020,,4/4/2026,15,,10502.59,No Prepayment Penatly,0,Fixed,, ,365/360,5.28,0,5.28,0,,,0,0,0,0,0,0,1,0.05,0,9999999.99,0,0,0,0,0,0,0,0,0,0,0,0,0,0,0,0,0,0,0,0,0,0,0,0,0,,0,7/5/2025,0,0,0,0,0,0,0,0,0,0,0,0,0,0,0,0,,,,,,,,,,,4+,4+, ,0,0,0,0,0,0, ,41,0,0,Open,MEDFORD ,OR,975044145
cif_cust_id_14338,loan_id_1557,Commercial,293927.84,989.96,4.85,4/30/2026,6/30/2046,1913.93,0,0,,branch_id_05,22,M300,Monthly,0,Reg P&I,N,0,170,330000,0,330000,Installment,0,0,0,73021.85,4491.79,910.76,243,officer_id_061,7/2/2021,6/30/2021,7/2/2021,7/30/2021,,3/29/2026,154,,295071.8,No Prepayment Penatly,0,FHLB 5_YR,6/30/2026,M060,365/360,4.85,0,1.25,0,,6/30/2026,3.36,0,0,4.85,0,0,1,0.05,0,9999999.99,0,0,0,0,0,0,0,0,0,0,0,0,0,0,0,0,0,0,0,0,0,0,0,0,0,,0,8/30/2025,0,0,0,0,0,0,0,0,0,0,0,0,0,0,0,0,,,,,,,,,,,4+,4+, ,0,0,0,0,381567,0,X ,41,0,0,Open,MEDFORD ,OR,975044115
cif_cust_id_04135,loan_id_1581,Commercial,186000,245.15,5.25,5/15/2026,11/15/2046,1328.16,0,0,,branch_id_05,22,M300,Monthly,0,Reg P&I,N,0,170,220000,0,220000,Installment,1000,846.38,846.38,48333.15,3102.44,626.94,247,officer_id_069,11/15/2021,11/15/2021,11/15/2021,12/15/2021,,4/14/2026,154,,186399.15,No Prepayment Penatly,0,FHLB 5_YR,11/15/2026,M060,365/360,5.25,0,1.42,0,,11/15/2026,3.576,0,0,5.25,0,0,1,0.05,0,9999999.99,0,0,0,0,0,0,0,0,0,0,0,0,0,0,0,0,0,0,0,0,0,0,0,0,0,,0,4/15/2026,0,0,0,2,1,0,0,0,0,0,0,0,0,0,0,0,,,,,,,,,,,4+,4+, ,0,0,0,0,362773,0,X ,41,0,0,Open,MEDFORD ,OR,975048412
cif_cust_id_15037,loan_id_1652,Commercial,1465470.22,8699.39,7.35,4/26/2026,12/26/2028,30636.13,0,0,12/26/2028,branch_id_09,10,M084,Monthly,0,Reg P&I,Y,60,520,2000000,0,2000000,Installment,0,0,0,292645.73,34589.31,6881.6,33,officer_id_055,12/29/2023,12/26/2023,12/29/2023,1/26/2024,,3/25/2026,30,,1503509.01,% of Current Balance,29309.4,FHLB 3_YR,12/26/2026,M036,365/360,7.35,0,4.27,0,,12/26/2026,2.88,0,0,6.35,0,0,1,0.05,0,9999999.99,0,0,0,0,0,0,0,0,0,0,0,0,0,0,0,0,0,0,0,0,0,0,0,0,0,,0,3/26/2026,0,0,0,0,0,0,0,0,0,0,0,0,0,0,0,0,,,,,,,,,,,4+,4+, ,5970.55,0,0,0,697672,0, ,41,0,0,Open,BEAVERTON ,OR,970078731
cif_cust_id_15743,loan_id_1727,Commercial,1398076.49,_8732.99,4.5,6/21/2026,6/21/2052,7822.49,0,0,,branch_id_10,35,M360,Monthly,0,Reg P&I, ,0,160,1531976.12,0,1531976.12,Installment,2759.75,5240.25,5240.25,266100.37,19824.3,4022.23,313,officer_id_020,6/22/2022,6/17/2022,6/21/2022,7/21/2022,,6/12/2026,154,,1403478.26,% of Current Balance,13980.76,FHLB 5_YR,6/21/2027,M060,365/360,4.5,0,3.8,0,,6/21/2027,2.33,0,0,4.5,0,0,1,0.05,0,9999999.99,0,0,0,0,0,0,0,0,0,0,0,0,0,0,0,0,0,0,0,0,0,0,0,0,0,,0,,0,0,0,0,0,0,0,0,0,0,0,0,0,0,0,0,,,,,,,,,,,4+,4+, ,3600.73,0,0,0,160615,0,X500 ,41,0,0,Open,GRANTS PASS ,OR,975262300
cif_cust_id_15754,loan_id_1732,Commercial,1379100.51,8221.47,6.92,4/24/2026,11/24/2045,10799.01,0,0,,branch_id_05,22,M300,Monthly,0,Reg P&I, ,0,190,0,0,2000000,Installment,0,0,0,350651.97,30059.07,6099.8,236,officer_id_061,11/24/2020,11/24/2020,11/24/2020,12/24/2020,1/23/2024,3/23/2026,154,,1387475.98,% of Current Balance,0,FHLB 5_YR,11/24/2030,M060,365/360,4.55,3.76,0.82,0,,11/24/2030,3.163,0,0,4.545,0,0,1,0.05,0,9999999.99,0,0,0,0,0,0,0,0,0,0,0,0,0,0,0,0,0,0,0,0,0,0,0,0,0,,0,1/24/2026,0,0,0,0,0,0,0,0,0,0,0,0,0,0,0,0,,,,,,,,,,,4+,4+, ,872.65,0,0,0,387740,0,X ,41,0,0,Open,MEDFORD ,OR,975017995
cif_cust_id_15754,loan_id_1733,Commercial,962595.19,5197.21,6.27,4/24/2026,11/24/2045,7173.19,0,0,,branch_id_05,22,M263,Monthly,0,Reg P&I, ,0,190,0,0,1000000,Installment,0,0,0,158672.05,19006.04,3856,236,officer_id_061,1/12/2023,1/10/2023,1/12/2023,1/24/2024,1/12/2024,3/23/2026,154,,977572.35,% of Current Balance,9625.95,FHLB 5_YR,12/24/2027,M060,365/360,6.27,4.06,4.06,0,,12/24/2027,2.1,0,0,4.545,0,0,1,0.05,0,9999999.99,0,0,0,0,0,0,0,0,0,0,0,0,0,0,0,0,0,0,0,0,0,0,0,0,0,,0,1/24/2026,0,0,0,0,0,0,0,0,0,0,0,0,0,0,0,0,,,,,,,,,,,4+,4+, ,2194.06,0,0,0,397740,0,X ,41,0,0,Open,MEDFORD ,OR,975017995
cif_cust_id_16476,loan_id_1804,Commercial,90825.83,729.71,12.75,5/1/2026,5/1/2032,1854.02,0,0,,Branch Not Assigned,13,M084,Monthly,0,Reg P&I, ,0,510,99800,0,99800,Installment,861.16,992.86,992.86,11420.05,3640.86,729.71,73,officer_id_059,5/7/2025,5/1/2025,5/7/2025,6/1/2025,,3/31/2026,184,,91739.54,No Prepayment Penatly,0,WSJ Prime,7/1/2026,M003,365/365,13.5,6.75,7.5,0,,7/1/2026,6,0,0,0,0,0,1,0.05,0,9999999.99,0,0,0,0,0,0,0,0,0,0,0,0,0,0,0,0,0,0,0,0,0,0,0,0,0,,0,11/1/2025,0,0,0,0,0,0,0,0,0,0,0,0,0,0,0,0,,,,,,,,,,,4+,4+,P,0,0,0,0,282487,0, ,41,85,0,Open,JACKSONVILLE ,OR,975309879
cif_cust_id_16476,loan_id_1805,Commercial,77201.95,571.61,11.75,5/1/2026,5/1/2032,1487.15,0,0,,Branch Not Assigned,13,M083,Monthly,2,Reg P&I, ,0,510,84038.47,0,84038.47,Installment,731.99,777.74,777.74,7621.51,2852.01,571.61,73,officer_id_059,6/23/2025,5/1/2025,6/23/2025,7/1/2025,,3/31/2026,0,,77773.56,No Prepayment Penatly,0,WSJ Prime,7/1/2026,M003,365/365,12.5,6.75,7.5,0,,7/1/2026,5,0,0,0,0,0,1,0.05,0,9999999.99,0,0,0,0,0,0,0,0,0,0,0,0,0,0,0,0,0,0,0,0,0,0,0,0,0,,0,11/1/2025,0,0,0,0,0,1,0,0,0,0,0,0,0,0,0,0,,,,,,,,,,,4+,4+,P,790.63,0,0,0,0,0, ,41,100,0,Open,JACKSONVILLE ,OR,975309879
cif_cust_id_17363,loan_id_1886,Commercial,422433.91,1925.39,7.13,5/1/2026,2/1/2046,3349.54,0,0,,branch_id_05,22,M300,Monthly,0,Reg P&I, ,0,170,480000,0,480000,Installment,749.66,2599.88,2599.88,114674.79,8622.07,1925.39,238,officer_id_069,1/29/2021,1/29/2021,1/29/2021,3/1/2021,,3/31/2026,484,,429067.63,% of Current Balance,4224.33,FHLB 5_YR,2/1/2031,M060,365/360,4.76,3.91,0.8,0,,2/1/2031,3.22,0,0,4.76,0,0,1,0.05,0,9999999.99,0,0,0,0,0,0,0,0,0,0,0,0,0,0,0,0,0,0,0,0,0,0,0,0,0,,0,11/1/2025,0,0,0,0,0,0,0,0,0,0,0,0,0,0,0,0,,,,,,,,,,,4+,4+, ,2121.9,0,0,0,0,0,X ,41,0,0,Open,EAGLE POINT ,OR,975249704
cif_cust_id_17985,loan_id_2061,Commercial,2393569.55,7110.87,4.65,5/1/2026,1/1/2047,15091.96,0,0,,branch_id_05,24,M300,Monthly,0,Reg P&I, ,0,170,2653000,0,2653000,Installment,5485.74,9606.22,9606.22,510259.51,35070.41,7110.9,249,officer_id_061,12/24/2021,12/21/2021,12/23/2021,2/1/2022,3/1/2023,3/31/2026,169,,2424785.11,% of Current Balance,23935.69,Fixed,, ,365/360,4.65,0.1,4.65,0,,,0,0,0,0,0,0,1,0.05,0,9999999.99,0,0,0,0,0,0,0,0,0,0,0,0,0,0,0,0,0,0,0,0,0,0,0,0,0,,0,11/1/2025,0,0,0,0,0,0,0,0,0,0,0,0,0,0,0,0,,,,,,,,,,,4+,4, ,19624.68,0,0,0,619204,0,X ,41,0,0,Open,CENTRAL POINT ,OR,975023153
cif_cust_id_17985,loan_id_2062,Commercial,1184163.7,1885.78,4.1,5/10/2026,1/10/2047,7106.85,0,0,,branch_id_05,22,M300,Monthly,0,Reg P&I, ,0,170,1325000,0,1325000,Installment,2920.89,4185.96,4185.96,221613.05,15295.64,3101.06,249,officer_id_061,1/12/2022,1/10/2022,1/12/2022,2/10/2022,3/10/2023,4/9/2026,462,,1198353.11,% of Current Balance,11841.63,FHLB 5_YR,1/10/2027,M060,365/360,4.1,0,1.75,0,,1/10/2027,2.813,0,0,4.095,0,0,1,0.05,0,9999999.99,0,0,0,0,0,0,0,0,0,0,0,0,0,0,0,0,0,0,0,0,0,0,0,0,0,,0,1/10/2026,0,0,0,0,0,0,0,0,0,0,0,0,0,0,0,0,,,,,,,,,,,4+,4, ,0,0,0,0,619204,0,X ,41,0,0,Open,CENTRAL POINT ,OR,975023153
cif_cust_id_18653,loan_id_2128,Commercial,62782.8,132.2,7.58,5/14/2026,4/14/2033,968.89,0,0,,branch_id_03,22,M120,Monthly,0,Reg P&I, ,0,170,80000,0,80000,Installment,533.07,467.79,467.79,18813.76,1703.48,328.37,84,officer_id_032,4/14/2023,4/14/2023,4/14/2023,5/14/2023,,4/13/2026,154,,63696.82,% of Current Balance,627.82,FHLB 3_YR,4/14/2029,M036,365/360,8.58,3.89,4.21,0,,4/14/2029,2.7,0,0,7.58,0,0,1,0.05,0,9999999.99,0,0,0,0,0,0,0,0,0,0,0,0,0,0,0,0,0,0,0,0,0,0,0,0,0,,0,3/14/2026,0,0,0,0,0,0,0,0,0,0,0,0,0,0,0,0,,,,,,,,,,,4+,4+, ,0,0,0,0,695805,0,X500 ,41,0,0,Open,ASHLAND ,OR,975201831
cif_cust_id_19070,loan_id_2168,Commercial,511759.72,2268.76,6.94,5/1/2026,4/1/2031,3980.02,0,0,4/1/2031,branch_id_05,35,M300,Monthly,0,Reg P&I,Y,120,160,682500,0,682500,Installment,1839.19,1899.53,1899.53,133582.92,7804.48,2268.76,60,officer_id_040,4/6/2021,4/1/2021,4/5/2021,5/1/2021,7/29/2024,3/31/2026,154,,519300.07,% of Current Balance,5117.59,FHLB 5_YR,4/1/2031,M060,365/360,4.3,4.03,1.15,0,,4/1/2031,2.91,0,0,4.295,0,0,1,0.05,0,9999999.99,0,0,0,0,0,0,0,0,0,0,0,0,0,0,0,0,0,0,0,0,0,0,0,0,0,,0,11/1/2025,0,0,0,0,0,0,0,0,0,0,0,0,0,0,0,0,,,,,,,,,,,4+,4+, ,1431.39,0,0,0,0,0,X ,41,0,0,Open,GRANTS PASS ,OR,975277145
cif_cust_id_19369,loan_id_2191,Commercial,341353.5,949.24,7.25,5/10/2026,11/10/2030,7312.57,0,0,,branch_id_10,13,M120,Monthly,0,Reg P&I, ,0,510,630000,0,630000,Installment,5178.78,2133.79,2133.79,177522.54,7898.64,1568.73,55,officer_id_020,11/10/2020,11/10/2020,11/10/2020,12/10/2020,,4/9/2026,169,,342471.74,No Prepayment Penatly,0,WSJ Prime,10/1/2026,M012,365/365,5.75,7.25,3.25,0,,10/1/2026,2.5,0,0,4.25,7.25,0,1,0.05,0,9999999.99,0,0,0,0,0,0,0,0,0,0,0,0,0,0,0,0,0,0,0,0,0,0,0,0,0,,347.21,1/10/2026,0,0,0,1,0,0,0,0,0,0,0,0,0,0,0,0,,,,,,,,,,,4+,4+, ,0,0,0,0,0,0,X ,41,75,0.55,Open,CENTRAL POINT ,OR,975028425
cif_cust_id_19453,loan_id_2206,Commercial,98773.65,98.17,8.95,5/20/2026,2/20/2035,904.58,0,0,2/20/2035,branch_id_05,22,M120,Monthly,0,Reg P&I,Y,120,170,0,0,100000,Installment,142.66,761.92,761.92,9192.08,2783.74,565.15,106,officer_id_061,2/26/2025,2/20/2025,2/26/2025,3/20/2025,,4/19/2026,154,,99025.82,No Prepayment Penatly,0,FHLB 3_YR,2/20/2028,M036,365/360,8.95,0,4.39,0,,2/20/2028,4.24,0,0,7.945,0,0,1,0.05,0,9999999.99,0,0,0,0,0,0,0,0,0,0,0,0,0,0,0,0,0,0,0,0,0,0,0,0,0,,0,12/20/2025,0,0,0,0,0,0,0,0,0,0,0,0,0,0,0,0,,,,,,,,,,,4+,4+, ,0,0,0,0,999999,0,X ,41,0,0,Open,MEDFORD ,OR,975046713
cif_cust_id_15988,loan_id_2285,Commercial,134387.66,846.52,9.5,4/27/2026,9/27/2026,0,0,0,9/27/2026,branch_id_05,26,M012,Monthly,0,Int Only,Y,12,180,0,300000,150000,Non _ Revolving,0,0,0,6045.08,2690.56,710.11,6,officer_id_040,9/27/2023,9/27/2023,9/27/2023,10/27/2023,9/27/2025,3/30/2026,154,,135406.48,No Prepayment Penatly,0,WSJ Prime,,0000,365/360,11.25,6.75,8.5,0,,,2.75,0,0,7.5,0,0,1,0.05,0,9999999.99,0,0,0,0,0,0,0,0,0,0,0,0,0,0,0,0,0,0,0,0,0,0,0,0,0,,0,2/27/2026,0,0,0,0,0,1,0,0,0,0,0,0,0,0,0,0,,,,,,,,,,,4+,4+, ,0,0,0,0,197532,0,X ,06,0,0,Open,MEDFORD ,OR,975010017
cif_cust_id_20230,loan_id_2327,Commercial,1614922.25,1424.32,4.55,5/17/2026,12/17/2046,10118.67,0,0,,branch_id_12,22,M300,Monthly,0,Reg P&I,N,0,190,1800000,0,1800000,Installment,3790.08,6328.59,6328.59,341093.09,23141.07,4694.12,248,officer_id_054,12/20/2021,12/17/2021,12/20/2021,1/17/2022,,4/16/2026,154,,1632649.79,% of Current Balance,16149.22,FHLB 5_YR,12/17/2026,M060,365/360,4.75,0,1.59,0,,12/17/2026,3.163,0,0,4.545,0,0,1,0.05,0,9999999.99,0,0,0,0,0,0,0,0,0,0,0,0,0,0,0,0,0,0,0,0,0,0,0,0,0,,0,3/17/2023,0,0,0,0,0,0,0,0,0,0,0,0,0,0,0,0,,,,,,,,,,,4+,4+, ,10001.89,0,0,0,224434,0,C ,41,0,0,Open,TIGARD ,OR,97224
cif_cust_id_01143,loan_id_2352,Commercial,1397417.9,4008.26,6.88,5/9/2026,3/9/2047,10603.56,0,0,,branch_id_10,22,M300,Monthly,0,Reg P&I,N,0,190,1544000,0,1544000,Installment,2306.15,8297.41,8297.41,282591.3,30298.82,6149.53,251,officer_id_020,3/10/2022,3/9/2022,3/10/2022,4/9/2022,,4/8/2026,154,,1443502.69,% of Current Balance,41922.53,FHLB 3_YR,3/9/2028,M036,365/360,3.88,3.97,2.06,0,,3/9/2028,2.91,0,0,3.875,0,0,1,0.05,0,9999999.99,0,0,0,0,0,0,0,0,0,0,0,0,0,0,0,0,0,0,0,0,0,0,0,0,0,,0,8/9/2025,0,0,0,0,0,0,0,0,0,0,0,0,0,0,0,0,,,,,,,,,,,4+,4+, ,9550.97,0,0,0,426950,0,X ,41,0,0,Open,GRANTS PASS ,OR,975275416
cif_cust_id_20296,loan_id_2359,Commercial,1718594.22,6765.76,7.65,5/15/2026,4/15/2046,14116.73,0,0,,branch_id_02,22,M300,Monthly,0,Reg P&I,N,0,170,0,0,1960000,Installment,4511.31,6535.18,6535.18,426383.62,26007.52,6330.68,240,officer_id_064,3/30/2021,3/30/2021,3/30/2021,5/15/2021,,4/4/2026,154,,1725513.98,% of Current Balance,0,FHLB 5_YR,4/15/2031,M060,365/360,4.55,4.01,0.91,0,,4/15/2031,3.64,0,0,4.5,0,0,50,0.05,10,9999999.99,0,0,0,0,0,0,0,0,0,0,0,0,0,0,0,0,0,0,0,0,0,0,0,0,0,,0,2/15/2026,0,0,0,0,0,0,0,0,0,0,0,0,0,0,0,0,,,,,,,,,,,4+,4+, ,14281.82,0,0,0,0,0,AE ,41,0,0,Open,SALEM ,OR,973021435
cif_cust_id_20342,loan_id_2370,Commercial,178393.34,230.52,7.94,5/18/2026,7/18/2055,1427.53,0,0,,branch_id_05,35,M360,Monthly,0,Reg P&I, ,0,160,0,500000,500000,Non _ Revolving,2003.38,1224.15,1224.15,14234.31,4553.51,906.9,351,officer_id_069,10/23/2024,10/18/2024,10/23/2024,8/18/2025,7/18/2025,4/17/2026,154,,184129.66,% of Current Balance,5351.8,FHLB 5_YR,7/18/2030,M060,365/360,9.5,7.5,8,0,,7/18/2030,3.88,0,0,6.94,0,0,1,0.05,0,9999999.99,0,0,0,0,0,0,0,0,0,0,0,0,0,0,0,0,0,0,0,0,0,0,0,0,0,,0,4/18/2026,0,0,0,0,0,0,0,0,0,0,0,0,0,0,0,0,,,,,,,,,,,4+,4+, ,5752.08,0,0,0,999999,0,X ,41,0,0,Open,SALEM ,OR,973041724
cif_cust_id_01781,loan_id_0222,Commercial,46529.88,41.48,8.75,5/16/2026,5/16/2026,0,0,0,5/16/2026,branch_id_10,11,M012,Monthly,0,Int Only,Y,12,530,0,60000,50000,Revolving,79000,352.1,352.1,23674.06,890.51,191.29,1,officer_id_020,5/19/2022,5/16/2022,5/19/2022,6/16/2022,5/12/2025,4/19/2026,15,,46586.36,No Prepayment Penatly,0,WSJ Prime,,0000,365/360,5.25,6.75,4,0,,,2,0,0,6.75,0,0,1,0.05,0,9999999.99,0,0,0,0,0,0,0,0,0,0,0,0,0,0,0,0,0,0,0,0,0,0,0,0,0,,0,2/16/2026,0,0,0,0,0,0,0,0,0,0,0,0,0,0,0,0,,,,,,,,,,,5+,4, ,0,0,0,0,999999,0, ,41,0,0,Open,MEDFORD ,OR,975017836
cif_cust_id_01781,loan_id_0223,Commercial,16652.84,95.8,8.61,4/30/2026,5/31/2027,1267.25,0,0,,branch_id_10,10,M036,Monthly,0,Reg P&I, ,0,510,40000,0,40000,Installment,1138.69,128.56,128.56,4630.59,495.63,91.55,14,officer_id_020,6/4/2024,5/30/2024,6/4/2024,6/30/2024,,3/30/2026,15,,16763.64,No Prepayment Penatly,0,Fixed,, ,365/360,8.61,0,8.61,0,,,0,0,0,0,0,0,1,0.05,0,9999999.99,0,0,0,0,0,0,0,0,0,0,0,0,0,0,0,0,0,0,0,0,0,0,0,0,0,,0,12/31/2025,0,0,0,0,0,0,0,0,0,0,0,0,0,0,0,0,,,,,,,,,,,5+,5+, ,0,0,0,0,999999,0, ,41,0,0,Open,MEDFORD ,OR,975017836
cif_cust_id_06398,loan_id_0738,Commercial,0,0,11,6/15/2025,5/15/2026,0,0,3,5/15/2026,branch_id_05,11,M012,Monthly,0,Int Only,Y,12,530,0,25000,25000,Non _ Revolving,0,0,0,0,0,0,12,officer_id_061,4/11/2006,4/11/2006,4/11/2006,4/11/2007,5/12/2025,,0,,0,No Prepayment Penatly,0,WSJ Prime,,0000,365/360,12.75,6.75,8.5,0,,,4.25,0,0,8.5,0,0,1,0.05,0,9999999.99,0,0,0,0,0,0,0,0,0,0,0,0,0,0,0,0,0,0,0,0,0,0,0,0,0,,0,,0,0,0,0,0,0,0,0,0,1,0,0,0,0,0,0,,,,,,,,,,,5+,4, ,0,0,0,0,999999,0, ,41,0,0,Open,MEDFORD ,OR,975010133
cif_cust_id_06398,loan_id_0740,Commercial,510813.17,1803.34,7.25,5/1/2026,7/1/2026,0,0,0,7/1/2026,branch_id_05,11,M024,Monthly,0,Int Only,Y,24,530,0,1500000,2500000,Revolving,803103.62,1787.92,1787.92,435718.68,3718.47,1803.34,15,officer_id_061,8/14/2003,8/14/2003,8/14/2003,8/15/2004,7/1/2024,4/5/2026,15,,512631.51,No Prepayment Penatly,0,WSJ Prime,,0000,365/360,7,6.75,7,0,,,0.5,0,0,4.25,0,0,1,0.05,0,9999999.99,0,0,0,0,0,0,0,0,0,0,0,0,0,0,0,0,0,0,0,0,0,0,0,0,0,,20,11/1/2025,0,0,0,0,0,0,0,0,0,0,0,0,0,0,0,0,,,,,,,,,,,5+,4, ,574.27,0,0,0,999999,0, ,41,0,0,Open,MEDFORD ,OR,975049537
cif_cust_id_08700,loan_id_0782,Commercial,2366699.07,2566.93,4.35,5/15/2026,12/15/2031,41277.4,0,0,,branch_id_05,10,M120,Monthly,0,Reg P&I, ,0,510,4000000,0,4000000,Installment,32309.43,8967.97,8967.97,618123.87,33221.85,6620.59,68,officer_id_061,12/16/2021,12/15/2021,12/16/2021,1/15/2022,3/26/2024,4/14/2026,323,,2369589,No Prepayment Penatly,0,FHLB 5_YR,12/15/2026,M060,365/360,4.65,0,1.59,0,,12/15/2026,3.063,0,0,4.345,7,0,1,0.05,0,9999999.99,0,0,0,0,0,0,0,0,0,0,0,0,0,0,0,0,0,0,0,0,0,0,0,0,0,,0,12/15/2025,0,0,0,0,0,0,0,0,0,0,0,0,0,0,0,0,,,,,,,,,,,5+,4, ,17041.79,0,0,0,999999,0,X ,41,0,0,Open,MEDFORD ,OR,975010133
cif_cust_id_13952,loan_id_1445,Commercial,214989.26,1048.07,6.75,4/29/2026,8/29/2027,0,0,0,8/29/2027,branch_id_10,25,M036,Monthly,0,Int Only,Y,36,140,0,215000,215000,Non _ Revolving,0,1169.01,1169.01,25000.17,4555.09,927.14,17,officer_id_020,8/30/2024,8/29/2024,8/30/2024,9/29/2024,,3/28/2026,154,,216191.33,No Prepayment Penatly,0,WSJ Prime,,0000,365/360,8.5,6.75,8.5,0,,,0,0,0,0,0,0,1,0.05,0,9999999.99,0,0,0,0,0,0,0,0,69.42,0,0,0,0,0,0,0,64.94,0,0,0,0,0,0,0,0,,64.94,3/29/2026,0,0,0,0,2,2,0,0,0,0,0,0,0,0,0,0,,,,,,,,,,,5+,5+, ,0,0,0,0,515699,0,X ,41,0,0,Open,ASHLAND ,OR,975202336
cif_cust_id_13952,loan_id_1452,Commercial,187433.25,913.73,6.75,4/29/2026,8/29/2027,0,0,0,8/29/2027,branch_id_10,25,M036,Monthly,0,Int Only,Y,36,140,0,187444,187444,Non _ Revolving,0,1019.17,1019.17,21475.28,3971.24,808.3,17,officer_id_020,8/30/2024,8/29/2024,8/30/2024,9/29/2024,,3/28/2026,154,,188500.98,No Prepayment Penatly,0,WSJ Prime,,0000,365/360,8.5,6.75,8.5,0,,,0,0,0,0,0,0,1,0.05,0,9999999.99,0,0,0,0,0,0,0,0,60.53,0,0,0,0,0,0,0,56.62,0,0,0,0,0,0,0,0,,56.62,3/29/2026,0,0,0,0,2,2,0,0,0,0,0,0,0,0,0,0,,,,,,,,,,,5+,5+, ,0,0,0,0,515699,0,X ,41,0,0,Open,ASHLAND ,OR,975202336
cif_cust_id_13952,loan_id_1453,Commercial,76290.77,318.93,6.75,4/29/2026,3/18/2027,0,0,0,3/18/2027,branch_id_10,32,M012,Monthly,0,Int Only,Y,12,100,0,185816.9,185816.9,Non _ Revolving,0,0,0,0,318.93,278.9,12,officer_id_020,3/23/2026,3/18/2026,3/23/2026,4/29/2026,,4/1/2026,154,,76763.7,No Prepayment Penatly,0,WSJ Prime,,0000,365/360,6.75,0,6.75,0,,,0,0,0,0,0,0,1,0.05,0,9999999.99,0,0,0,0,0,0,0,0,0,0,0,0,0,0,0,0,0,0,0,0,0,0,0,0,0,,0,,0,0,0,0,0,0,0,0,0,0,0,0,0,0,0,0,,,,,,,,,,,5+,5+, ,0,0,0,0,431472,0, ,41,0,0,Open,ASHLAND ,OR,975202336
cif_cust_id_13952,loan_id_1454,Commercial,76290.27,318.5,6.75,4/29/2026,3/18/2027,0,0,0,3/18/2027,branch_id_10,32,M012,Monthly,0,Int Only,Y,12,100,0,185816.9,185816.9,Non _ Revolving,0,0,0,0,318.5,278.9,12,officer_id_020,3/24/2026,3/18/2026,3/24/2026,4/29/2026,,4/1/2026,154,,76762.77,No Prepayment Penatly,0,WSJ Prime,,0000,365/360,6.75,0,6.75,0,,,0,0,0,0,0,0,1,0.05,0,9999999.99,0,0,0,0,0,0,0,0,0,0,0,0,0,0,0,0,0,0,0,0,0,0,0,0,0,,0,,0,0,0,0,0,0,0,0,0,0,0,0,0,0,0,0,,,,,,,,,,,5+,5+, ,0,0,0,0,431472,0, ,41,0,0,Open,ASHLAND ,OR,975202336
cif_cust_id_13952,loan_id_1455,Commercial,84293.37,347.99,6.75,4/29/2026,3/18/2027,0,0,0,3/18/2027,branch_id_10,32,M012,Monthly,0,Int Only,Y,12,100,0,227504.55,227504.55,Non _ Revolving,0,0,0,0,347.99,307.08,12,officer_id_020,3/24/2026,3/18/2026,3/24/2026,4/29/2026,,4/1/2026,154,,84795.36,No Prepayment Penatly,0,WSJ Prime,,0000,365/360,6.75,0,6.75,0,,,0,0,0,0,0,0,1,0.05,0,9999999.99,0,0,0,0,0,0,0,0,0,0,0,0,0,0,0,0,0,0,0,0,0,0,0,0,0,,0,,0,0,0,0,0,0,0,0,0,0,0,0,0,0,0,0,,,,,,,,,,,5+,5+, ,0,0,0,0,431472,0, ,41,0,0,Open,ASHLAND ,OR,975202336
cif_cust_id_13952,loan_id_1456,Commercial,87766.75,362.1,6.75,4/29/2026,3/18/2027,0,0,0,3/18/2027,branch_id_10,32,M012,Monthly,0,Int Only,Y,12,100,0,227504.55,227504.55,Non _ Revolving,0,0,0,0,362.1,319.31,12,officer_id_020,3/23/2026,3/18/2026,3/23/2026,4/29/2026,,4/1/2026,154,,88282.85,No Prepayment Penatly,0,WSJ Prime,,0000,365/360,6.75,0,6.75,0,,,0,0,0,0,0,0,1,0.05,0,9999999.99,0,0,0,0,0,0,0,0,0,0,0,0,0,0,0,0,0,0,0,0,0,0,0,0,0,,0,,0,0,0,0,0,0,0,0,0,0,0,0,0,0,0,0,,,,,,,,,,,5+,5+, ,0,0,0,0,431472,0, ,41,0,0,Open,ASHLAND ,OR,975202336
cif_cust_id_13952,loan_id_1457,Commercial,63830.9,290.75,6.75,4/29/2026,3/18/2027,0,0,0,3/18/2027,branch_id_10,32,M012,Monthly,0,Int Only,Y,12,100,0,206924.45,206924.45,Non _ Revolving,0,0,0,0,290.75,250.09,12,officer_id_020,3/23/2026,3/18/2026,3/23/2026,4/29/2026,,3/30/2026,154,,64275.65,No Prepayment Penatly,0,WSJ Prime,,0000,365/360,6.75,0,6.75,0,,,0,0,0,0,0,0,1,0.05,0,9999999.99,0,0,0,0,0,0,0,0,0,0,0,0,0,0,0,0,0,0,0,0,0,0,0,0,0,,0,,0,0,0,0,0,0,0,0,0,0,0,0,0,0,0,0,,,,,,,,,,,5+,5+, ,0,0,0,0,431472,0, ,41,0,0,Open,ASHLAND ,OR,975202336
cif_cust_id_13952,loan_id_1459,Commercial,67373.35,304.01,6.75,4/29/2026,3/18/2027,0,0,0,3/18/2027,branch_id_10,32,M012,Monthly,0,Int Only,Y,12,100,0,244470.45,244470.45,Non _ Revolving,0,0,0,0,304.01,262.67,12,officer_id_020,3/23/2026,3/18/2026,3/23/2026,4/29/2026,,3/30/2026,154,,67831.36,No Prepayment Penatly,0,WSJ Prime,,0000,365/360,6.75,0,6.75,0,,,0,0,0,0,0,0,1,0.05,0,9999999.99,0,0,0,0,0,0,0,0,0,0,0,0,0,0,0,0,0,0,0,0,0,0,0,0,0,,0,,0,0,0,0,0,0,0,0,0,0,0,0,0,0,0,0,,,,,,,,,,,5+,5+, ,0,0,0,0,431472,0, ,41,0,0,Open,ASHLAND ,OR,975202336
cif_cust_id_13952,loan_id_1460,Commercial,214989.26,1048.07,6.75,4/29/2026,8/29/2027,0,0,0,8/29/2027,branch_id_10,25,M036,Monthly,0,Int Only,Y,36,140,0,215000,215000,Non _ Revolving,0,1169,1169,24764.07,4555.09,927.14,17,officer_id_020,8/30/2024,8/29/2024,8/30/2024,9/29/2024,,3/28/2026,154,,216191.33,No Prepayment Penatly,0,WSJ Prime,,0000,365/360,8.5,6.75,8.5,0,,,0,0,0,0,0,0,1,0.05,0,9999999.99,0,0,0,0,0,0,0,0,69.42,0,0,0,0,0,0,0,64.94,0,0,0,0,0,0,0,0,,64.94,3/29/2026,0,0,0,0,2,2,0,0,0,0,0,0,0,0,0,0,,,,,,,,,,,5+,5+, ,0,0,0,0,515699,0,X ,41,0,0,Open,ASHLAND ,OR,975202336
cif_cust_id_13952,loan_id_1463,Commercial,215000,1048.13,6.75,4/29/2026,8/29/2027,0,0,0,8/29/2027,branch_id_10,25,M024,Monthly,0,Int Only,Y,24,140,0,215000,215000,Non _ Revolving,0,1169.06,1169.06,23183.79,4555.32,927.19,17,officer_id_020,9/3/2024,8/29/2024,9/3/2024,9/29/2024,8/29/2025,3/28/2026,154,,216202.13,No Prepayment Penatly,0,WSJ Prime,,0000,365/360,8.5,6.75,8.5,0,,,0,0,0,0,0,0,1,0.05,0,9999999.99,0,0,0,0,0,0,0,0,12.5,0,0,0,0,0,0,0,61.64,0,0,0,0,0,0,0,0,,61.64,3/29/2026,0,0,0,0,2,2,0,0,0,0,0,0,0,0,0,0,,,,,,,,,,,5+,5+, ,0,0,0,0,515699,0,X ,41,0,0,Open,ASHLAND ,OR,975202336
cif_cust_id_14179,loan_id_1513,Commercial,468302.04,1045.49,8.43,5/15/2026,3/15/2030,0,0,0,3/15/2030,branch_id_09,11,M060,Monthly,0,Int Only,Y,60,530,0,750000,300000,Revolving,0,3770.64,3770.64,118443.21,10290.64,2236.52,48,officer_id_055,10/31/2016,10/31/2016,10/31/2016,10/15/2017,3/15/2025,4/13/2026,187,,469534.53,No Prepayment Penatly,0,WSJ Prime,,0000,365/360,5,6.75,3.5,0,,,1.68,0,0,7.5,0,0,1,0.05,0,9999999.99,0,0,0,0,0,0,0,0,0,0,0,0,0,0,0,0,0,0,0,0,0,0,0,0,0,,45.68,5/15/2025,0,0,0,1,0,0,0,0,0,0,0,0,0,0,0,0,,,,,,,,,,,5+,0, ,2276.24,0,0,0,999999,0,X ,41,0,0,Open,SILVERTON ,OR,973810077
cif_cust_id_14331,loan_id_1551,Commercial,0,0,7.75,5/30/2026,11/30/2026,0,0,0,11/30/2026,Branch Not Assigned,11,M012,Monthly,0,Int Only,Y,12,530,0,1000000,500000,Revolving,0,0,0,633.18,0,0,11,officer_id_027,4/5/2018,4/5/2018,4/5/2018,5/5/2018,11/30/2025,,30,,30,No Prepayment Penatly,0,WSJ Prime,,0000,365/360,5.75,6.75,4.75,0,,,1,0,0,5.5,0,0,1,0.05,0,9999999.99,0,0,0,0,0,0,0,0,0,0,0,0,0,0,0,0,0,0,0,0,0,0,0,0,0,,0,,0,0,0,0,0,0,0,0,0,0,0,0,0,0,0,0,,,,,,,,,,,5+,6, ,0,0,0,0,999999,0, ,41,0,0,Open,MEDFORD ,OR,975044145
cif_cust_id_16179,loan_id_1765,Commercial,0,0,7.75,2/25/2026,8/25/2026,0,0,0,8/25/2026,branch_id_05,11,M012,Monthly,0,Int Only,Y,12,530,0,1250000,350000,Revolving,0,0,0,173299.81,42.22,0,7,officer_id_061,9/28/2012,9/28/2012,9/28/2012,9/28/2013,8/21/2025,,15,,15,No Prepayment Penatly,0,WSJ Prime,,0000,365/360,5,6.75,3.75,0,,,1,0,0,6.25,0,0,1,0.05,0,9999999.99,0,0,0,0,0,0,0,0,0,0,0,0,0,0,0,0,0,0,0,0,0,0,0,0,0,,0,10/25/2025,0,0,0,0,0,0,0,0,0,0,0,0,0,0,0,0,,,,,,,,,,,5+,5, ,0,0,0,0,999999,0, ,41,0,0,Open,CENTRAL POINT ,OR,975029414
cif_cust_id_17461,loan_id_1908,Commercial,0,0,8.75,6/4/2026,9/4/2026,0,0,0,9/4/2026,branch_id_10,11,M012,Monthly,0,Int Only,Y,12,530,0,50000,50000,Revolving,0,0,0,16074.14,0,0,11,officer_id_020,12/4/2013,12/4/2013,12/4/2013,12/1/2014,8/22/2025,,15,,15,No Prepayment Penatly,0,WSJ Prime,,0000,365/360,5.25,6.75,3.25,0,,,2,0,0,5.5,11.5,0,1,0.05,0,9999999.99,0,0,0,0,0,0,0,15.87,0,0,0,0,0,0,0,0,0,0,0,0,0,0,0,0,0,,0,10/4/2024,0,0,0,0,1,0,1,0,0,0,0,0,0,0,0,0,,,,,,,,,,,5+,5, ,0,0,0,0,999999,0, ,41,0,0,Open,GRANTS PASS ,OR,975261838
cif_cust_id_19850,loan_id_2266,Commercial,99814.99,1157.65,9.75,4/25/2026,12/25/2026,0,0,0,12/25/2026,Branch Not Assigned,19,M012,Monthly,0,Int Only,Y,12,440,0,100000,250000,Revolving,0,0,0,57143.97,5852.94,621.76,9,officer_id_063,7/13/2023,7/11/2023,7/13/2023,8/11/2023,12/25/2025,3/11/2026,45,,101017.64,No Prepayment Penatly,0,WSJ Prime,,0000,365/360,10,6.75,8.25,0,,,3,0,0,6.25,0,0,1,0.05,0,9999999.99,0,0,104.29,0,0,0,0,0,0,0,0,0,0,0,161.65,0,0,0,0,0,0,0,0,0,0,,161.65,3/25/2026,161.65,104.29,0,0,0,1,1,2,0,0,0,0,0,0,0,0,,,,,,,,,,,5+,4+, ,0,0,0,0,305634,0, ,41,0,0,Open,JUNCTION CITY ,OR,974480413
cif_cust_id_19850,loan_id_2267,Commercial,147411.51,716.3,8.33,5/3/2026,3/3/2031,1846.18,0,0,,Branch Not Assigned,12,M060,Monthly,0,Reg P&I, ,0,420,148433.39,0,148433.39,Installment,1021.88,824.3,824.3,824.3,1540.6,784.99,59,officer_id_063,3/10/2026,3/3/2026,3/10/2026,4/3/2026,,4/2/2026,45,,148172.81,No Prepayment Penatly,0,Fixed,, ,365/360,8.33,0,8.33,0,,,0,0,0,0,0,0,1,0.05,0,9999999.99,0,0,0,0,0,0,0,0,0,0,0,0,0,0,0,0,0,0,0,0,0,0,0,0,0,,0,,0,0,0,0,0,0,0,0,0,0,0,0,0,0,0,0,,,,,,,,,,,5+,5+, ,0,0,0,0,305634,0, ,41,0,0,Open,JUNCTION CITY ,OR,974480413
,,,,,,,,,,,,,,,,,,,,,,,,,,,,,,,,,,,,,,,,,,,,,,,,,,,,,,,,,,,,,,,,,,,,,,,,,,,,,,,,,,,,,,,,,,,,,,,,,,,,,,,,,,,,,,,,,,,,,,,,,,,,,,,,,,,,,,
,,,,,,,,,,,,,,,,,,,,,,,,,,,,,,,,,,,,,,,,,,,,,,,,,,,,,,,,,,,,,,,,,,,,,,,,,,,,,,,,,,,,,,,,,,,,,,,,,,,,,,,,,,,,,,,,,,,,,,,,,,,,,,,,,,,,,,
,,,,,,,,,,,,,,,,,,,,,,,,,,,,,,,,,,,,,,,,,,,,,,,,,,,,,,,,,,,,,,,,,,,,,,,,,,,,,,,,,,,,,,,,,,,,,,,,,,,,,,,,,,,,,,,,,,,,,,,,,,,,,,,,,,,,,,
,,,,,,,,,,,,,,,,,,,,,,,,,,,,,,,,,,,,,,,,,,,,,,,,,,,,,,,,,,,,,,,,,,,,,,,,,,,,,,,,,,,,,,,,,,,,,,,,,,,,,,,,,,,,,,,,,,,,,,,,,,,,,,,,,,,,,,
,,,,,,,,,,,,,,,,,,,,,,,,,,,,,,,,,,,,,,,,,,,,,,,,,,,,,,,,,,,,,,,,,,,,,,,,,,,,,,,,,,,,,,,,,,,,,,,,,,,,,,,,,,,,,,,,,,,,,,,,,,,,,,,,,,,,,,
,,,,,,,,,,,,,,,,,,,,,,,,,,,,,,,,,,,,,,,,,,,,,,,,,,,,,,,,,,,,,,,,,,,,,,,,,,,,,,,,,,,,,,,,,,,,,,,,,,,,,,,,,,,,,,,,,,,,,,,,,,,,,,,,,,,,,,
,,,,,,,,,,,,,,,,,,,,,,,,,,,,,,,,,,,,,,,,,,,,,,,,,,,,,,,,,,,,,,,,,,,,,,,,,,,,,,,,,,,,,,,,,,,,,,,,,,,,,,,,,,,,,,,,,,,,,,,,,,,,,,,,,,,,,,
,,,,,,,,,,,,,,,,,,,,,,,,,,,,,,,,,,,,,,,,,,,,,,,,,,,,,,,,,,,,,,,,,,,,,,,,,,,,,,,,,,,,,,,,,,,,,,,,,,,,,,,,,,,,,,,,,,,,,,,,,,,,,,,,,,,,,,
,,,,,,,,,,,,,,,,,,,,,,,,,,,,,,,,,,,,,,,,,,,,,,,,,,,,,,,,,,,,,,,,,,,,,,,,,,,,,,,,,,,,,,,,,,,,,,,,,,,,,,,,,,,,,,,,,,,,,,,,,,,,,,,,,,,,,,
,,,,,,,,,,,,,,,,,,,,,,,,,,,,,,,,,,,,,,,,,,,,,,,,,,,,,,,,,,,,,,,,,,,,,,,,,,,,,,,,,,,,,,,,,,,,,,,,,,,,,,,,,,,,,,,,,,,,,,,,,,,,,,,,,,,,,,
,,,,,,,,,,,,,,,,,,,,,,,,,,,,,,,,,,,,,,,,,,,,,,,,,,,,,,,,,,,,,,,,,,,,,,,,,,,,,,,,,,,,,,,,,,,,,,,,,,,,,,,,,,,,,,,,,,,,,,,,,,,,,,,,,,,,,,
,,,,,,,,,,,,,,,,,,,,,,,,,,,,,,,,,,,,,,,,,,,,,,,,,,,,,,,,,,,,,,,,,,,,,,,,,,,,,,,,,,,,,,,,,,,,,,,,,,,,,,,,,,,,,,,,,,,,,,,,,,,,,,,,,,,,,,
,,,,,,,,,,,,,,,,,,,,,,,,,,,,,,,,,,,,,,,,,,,,,,,,,,,,,,,,,,,,,,,,,,,,,,,,,,,,,,,,,,,,,,,,,,,,,,,,,,,,,,,,,,,,,,,,,,,,,,,,,,,,,,,,,,,,,,
,,,,,,,,,,,,,,,,,,,,,,,,,,,,,,,,,,,,,,,,,,,,,,,,,,,,,,,,,,,,,,,,,,,,,,,,,,,,,,,,,,,,,,,,,,,,,,,,,,,,,,,,,,,,,,,,,,,,,,,,,,,,,,,,,,,,,,
,,,,,,,,,,,,,,,,,,,,,,,,,,,,,,,,,,,,,,,,,,,,,,,,,,,,,,,,,,,,,,,,,,,,,,,,,,,,,,,,,,,,,,,,,,,,,,,,,,,,,,,,,,,,,,,,,,,,,,,,,,,,,,,,,,,,,,
,,,,,,,,,,,,,,,,,,,,,,,,,,,,,,,,,,,,,,,,,,,,,,,,,,,,,,,,,,,,,,,,,,,,,,,,,,,,,,,,,,,,,,,,,,,,,,,,,,,,,,,,,,,,,,,,,,,,,,,,,,,,,,,,,,,,,,
,,,,,,,,,,,,,,,,,,,,,,,,,,,,,,,,,,,,,,,,,,,,,,,,,,,,,,,,,,,,,,,,,,,,,,,,,,,,,,,,,,,,,,,,,,,,,,,,,,,,,,,,,,,,,,,,,,,,,,,,,,,,,,,,,,,,,,
,,,,,,,,,,,,,,,,,,,,,,,,,,,,,,,,,,,,,,,,,,,,,,,,,,,,,,,,,,,,,,,,,,,,,,,,,,,,,,,,,,,,,,,,,,,,,,,,,,,,,,,,,,,,,,,,,,,,,,,,,,,,,,,,,,,,,,
,,,,,,,,,,,,,,,,,,,,,,,,,,,,,,,,,,,,,,,,,,,,,,,,,,,,,,,,,,,,,,,,,,,,,,,,,,,,,,,,,,,,,,,,,,,,,,,,,,,,,,,,,,,,,,,,,,,,,,,,,,,,,,,,,,,,,,
,,,,,,,,,,,,,,,,,,,,,,,,,,,,,,,,,,,,,,,,,,,,,,,,,,,,,,,,,,,,,,,,,,,,,,,,,,,,,,,,,,,,,,,,,,,,,,,,,,,,,,,,,,,,,,,,,,,,,,,,,,,,,,,,,,,,,,
,,,,,,,,,,,,,,,,,,,,,,,,,,,,,,,,,,,,,,,,,,,,,,,,,,,,,,,,,,,,,,,,,,,,,,,,,,,,,,,,,,,,,,,,,,,,,,,,,,,,,,,,,,,,,,,,,,,,,,,,,,,,,,,,,,,,,,
,,,,,,,,,,,,,,,,,,,,,,,,,,,,,,,,,,,,,,,,,,,,,,,,,,,,,,,,,,,,,,,,,,,,,,,,,,,,,,,,,,,,,,,,,,,,,,,,,,,,,,,,,,,,,,,,,,,,,,,,,,,,,,,,,,,,,,
,,,,,,,,,,,,,,,,,,,,,,,,,,,,,,,,,,,,,,,,,,,,,,,,,,,,,,,,,,,,,,,,,,,,,,,,,,,,,,,,,,,,,,,,,,,,,,,,,,,,,,,,,,,,,,,,,,,,,,,,,,,,,,,,,,,,,,
,,,,,,,,,,,,,,,,,,,,,,,,,,,,,,,,,,,,,,,,,,,,,,,,,,,,,,,,,,,,,,,,,,,,,,,,,,,,,,,,,,,,,,,,,,,,,,,,,,,,,,,,,,,,,,,,,,,,,,,,,,,,,,,,,,,,,,
,,,,,,,,,,,,,,,,,,,,,,,,,,,,,,,,,,,,,,,,,,,,,,,,,,,,,,,,,,,,,,,,,,,,,,,,,,,,,,,,,,,,,,,,,,,,,,,,,,,,,,,,,,,,,,,,,,,,,,,,,,,,,,,,,,,,,,
,,,,,,,,,,,,,,,,,,,,,,,,,,,,,,,,,,,,,,,,,,,,,,,,,,,,,,,,,,,,,,,,,,,,,,,,,,,,,,,,,,,,,,,,,,,,,,,,,,,,,,,,,,,,,,,,,,,,,,,,,,,,,,,,,,,,,,
,,,,,,,,,,,,,,,,,,,,,,,,,,,,,,,,,,,,,,,,,,,,,,,,,,,,,,,,,,,,,,,,,,,,,,,,,,,,,,,,,,,,,,,,,,,,,,,,,,,,,,,,,,,,,,,,,,,,,,,,,,,,,,,,,,,,,,
,,,,,,,,,,,,,,,,,,,,,,,,,,,,,,,,,,,,,,,,,,,,,,,,,,,,,,,,,,,,,,,,,,,,,,,,,,,,,,,,,,,,,,,,,,,,,,,,,,,,,,,,,,,,,,,,,,,,,,,,,,,,,,,,,,,,,,
,,,,,,,,,,,,,,,,,,,,,,,,,,,,,,,,,,,,,,,,,,,,,,,,,,,,,,,,,,,,,,,,,,,,,,,,,,,,,,,,,,,,,,,,,,,,,,,,,,,,,,,,,,,,,,,,,,,,,,,,,,,,,,,,,,,,,,
,,,,,,,,,,,,,,,,,,,,,,,,,,,,,,,,,,,,,,,,,,,,,,,,,,,,,,,,,,,,,,,,,,,,,,,,,,,,,,,,,,,,,,,,,,,,,,,,,,,,,,,,,,,,,,,,,,,,,,,,,,,,,,,,,,,,,,
,,,,,,,,,,,,,,,,,,,,,,,,,,,,,,,,,,,,,,,,,,,,,,,,,,,,,,,,,,,,,,,,,,,,,,,,,,,,,,,,,,,,,,,,,,,,,,,,,,,,,,,,,,,,,,,,,,,,,,,,,,,,,,,,,,,,,,
,,,,,,,,,,,,,,,,,,,,,,,,,,,,,,,,,,,,,,,,,,,,,,,,,,,,,,,,,,,,,,,,,,,,,,,,,,,,,,,,,,,,,,,,,,,,,,,,,,,,,,,,,,,,,,,,,,,,,,,,,,,,,,,,,,,,,,
,,,,,,,,,,,,,,,,,,,,,,,,,,,,,,,,,,,,,,,,,,,,,,,,,,,,,,,,,,,,,,,,,,,,,,,,,,,,,,,,,,,,,,,,,,,,,,,,,,,,,,,,,,,,,,,,,,,,,,,,,,,,,,,,,,,,,,
,,,,,,,,,,,,,,,,,,,,,,,,,,,,,,,,,,,,,,,,,,,,,,,,,,,,,,,,,,,,,,,,,,,,,,,,,,,,,,,,,,,,,,,,,,,,,,,,,,,,,,,,,,,,,,,,,,,,,,,,,,,,,,,,,,,,,,
,,,,,,,,,,,,,,,,,,,,,,,,,,,,,,,,,,,,,,,,,,,,,,,,,,,,,,,,,,,,,,,,,,,,,,,,,,,,,,,,,,,,,,,,,,,,,,,,,,,,,,,,,,,,,,,,,,,,,,,,,,,,,,,,,,,,,,
,,,,,,,,,,,,,,,,,,,,,,,,,,,,,,,,,,,,,,,,,,,,,,,,,,,,,,,,,,,,,,,,,,,,,,,,,,,,,,,,,,,,,,,,,,,,,,,,,,,,,,,,,,,,,,,,,,,,,,,,,,,,,,,,,,,,,,
,,,,,,,,,,,,,,,,,,,,,,,,,,,,,,,,,,,,,,,,,,,,,,,,,,,,,,,,,,,,,,,,,,,,,,,,,,,,,,,,,,,,,,,,,,,,,,,,,,,,,,,,,,,,,,,,,,,,,,,,,,,,,,,,,,,,,,
,,,,,,,,,,,,,,,,,,,,,,,,,,,,,,,,,,,,,,,,,,,,,,,,,,,,,,,,,,,,,,,,,,,,,,,,,,,,,,,,,,,,,,,,,,,,,,,,,,,,,,,,,,,,,,,,,,,,,,,,,,,,,,,,,,,,,,
,,,,,,,,,,,,,,,,,,,,,,,,,,,,,,,,,,,,,,,,,,,,,,,,,,,,,,,,,,,,,,,,,,,,,,,,,,,,,,,,,,,,,,,,,,,,,,,,,,,,,,,,,,,,,,,,,,,,,,,,,,,,,,,,,,,,,,
,,,,,,,,,,,,,,,,,,,,,,,,,,,,,,,,,,,,,,,,,,,,,,,,,,,,,,,,,,,,,,,,,,,,,,,,,,,,,,,,,,,,,,,,,,,,,,,,,,,,,,,,,,,,,,,,,,,,,,,,,,,,,,,,,,,,,,
,,,,,,,,,,,,,,,,,,,,,,,,,,,,,,,,,,,,,,,,,,,,,,,,,,,,,,,,,,,,,,,,,,,,,,,,,,,,,,,,,,,,,,,,,,,,,,,,,,,,,,,,,,,,,,,,,,,,,,,,,,,,,,,,,,,,,,
,,,,,,,,,,,,,,,,,,,,,,,,,,,,,,,,,,,,,,,,,,,,,,,,,,,,,,,,,,,,,,,,,,,,,,,,,,,,,,,,,,,,,,,,,,,,,,,,,,,,,,,,,,,,,,,,,,,,,,,,,,,,,,,,,,,,,,
,,,,,,,,,,,,,,,,,,,,,,,,,,,,,,,,,,,,,,,,,,,,,,,,,,,,,,,,,,,,,,,,,,,,,,,,,,,,,,,,,,,,,,,,,,,,,,,,,,,,,,,,,,,,,,,,,,,,,,,,,,,,,,,,,,,,,,
,,,,,,,,,,,,,,,,,,,,,,,,,,,,,,,,,,,,,,,,,,,,,,,,,,,,,,,,,,,,,,,,,,,,,,,,,,,,,,,,,,,,,,,,,,,,,,,,,,,,,,,,,,,,,,,,,,,,,,,,,,,,,,,,,,,,,,
,,,,,,,,,,,,,,,,,,,,,,,,,,,,,,,,,,,,,,,,,,,,,,,,,,,,,,,,,,,,,,,,,,,,,,,,,,,,,,,,,,,,,,,,,,,,,,,,,,,,,,,,,,,,,,,,,,,,,,,,,,,,,,,,,,,,,,
,,,,,,,,,,,,,,,,,,,,,,,,,,,,,,,,,,,,,,,,,,,,,,,,,,,,,,,,,,,,,,,,,,,,,,,,,,,,,,,,,,,,,,,,,,,,,,,,,,,,,,,,,,,,,,,,,,,,,,,,,,,,,,,,,,,,,,
,,,,,,,,,,,,,,,,,,,,,,,,,,,,,,,,,,,,,,,,,,,,,,,,,,,,,,,,,,,,,,,,,,,,,,,,,,,,,,,,,,,,,,,,,,,,,,,,,,,,,,,,,,,,,,,,,,,,,,,,,,,,,,,,,,,,,,
,,,,,,,,,,,,,,,,,,,,,,,,,,,,,,,,,,,,,,,,,,,,,,,,,,,,,,,,,,,,,,,,,,,,,,,,,,,,,,,,,,,,,,,,,,,,,,,,,,,,,,,,,,,,,,,,,,,,,,,,,,,,,,,,,,,,,,
,,,,,,,,,,,,,,,,,,,,,,,,,,,,,,,,,,,,,,,,,,,,,,,,,,,,,,,,,,,,,,,,,,,,,,,,,,,,,,,,,,,,,,,,,,,,,,,,,,,,,,,,,,,,,,,,,,,,,,,,,,,,,,,,,,,,,,
,,,,,,,,,,,,,,,,,,,,,,,,,,,,,,,,,,,,,,,,,,,,,,,,,,,,,,,,,,,,,,,,,,,,,,,,,,,,,,,,,,,,,,,,,,,,,,,,,,,,,,,,,,,,,,,,,,,,,,,,,,,,,,,,,,,,,,
,,,,,,,,,,,,,,,,,,,,,,,,,,,,,,,,,,,,,,,,,,,,,,,,,,,,,,,,,,,,,,,,,,,,,,,,,,,,,,,,,,,,,,,,,,,,,,,,,,,,,,,,,,,,,,,,,,,,,,,,,,,,,,,,,,,,,,
,,,,,,,,,,,,,,,,,,,,,,,,,,,,,,,,,,,,,,,,,,,,,,,,,,,,,,,,,,,,,,,,,,,,,,,,,,,,,,,,,,,,,,,,,,,,,,,,,,,,,,,,,,,,,,,,,,,,,,,,,,,,,,,,,,,,,,
,,,,,,,,,,,,,,,,,,,,,,,,,,,,,,,,,,,,,,,,,,,,,,,,,,,,,,,,,,,,,,,,,,,,,,,,,,,,,,,,,,,,,,,,,,,,,,,,,,,,,,,,,,,,,,,,,,,,,,,,,,,,,,,,,,,,,,
,,,,,,,,,,,,,,,,,,,,,,,,,,,,,,,,,,,,,,,,,,,,,,,,,,,,,,,,,,,,,,,,,,,,,,,,,,,,,,,,,,,,,,,,,,,,,,,,,,,,,,,,,,,,,,,,,,,,,,,,,,,,,,,,,,,,,,
,,,,,,,,,,,,,,,,,,,,,,,,,,,,,,,,,,,,,,,,,,,,,,,,,,,,,,,,,,,,,,,,,,,,,,,,,,,,,,,,,,,,,,,,,,,,,,,,,,,,,,,,,,,,,,,,,,,,,,,,,,,,,,,,,,,,,,
,,,,,,,,,,,,,,,,,,,,,,,,,,,,,,,,,,,,,,,,,,,,,,,,,,,,,,,,,,,,,,,,,,,,,,,,,,,,,,,,,,,,,,,,,,,,,,,,,,,,,,,,,,,,,,,,,,,,,,,,,,,,,,,,,,,,,,
,,,,,,,,,,,,,,,,,,,,,,,,,,,,,,,,,,,,,,,,,,,,,,,,,,,,,,,,,,,,,,,,,,,,,,,,,,,,,,,,,,,,,,,,,,,,,,,,,,,,,,,,,,,,,,,,,,,,,,,,,,,,,,,,,,,,,,
,,,,,,,,,,,,,,,,,,,,,,,,,,,,,,,,,,,,,,,,,,,,,,,,,,,,,,,,,,,,,,,,,,,,,,,,,,,,,,,,,,,,,,,,,,,,,,,,,,,,,,,,,,,,,,,,,,,,,,,,,,,,,,,,,,,,,,
,,,,,,,,,,,,,,,,,,,,,,,,,,,,,,,,,,,,,,,,,,,,,,,,,,,,,,,,,,,,,,,,,,,,,,,,,,,,,,,,,,,,,,,,,,,,,,,,,,,,,,,,,,,,,,,,,,,,,,,,,,,,,,,,,,,,,,
,,,,,,,,,,,,,,,,,,,,,,,,,,,,,,,,,,,,,,,,,,,,,,,,,,,,,,,,,,,,,,,,,,,,,,,,,,,,,,,,,,,,,,,,,,,,,,,,,,,,,,,,,,,,,,,,,,,,,,,,,,,,,,,,,,,,,,
,,,,,,,,,,,,,,,,,,,,,,,,,,,,,,,,,,,,,,,,,,,,,,,,,,,,,,,,,,,,,,,,,,,,,,,,,,,,,,,,,,,,,,,,,,,,,,,,,,,,,,,,,,,,,,,,,,,,,,,,,,,,,,,,,,,,,,
,,,,,,,,,,,,,,,,,,,,,,,,,,,,,,,,,,,,,,,,,,,,,,,,,,,,,,,,,,,,,,,,,,,,,,,,,,,,,,,,,,,,,,,,,,,,,,,,,,,,,,,,,,,,,,,,,,,,,,,,,,,,,,,,,,,,,,
,,,,,,,,,,,,,,,,,,,,,,,,,,,,,,,,,,,,,,,,,,,,,,,,,,,,,,,,,,,,,,,,,,,,,,,,,,,,,,,,,,,,,,,,,,,,,,,,,,,,,,,,,,,,,,,,,,,,,,,,,,,,,,,,,,,,,,
,,,,,,,,,,,,,,,,,,,,,,,,,,,,,,,,,,,,,,,,,,,,,,,,,,,,,,,,,,,,,,,,,,,,,,,,,,,,,,,,,,,,,,,,,,,,,,,,,,,,,,,,,,,,,,,,,,,,,,,,,,,,,,,,,,,,,,
,,,,,,,,,,,,,,,,,,,,,,,,,,,,,,,,,,,,,,,,,,,,,,,,,,,,,,,,,,,,,,,,,,,,,,,,,,,,,,,,,,,,,,,,,,,,,,,,,,,,,,,,,,,,,,,,,,,,,,,,,,,,,,,,,,,,,,
,,,,,,,,,,,,,,,,,,,,,,,,,,,,,,,,,,,,,,,,,,,,,,,,,,,,,,,,,,,,,,,,,,,,,,,,,,,,,,,,,,,,,,,,,,,,,,,,,,,,,,,,,,,,,,,,,,,,,,,,,,,,,,,,,,,,,,
,,,,,,,,,,,,,,,,,,,,,,,,,,,,,,,,,,,,,,,,,,,,,,,,,,,,,,,,,,,,,,,,,,,,,,,,,,,,,,,,,,,,,,,,,,,,,,,,,,,,,,,,,,,,,,,,,,,,,,,,,,,,,,,,,,,,,,
,,,,,,,,,,,,,,,,,,,,,,,,,,,,,,,,,,,,,,,,,,,,,,,,,,,,,,,,,,,,,,,,,,,,,,,,,,,,,,,,,,,,,,,,,,,,,,,,,,,,,,,,,,,,,,,,,,,,,,,,,,,,,,,,,,,,,,
,,,,,,,,,,,,,,,,,,,,,,,,,,,,,,,,,,,,,,,,,,,,,,,,,,,,,,,,,,,,,,,,,,,,,,,,,,,,,,,,,,,,,,,,,,,,,,,,,,,,,,,,,,,,,,,,,,,,,,,,,,,,,,,,,,,,,,
,,,,,,,,,,,,,,,,,,,,,,,,,,,,,,,,,,,,,,,,,,,,,,,,,,,,,,,,,,,,,,,,,,,,,,,,,,,,,,,,,,,,,,,,,,,,,,,,,,,,,,,,,,,,,,,,,,,,,,,,,,,,,,,,,,,,,,
,,,,,,,,,,,,,,,,,,,,,,,,,,,,,,,,,,,,,,,,,,,,,,,,,,,,,,,,,,,,,,,,,,,,,,,,,,,,,,,,,,,,,,,,,,,,,,,,,,,,,,,,,,,,,,,,,,,,,,,,,,,,,,,,,,,,,,
,,,,,,,,,,,,,,,,,,,,,,,,,,,,,,,,,,,,,,,,,,,,,,,,,,,,,,,,,,,,,,,,,,,,,,,,,,,,,,,,,,,,,,,,,,,,,,,,,,,,,,,,,,,,,,,,,,,,,,,,,,,,,,,,,,,,,,
,,,,,,,,,,,,,,,,,,,,,,,,,,,,,,,,,,,,,,,,,,,,,,,,,,,,,,,,,,,,,,,,,,,,,,,,,,,,,,,,,,,,,,,,,,,,,,,,,,,,,,,,,,,,,,,,,,,,,,,,,,,,,,,,,,,,,,
,,,,,,,,,,,,,,,,,,,,,,,,,,,,,,,,,,,,,,,,,,,,,,,,,,,,,,,,,,,,,,,,,,,,,,,,,,,,,,,,,,,,,,,,,,,,,,,,,,,,,,,,,,,,,,,,,,,,,,,,,,,,,,,,,,,,,,
,,,,,,,,,,,,,,,,,,,,,,,,,,,,,,,,,,,,,,,,,,,,,,,,,,,,,,,,,,,,,,,,,,,,,,,,,,,,,,,,,,,,,,,,,,,,,,,,,,,,,,,,,,,,,,,,,,,,,,,,,,,,,,,,,,,,,,
,,,,,,,,,,,,,,,,,,,,,,,,,,,,,,,,,,,,,,,,,,,,,,,,,,,,,,,,,,,,,,,,,,,,,,,,,,,,,,,,,,,,,,,,,,,,,,,,,,,,,,,,,,,,,,,,,,,,,,,,,,,,,,,,,,,,,,
,,,,,,,,,,,,,,,,,,,,,,,,,,,,,,,,,,,,,,,,,,,,,,,,,,,,,,,,,,,,,,,,,,,,,,,,,,,,,,,,,,,,,,,,,,,,,,,,,,,,,,,,,,,,,,,,,,,,,,,,,,,,,,,,,,,,,,
,,,,,,,,,,,,,,,,,,,,,,,,,,,,,,,,,,,,,,,,,,,,,,,,,,,,,,,,,,,,,,,,,,,,,,,,,,,,,,,,,,,,,,,,,,,,,,,,,,,,,,,,,,,,,,,,,,,,,,,,,,,,,,,,,,,,,,
,,,,,,,,,,,,,,,,,,,,,,,,,,,,,,,,,,,,,,,,,,,,,,,,,,,,,,,,,,,,,,,,,,,,,,,,,,,,,,,,,,,,,,,,,,,,,,,,,,,,,,,,,,,,,,,,,,,,,,,,,,,,,,,,,,,,,,
,,,,,,,,,,,,,,,,,,,,,,,,,,,,,,,,,,,,,,,,,,,,,,,,,,,,,,,,,,,,,,,,,,,,,,,,,,,,,,,,,,,,,,,,,,,,,,,,,,,,,,,,,,,,,,,,,,,,,,,,,,,,,,,,,,,,,,
,,,,,,,,,,,,,,,,,,,,,,,,,,,,,,,,,,,,,,,,,,,,,,,,,,,,,,,,,,,,,,,,,,,,,,,,,,,,,,,,,,,,,,,,,,,,,,,,,,,,,,,,,,,,,,,,,,,,,,,,,,,,,,,,,,,,,,
,,,,,,,,,,,,,,,,,,,,,,,,,,,,,,,,,,,,,,,,,,,,,,,,,,,,,,,,,,,,,,,,,,,,,,,,,,,,,,,,,,,,,,,,,,,,,,,,,,,,,,,,,,,,,,,,,,,,,,,,,,,,,,,,,,,,,,
,,,,,,,,,,,,,,,,,,,,,,,,,,,,,,,,,,,,,,,,,,,,,,,,,,,,,,,,,,,,,,,,,,,,,,,,,,,,,,,,,,,,,,,,,,,,,,,,,,,,,,,,,,,,,,,,,,,,,,,,,,,,,,,,,,,,,,
,,,,,,,,,,,,,,,,,,,,,,,,,,,,,,,,,,,,,,,,,,,,,,,,,,,,,,,,,,,,,,,,,,,,,,,,,,,,,,,,,,,,,,,,,,,,,,,,,,,,,,,,,,,,,,,,,,,,,,,,,,,,,,,,,,,,,,
,,,,,,,,,,,,,,,,,,,,,,,,,,,,,,,,,,,,,,,,,,,,,,,,,,,,,,,,,,,,,,,,,,,,,,,,,,,,,,,,,,,,,,,,,,,,,,,,,,,,,,,,,,,,,,,,,,,,,,,,,,,,,,,,,,,,,,
,,,,,,,,,,,,,,,,,,,,,,,,,,,,,,,,,,,,,,,,,,,,,,,,,,,,,,,,,,,,,,,,,,,,,,,,,,,,,,,,,,,,,,,,,,,,,,,,,,,,,,,,,,,,,,,,,,,,,,,,,,,,,,,,,,,,,,
,,,,,,,,,,,,,,,,,,,,,,,,,,,,,,,,,,,,,,,,,,,,,,,,,,,,,,,,,,,,,,,,,,,,,,,,,,,,,,,,,,,,,,,,,,,,,,,,,,,,,,,,,,,,,,,,,,,,,,,,,,,,,,,,,,,,,,
,,,,,,,,,,,,,,,,,,,,,,,,,,,,,,,,,,,,,,,,,,,,,,,,,,,,,,,,,,,,,,,,,,,,,,,,,,,,,,,,,,,,,,,,,,,,,,,,,,,,,,,,,,,,,,,,,,,,,,,,,,,,,,,,,,,,,,
,,,,,,,,,,,,,,,,,,,,,,,,,,,,,,,,,,,,,,,,,,,,,,,,,,,,,,,,,,,,,,,,,,,,,,,,,,,,,,,,,,,,,,,,,,,,,,,,,,,,,,,,,,,,,,,,,,,,,,,,,,,,,,,,,,,,,,
,,,,,,,,,,,,,,,,,,,,,,,,,,,,,,,,,,,,,,,,,,,,,,,,,,,,,,,,,,,,,,,,,,,,,,,,,,,,,,,,,,,,,,,,,,,,,,,,,,,,,,,,,,,,,,,,,,,,,,,,,,,,,,,,,,,,,,
,,,,,,,,,,,,,,,,,,,,,,,,,,,,,,,,,,,,,,,,,,,,,,,,,,,,,,,,,,,,,,,,,,,,,,,,,,,,,,,,,,,,,,,,,,,,,,,,,,,,,,,,,,,,,,,,,,,,,,,,,,,,,,,,,,,,,,
,,,,,,,,,,,,,,,,,,,,,,,,,,,,,,,,,,,,,,,,,,,,,,,,,,,,,,,,,,,,,,,,,,,,,,,,,,,,,,,,,,,,,,,,,,,,,,,,,,,,,,,,,,,,,,,,,,,,,,,,,,,,,,,,,,,,,,
,,,,,,,,,,,,,,,,,,,,,,,,,,,,,,,,,,,,,,,,,,,,,,,,,,,,,,,,,,,,,,,,,,,,,,,,,,,,,,,,,,,,,,,,,,,,,,,,,,,,,,,,,,,,,,,,,,,,,,,,,,,,,,,,,,,,,,
,,,,,,,,,,,,,,,,,,,,,,,,,,,,,,,,,,,,,,,,,,,,,,,,,,,,,,,,,,,,,,,,,,,,,,,,,,,,,,,,,,,,,,,,,,,,,,,,,,,,,,,,,,,,,,,,,,,,,,,,,,,,,,,,,,,,,,
,,,,,,,,,,,,,,,,,,,,,,,,,,,,,,,,,,,,,,,,,,,,,,,,,,,,,,,,,,,,,,,,,,,,,,,,,,,,,,,,,,,,,,,,,,,,,,,,,,,,,,,,,,,,,,,,,,,,,,,,,,,,,,,,,,,,,,
,,,,,,,,,,,,,,,,,,,,,,,,,,,,,,,,,,,,,,,,,,,,,,,,,,,,,,,,,,,,,,,,,,,,,,,,,,,,,,,,,,,,,,,,,,,,,,,,,,,,,,,,,,,,,,,,,,,,,,,,,,,,,,,,,,,,,,
,,,,,,,,,,,,,,,,,,,,,,,,,,,,,,,,,,,,,,,,,,,,,,,,,,,,,,,,,,,,,,,,,,,,,,,,,,,,,,,,,,,,,,,,,,,,,,,,,,,,,,,,,,,,,,,,,,,,,,,,,,,,,,,,,,,,,,
,,,,,,,,,,,,,,,,,,,,,,,,,,,,,,,,,,,,,,,,,,,,,,,,,,,,,,,,,,,,,,,,,,,,,,,,,,,,,,,,,,,,,,,,,,,,,,,,,,,,,,,,,,,,,,,,,,,,,,,,,,,,,,,,,,,,,,
,,,,,,,,,,,,,,,,,,,,,,,,,,,,,,,,,,,,,,,,,,,,,,,,,,,,,,,,,,,,,,,,,,,,,,,,,,,,,,,,,,,,,,,,,,,,,,,,,,,,,,,,,,,,,,,,,,,,,,,,,,,,,,,,,,,,,,
,,,,,,,,,,,,,,,,,,,,,,,,,,,,,,,,,,,,,,,,,,,,,,,,,,,,,,,,,,,,,,,,,,,,,,,,,,,,,,,,,,,,,,,,,,,,,,,,,,,,,,,,,,,,,,,,,,,,,,,,,,,,,,,,,,,,,,
,,,,,,,,,,,,,,,,,,,,,,,,,,,,,,,,,,,,,,,,,,,,,,,,,,,,,,,,,,,,,,,,,,,,,,,,,,,,,,,,,,,,,,,,,,,,,,,,,,,,,,,,,,,,,,,,,,,,,,,,,,,,,,,,,,,,,,
,,,,,,,,,,,,,,,,,,,,,,,,,,,,,,,,,,,,,,,,,,,,,,,,,,,,,,,,,,,,,,,,,,,,,,,,,,,,,,,,,,,,,,,,,,,,,,,,,,,,,,,,,,,,,,,,,,,,,,,,,,,,,,,,,,,,,,
,,,,,,,,,,,,,,,,,,,,,,,,,,,,,,,,,,,,,,,,,,,,,,,,,,,,,,,,,,,,,,,,,,,,,,,,,,,,,,,,,,,,,,,,,,,,,,,,,,,,,,,,,,,,,,,,,,,,,,,,,,,,,,,,,,,,,,
,,,,,,,,,,,,,,,,,,,,,,,,,,,,,,,,,,,,,,,,,,,,,,,,,,,,,,,,,,,,,,,,,,,,,,,,,,,,,,,,,,,,,,,,,,,,,,,,,,,,,,,,,,,,,,,,,,,,,,,,,,,,,,,,,,,,,,
,,,,,,,,,,,,,,,,,,,,,,,,,,,,,,,,,,,,,,,,,,,,,,,,,,,,,,,,,,,,,,,,,,,,,,,,,,,,,,,,,,,,,,,,,,,,,,,,,,,,,,,,,,,,,,,,,,,,,,,,,,,,,,,,,,,,,,
,,,,,,,,,,,,,,,,,,,,,,,,,,,,,,,,,,,,,,,,,,,,,,,,,,,,,,,,,,,,,,,,,,,,,,,,,,,,,,,,,,,,,,,,,,,,,,,,,,,,,,,,,,,,,,,,,,,,,,,,,,,,,,,,,,,,,,
,,,,,,,,,,,,,,,,,,,,,,,,,,,,,,,,,,,,,,,,,,,,,,,,,,,,,,,,,,,,,,,,,,,,,,,,,,,,,,,,,,,,,,,,,,,,,,,,,,,,,,,,,,,,,,,,,,,,,,,,,,,,,,,,,,,,,,
,,,,,,,,,,,,,,,,,,,,,,,,,,,,,,,,,,,,,,,,,,,,,,,,,,,,,,,,,,,,,,,,,,,,,,,,,,,,,,,,,,,,,,,,,,,,,,,,,,,,,,,,,,,,,,,,,,,,,,,,,,,,,,,,,,,,,,
,,,,,,,,,,,,,,,,,,,,,,,,,,,,,,,,,,,,,,,,,,,,,,,,,,,,,,,,,,,,,,,,,,,,,,,,,,,,,,,,,,,,,,,,,,,,,,,,,,,,,,,,,,,,,,,,,,,,,,,,,,,,,,,,,,,,,,
,,,,,,,,,,,,,,,,,,,,,,,,,,,,,,,,,,,,,,,,,,,,,,,,,,,,,,,,,,,,,,,,,,,,,,,,,,,,,,,,,,,,,,,,,,,,,,,,,,,,,,,,,,,,,,,,,,,,,,,,,,,,,,,,,,,,,,
,,,,,,,,,,,,,,,,,,,,,,,,,,,,,,,,,,,,,,,,,,,,,,,,,,,,,,,,,,,,,,,,,,,,,,,,,,,,,,,,,,,,,,,,,,,,,,,,,,,,,,,,,,,,,,,,,,,,,,,,,,,,,,,,,,,,,,
,,,,,,,,,,,,,,,,,,,,,,,,,,,,,,,,,,,,,,,,,,,,,,,,,,,,,,,,,,,,,,,,,,,,,,,,,,,,,,,,,,,,,,,,,,,,,,,,,,,,,,,,,,,,,,,,,,,,,,,,,,,,,,,,,,,,,,
,,,,,,,,,,,,,,,,,,,,,,,,,,,,,,,,,,,,,,,,,,,,,,,,,,,,,,,,,,,,,,,,,,,,,,,,,,,,,,,,,,,,,,,,,,,,,,,,,,,,,,,,,,,,,,,,,,,,,,,,,,,,,,,,,,,,,,
,,,,,,,,,,,,,,,,,,,,,,,,,,,,,,,,,,,,,,,,,,,,,,,,,,,,,,,,,,,,,,,,,,,,,,,,,,,,,,,,,,,,,,,,,,,,,,,,,,,,,,,,,,,,,,,,,,,,,,,,,,,,,,,,,,,,,,
,,,,,,,,,,,,,,,,,,,,,,,,,,,,,,,,,,,,,,,,,,,,,,,,,,,,,,,,,,,,,,,,,,,,,,,,,,,,,,,,,,,,,,,,,,,,,,,,,,,,,,,,,,,,,,,,,,,,,,,,,,,,,,,,,,,,,,
,,,,,,,,,,,,,,,,,,,,,,,,,,,,,,,,,,,,,,,,,,,,,,,,,,,,,,,,,,,,,,,,,,,,,,,,,,,,,,,,,,,,,,,,,,,,,,,,,,,,,,,,,,,,,,,,,,,,,,,,,,,,,,,,,,,,,,
,,,,,,,,,,,,,,,,,,,,,,,,,,,,,,,,,,,,,,,,,,,,,,,,,,,,,,,,,,,,,,,,,,,,,,,,,,,,,,,,,,,,,,,,,,,,,,,,,,,,,,,,,,,,,,,,,,,,,,,,,,,,,,,,,,,,,,
,,,,,,,,,,,,,,,,,,,,,,,,,,,,,,,,,,,,,,,,,,,,,,,,,,,,,,,,,,,,,,,,,,,,,,,,,,,,,,,,,,,,,,,,,,,,,,,,,,,,,,,,,,,,,,,,,,,,,,,,,,,,,,,,,,,,,,
,,,,,,,,,,,,,,,,,,,,,,,,,,,,,,,,,,,,,,,,,,,,,,,,,,,,,,,,,,,,,,,,,,,,,,,,,,,,,,,,,,,,,,,,,,,,,,,,,,,,,,,,,,,,,,,,,,,,,,,,,,,,,,,,,,,,,,
,,,,,,,,,,,,,,,,,,,,,,,,,,,,,,,,,,,,,,,,,,,,,,,,,,,,,,,,,,,,,,,,,,,,,,,,,,,,,,,,,,,,,,,,,,,,,,,,,,,,,,,,,,,,,,,,,,,,,,,,,,,,,,,,,,,,,,
,,,,,,,,,,,,,,,,,,,,,,,,,,,,,,,,,,,,,,,,,,,,,,,,,,,,,,,,,,,,,,,,,,,,,,,,,,,,,,,,,,,,,,,,,,,,,,,,,,,,,,,,,,,,,,,,,,,,,,,,,,,,,,,,,,,,,,
,,,,,,,,,,,,,,,,,,,,,,,,,,,,,,,,,,,,,,,,,,,,,,,,,,,,,,,,,,,,,,,,,,,,,,,,,,,,,,,,,,,,,,,,,,,,,,,,,,,,,,,,,,,,,,,,,,,,,,,,,,,,,,,,,,,,,,
,,,,,,,,,,,,,,,,,,,,,,,,,,,,,,,,,,,,,,,,,,,,,,,,,,,,,,,,,,,,,,,,,,,,,,,,,,,,,,,,,,,,,,,,,,,,,,,,,,,,,,,,,,,,,,,,,,,,,,,,,,,,,,,,,,,,,,
,,,,,,,,,,,,,,,,,,,,,,,,,,,,,,,,,,,,,,,,,,,,,,,,,,,,,,,,,,,,,,,,,,,,,,,,,,,,,,,,,,,,,,,,,,,,,,,,,,,,,,,,,,,,,,,,,,,,,,,,,,,,,,,,,,,,,,
,,,,,,,,,,,,,,,,,,,,,,,,,,,,,,,,,,,,,,,,,,,,,,,,,,,,,,,,,,,,,,,,,,,,,,,,,,,,,,,,,,,,,,,,,,,,,,,,,,,,,,,,,,,,,,,,,,,,,,,,,,,,,,,,,,,,,,
,,,,,,,,,,,,,,,,,,,,,,,,,,,,,,,,,,,,,,,,,,,,,,,,,,,,,,,,,,,,,,,,,,,,,,,,,,,,,,,,,,,,,,,,,,,,,,,,,,,,,,,,,,,,,,,,,,,,,,,,,,,,,,,,,,,,,,
,,,,,,,,,,,,,,,,,,,,,,,,,,,,,,,,,,,,,,,,,,,,,,,,,,,,,,,,,,,,,,,,,,,,,,,,,,,,,,,,,,,,,,,,,,,,,,,,,,,,,,,,,,,,,,,,,,,,,,,,,,,,,,,,,,,,,,
,,,,,,,,,,,,,,,,,,,,,,,,,,,,,,,,,,,,,,,,,,,,,,,,,,,,,,,,,,,,,,,,,,,,,,,,,,,,,,,,,,,,,,,,,,,,,,,,,,,,,,,,,,,,,,,,,,,,,,,,,,,,,,,,,,,,,,
,,,,,,,,,,,,,,,,,,,,,,,,,,,,,,,,,,,,,,,,,,,,,,,,,,,,,,,,,,,,,,,,,,,,,,,,,,,,,,,,,,,,,,,,,,,,,,,,,,,,,,,,,,,,,,,,,,,,,,,,,,,,,,,,,,,,,,
,,,,,,,,,,,,,,,,,,,,,,,,,,,,,,,,,,,,,,,,,,,,,,,,,,,,,,,,,,,,,,,,,,,,,,,,,,,,,,,,,,,,,,,,,,,,,,,,,,,,,,,,,,,,,,,,,,,,,,,,,,,,,,,,,,,,,,
,,,,,,,,,,,,,,,,,,,,,,,,,,,,,,,,,,,,,,,,,,,,,,,,,,,,,,,,,,,,,,,,,,,,,,,,,,,,,,,,,,,,,,,,,,,,,,,,,,,,,,,,,,,,,,,,,,,,,,,,,,,,,,,,,,,,,,
,,,,,,,,,,,,,,,,,,,,,,,,,,,,,,,,,,,,,,,,,,,,,,,,,,,,,,,,,,,,,,,,,,,,,,,,,,,,,,,,,,,,,,,,,,,,,,,,,,,,,,,,,,,,,,,,,,,,,,,,,,,,,,,,,,,,,,
,,,,,,,,,,,,,,,,,,,,,,,,,,,,,,,,,,,,,,,,,,,,,,,,,,,,,,,,,,,,,,,,,,,,,,,,,,,,,,,,,,,,,,,,,,,,,,,,,,,,,,,,,,,,,,,,,,,,,,,,,,,,,,,,,,,,,,
,,,,,,,,,,,,,,,,,,,,,,,,,,,,,,,,,,,,,,,,,,,,,,,,,,,,,,,,,,,,,,,,,,,,,,,,,,,,,,,,,,,,,,,,,,,,,,,,,,,,,,,,,,,,,,,,,,,,,,,,,,,,,,,,,,,,,,
,,,,,,,,,,,,,,,,,,,,,,,,,,,,,,,,,,,,,,,,,,,,,,,,,,,,,,,,,,,,,,,,,,,,,,,,,,,,,,,,,,,,,,,,,,,,,,,,,,,,,,,,,,,,,,,,,,,,,,,,,,,,,,,,,,,,,,
,,,,,,,,,,,,,,,,,,,,,,,,,,,,,,,,,,,,,,,,,,,,,,,,,,,,,,,,,,,,,,,,,,,,,,,,,,,,,,,,,,,,,,,,,,,,,,,,,,,,,,,,,,,,,,,,,,,,,,,,,,,,,,,,,,,,,,
,,,,,,,,,,,,,,,,,,,,,,,,,,,,,,,,,,,,,,,,,,,,,,,,,,,,,,,,,,,,,,,,,,,,,,,,,,,,,,,,,,,,,,,,,,,,,,,,,,,,,,,,,,,,,,,,,,,,,,,,,,,,,,,,,,,,,,
,,,,,,,,,,,,,,,,,,,,,,,,,,,,,,,,,,,,,,,,,,,,,,,,,,,,,,,,,,,,,,,,,,,,,,,,,,,,,,,,,,,,,,,,,,,,,,,,,,,,,,,,,,,,,,,,,,,,,,,,,,,,,,,,,,,,,,
,,,,,,,,,,,,,,,,,,,,,,,,,,,,,,,,,,,,,,,,,,,,,,,,,,,,,,,,,,,,,,,,,,,,,,,,,,,,,,,,,,,,,,,,,,,,,,,,,,,,,,,,,,,,,,,,,,,,,,,,,,,,,,,,,,,,,,
,,,,,,,,,,,,,,,,,,,,,,,,,,,,,,,,,,,,,,,,,,,,,,,,,,,,,,,,,,,,,,,,,,,,,,,,,,,,,,,,,,,,,,,,,,,,,,,,,,,,,,,,,,,,,,,,,,,,,,,,,,,,,,,,,,,,,,
,,,,,,,,,,,,,,,,,,,,,,,,,,,,,,,,,,,,,,,,,,,,,,,,,,,,,,,,,,,,,,,,,,,,,,,,,,,,,,,,,,,,,,,,,,,,,,,,,,,,,,,,,,,,,,,,,,,,,,,,,,,,,,,,,,,,,,
,,,,,,,,,,,,,,,,,,,,,,,,,,,,,,,,,,,,,,,,,,,,,,,,,,,,,,,,,,,,,,,,,,,,,,,,,,,,,,,,,,,,,,,,,,,,,,,,,,,,,,,,,,,,,,,,,,,,,,,,,,,,,,,,,,,,,,
,,,,,,,,,,,,,,,,,,,,,,,,,,,,,,,,,,,,,,,,,,,,,,,,,,,,,,,,,,,,,,,,,,,,,,,,,,,,,,,,,,,,,,,,,,,,,,,,,,,,,,,,,,,,,,,,,,,,,,,,,,,,,,,,,,,,,,
,,,,,,,,,,,,,,,,,,,,,,,,,,,,,,,,,,,,,,,,,,,,,,,,,,,,,,,,,,,,,,,,,,,,,,,,,,,,,,,,,,,,,,,,,,,,,,,,,,,,,,,,,,,,,,,,,,,,,,,,,,,,,,,,,,,,,,
,,,,,,,,,,,,,,,,,,,,,,,,,,,,,,,,,,,,,,,,,,,,,,,,,,,,,,,,,,,,,,,,,,,,,,,,,,,,,,,,,,,,,,,,,,,,,,,,,,,,,,,,,,,,,,,,,,,,,,,,,,,,,,,,,,,,,,
,,,,,,,,,,,,,,,,,,,,,,,,,,,,,,,,,,,,,,,,,,,,,,,,,,,,,,,,,,,,,,,,,,,,,,,,,,,,,,,,,,,,,,,,,,,,,,,,,,,,,,,,,,,,,,,,,,,,,,,,,,,,,,,,,,,,,,
,,,,,,,,,,,,,,,,,,,,,,,,,,,,,,,,,,,,,,,,,,,,,,,,,,,,,,,,,,,,,,,,,,,,,,,,,,,,,,,,,,,,,,,,,,,,,,,,,,,,,,,,,,,,,,,,,,,,,,,,,,,,,,,,,,,,,,
,,,,,,,,,,,,,,,,,,,,,,,,,,,,,,,,,,,,,,,,,,,,,,,,,,,,,,,,,,,,,,,,,,,,,,,,,,,,,,,,,,,,,,,,,,,,,,,,,,,,,,,,,,,,,,,,,,,,,,,,,,,,,,,,,,,,,,
,,,,,,,,,,,,,,,,,,,,,,,,,,,,,,,,,,,,,,,,,,,,,,,,,,,,,,,,,,,,,,,,,,,,,,,,,,,,,,,,,,,,,,,,,,,,,,,,,,,,,,,,,,,,,,,,,,,,,,,,,,,,,,,,,,,,,,
,,,,,,,,,,,,,,,,,,,,,,,,,,,,,,,,,,,,,,,,,,,,,,,,,,,,,,,,,,,,,,,,,,,,,,,,,,,,,,,,,,,,,,,,,,,,,,,,,,,,,,,,,,,,,,,,,,,,,,,,,,,,,,,,,,,,,,
,,,,,,,,,,,,,,,,,,,,,,,,,,,,,,,,,,,,,,,,,,,,,,,,,,,,,,,,,,,,,,,,,,,,,,,,,,,,,,,,,,,,,,,,,,,,,,,,,,,,,,,,,,,,,,,,,,,,,,,,,,,,,,,,,,,,,,
,,,,,,,,,,,,,,,,,,,,,,,,,,,,,,,,,,,,,,,,,,,,,,,,,,,,,,,,,,,,,,,,,,,,,,,,,,,,,,,,,,,,,,,,,,,,,,,,,,,,,,,,,,,,,,,,,,,,,,,,,,,,,,,,,,,,,,
,,,,,,,,,,,,,,,,,,,,,,,,,,,,,,,,,,,,,,,,,,,,,,,,,,,,,,,,,,,,,,,,,,,,,,,,,,,,,,,,,,,,,,,,,,,,,,,,,,,,,,,,,,,,,,,,,,,,,,,,,,,,,,,,,,,,,,
,,,,,,,,,,,,,,,,,,,,,,,,,,,,,,,,,,,,,,,,,,,,,,,,,,,,,,,,,,,,,,,,,,,,,,,,,,,,,,,,,,,,,,,,,,,,,,,,,,,,,,,,,,,,,,,,,,,,,,,,,,,,,,,,,,,,,,
,,,,,,,,,,,,,,,,,,,,,,,,,,,,,,,,,,,,,,,,,,,,,,,,,,,,,,,,,,,,,,,,,,,,,,,,,,,,,,,,,,,,,,,,,,,,,,,,,,,,,,,,,,,,,,,,,,,,,,,,,,,,,,,,,,,,,,
,,,,,,,,,,,,,,,,,,,,,,,,,,,,,,,,,,,,,,,,,,,,,,,,,,,,,,,,,,,,,,,,,,,,,,,,,,,,,,,,,,,,,,,,,,,,,,,,,,,,,,,,,,,,,,,,,,,,,,,,,,,,,,,,,,,,,,
,,,,,,,,,,,,,,,,,,,,,,,,,,,,,,,,,,,,,,,,,,,,,,,,,,,,,,,,,,,,,,,,,,,,,,,,,,,,,,,,,,,,,,,,,,,,,,,,,,,,,,,,,,,,,,,,,,,,,,,,,,,,,,,,,,,,,,
,,,,,,,,,,,,,,,,,,,,,,,,,,,,,,,,,,,,,,,,,,,,,,,,,,,,,,,,,,,,,,,,,,,,,,,,,,,,,,,,,,,,,,,,,,,,,,,,,,,,,,,,,,,,,,,,,,,,,,,,,,,,,,,,,,,,,,
,,,,,,,,,,,,,,,,,,,,,,,,,,,,,,,,,,,,,,,,,,,,,,,,,,,,,,,,,,,,,,,,,,,,,,,,,,,,,,,,,,,,,,,,,,,,,,,,,,,,,,,,,,,,,,,,,,,,,,,,,,,,,,,,,,,,,,
,,,,,,,,,,,,,,,,,,,,,,,,,,,,,,,,,,,,,,,,,,,,,,,,,,,,,,,,,,,,,,,,,,,,,,,,,,,,,,,,,,,,,,,,,,,,,,,,,,,,,,,,,,,,,,,,,,,,,,,,,,,,,,,,,,,,,,
,,,,,,,,,,,,,,,,,,,,,,,,,,,,,,,,,,,,,,,,,,,,,,,,,,,,,,,,,,,,,,,,,,,,,,,,,,,,,,,,,,,,,,,,,,,,,,,,,,,,,,,,,,,,,,,,,,,,,,,,,,,,,,,,,,,,,,
,,,,,,,,,,,,,,,,,,,,,,,,,,,,,,,,,,,,,,,,,,,,,,,,,,,,,,,,,,,,,,,,,,,,,,,,,,,,,,,,,,,,,,,,,,,,,,,,,,,,,,,,,,,,,,,,,,,,,,,,,,,,,,,,,,,,,,
,,,,,,,,,,,,,,,,,,,,,,,,,,,,,,,,,,,,,,,,,,,,,,,,,,,,,,,,,,,,,,,,,,,,,,,,,,,,,,,,,,,,,,,,,,,,,,,,,,,,,,,,,,,,,,,,,,,,,,,,,,,,,,,,,,,,,,
,,,,,,,,,,,,,,,,,,,,,,,,,,,,,,,,,,,,,,,,,,,,,,,,,,,,,,,,,,,,,,,,,,,,,,,,,,,,,,,,,,,,,,,,,,,,,,,,,,,,,,,,,,,,,,,,,,,,,,,,,,,,,,,,,,,,,,
,,,,,,,,,,,,,,,,,,,,,,,,,,,,,,,,,,,,,,,,,,,,,,,,,,,,,,,,,,,,,,,,,,,,,,,,,,,,,,,,,,,,,,,,,,,,,,,,,,,,,,,,,,,,,,,,,,,,,,,,,,,,,,,,,,,,,,
,,,,,,,,,,,,,,,,,,,,,,,,,,,,,,,,,,,,,,,,,,,,,,,,,,,,,,,,,,,,,,,,,,,,,,,,,,,,,,,,,,,,,,,,,,,,,,,,,,,,,,,,,,,,,,,,,,,,,,,,,,,,,,,,,,,,,,
,,,,,,,,,,,,,,,,,,,,,,,,,,,,,,,,,,,,,,,,,,,,,,,,,,,,,,,,,,,,,,,,,,,,,,,,,,,,,,,,,,,,,,,,,,,,,,,,,,,,,,,,,,,,,,,,,,,,,,,,,,,,,,,,,,,,,,
,,,,,,,,,,,,,,,,,,,,,,,,,,,,,,,,,,,,,,,,,,,,,,,,,,,,,,,,,,,,,,,,,,,,,,,,,,,,,,,,,,,,,,,,,,,,,,,,,,,,,,,,,,,,,,,,,,,,,,,,,,,,,,,,,,,,,,
,,,,,,,,,,,,,,,,,,,,,,,,,,,,,,,,,,,,,,,,,,,,,,,,,,,,,,,,,,,,,,,,,,,,,,,,,,,,,,,,,,,,,,,,,,,,,,,,,,,,,,,,,,,,,,,,,,,,,,,,,,,,,,,,,,,,,,
,,,,,,,,,,,,,,,,,,,,,,,,,,,,,,,,,,,,,,,,,,,,,,,,,,,,,,,,,,,,,,,,,,,,,,,,,,,,,,,,,,,,,,,,,,,,,,,,,,,,,,,,,,,,,,,,,,,,,,,,,,,,,,,,,,,,,,
,,,,,,,,,,,,,,,,,,,,,,,,,,,,,,,,,,,,,,,,,,,,,,,,,,,,,,,,,,,,,,,,,,,,,,,,,,,,,,,,,,,,,,,,,,,,,,,,,,,,,,,,,,,,,,,,,,,,,,,,,,,,,,,,,,,,,,
,,,,,,,,,,,,,,,,,,,,,,,,,,,,,,,,,,,,,,,,,,,,,,,,,,,,,,,,,,,,,,,,,,,,,,,,,,,,,,,,,,,,,,,,,,,,,,,,,,,,,,,,,,,,,,,,,,,,,,,,,,,,,,,,,,,,,,
,,,,,,,,,,,,,,,,,,,,,,,,,,,,,,,,,,,,,,,,,,,,,,,,,,,,,,,,,,,,,,,,,,,,,,,,,,,,,,,,,,,,,,,,,,,,,,,,,,,,,,,,,,,,,,,,,,,,,,,,,,,,,,,,,,,,,,
,,,,,,,,,,,,,,,,,,,,,,,,,,,,,,,,,,,,,,,,,,,,,,,,,,,,,,,,,,,,,,,,,,,,,,,,,,,,,,,,,,,,,,,,,,,,,,,,,,,,,,,,,,,,,,,,,,,,,,,,,,,,,,,,,,,,,,
,,,,,,,,,,,,,,,,,,,,,,,,,,,,,,,,,,,,,,,,,,,,,,,,,,,,,,,,,,,,,,,,,,,,,,,,,,,,,,,,,,,,,,,,,,,,,,,,,,,,,,,,,,,,,,,,,,,,,,,,,,,,,,,,,,,,,,
,,,,,,,,,,,,,,,,,,,,,,,,,,,,,,,,,,,,,,,,,,,,,,,,,,,,,,,,,,,,,,,,,,,,,,,,,,,,,,,,,,,,,,,,,,,,,,,,,,,,,,,,,,,,,,,,,,,,,,,,,,,,,,,,,,,,,,
,,,,,,,,,,,,,,,,,,,,,,,,,,,,,,,,,,,,,,,,,,,,,,,,,,,,,,,,,,,,,,,,,,,,,,,,,,,,,,,,,,,,,,,,,,,,,,,,,,,,,,,,,,,,,,,,,,,,,,,,,,,,,,,,,,,,,,
,,,,,,,,,,,,,,,,,,,,,,,,,,,,,,,,,,,,,,,,,,,,,,,,,,,,,,,,,,,,,,,,,,,,,,,,,,,,,,,,,,,,,,,,,,,,,,,,,,,,,,,,,,,,,,,,,,,,,,,,,,,,,,,,,,,,,,
,,,,,,,,,,,,,,,,,,,,,,,,,,,,,,,,,,,,,,,,,,,,,,,,,,,,,,,,,,,,,,,,,,,,,,,,,,,,,,,,,,,,,,,,,,,,,,,,,,,,,,,,,,,,,,,,,,,,,,,,,,,,,,,,,,,,,,
,,,,,,,,,,,,,,,,,,,,,,,,,,,,,,,,,,,,,,,,,,,,,,,,,,,,,,,,,,,,,,,,,,,,,,,,,,,,,,,,,,,,,,,,,,,,,,,,,,,,,,,,,,,,,,,,,,,,,,,,,,,,,,,,,,,,,,
,,,,,,,,,,,,,,,,,,,,,,,,,,,,,,,,,,,,,,,,,,,,,,,,,,,,,,,,,,,,,,,,,,,,,,,,,,,,,,,,,,,,,,,,,,,,,,,,,,,,,,,,,,,,,,,,,,,,,,,,,,,,,,,,,,,,,,
,,,,,,,,,,,,,,,,,,,,,,,,,,,,,,,,,,,,,,,,,,,,,,,,,,,,,,,,,,,,,,,,,,,,,,,,,,,,,,,,,,,,,,,,,,,,,,,,,,,,,,,,,,,,,,,,,,,,,,,,,,,,,,,,,,,,,,
,,,,,,,,,,,,,,,,,,,,,,,,,,,,,,,,,,,,,,,,,,,,,,,,,,,,,,,,,,,,,,,,,,,,,,,,,,,,,,,,,,,,,,,,,,,,,,,,,,,,,,,,,,,,,,,,,,,,,,,,,,,,,,,,,,,,,,
,,,,,,,,,,,,,,,,,,,,,,,,,,,,,,,,,,,,,,,,,,,,,,,,,,,,,,,,,,,,,,,,,,,,,,,,,,,,,,,,,,,,,,,,,,,,,,,,,,,,,,,,,,,,,,,,,,,,,,,,,,,,,,,,,,,,,,
,,,,,,,,,,,,,,,,,,,,,,,,,,,,,,,,,,,,,,,,,,,,,,,,,,,,,,,,,,,,,,,,,,,,,,,,,,,,,,,,,,,,,,,,,,,,,,,,,,,,,,,,,,,,,,,,,,,,,,,,,,,,,,,,,,,,,,
,,,,,,,,,,,,,,,,,,,,,,,,,,,,,,,,,,,,,,,,,,,,,,,,,,,,,,,,,,,,,,,,,,,,,,,,,,,,,,,,,,,,,,,,,,,,,,,,,,,,,,,,,,,,,,,,,,,,,,,,,,,,,,,,,,,,,,
,,,,,,,,,,,,,,,,,,,,,,,,,,,,,,,,,,,,,,,,,,,,,,,,,,,,,,,,,,,,,,,,,,,,,,,,,,,,,,,,,,,,,,,,,,,,,,,,,,,,,,,,,,,,,,,,,,,,,,,,,,,,,,,,,,,,,,
,,,,,,,,,,,,,,,,,,,,,,,,,,,,,,,,,,,,,,,,,,,,,,,,,,,,,,,,,,,,,,,,,,,,,,,,,,,,,,,,,,,,,,,,,,,,,,,,,,,,,,,,,,,,,,,,,,,,,,,,,,,,,,,,,,,,,,
,,,,,,,,,,,,,,,,,,,,,,,,,,,,,,,,,,,,,,,,,,,,,,,,,,,,,,,,,,,,,,,,,,,,,,,,,,,,,,,,,,,,,,,,,,,,,,,,,,,,,,,,,,,,,,,,,,,,,,,,,,,,,,,,,,,,,,
,,,,,,,,,,,,,,,,,,,,,,,,,,,,,,,,,,,,,,,,,,,,,,,,,,,,,,,,,,,,,,,,,,,,,,,,,,,,,,,,,,,,,,,,,,,,,,,,,,,,,,,,,,,,,,,,,,,,,,,,,,,,,,,,,,,,,,
,,,,,,,,,,,,,,,,,,,,,,,,,,,,,,,,,,,,,,,,,,,,,,,,,,,,,,,,,,,,,,,,,,,,,,,,,,,,,,,,,,,,,,,,,,,,,,,,,,,,,,,,,,,,,,,,,,,,,,,,,,,,,,,,,,,,,,
,,,,,,,,,,,,,,,,,,,,,,,,,,,,,,,,,,,,,,,,,,,,,,,,,,,,,,,,,,,,,,,,,,,,,,,,,,,,,,,,,,,,,,,,,,,,,,,,,,,,,,,,,,,,,,,,,,,,,,,,,,,,,,,,,,,,,,
,,,,,,,,,,,,,,,,,,,,,,,,,,,,,,,,,,,,,,,,,,,,,,,,,,,,,,,,,,,,,,,,,,,,,,,,,,,,,,,,,,,,,,,,,,,,,,,,,,,,,,,,,,,,,,,,,,,,,,,,,,,,,,,,,,,,,,
,,,,,,,,,,,,,,,,,,,,,,,,,,,,,,,,,,,,,,,,,,,,,,,,,,,,,,,,,,,,,,,,,,,,,,,,,,,,,,,,,,,,,,,,,,,,,,,,,,,,,,,,,,,,,,,,,,,,,,,,,,,,,,,,,,,,,,
,,,,,,,,,,,,,,,,,,,,,,,,,,,,,,,,,,,,,,,,,,,,,,,,,,,,,,,,,,,,,,,,,,,,,,,,,,,,,,,,,,,,,,,,,,,,,,,,,,,,,,,,,,,,,,,,,,,,,,,,,,,,,,,,,,,,,,
,,,,,,,,,,,,,,,,,,,,,,,,,,,,,,,,,,,,,,,,,,,,,,,,,,,,,,,,,,,,,,,,,,,,,,,,,,,,,,,,,,,,,,,,,,,,,,,,,,,,,,,,,,,,,,,,,,,,,,,,,,,,,,,,,,,,,,
,,,,,,,,,,,,,,,,,,,,,,,,,,,,,,,,,,,,,,,,,,,,,,,,,,,,,,,,,,,,,,,,,,,,,,,,,,,,,,,,,,,,,,,,,,,,,,,,,,,,,,,,,,,,,,,,,,,,,,,,,,,,,,,,,,,,,,
,,,,,,,,,,,,,,,,,,,,,,,,,,,,,,,,,,,,,,,,,,,,,,,,,,,,,,,,,,,,,,,,,,,,,,,,,,,,,,,,,,,,,,,,,,,,,,,,,,,,,,,,,,,,,,,,,,,,,,,,,,,,,,,,,,,,,,
,,,,,,,,,,,,,,,,,,,,,,,,,,,,,,,,,,,,,,,,,,,,,,,,,,,,,,,,,,,,,,,,,,,,,,,,,,,,,,,,,,,,,,,,,,,,,,,,,,,,,,,,,,,,,,,,,,,,,,,,,,,,,,,,,,,,,,
,,,,,,,,,,,,,,,,,,,,,,,,,,,,,,,,,,,,,,,,,,,,,,,,,,,,,,,,,,,,,,,,,,,,,,,,,,,,,,,,,,,,,,,,,,,,,,,,,,,,,,,,,,,,,,,,,,,,,,,,,,,,,,,,,,,,,,
,,,,,,,,,,,,,,,,,,,,,,,,,,,,,,,,,,,,,,,,,,,,,,,,,,,,,,,,,,,,,,,,,,,,,,,,,,,,,,,,,,,,,,,,,,,,,,,,,,,,,,,,,,,,,,,,,,,,,,,,,,,,,,,,,,,,,,
,,,,,,,,,,,,,,,,,,,,,,,,,,,,,,,,,,,,,,,,,,,,,,,,,,,,,,,,,,,,,,,,,,,,,,,,,,,,,,,,,,,,,,,,,,,,,,,,,,,,,,,,,,,,,,,,,,,,,,,,,,,,,,,,,,,,,,
,,,,,,,,,,,,,,,,,,,,,,,,,,,,,,,,,,,,,,,,,,,,,,,,,,,,,,,,,,,,,,,,,,,,,,,,,,,,,,,,,,,,,,,,,,,,,,,,,,,,,,,,,,,,,,,,,,,,,,,,,,,,,,,,,,,,,,
,,,,,,,,,,,,,,,,,,,,,,,,,,,,,,,,,,,,,,,,,,,,,,,,,,,,,,,,,,,,,,,,,,,,,,,,,,,,,,,,,,,,,,,,,,,,,,,,,,,,,,,,,,,,,,,,,,,,,,,,,,,,,,,,,,,,,,
,,,,,,,,,,,,,,,,,,,,,,,,,,,,,,,,,,,,,,,,,,,,,,,,,,,,,,,,,,,,,,,,,,,,,,,,,,,,,,,,,,,,,,,,,,,,,,,,,,,,,,,,,,,,,,,,,,,,,,,,,,,,,,,,,,,,,,
,,,,,,,,,,,,,,,,,,,,,,,,,,,,,,,,,,,,,,,,,,,,,,,,,,,,,,,,,,,,,,,,,,,,,,,,,,,,,,,,,,,,,,,,,,,,,,,,,,,,,,,,,,,,,,,,,,,,,,,,,,,,,,,,,,,,,,
,,,,,,,,,,,,,,,,,,,,,,,,,,,,,,,,,,,,,,,,,,,,,,,,,,,,,,,,,,,,,,,,,,,,,,,,,,,,,,,,,,,,,,,,,,,,,,,,,,,,,,,,,,,,,,,,,,,,,,,,,,,,,,,,,,,,,,
,,,,,,,,,,,,,,,,,,,,,,,,,,,,,,,,,,,,,,,,,,,,,,,,,,,,,,,,,,,,,,,,,,,,,,,,,,,,,,,,,,,,,,,,,,,,,,,,,,,,,,,,,,,,,,,,,,,,,,,,,,,,,,,,,,,,,,
,,,,,,,,,,,,,,,,,,,,,,,,,,,,,,,,,,,,,,,,,,,,,,,,,,,,,,,,,,,,,,,,,,,,,,,,,,,,,,,,,,,,,,,,,,,,,,,,,,,,,,,,,,,,,,,,,,,,,,,,,,,,,,,,,,,,,,
,,,,,,,,,,,,,,,,,,,,,,,,,,,,,,,,,,,,,,,,,,,,,,,,,,,,,,,,,,,,,,,,,,,,,,,,,,,,,,,,,,,,,,,,,,,,,,,,,,,,,,,,,,,,,,,,,,,,,,,,,,,,,,,,,,,,,,
,,,,,,,,,,,,,,,,,,,,,,,,,,,,,,,,,,,,,,,,,,,,,,,,,,,,,,,,,,,,,,,,,,,,,,,,,,,,,,,,,,,,,,,,,,,,,,,,,,,,,,,,,,,,,,,,,,,,,,,,,,,,,,,,,,,,,,
,,,,,,,,,,,,,,,,,,,,,,,,,,,,,,,,,,,,,,,,,,,,,,,,,,,,,,,,,,,,,,,,,,,,,,,,,,,,,,,,,,,,,,,,,,,,,,,,,,,,,,,,,,,,,,,,,,,,,,,,,,,,,,,,,,,,,,
,,,,,,,,,,,,,,,,,,,,,,,,,,,,,,,,,,,,,,,,,,,,,,,,,,,,,,,,,,,,,,,,,,,,,,,,,,,,,,,,,,,,,,,,,,,,,,,,,,,,,,,,,,,,,,,,,,,,,,,,,,,,,,,,,,,,,,
,,,,,,,,,,,,,,,,,,,,,,,,,,,,,,,,,,,,,,,,,,,,,,,,,,,,,,,,,,,,,,,,,,,,,,,,,,,,,,,,,,,,,,,,,,,,,,,,,,,,,,,,,,,,,,,,,,,,,,,,,,,,,,,,,,,,,,
,,,,,,,,,,,,,,,,,,,,,,,,,,,,,,,,,,,,,,,,,,,,,,,,,,,,,,,,,,,,,,,,,,,,,,,,,,,,,,,,,,,,,,,,,,,,,,,,,,,,,,,,,,,,,,,,,,,,,,,,,,,,,,,,,,,,,,
,,,,,,,,,,,,,,,,,,,,,,,,,,,,,,,,,,,,,,,,,,,,,,,,,,,,,,,,,,,,,,,,,,,,,,,,,,,,,,,,,,,,,,,,,,,,,,,,,,,,,,,,,,,,,,,,,,,,,,,,,,,,,,,,,,,,,,
,,,,,,,,,,,,,,,,,,,,,,,,,,,,,,,,,,,,,,,,,,,,,,,,,,,,,,,,,,,,,,,,,,,,,,,,,,,,,,,,,,,,,,,,,,,,,,,,,,,,,,,,,,,,,,,,,,,,,,,,,,,,,,,,,,,,,,
,,,,,,,,,,,,,,,,,,,,,,,,,,,,,,,,,,,,,,,,,,,,,,,,,,,,,,,,,,,,,,,,,,,,,,,,,,,,,,,,,,,,,,,,,,,,,,,,,,,,,,,,,,,,,,,,,,,,,,,,,,,,,,,,,,,,,,
,,,,,,,,,,,,,,,,,,,,,,,,,,,,,,,,,,,,,,,,,,,,,,,,,,,,,,,,,,,,,,,,,,,,,,,,,,,,,,,,,,,,,,,,,,,,,,,,,,,,,,,,,,,,,,,,,,,,,,,,,,,,,,,,,,,,,,
,,,,,,,,,,,,,,,,,,,,,,,,,,,,,,,,,,,,,,,,,,,,,,,,,,,,,,,,,,,,,,,,,,,,,,,,,,,,,,,,,,,,,,,,,,,,,,,,,,,,,,,,,,,,,,,,,,,,,,,,,,,,,,,,,,,,,,
,,,,,,,,,,,,,,,,,,,,,,,,,,,,,,,,,,,,,,,,,,,,,,,,,,,,,,,,,,,,,,,,,,,,,,,,,,,,,,,,,,,,,,,,,,,,,,,,,,,,,,,,,,,,,,,,,,,,,,,,,,,,,,,,,,,,,,
,,,,,,,,,,,,,,,,,,,,,,,,,,,,,,,,,,,,,,,,,,,,,,,,,,,,,,,,,,,,,,,,,,,,,,,,,,,,,,,,,,,,,,,,,,,,,,,,,,,,,,,,,,,,,,,,,,,,,,,,,,,,,,,,,,,,,,
,,,,,,,,,,,,,,,,,,,,,,,,,,,,,,,,,,,,,,,,,,,,,,,,,,,,,,,,,,,,,,,,,,,,,,,,,,,,,,,,,,,,,,,,,,,,,,,,,,,,,,,,,,,,,,,,,,,,,,,,,,,,,,,,,,,,,,
,,,,,,,,,,,,,,,,,,,,,,,,,,,,,,,,,,,,,,,,,,,,,,,,,,,,,,,,,,,,,,,,,,,,,,,,,,,,,,,,,,,,,,,,,,,,,,,,,,,,,,,,,,,,,,,,,,,,,,,,,,,,,,,,,,,,,,
,,,,,,,,,,,,,,,,,,,,,,,,,,,,,,,,,,,,,,,,,,,,,,,,,,,,,,,,,,,,,,,,,,,,,,,,,,,,,,,,,,,,,,,,,,,,,,,,,,,,,,,,,,,,,,,,,,,,,,,,,,,,,,,,,,,,,,
,,,,,,,,,,,,,,,,,,,,,,,,,,,,,,,,,,,,,,,,,,,,,,,,,,,,,,,,,,,,,,,,,,,,,,,,,,,,,,,,,,,,,,,,,,,,,,,,,,,,,,,,,,,,,,,,,,,,,,,,,,,,,,,,,,,,,,
,,,,,,,,,,,,,,,,,,,,,,,,,,,,,,,,,,,,,,,,,,,,,,,,,,,,,,,,,,,,,,,,,,,,,,,,,,,,,,,,,,,,,,,,,,,,,,,,,,,,,,,,,,,,,,,,,,,,,,,,,,,,,,,,,,,,,,
,,,,,,,,,,,,,,,,,,,,,,,,,,,,,,,,,,,,,,,,,,,,,,,,,,,,,,,,,,,,,,,,,,,,,,,,,,,,,,,,,,,,,,,,,,,,,,,,,,,,,,,,,,,,,,,,,,,,,,,,,,,,,,,,,,,,,,
,,,,,,,,,,,,,,,,,,,,,,,,,,,,,,,,,,,,,,,,,,,,,,,,,,,,,,,,,,,,,,,,,,,,,,,,,,,,,,,,,,,,,,,,,,,,,,,,,,,,,,,,,,,,,,,,,,,,,,,,,,,,,,,,,,,,,,
,,,,,,,,,,,,,,,,,,,,,,,,,,,,,,,,,,,,,,,,,,,,,,,,,,,,,,,,,,,,,,,,,,,,,,,,,,,,,,,,,,,,,,,,,,,,,,,,,,,,,,,,,,,,,,,,,,,,,,,,,,,,,,,,,,,,,,
,,,,,,,,,,,,,,,,,,,,,,,,,,,,,,,,,,,,,,,,,,,,,,,,,,,,,,,,,,,,,,,,,,,,,,,,,,,,,,,,,,,,,,,,,,,,,,,,,,,,,,,,,,,,,,,,,,,,,,,,,,,,,,,,,,,,,,
,,,,,,,,,,,,,,,,,,,,,,,,,,,,,,,,,,,,,,,,,,,,,,,,,,,,,,,,,,,,,,,,,,,,,,,,,,,,,,,,,,,,,,,,,,,,,,,,,,,,,,,,,,,,,,,,,,,,,,,,,,,,,,,,,,,,,,
,,,,,,,,,,,,,,,,,,,,,,,,,,,,,,,,,,,,,,,,,,,,,,,,,,,,,,,,,,,,,,,,,,,,,,,,,,,,,,,,,,,,,,,,,,,,,,,,,,,,,,,,,,,,,,,,,,,,,,,,,,,,,,,,,,,,,,
,,,,,,,,,,,,,,,,,,,,,,,,,,,,,,,,,,,,,,,,,,,,,,,,,,,,,,,,,,,,,,,,,,,,,,,,,,,,,,,,,,,,,,,,,,,,,,,,,,,,,,,,,,,,,,,,,,,,,,,,,,,,,,,,,,,,,,
,,,,,,,,,,,,,,,,,,,,,,,,,,,,,,,,,,,,,,,,,,,,,,,,,,,,,,,,,,,,,,,,,,,,,,,,,,,,,,,,,,,,,,,,,,,,,,,,,,,,,,,,,,,,,,,,,,,,,,,,,,,,,,,,,,,,,,
,,,,,,,,,,,,,,,,,,,,,,,,,,,,,,,,,,,,,,,,,,,,,,,,,,,,,,,,,,,,,,,,,,,,,,,,,,,,,,,,,,,,,,,,,,,,,,,,,,,,,,,,,,,,,,,,,,,,,,,,,,,,,,,,,,,,,,
,,,,,,,,,,,,,,,,,,,,,,,,,,,,,,,,,,,,,,,,,,,,,,,,,,,,,,,,,,,,,,,,,,,,,,,,,,,,,,,,,,,,,,,,,,,,,,,,,,,,,,,,,,,,,,,,,,,,,,,,,,,,,,,,,,,,,,
,,,,,,,,,,,,,,,,,,,,,,,,,,,,,,,,,,,,,,,,,,,,,,,,,,,,,,,,,,,,,,,,,,,,,,,,,,,,,,,,,,,,,,,,,,,,,,,,,,,,,,,,,,,,,,,,,,,,,,,,,,,,,,,,,,,,,,
,,,,,,,,,,,,,,,,,,,,,,,,,,,,,,,,,,,,,,,,,,,,,,,,,,,,,,,,,,,,,,,,,,,,,,,,,,,,,,,,,,,,,,,,,,,,,,,,,,,,,,,,,,,,,,,,,,,,,,,,,,,,,,,,,,,,,,
,,,,,,,,,,,,,,,,,,,,,,,,,,,,,,,,,,,,,,,,,,,,,,,,,,,,,,,,,,,,,,,,,,,,,,,,,,,,,,,,,,,,,,,,,,,,,,,,,,,,,,,,,,,,,,,,,,,,,,,,,,,,,,,,,,,,,,
,,,,,,,,,,,,,,,,,,,,,,,,,,,,,,,,,,,,,,,,,,,,,,,,,,,,,,,,,,,,,,,,,,,,,,,,,,,,,,,,,,,,,,,,,,,,,,,,,,,,,,,,,,,,,,,,,,,,,,,,,,,,,,,,,,,,,,
,,,,,,,,,,,,,,,,,,,,,,,,,,,,,,,,,,,,,,,,,,,,,,,,,,,,,,,,,,,,,,,,,,,,,,,,,,,,,,,,,,,,,,,,,,,,,,,,,,,,,,,,,,,,,,,,,,,,,,,,,,,,,,,,,,,,,,
,,,,,,,,,,,,,,,,,,,,,,,,,,,,,,,,,,,,,,,,,,,,,,,,,,,,,,,,,,,,,,,,,,,,,,,,,,,,,,,,,,,,,,,,,,,,,,,,,,,,,,,,,,,,,,,,,,,,,,,,,,,,,,,,,,,,,,
,,,,,,,,,,,,,,,,,,,,,,,,,,,,,,,,,,,,,,,,,,,,,,,,,,,,,,,,,,,,,,,,,,,,,,,,,,,,,,,,,,,,,,,,,,,,,,,,,,,,,,,,,,,,,,,,,,,,,,,,,,,,,,,,,,,,,,
,,,,,,,,,,,,,,,,,,,,,,,,,,,,,,,,,,,,,,,,,,,,,,,,,,,,,,,,,,,,,,,,,,,,,,,,,,,,,,,,,,,,,,,,,,,,,,,,,,,,,,,,,,,,,,,,,,,,,,,,,,,,,,,,,,,,,,
,,,,,,,,,,,,,,,,,,,,,,,,,,,,,,,,,,,,,,,,,,,,,,,,,,,,,,,,,,,,,,,,,,,,,,,,,,,,,,,,,,,,,,,,,,,,,,,,,,,,,,,,,,,,,,,,,,,,,,,,,,,,,,,,,,,,,,
,,,,,,,,,,,,,,,,,,,,,,,,,,,,,,,,,,,,,,,,,,,,,,,,,,,,,,,,,,,,,,,,,,,,,,,,,,,,,,,,,,,,,,,,,,,,,,,,,,,,,,,,,,,,,,,,,,,,,,,,,,,,,,,,,,,,,,
,,,,,,,,,,,,,,,,,,,,,,,,,,,,,,,,,,,,,,,,,,,,,,,,,,,,,,,,,,,,,,,,,,,,,,,,,,,,,,,,,,,,,,,,,,,,,,,,,,,,,,,,,,,,,,,,,,,,,,,,,,,,,,,,,,,,,,
,,,,,,,,,,,,,,,,,,,,,,,,,,,,,,,,,,,,,,,,,,,,,,,,,,,,,,,,,,,,,,,,,,,,,,,,,,,,,,,,,,,,,,,,,,,,,,,,,,,,,,,,,,,,,,,,,,,,,,,,,,,,,,,,,,,,,,
,,,,,,,,,,,,,,,,,,,,,,,,,,,,,,,,,,,,,,,,,,,,,,,,,,,,,,,,,,,,,,,,,,,,,,,,,,,,,,,,,,,,,,,,,,,,,,,,,,,,,,,,,,,,,,,,,,,,,,,,,,,,,,,,,,,,,,
,,,,,,,,,,,,,,,,,,,,,,,,,,,,,,,,,,,,,,,,,,,,,,,,,,,,,,,,,,,,,,,,,,,,,,,,,,,,,,,,,,,,,,,,,,,,,,,,,,,,,,,,,,,,,,,,,,,,,,,,,,,,,,,,,,,,,,
,,,,,,,,,,,,,,,,,,,,,,,,,,,,,,,,,,,,,,,,,,,,,,,,,,,,,,,,,,,,,,,,,,,,,,,,,,,,,,,,,,,,,,,,,,,,,,,,,,,,,,,,,,,,,,,,,,,,,,,,,,,,,,,,,,,,,,
,,,,,,,,,,,,,,,,,,,,,,,,,,,,,,,,,,,,,,,,,,,,,,,,,,,,,,,,,,,,,,,,,,,,,,,,,,,,,,,,,,,,,,,,,,,,,,,,,,,,,,,,,,,,,,,,,,,,,,,,,,,,,,,,,,,,,,
,,,,,,,,,,,,,,,,,,,,,,,,,,,,,,,,,,,,,,,,,,,,,,,,,,,,,,,,,,,,,,,,,,,,,,,,,,,,,,,,,,,,,,,,,,,,,,,,,,,,,,,,,,,,,,,,,,,,,,,,,,,,,,,,,,,,,,
,,,,,,,,,,,,,,,,,,,,,,,,,,,,,,,,,,,,,,,,,,,,,,,,,,,,,,,,,,,,,,,,,,,,,,,,,,,,,,,,,,,,,,,,,,,,,,,,,,,,,,,,,,,,,,,,,,,,,,,,,,,,,,,,,,,,,,
,,,,,,,,,,,,,,,,,,,,,,,,,,,,,,,,,,,,,,,,,,,,,,,,,,,,,,,,,,,,,,,,,,,,,,,,,,,,,,,,,,,,,,,,,,,,,,,,,,,,,,,,,,,,,,,,,,,,,,,,,,,,,,,,,,,,,,
,,,,,,,,,,,,,,,,,,,,,,,,,,,,,,,,,,,,,,,,,,,,,,,,,,,,,,,,,,,,,,,,,,,,,,,,,,,,,,,,,,,,,,,,,,,,,,,,,,,,,,,,,,,,,,,,,,,,,,,,,,,,,,,,,,,,,,
,,,,,,,,,,,,,,,,,,,,,,,,,,,,,,,,,,,,,,,,,,,,,,,,,,,,,,,,,,,,,,,,,,,,,,,,,,,,,,,,,,,,,,,,,,,,,,,,,,,,,,,,,,,,,,,,,,,,,,,,,,,,,,,,,,,,,,
,,,,,,,,,,,,,,,,,,,,,,,,,,,,,,,,,,,,,,,,,,,,,,,,,,,,,,,,,,,,,,,,,,,,,,,,,,,,,,,,,,,,,,,,,,,,,,,,,,,,,,,,,,,,,,,,,,,,,,,,,,,,,,,,,,,,,,
,,,,,,,,,,,,,,,,,,,,,,,,,,,,,,,,,,,,,,,,,,,,,,,,,,,,,,,,,,,,,,,,,,,,,,,,,,,,,,,,,,,,,,,,,,,,,,,,,,,,,,,,,,,,,,,,,,,,,,,,,,,,,,,,,,,,,,
,,,,,,,,,,,,,,,,,,,,,,,,,,,,,,,,,,,,,,,,,,,,,,,,,,,,,,,,,,,,,,,,,,,,,,,,,,,,,,,,,,,,,,,,,,,,,,,,,,,,,,,,,,,,,,,,,,,,,,,,,,,,,,,,,,,,,,
,,,,,,,,,,,,,,,,,,,,,,,,,,,,,,,,,,,,,,,,,,,,,,,,,,,,,,,,,,,,,,,,,,,,,,,,,,,,,,,,,,,,,,,,,,,,,,,,,,,,,,,,,,,,,,,,,,,,,,,,,,,,,,,,,,,,,,
,,,,,,,,,,,,,,,,,,,,,,,,,,,,,,,,,,,,,,,,,,,,,,,,,,,,,,,,,,,,,,,,,,,,,,,,,,,,,,,,,,,,,,,,,,,,,,,,,,,,,,,,,,,,,,,,,,,,,,,,,,,,,,,,,,,,,,
,,,,,,,,,,,,,,,,,,,,,,,,,,,,,,,,,,,,,,,,,,,,,,,,,,,,,,,,,,,,,,,,,,,,,,,,,,,,,,,,,,,,,,,,,,,,,,,,,,,,,,,,,,,,,,,,,,,,,,,,,,,,,,,,,,,,,,
,,,,,,,,,,,,,,,,,,,,,,,,,,,,,,,,,,,,,,,,,,,,,,,,,,,,,,,,,,,,,,,,,,,,,,,,,,,,,,,,,,,,,,,,,,,,,,,,,,,,,,,,,,,,,,,,,,,,,,,,,,,,,,,,,,,,,,
,,,,,,,,,,,,,,,,,,,,,,,,,,,,,,,,,,,,,,,,,,,,,,,,,,,,,,,,,,,,,,,,,,,,,,,,,,,,,,,,,,,,,,,,,,,,,,,,,,,,,,,,,,,,,,,,,,,,,,,,,,,,,,,,,,,,,,
,,,,,,,,,,,,,,,,,,,,,,,,,,,,,,,,,,,,,,,,,,,,,,,,,,,,,,,,,,,,,,,,,,,,,,,,,,,,,,,,,,,,,,,,,,,,,,,,,,,,,,,,,,,,,,,,,,,,,,,,,,,,,,,,,,,,,,
,,,,,,,,,,,,,,,,,,,,,,,,,,,,,,,,,,,,,,,,,,,,,,,,,,,,,,,,,,,,,,,,,,,,,,,,,,,,,,,,,,,,,,,,,,,,,,,,,,,,,,,,,,,,,,,,,,,,,,,,,,,,,,,,,,,,,,
,,,,,,,,,,,,,,,,,,,,,,,,,,,,,,,,,,,,,,,,,,,,,,,,,,,,,,,,,,,,,,,,,,,,,,,,,,,,,,,,,,,,,,,,,,,,,,,,,,,,,,,,,,,,,,,,,,,,,,,,,,,,,,,,,,,,,,
,,,,,,,,,,,,,,,,,,,,,,,,,,,,,,,,,,,,,,,,,,,,,,,,,,,,,,,,,,,,,,,,,,,,,,,,,,,,,,,,,,,,,,,,,,,,,,,,,,,,,,,,,,,,,,,,,,,,,,,,,,,,,,,,,,,,,,
,,,,,,,,,,,,,,,,,,,,,,,,,,,,,,,,,,,,,,,,,,,,,,,,,,,,,,,,,,,,,,,,,,,,,,,,,,,,,,,,,,,,,,,,,,,,,,,,,,,,,,,,,,,,,,,,,,,,,,,,,,,,,,,,,,,,,,
,,,,,,,,,,,,,,,,,,,,,,,,,,,,,,,,,,,,,,,,,,,,,,,,,,,,,,,,,,,,,,,,,,,,,,,,,,,,,,,,,,,,,,,,,,,,,,,,,,,,,,,,,,,,,,,,,,,,,,,,,,,,,,,,,,,,,,
,,,,,,,,,,,,,,,,,,,,,,,,,,,,,,,,,,,,,,,,,,,,,,,,,,,,,,,,,,,,,,,,,,,,,,,,,,,,,,,,,,,,,,,,,,,,,,,,,,,,,,,,,,,,,,,,,,,,,,,,,,,,,,,,,,,,,,
,,,,,,,,,,,,,,,,,,,,,,,,,,,,,,,,,,,,,,,,,,,,,,,,,,,,,,,,,,,,,,,,,,,,,,,,,,,,,,,,,,,,,,,,,,,,,,,,,,,,,,,,,,,,,,,,,,,,,,,,,,,,,,,,,,,,,,
,,,,,,,,,,,,,,,,,,,,,,,,,,,,,,,,,,,,,,,,,,,,,,,,,,,,,,,,,,,,,,,,,,,,,,,,,,,,,,,,,,,,,,,,,,,,,,,,,,,,,,,,,,,,,,,,,,,,,,,,,,,,,,,,,,,,,,
,,,,,,,,,,,,,,,,,,,,,,,,,,,,,,,,,,,,,,,,,,,,,,,,,,,,,,,,,,,,,,,,,,,,,,,,,,,,,,,,,,,,,,,,,,,,,,,,,,,,,,,,,,,,,,,,,,,,,,,,,,,,,,,,,,,,,,
,,,,,,,,,,,,,,,,,,,,,,,,,,,,,,,,,,,,,,,,,,,,,,,,,,,,,,,,,,,,,,,,,,,,,,,,,,,,,,,,,,,,,,,,,,,,,,,,,,,,,,,,,,,,,,,,,,,,,,,,,,,,,,,,,,,,,,
,,,,,,,,,,,,,,,,,,,,,,,,,,,,,,,,,,,,,,,,,,,,,,,,,,,,,,,,,,,,,,,,,,,,,,,,,,,,,,,,,,,,,,,,,,,,,,,,,,,,,,,,,,,,,,,,,,,,,,,,,,,,,,,,,,,,,,
,,,,,,,,,,,,,,,,,,,,,,,,,,,,,,,,,,,,,,,,,,,,,,,,,,,,,,,,,,,,,,,,,,,,,,,,,,,,,,,,,,,,,,,,,,,,,,,,,,,,,,,,,,,,,,,,,,,,,,,,,,,,,,,,,,,,,,
,,,,,,,,,,,,,,,,,,,,,,,,,,,,,,,,,,,,,,,,,,,,,,,,,,,,,,,,,,,,,,,,,,,,,,,,,,,,,,,,,,,,,,,,,,,,,,,,,,,,,,,,,,,,,,,,,,,,,,,,,,,,,,,,,,,,,,
,,,,,,,,,,,,,,,,,,,,,,,,,,,,,,,,,,,,,,,,,,,,,,,,,,,,,,,,,,,,,,,,,,,,,,,,,,,,,,,,,,,,,,,,,,,,,,,,,,,,,,,,,,,,,,,,,,,,,,,,,,,,,,,,,,,,,,
,,,,,,,,,,,,,,,,,,,,,,,,,,,,,,,,,,,,,,,,,,,,,,,,,,,,,,,,,,,,,,,,,,,,,,,,,,,,,,,,,,,,,,,,,,,,,,,,,,,,,,,,,,,,,,,,,,,,,,,,,,,,,,,,,,,,,,
,,,,,,,,,,,,,,,,,,,,,,,,,,,,,,,,,,,,,,,,,,,,,,,,,,,,,,,,,,,,,,,,,,,,,,,,,,,,,,,,,,,,,,,,,,,,,,,,,,,,,,,,,,,,,,,,,,,,,,,,,,,,,,,,,,,,,,
,,,,,,,,,,,,,,,,,,,,,,,,,,,,,,,,,,,,,,,,,,,,,,,,,,,,,,,,,,,,,,,,,,,,,,,,,,,,,,,,,,,,,,,,,,,,,,,,,,,,,,,,,,,,,,,,,,,,,,,,,,,,,,,,,,,,,,
,,,,,,,,,,,,,,,,,,,,,,,,,,,,,,,,,,,,,,,,,,,,,,,,,,,,,,,,,,,,,,,,,,,,,,,,,,,,,,,,,,,,,,,,,,,,,,,,,,,,,,,,,,,,,,,,,,,,,,,,,,,,,,,,,,,,,,
,,,,,,,,,,,,,,,,,,,,,,,,,,,,,,,,,,,,,,,,,,,,,,,,,,,,,,,,,,,,,,,,,,,,,,,,,,,,,,,,,,,,,,,,,,,,,,,,,,,,,,,,,,,,,,,,,,,,,,,,,,,,,,,,,,,,,,
,,,,,,,,,,,,,,,,,,,,,,,,,,,,,,,,,,,,,,,,,,,,,,,,,,,,,,,,,,,,,,,,,,,,,,,,,,,,,,,,,,,,,,,,,,,,,,,,,,,,,,,,,,,,,,,,,,,,,,,,,,,,,,,,,,,,,,
,,,,,,,,,,,,,,,,,,,,,,,,,,,,,,,,,,,,,,,,,,,,,,,,,,,,,,,,,,,,,,,,,,,,,,,,,,,,,,,,,,,,,,,,,,,,,,,,,,,,,,,,,,,,,,,,,,,,,,,,,,,,,,,,,,,,,,
,,,,,,,,,,,,,,,,,,,,,,,,,,,,,,,,,,,,,,,,,,,,,,,,,,,,,,,,,,,,,,,,,,,,,,,,,,,,,,,,,,,,,,,,,,,,,,,,,,,,,,,,,,,,,,,,,,,,,,,,,,,,,,,,,,,,,,
,,,,,,,,,,,,,,,,,,,,,,,,,,,,,,,,,,,,,,,,,,,,,,,,,,,,,,,,,,,,,,,,,,,,,,,,,,,,,,,,,,,,,,,,,,,,,,,,,,,,,,,,,,,,,,,,,,,,,,,,,,,,,,,,,,,,,,
,,,,,,,,,,,,,,,,,,,,,,,,,,,,,,,,,,,,,,,,,,,,,,,,,,,,,,,,,,,,,,,,,,,,,,,,,,,,,,,,,,,,,,,,,,,,,,,,,,,,,,,,,,,,,,,,,,,,,,,,,,,,,,,,,,,,,,
,,,,,,,,,,,,,,,,,,,,,,,,,,,,,,,,,,,,,,,,,,,,,,,,,,,,,,,,,,,,,,,,,,,,,,,,,,,,,,,,,,,,,,,,,,,,,,,,,,,,,,,,,,,,,,,,,,,,,,,,,,,,,,,,,,,,,,
,,,,,,,,,,,,,,,,,,,,,,,,,,,,,,,,,,,,,,,,,,,,,,,,,,,,,,,,,,,,,,,,,,,,,,,,,,,,,,,,,,,,,,,,,,,,,,,,,,,,,,,,,,,,,,,,,,,,,,,,,,,,,,,,,,,,,,
,,,,,,,,,,,,,,,,,,,,,,,,,,,,,,,,,,,,,,,,,,,,,,,,,,,,,,,,,,,,,,,,,,,,,,,,,,,,,,,,,,,,,,,,,,,,,,,,,,,,,,,,,,,,,,,,,,,,,,,,,,,,,,,,,,,,,,
,,,,,,,,,,,,,,,,,,,,,,,,,,,,,,,,,,,,,,,,,,,,,,,,,,,,,,,,,,,,,,,,,,,,,,,,,,,,,,,,,,,,,,,,,,,,,,,,,,,,,,,,,,,,,,,,,,,,,,,,,,,,,,,,,,,,,,
,,,,,,,,,,,,,,,,,,,,,,,,,,,,,,,,,,,,,,,,,,,,,,,,,,,,,,,,,,,,,,,,,,,,,,,,,,,,,,,,,,,,,,,,,,,,,,,,,,,,,,,,,,,,,,,,,,,,,,,,,,,,,,,,,,,,,,
,,,,,,,,,,,,,,,,,,,,,,,,,,,,,,,,,,,,,,,,,,,,,,,,,,,,,,,,,,,,,,,,,,,,,,,,,,,,,,,,,,,,,,,,,,,,,,,,,,,,,,,,,,,,,,,,,,,,,,,,,,,,,,,,,,,,,,
,,,,,,,,,,,,,,,,,,,,,,,,,,,,,,,,,,,,,,,,,,,,,,,,,,,,,,,,,,,,,,,,,,,,,,,,,,,,,,,,,,,,,,,,,,,,,,,,,,,,,,,,,,,,,,,,,,,,,,,,,,,,,,,,,,,,,,
,,,,,,,,,,,,,,,,,,,,,,,,,,,,,,,,,,,,,,,,,,,,,,,,,,,,,,,,,,,,,,,,,,,,,,,,,,,,,,,,,,,,,,,,,,,,,,,,,,,,,,,,,,,,,,,,,,,,,,,,,,,,,,,,,,,,,,
,,,,,,,,,,,,,,,,,,,,,,,,,,,,,,,,,,,,,,,,,,,,,,,,,,,,,,,,,,,,,,,,,,,,,,,,,,,,,,,,,,,,,,,,,,,,,,,,,,,,,,,,,,,,,,,,,,,,,,,,,,,,,,,,,,,,,,
,,,,,,,,,,,,,,,,,,,,,,,,,,,,,,,,,,,,,,,,,,,,,,,,,,,,,,,,,,,,,,,,,,,,,,,,,,,,,,,,,,,,,,,,,,,,,,,,,,,,,,,,,,,,,,,,,,,,,,,,,,,,,,,,,,,,,,
,,,,,,,,,,,,,,,,,,,,,,,,,,,,,,,,,,,,,,,,,,,,,,,,,,,,,,,,,,,,,,,,,,,,,,,,,,,,,,,,,,,,,,,,,,,,,,,,,,,,,,,,,,,,,,,,,,,,,,,,,,,,,,,,,,,,,,
,,,,,,,,,,,,,,,,,,,,,,,,,,,,,,,,,,,,,,,,,,,,,,,,,,,,,,,,,,,,,,,,,,,,,,,,,,,,,,,,,,,,,,,,,,,,,,,,,,,,,,,,,,,,,,,,,,,,,,,,,,,,,,,,,,,,,,
,,,,,,,,,,,,,,,,,,,,,,,,,,,,,,,,,,,,,,,,,,,,,,,,,,,,,,,,,,,,,,,,,,,,,,,,,,,,,,,,,,,,,,,,,,,,,,,,,,,,,,,,,,,,,,,,,,,,,,,,,,,,,,,,,,,,,,
,,,,,,,,,,,,,,,,,,,,,,,,,,,,,,,,,,,,,,,,,,,,,,,,,,,,,,,,,,,,,,,,,,,,,,,,,,,,,,,,,,,,,,,,,,,,,,,,,,,,,,,,,,,,,,,,,,,,,,,,,,,,,,,,,,,,,,
,,,,,,,,,,,,,,,,,,,,,,,,,,,,,,,,,,,,,,,,,,,,,,,,,,,,,,,,,,,,,,,,,,,,,,,,,,,,,,,,,,,,,,,,,,,,,,,,,,,,,,,,,,,,,,,,,,,,,,,,,,,,,,,,,,,,,,
,,,,,,,,,,,,,,,,,,,,,,,,,,,,,,,,,,,,,,,,,,,,,,,,,,,,,,,,,,,,,,,,,,,,,,,,,,,,,,,,,,,,,,,,,,,,,,,,,,,,,,,,,,,,,,,,,,,,,,,,,,,,,,,,,,,,,,
,,,,,,,,,,,,,,,,,,,,,,,,,,,,,,,,,,,,,,,,,,,,,,,,,,,,,,,,,,,,,,,,,,,,,,,,,,,,,,,,,,,,,,,,,,,,,,,,,,,,,,,,,,,,,,,,,,,,,,,,,,,,,,,,,,,,,,
,,,,,,,,,,,,,,,,,,,,,,,,,,,,,,,,,,,,,,,,,,,,,,,,,,,,,,,,,,,,,,,,,,,,,,,,,,,,,,,,,,,,,,,,,,,,,,,,,,,,,,,,,,,,,,,,,,,,,,,,,,,,,,,,,,,,,,
,,,,,,,,,,,,,,,,,,,,,,,,,,,,,,,,,,,,,,,,,,,,,,,,,,,,,,,,,,,,,,,,,,,,,,,,,,,,,,,,,,,,,,,,,,,,,,,,,,,,,,,,,,,,,,,,,,,,,,,,,,,,,,,,,,,,,,
,,,,,,,,,,,,,,,,,,,,,,,,,,,,,,,,,,,,,,,,,,,,,,,,,,,,,,,,,,,,,,,,,,,,,,,,,,,,,,,,,,,,,,,,,,,,,,,,,,,,,,,,,,,,,,,,,,,,,,,,,,,,,,,,,,,,,,
,,,,,,,,,,,,,,,,,,,,,,,,,,,,,,,,,,,,,,,,,,,,,,,,,,,,,,,,,,,,,,,,,,,,,,,,,,,,,,,,,,,,,,,,,,,,,,,,,,,,,,,,,,,,,,,,,,,,,,,,,,,,,,,,,,,,,,
,,,,,,,,,,,,,,,,,,,,,,,,,,,,,,,,,,,,,,,,,,,,,,,,,,,,,,,,,,,,,,,,,,,,,,,,,,,,,,,,,,,,,,,,,,,,,,,,,,,,,,,,,,,,,,,,,,,,,,,,,,,,,,,,,,,,,,
,,,,,,,,,,,,,,,,,,,,,,,,,,,,,,,,,,,,,,,,,,,,,,,,,,,,,,,,,,,,,,,,,,,,,,,,,,,,,,,,,,,,,,,,,,,,,,,,,,,,,,,,,,,,,,,,,,,,,,,,,,,,,,,,,,,,,,
,,,,,,,,,,,,,,,,,,,,,,,,,,,,,,,,,,,,,,,,,,,,,,,,,,,,,,,,,,,,,,,,,,,,,,,,,,,,,,,,,,,,,,,,,,,,,,,,,,,,,,,,,,,,,,,,,,,,,,,,,,,,,,,,,,,,,,
,,,,,,,,,,,,,,,,,,,,,,,,,,,,,,,,,,,,,,,,,,,,,,,,,,,,,,,,,,,,,,,,,,,,,,,,,,,,,,,,,,,,,,,,,,,,,,,,,,,,,,,,,,,,,,,,,,,,,,,,,,,,,,,,,,,,,,
,,,,,,,,,,,,,,,,,,,,,,,,,,,,,,,,,,,,,,,,,,,,,,,,,,,,,,,,,,,,,,,,,,,,,,,,,,,,,,,,,,,,,,,,,,,,,,,,,,,,,,,,,,,,,,,,,,,,,,,,,,,,,,,,,,,,,,
,,,,,,,,,,,,,,,,,,,,,,,,,,,,,,,,,,,,,,,,,,,,,,,,,,,,,,,,,,,,,,,,,,,,,,,,,,,,,,,,,,,,,,,,,,,,,,,,,,,,,,,,,,,,,,,,,,,,,,,,,,,,,,,,,,,,,,
,,,,,,,,,,,,,,,,,,,,,,,,,,,,,,,,,,,,,,,,,,,,,,,,,,,,,,,,,,,,,,,,,,,,,,,,,,,,,,,,,,,,,,,,,,,,,,,,,,,,,,,,,,,,,,,,,,,,,,,,,,,,,,,,,,,,,,
,,,,,,,,,,,,,,,,,,,,,,,,,,,,,,,,,,,,,,,,,,,,,,,,,,,,,,,,,,,,,,,,,,,,,,,,,,,,,,,,,,,,,,,,,,,,,,,,,,,,,,,,,,,,,,,,,,,,,,,,,,,,,,,,,,,,,,
,,,,,,,,,,,,,,,,,,,,,,,,,,,,,,,,,,,,,,,,,,,,,,,,,,,,,,,,,,,,,,,,,,,,,,,,,,,,,,,,,,,,,,,,,,,,,,,,,,,,,,,,,,,,,,,,,,,,,,,,,,,,,,,,,,,,,,
,,,,,,,,,,,,,,,,,,,,,,,,,,,,,,,,,,,,,,,,,,,,,,,,,,,,,,,,,,,,,,,,,,,,,,,,,,,,,,,,,,,,,,,,,,,,,,,,,,,,,,,,,,,,,,,,,,,,,,,,,,,,,,,,,,,,,,
,,,,,,,,,,,,,,,,,,,,,,,,,,,,,,,,,,,,,,,,,,,,,,,,,,,,,,,,,,,,,,,,,,,,,,,,,,,,,,,,,,,,,,,,,,,,,,,,,,,,,,,,,,,,,,,,,,,,,,,,,,,,,,,,,,,,,,
,,,,,,,,,,,,,,,,,,,,,,,,,,,,,,,,,,,,,,,,,,,,,,,,,,,,,,,,,,,,,,,,,,,,,,,,,,,,,,,,,,,,,,,,,,,,,,,,,,,,,,,,,,,,,,,,,,,,,,,,,,,,,,,,,,,,,,
,,,,,,,,,,,,,,,,,,,,,,,,,,,,,,,,,,,,,,,,,,,,,,,,,,,,,,,,,,,,,,,,,,,,,,,,,,,,,,,,,,,,,,,,,,,,,,,,,,,,,,,,,,,,,,,,,,,,,,,,,,,,,,,,,,,,,,
,,,,,,,,,,,,,,,,,,,,,,,,,,,,,,,,,,,,,,,,,,,,,,,,,,,,,,,,,,,,,,,,,,,,,,,,,,,,,,,,,,,,,,,,,,,,,,,,,,,,,,,,,,,,,,,,,,,,,,,,,,,,,,,,,,,,,,
,,,,,,,,,,,,,,,,,,,,,,,,,,,,,,,,,,,,,,,,,,,,,,,,,,,,,,,,,,,,,,,,,,,,,,,,,,,,,,,,,,,,,,,,,,,,,,,,,,,,,,,,,,,,,,,,,,,,,,,,,,,,,,,,,,,,,,
,,,,,,,,,,,,,,,,,,,,,,,,,,,,,,,,,,,,,,,,,,,,,,,,,,,,,,,,,,,,,,,,,,,,,,,,,,,,,,,,,,,,,,,,,,,,,,,,,,,,,,,,,,,,,,,,,,,,,,,,,,,,,,,,,,,,,,
,,,,,,,,,,,,,,,,,,,,,,,,,,,,,,,,,,,,,,,,,,,,,,,,,,,,,,,,,,,,,,,,,,,,,,,,,,,,,,,,,,,,,,,,,,,,,,,,,,,,,,,,,,,,,,,,,,,,,,,,,,,,,,,,,,,,,,
,,,,,,,,,,,,,,,,,,,,,,,,,,,,,,,,,,,,,,,,,,,,,,,,,,,,,,,,,,,,,,,,,,,,,,,,,,,,,,,,,,,,,,,,,,,,,,,,,,,,,,,,,,,,,,,,,,,,,,,,,,,,,,,,,,,,,,
,,,,,,,,,,,,,,,,,,,,,,,,,,,,,,,,,,,,,,,,,,,,,,,,,,,,,,,,,,,,,,,,,,,,,,,,,,,,,,,,,,,,,,,,,,,,,,,,,,,,,,,,,,,,,,,,,,,,,,,,,,,,,,,,,,,,,,
,,,,,,,,,,,,,,,,,,,,,,,,,,,,,,,,,,,,,,,,,,,,,,,,,,,,,,,,,,,,,,,,,,,,,,,,,,,,,,,,,,,,,,,,,,,,,,,,,,,,,,,,,,,,,,,,,,,,,,,,,,,,,,,,,,,,,,
,,,,,,,,,,,,,,,,,,,,,,,,,,,,,,,,,,,,,,,,,,,,,,,,,,,,,,,,,,,,,,,,,,,,,,,,,,,,,,,,,,,,,,,,,,,,,,,,,,,,,,,,,,,,,,,,,,,,,,,,,,,,,,,,,,,,,,
,,,,,,,,,,,,,,,,,,,,,,,,,,,,,,,,,,,,,,,,,,,,,,,,,,,,,,,,,,,,,,,,,,,,,,,,,,,,,,,,,,,,,,,,,,,,,,,,,,,,,,,,,,,,,,,,,,,,,,,,,,,,,,,,,,,,,,
,,,,,,,,,,,,,,,,,,,,,,,,,,,,,,,,,,,,,,,,,,,,,,,,,,,,,,,,,,,,,,,,,,,,,,,,,,,,,,,,,,,,,,,,,,,,,,,,,,,,,,,,,,,,,,,,,,,,,,,,,,,,,,,,,,,,,,
,,,,,,,,,,,,,,,,,,,,,,,,,,,,,,,,,,,,,,,,,,,,,,,,,,,,,,,,,,,,,,,,,,,,,,,,,,,,,,,,,,,,,,,,,,,,,,,,,,,,,,,,,,,,,,,,,,,,,,,,,,,,,,,,,,,,,,
,,,,,,,,,,,,,,,,,,,,,,,,,,,,,,,,,,,,,,,,,,,,,,,,,,,,,,,,,,,,,,,,,,,,,,,,,,,,,,,,,,,,,,,,,,,,,,,,,,,,,,,,,,,,,,,,,,,,,,,,,,,,,,,,,,,,,,
,,,,,,,,,,,,,,,,,,,,,,,,,,,,,,,,,,,,,,,,,,,,,,,,,,,,,,,,,,,,,,,,,,,,,,,,,,,,,,,,,,,,,,,,,,,,,,,,,,,,,,,,,,,,,,,,,,,,,,,,,,,,,,,,,,,,,,
,,,,,,,,,,,,,,,,,,,,,,,,,,,,,,,,,,,,,,,,,,,,,,,,,,,,,,,,,,,,,,,,,,,,,,,,,,,,,,,,,,,,,,,,,,,,,,,,,,,,,,,,,,,,,,,,,,,,,,,,,,,,,,,,,,,,,,
,,,,,,,,,,,,,,,,,,,,,,,,,,,,,,,,,,,,,,,,,,,,,,,,,,,,,,,,,,,,,,,,,,,,,,,,,,,,,,,,,,,,,,,,,,,,,,,,,,,,,,,,,,,,,,,,,,,,,,,,,,,,,,,,,,,,,,
,,,,,,,,,,,,,,,,,,,,,,,,,,,,,,,,,,,,,,,,,,,,,,,,,,,,,,,,,,,,,,,,,,,,,,,,,,,,,,,,,,,,,,,,,,,,,,,,,,,,,,,,,,,,,,,,,,,,,,,,,,,,,,,,,,,,,,
,,,,,,,,,,,,,,,,,,,,,,,,,,,,,,,,,,,,,,,,,,,,,,,,,,,,,,,,,,,,,,,,,,,,,,,,,,,,,,,,,,,,,,,,,,,,,,,,,,,,,,,,,,,,,,,,,,,,,,,,,,,,,,,,,,,,,,
,,,,,,,,,,,,,,,,,,,,,,,,,,,,,,,,,,,,,,,,,,,,,,,,,,,,,,,,,,,,,,,,,,,,,,,,,,,,,,,,,,,,,,,,,,,,,,,,,,,,,,,,,,,,,,,,,,,,,,,,,,,,,,,,,,,,,,
,,,,,,,,,,,,,,,,,,,,,,,,,,,,,,,,,,,,,,,,,,,,,,,,,,,,,,,,,,,,,,,,,,,,,,,,,,,,,,,,,,,,,,,,,,,,,,,,,,,,,,,,,,,,,,,,,,,,,,,,,,,,,,,,,,,,,,
,,,,,,,,,,,,,,,,,,,,,,,,,,,,,,,,,,,,,,,,,,,,,,,,,,,,,,,,,,,,,,,,,,,,,,,,,,,,,,,,,,,,,,,,,,,,,,,,,,,,,,,,,,,,,,,,,,,,,,,,,,,,,,,,,,,,,,
,,,,,,,,,,,,,,,,,,,,,,,,,,,,,,,,,,,,,,,,,,,,,,,,,,,,,,,,,,,,,,,,,,,,,,,,,,,,,,,,,,,,,,,,,,,,,,,,,,,,,,,,,,,,,,,,,,,,,,,,,,,,,,,,,,,,,,
,,,,,,,,,,,,,,,,,,,,,,,,,,,,,,,,,,,,,,,,,,,,,,,,,,,,,,,,,,,,,,,,,,,,,,,,,,,,,,,,,,,,,,,,,,,,,,,,,,,,,,,,,,,,,,,,,,,,,,,,,,,,,,,,,,,,,,
,,,,,,,,,,,,,,,,,,,,,,,,,,,,,,,,,,,,,,,,,,,,,,,,,,,,,,,,,,,,,,,,,,,,,,,,,,,,,,,,,,,,,,,,,,,,,,,,,,,,,,,,,,,,,,,,,,,,,,,,,,,,,,,,,,,,,,
,,,,,,,,,,,,,,,,,,,,,,,,,,,,,,,,,,,,,,,,,,,,,,,,,,,,,,,,,,,,,,,,,,,,,,,,,,,,,,,,,,,,,,,,,,,,,,,,,,,,,,,,,,,,,,,,,,,,,,,,,,,,,,,,,,,,,,
,,,,,,,,,,,,,,,,,,,,,,,,,,,,,,,,,,,,,,,,,,,,,,,,,,,,,,,,,,,,,,,,,,,,,,,,,,,,,,,,,,,,,,,,,,,,,,,,,,,,,,,,,,,,,,,,,,,,,,,,,,,,,,,,,,,,,,
,,,,,,,,,,,,,,,,,,,,,,,,,,,,,,,,,,,,,,,,,,,,,,,,,,,,,,,,,,,,,,,,,,,,,,,,,,,,,,,,,,,,,,,,,,,,,,,,,,,,,,,,,,,,,,,,,,,,,,,,,,,,,,,,,,,,,,
,,,,,,,,,,,,,,,,,,,,,,,,,,,,,,,,,,,,,,,,,,,,,,,,,,,,,,,,,,,,,,,,,,,,,,,,,,,,,,,,,,,,,,,,,,,,,,,,,,,,,,,,,,,,,,,,,,,,,,,,,,,,,,,,,,,,,,
,,,,,,,,,,,,,,,,,,,,,,,,,,,,,,,,,,,,,,,,,,,,,,,,,,,,,,,,,,,,,,,,,,,,,,,,,,,,,,,,,,,,,,,,,,,,,,,,,,,,,,,,,,,,,,,,,,,,,,,,,,,,,,,,,,,,,,
,,,,,,,,,,,,,,,,,,,,,,,,,,,,,,,,,,,,,,,,,,,,,,,,,,,,,,,,,,,,,,,,,,,,,,,,,,,,,,,,,,,,,,,,,,,,,,,,,,,,,,,,,,,,,,,,,,,,,,,,,,,,,,,,,,,,,,
,,,,,,,,,,,,,,,,,,,,,,,,,,,,,,,,,,,,,,,,,,,,,,,,,,,,,,,,,,,,,,,,,,,,,,,,,,,,,,,,,,,,,,,,,,,,,,,,,,,,,,,,,,,,,,,,,,,,,,,,,,,,,,,,,,,,,,
,,,,,,,,,,,,,,,,,,,,,,,,,,,,,,,,,,,,,,,,,,,,,,,,,,,,,,,,,,,,,,,,,,,,,,,,,,,,,,,,,,,,,,,,,,,,,,,,,,,,,,,,,,,,,,,,,,,,,,,,,,,,,,,,,,,,,,
,,,,,,,,,,,,,,,,,,,,,,,,,,,,,,,,,,,,,,,,,,,,,,,,,,,,,,,,,,,,,,,,,,,,,,,,,,,,,,,,,,,,,,,,,,,,,,,,,,,,,,,,,,,,,,,,,,,,,,,,,,,,,,,,,,,,,,
,,,,,,,,,,,,,,,,,,,,,,,,,,,,,,,,,,,,,,,,,,,,,,,,,,,,,,,,,,,,,,,,,,,,,,,,,,,,,,,,,,,,,,,,,,,,,,,,,,,,,,,,,,,,,,,,,,,,,,,,,,,,,,,,,,,,,,
,,,,,,,,,,,,,,,,,,,,,,,,,,,,,,,,,,,,,,,,,,,,,,,,,,,,,,,,,,,,,,,,,,,,,,,,,,,,,,,,,,,,,,,,,,,,,,,,,,,,,,,,,,,,,,,,,,,,,,,,,,,,,,,,,,,,,,
,,,,,,,,,,,,,,,,,,,,,,,,,,,,,,,,,,,,,,,,,,,,,,,,,,,,,,,,,,,,,,,,,,,,,,,,,,,,,,,,,,,,,,,,,,,,,,,,,,,,,,,,,,,,,,,,,,,,,,,,,,,,,,,,,,,,,,
,,,,,,,,,,,,,,,,,,,,,,,,,,,,,,,,,,,,,,,,,,,,,,,,,,,,,,,,,,,,,,,,,,,,,,,,,,,,,,,,,,,,,,,,,,,,,,,,,,,,,,,,,,,,,,,,,,,,,,,,,,,,,,,,,,,,,,
,,,,,,,,,,,,,,,,,,,,,,,,,,,,,,,,,,,,,,,,,,,,,,,,,,,,,,,,,,,,,,,,,,,,,,,,,,,,,,,,,,,,,,,,,,,,,,,,,,,,,,,,,,,,,,,,,,,,,,,,,,,,,,,,,,,,,,
,,,,,,,,,,,,,,,,,,,,,,,,,,,,,,,,,,,,,,,,,,,,,,,,,,,,,,,,,,,,,,,,,,,,,,,,,,,,,,,,,,,,,,,,,,,,,,,,,,,,,,,,,,,,,,,,,,,,,,,,,,,,,,,,,,,,,,
,,,,,,,,,,,,,,,,,,,,,,,,,,,,,,,,,,,,,,,,,,,,,,,,,,,,,,,,,,,,,,,,,,,,,,,,,,,,,,,,,,,,,,,,,,,,,,,,,,,,,,,,,,,,,,,,,,,,,,,,,,,,,,,,,,,,,,
,,,,,,,,,,,,,,,,,,,,,,,,,,,,,,,,,,,,,,,,,,,,,,,,,,,,,,,,,,,,,,,,,,,,,,,,,,,,,,,,,,,,,,,,,,,,,,,,,,,,,,,,,,,,,,,,,,,,,,,,,,,,,,,,,,,,,,
,,,,,,,,,,,,,,,,,,,,,,,,,,,,,,,,,,,,,,,,,,,,,,,,,,,,,,,,,,,,,,,,,,,,,,,,,,,,,,,,,,,,,,,,,,,,,,,,,,,,,,,,,,,,,,,,,,,,,,,,,,,,,,,,,,,,,,
,,,,,,,,,,,,,,,,,,,,,,,,,,,,,,,,,,,,,,,,,,,,,,,,,,,,,,,,,,,,,,,,,,,,,,,,,,,,,,,,,,,,,,,,,,,,,,,,,,,,,,,,,,,,,,,,,,,,,,,,,,,,,,,,,,,,,,
,,,,,,,,,,,,,,,,,,,,,,,,,,,,,,,,,,,,,,,,,,,,,,,,,,,,,,,,,,,,,,,,,,,,,,,,,,,,,,,,,,,,,,,,,,,,,,,,,,,,,,,,,,,,,,,,,,,,,,,,,,,,,,,,,,,,,,
,,,,,,,,,,,,,,,,,,,,,,,,,,,,,,,,,,,,,,,,,,,,,,,,,,,,,,,,,,,,,,,,,,,,,,,,,,,,,,,,,,,,,,,,,,,,,,,,,,,,,,,,,,,,,,,,,,,,,,,,,,,,,,,,,,,,,,
,,,,,,,,,,,,,,,,,,,,,,,,,,,,,,,,,,,,,,,,,,,,,,,,,,,,,,,,,,,,,,,,,,,,,,,,,,,,,,,,,,,,,,,,,,,,,,,,,,,,,,,,,,,,,,,,,,,,,,,,,,,,,,,,,,,,,,
,,,,,,,,,,,,,,,,,,,,,,,,,,,,,,,,,,,,,,,,,,,,,,,,,,,,,,,,,,,,,,,,,,,,,,,,,,,,,,,,,,,,,,,,,,,,,,,,,,,,,,,,,,,,,,,,,,,,,,,,,,,,,,,,,,,,,,
,,,,,,,,,,,,,,,,,,,,,,,,,,,,,,,,,,,,,,,,,,,,,,,,,,,,,,,,,,,,,,,,,,,,,,,,,,,,,,,,,,,,,,,,,,,,,,,,,,,,,,,,,,,,,,,,,,,,,,,,,,,,,,,,,,,,,,
,,,,,,,,,,,,,,,,,,,,,,,,,,,,,,,,,,,,,,,,,,,,,,,,,,,,,,,,,,,,,,,,,,,,,,,,,,,,,,,,,,,,,,,,,,,,,,,,,,,,,,,,,,,,,,,,,,,,,,,,,,,,,,,,,,,,,,
,,,,,,,,,,,,,,,,,,,,,,,,,,,,,,,,,,,,,,,,,,,,,,,,,,,,,,,,,,,,,,,,,,,,,,,,,,,,,,,,,,,,,,,,,,,,,,,,,,,,,,,,,,,,,,,,,,,,,,,,,,,,,,,,,,,,,,
,,,,,,,,,,,,,,,,,,,,,,,,,,,,,,,,,,,,,,,,,,,,,,,,,,,,,,,,,,,,,,,,,,,,,,,,,,,,,,,,,,,,,,,,,,,,,,,,,,,,,,,,,,,,,,,,,,,,,,,,,,,,,,,,,,,,,,
,,,,,,,,,,,,,,,,,,,,,,,,,,,,,,,,,,,,,,,,,,,,,,,,,,,,,,,,,,,,,,,,,,,,,,,,,,,,,,,,,,,,,,,,,,,,,,,,,,,,,,,,,,,,,,,,,,,,,,,,,,,,,,,,,,,,,,
,,,,,,,,,,,,,,,,,,,,,,,,,,,,,,,,,,,,,,,,,,,,,,,,,,,,,,,,,,,,,,,,,,,,,,,,,,,,,,,,,,,,,,,,,,,,,,,,,,,,,,,,,,,,,,,,,,,,,,,,,,,,,,,,,,,,,,
,,,,,,,,,,,,,,,,,,,,,,,,,,,,,,,,,,,,,,,,,,,,,,,,,,,,,,,,,,,,,,,,,,,,,,,,,,,,,,,,,,,,,,,,,,,,,,,,,,,,,,,,,,,,,,,,,,,,,,,,,,,,,,,,,,,,,,
,,,,,,,,,,,,,,,,,,,,,,,,,,,,,,,,,,,,,,,,,,,,,,,,,,,,,,,,,,,,,,,,,,,,,,,,,,,,,,,,,,,,,,,,,,,,,,,,,,,,,,,,,,,,,,,,,,,,,,,,,,,,,,,,,,,,,,
,,,,,,,,,,,,,,,,,,,,,,,,,,,,,,,,,,,,,,,,,,,,,,,,,,,,,,,,,,,,,,,,,,,,,,,,,,,,,,,,,,,,,,,,,,,,,,,,,,,,,,,,,,,,,,,,,,,,,,,,,,,,,,,,,,,,,,
,,,,,,,,,,,,,,,,,,,,,,,,,,,,,,,,,,,,,,,,,,,,,,,,,,,,,,,,,,,,,,,,,,,,,,,,,,,,,,,,,,,,,,,,,,,,,,,,,,,,,,,,,,,,,,,,,,,,,,,,,,,,,,,,,,,,,,
,,,,,,,,,,,,,,,,,,,,,,,,,,,,,,,,,,,,,,,,,,,,,,,,,,,,,,,,,,,,,,,,,,,,,,,,,,,,,,,,,,,,,,,,,,,,,,,,,,,,,,,,,,,,,,,,,,,,,,,,,,,,,,,,,,,,,,
,,,,,,,,,,,,,,,,,,,,,,,,,,,,,,,,,,,,,,,,,,,,,,,,,,,,,,,,,,,,,,,,,,,,,,,,,,,,,,,,,,,,,,,,,,,,,,,,,,,,,,,,,,,,,,,,,,,,,,,,,,,,,,,,,,,,,,
,,,,,,,,,,,,,,,,,,,,,,,,,,,,,,,,,,,,,,,,,,,,,,,,,,,,,,,,,,,,,,,,,,,,,,,,,,,,,,,,,,,,,,,,,,,,,,,,,,,,,,,,,,,,,,,,,,,,,,,,,,,,,,,,,,,,,,
,,,,,,,,,,,,,,,,,,,,,,,,,,,,,,,,,,,,,,,,,,,,,,,,,,,,,,,,,,,,,,,,,,,,,,,,,,,,,,,,,,,,,,,,,,,,,,,,,,,,,,,,,,,,,,,,,,,,,,,,,,,,,,,,,,,,,,
,,,,,,,,,,,,,,,,,,,,,,,,,,,,,,,,,,,,,,,,,,,,,,,,,,,,,,,,,,,,,,,,,,,,,,,,,,,,,,,,,,,,,,,,,,,,,,,,,,,,,,,,,,,,,,,,,,,,,,,,,,,,,,,,,,,,,,
,,,,,,,,,,,,,,,,,,,,,,,,,,,,,,,,,,,,,,,,,,,,,,,,,,,,,,,,,,,,,,,,,,,,,,,,,,,,,,,,,,,,,,,,,,,,,,,,,,,,,,,,,,,,,,,,,,,,,,,,,,,,,,,,,,,,,,
,,,,,,,,,,,,,,,,,,,,,,,,,,,,,,,,,,,,,,,,,,,,,,,,,,,,,,,,,,,,,,,,,,,,,,,,,,,,,,,,,,,,,,,,,,,,,,,,,,,,,,,,,,,,,,,,,,,,,,,,,,,,,,,,,,,,,,
,,,,,,,,,,,,,,,,,,,,,,,,,,,,,,,,,,,,,,,,,,,,,,,,,,,,,,,,,,,,,,,,,,,,,,,,,,,,,,,,,,,,,,,,,,,,,,,,,,,,,,,,,,,,,,,,,,,,,,,,,,,,,,,,,,,,,,
,,,,,,,,,,,,,,,,,,,,,,,,,,,,,,,,,,,,,,,,,,,,,,,,,,,,,,,,,,,,,,,,,,,,,,,,,,,,,,,,,,,,,,,,,,,,,,,,,,,,,,,,,,,,,,,,,,,,,,,,,,,,,,,,,,,,,,
,,,,,,,,,,,,,,,,,,,,,,,,,,,,,,,,,,,,,,,,,,,,,,,,,,,,,,,,,,,,,,,,,,,,,,,,,,,,,,,,,,,,,,,,,,,,,,,,,,,,,,,,,,,,,,,,,,,,,,,,,,,,,,,,,,,,,,
,,,,,,,,,,,,,,,,,,,,,,,,,,,,,,,,,,,,,,,,,,,,,,,,,,,,,,,,,,,,,,,,,,,,,,,,,,,,,,,,,,,,,,,,,,,,,,,,,,,,,,,,,,,,,,,,,,,,,,,,,,,,,,,,,,,,,,
,,,,,,,,,,,,,,,,,,,,,,,,,,,,,,,,,,,,,,,,,,,,,,,,,,,,,,,,,,,,,,,,,,,,,,,,,,,,,,,,,,,,,,,,,,,,,,,,,,,,,,,,,,,,,,,,,,,,,,,,,,,,,,,,,,,,,,
,,,,,,,,,,,,,,,,,,,,,,,,,,,,,,,,,,,,,,,,,,,,,,,,,,,,,,,,,,,,,,,,,,,,,,,,,,,,,,,,,,,,,,,,,,,,,,,,,,,,,,,,,,,,,,,,,,,,,,,,,,,,,,,,,,,,,,
,,,,,,,,,,,,,,,,,,,,,,,,,,,,,,,,,,,,,,,,,,,,,,,,,,,,,,,,,,,,,,,,,,,,,,,,,,,,,,,,,,,,,,,,,,,,,,,,,,,,,,,,,,,,,,,,,,,,,,,,,,,,,,,,,,,,,,
,,,,,,,,,,,,,,,,,,,,,,,,,,,,,,,,,,,,,,,,,,,,,,,,,,,,,,,,,,,,,,,,,,,,,,,,,,,,,,,,,,,,,,,,,,,,,,,,,,,,,,,,,,,,,,,,,,,,,,,,,,,,,,,,,,,,,,
,,,,,,,,,,,,,,,,,,,,,,,,,,,,,,,,,,,,,,,,,,,,,,,,,,,,,,,,,,,,,,,,,,,,,,,,,,,,,,,,,,,,,,,,,,,,,,,,,,,,,,,,,,,,,,,,,,,,,,,,,,,,,,,,,,,,,,
,,,,,,,,,,,,,,,,,,,,,,,,,,,,,,,,,,,,,,,,,,,,,,,,,,,,,,,,,,,,,,,,,,,,,,,,,,,,,,,,,,,,,,,,,,,,,,,,,,,,,,,,,,,,,,,,,,,,,,,,,,,,,,,,,,,,,,
,,,,,,,,,,,,,,,,,,,,,,,,,,,,,,,,,,,,,,,,,,,,,,,,,,,,,,,,,,,,,,,,,,,,,,,,,,,,,,,,,,,,,,,,,,,,,,,,,,,,,,,,,,,,,,,,,,,,,,,,,,,,,,,,,,,,,,
,,,,,,,,,,,,,,,,,,,,,,,,,,,,,,,,,,,,,,,,,,,,,,,,,,,,,,,,,,,,,,,,,,,,,,,,,,,,,,,,,,,,,,,,,,,,,,,,,,,,,,,,,,,,,,,,,,,,,,,,,,,,,,,,,,,,,,
,,,,,,,,,,,,,,,,,,,,,,,,,,,,,,,,,,,,,,,,,,,,,,,,,,,,,,,,,,,,,,,,,,,,,,,,,,,,,,,,,,,,,,,,,,,,,,,,,,,,,,,,,,,,,,,,,,,,,,,,,,,,,,,,,,,,,,
,,,,,,,,,,,,,,,,,,,,,,,,,,,,,,,,,,,,,,,,,,,,,,,,,,,,,,,,,,,,,,,,,,,,,,,,,,,,,,,,,,,,,,,,,,,,,,,,,,,,,,,,,,,,,,,,,,,,,,,,,,,,,,,,,,,,,,
,,,,,,,,,,,,,,,,,,,,,,,,,,,,,,,,,,,,,,,,,,,,,,,,,,,,,,,,,,,,,,,,,,,,,,,,,,,,,,,,,,,,,,,,,,,,,,,,,,,,,,,,,,,,,,,,,,,,,,,,,,,,,,,,,,,,,,
,,,,,,,,,,,,,,,,,,,,,,,,,,,,,,,,,,,,,,,,,,,,,,,,,,,,,,,,,,,,,,,,,,,,,,,,,,,,,,,,,,,,,,,,,,,,,,,,,,,,,,,,,,,,,,,,,,,,,,,,,,,,,,,,,,,,,,
,,,,,,,,,,,,,,,,,,,,,,,,,,,,,,,,,,,,,,,,,,,,,,,,,,,,,,,,,,,,,,,,,,,,,,,,,,,,,,,,,,,,,,,,,,,,,,,,,,,,,,,,,,,,,,,,,,,,,,,,,,,,,,,,,,,,,,
,,,,,,,,,,,,,,,,,,,,,,,,,,,,,,,,,,,,,,,,,,,,,,,,,,,,,,,,,,,,,,,,,,,,,,,,,,,,,,,,,,,,,,,,,,,,,,,,,,,,,,,,,,,,,,,,,,,,,,,,,,,,,,,,,,,,,,
,,,,,,,,,,,,,,,,,,,,,,,,,,,,,,,,,,,,,,,,,,,,,,,,,,,,,,,,,,,,,,,,,,,,,,,,,,,,,,,,,,,,,,,,,,,,,,,,,,,,,,,,,,,,,,,,,,,,,,,,,,,,,,,,,,,,,,
,,,,,,,,,,,,,,,,,,,,,,,,,,,,,,,,,,,,,,,,,,,,,,,,,,,,,,,,,,,,,,,,,,,,,,,,,,,,,,,,,,,,,,,,,,,,,,,,,,,,,,,,,,,,,,,,,,,,,,,,,,,,,,,,,,,,,,
,,,,,,,,,,,,,,,,,,,,,,,,,,,,,,,,,,,,,,,,,,,,,,,,,,,,,,,,,,,,,,,,,,,,,,,,,,,,,,,,,,,,,,,,,,,,,,,,,,,,,,,,,,,,,,,,,,,,,,,,,,,,,,,,,,,,,,
,,,,,,,,,,,,,,,,,,,,,,,,,,,,,,,,,,,,,,,,,,,,,,,,,,,,,,,,,,,,,,,,,,,,,,,,,,,,,,,,,,,,,,,,,,,,,,,,,,,,,,,,,,,,,,,,,,,,,,,,,,,,,,,,,,,,,,
,,,,,,,,,,,,,,,,,,,,,,,,,,,,,,,,,,,,,,,,,,,,,,,,,,,,,,,,,,,,,,,,,,,,,,,,,,,,,,,,,,,,,,,,,,,,,,,,,,,,,,,,,,,,,,,,,,,,,,,,,,,,,,,,,,,,,,
,,,,,,,,,,,,,,,,,,,,,,,,,,,,,,,,,,,,,,,,,,,,,,,,,,,,,,,,,,,,,,,,,,,,,,,,,,,,,,,,,,,,,,,,,,,,,,,,,,,,,,,,,,,,,,,,,,,,,,,,,,,,,,,,,,,,,,
,,,,,,,,,,,,,,,,,,,,,,,,,,,,,,,,,,,,,,,,,,,,,,,,,,,,,,,,,,,,,,,,,,,,,,,,,,,,,,,,,,,,,,,,,,,,,,,,,,,,,,,,,,,,,,,,,,,,,,,,,,,,,,,,,,,,,,
,,,,,,,,,,,,,,,,,,,,,,,,,,,,,,,,,,,,,,,,,,,,,,,,,,,,,,,,,,,,,,,,,,,,,,,,,,,,,,,,,,,,,,,,,,,,,,,,,,,,,,,,,,,,,,,,,,,,,,,,,,,,,,,,,,,,,,
,,,,,,,,,,,,,,,,,,,,,,,,,,,,,,,,,,,,,,,,,,,,,,,,,,,,,,,,,,,,,,,,,,,,,,,,,,,,,,,,,,,,,,,,,,,,,,,,,,,,,,,,,,,,,,,,,,,,,,,,,,,,,,,,,,,,,,
,,,,,,,,,,,,,,,,,,,,,,,,,,,,,,,,,,,,,,,,,,,,,,,,,,,,,,,,,,,,,,,,,,,,,,,,,,,,,,,,,,,,,,,,,,,,,,,,,,,,,,,,,,,,,,,,,,,,,,,,,,,,,,,,,,,,,,
,,,,,,,,,,,,,,,,,,,,,,,,,,,,,,,,,,,,,,,,,,,,,,,,,,,,,,,,,,,,,,,,,,,,,,,,,,,,,,,,,,,,,,,,,,,,,,,,,,,,,,,,,,,,,,,,,,,,,,,,,,,,,,,,,,,,,,
,,,,,,,,,,,,,,,,,,,,,,,,,,,,,,,,,,,,,,,,,,,,,,,,,,,,,,,,,,,,,,,,,,,,,,,,,,,,,,,,,,,,,,,,,,,,,,,,,,,,,,,,,,,,,,,,,,,,,,,,,,,,,,,,,,,,,,
,,,,,,,,,,,,,,,,,,,,,,,,,,,,,,,,,,,,,,,,,,,,,,,,,,,,,,,,,,,,,,,,,,,,,,,,,,,,,,,,,,,,,,,,,,,,,,,,,,,,,,,,,,,,,,,,,,,,,,,,,,,,,,,,,,,,,,
,,,,,,,,,,,,,,,,,,,,,,,,,,,,,,,,,,,,,,,,,,,,,,,,,,,,,,,,,,,,,,,,,,,,,,,,,,,,,,,,,,,,,,,,,,,,,,,,,,,,,,,,,,,,,,,,,,,,,,,,,,,,,,,,,,,,,,
,,,,,,,,,,,,,,,,,,,,,,,,,,,,,,,,,,,,,,,,,,,,,,,,,,,,,,,,,,,,,,,,,,,,,,,,,,,,,,,,,,,,,,,,,,,,,,,,,,,,,,,,,,,,,,,,,,,,,,,,,,,,,,,,,,,,,,
,,,,,,,,,,,,,,,,,,,,,,,,,,,,,,,,,,,,,,,,,,,,,,,,,,,,,,,,,,,,,,,,,,,,,,,,,,,,,,,,,,,,,,,,,,,,,,,,,,,,,,,,,,,,,,,,,,,,,,,,,,,,,,,,,,,,,,
,,,,,,,,,,,,,,,,,,,,,,,,,,,,,,,,,,,,,,,,,,,,,,,,,,,,,,,,,,,,,,,,,,,,,,,,,,,,,,,,,,,,,,,,,,,,,,,,,,,,,,,,,,,,,,,,,,,,,,,,,,,,,,,,,,,,,,
,,,,,,,,,,,,,,,,,,,,,,,,,,,,,,,,,,,,,,,,,,,,,,,,,,,,,,,,,,,,,,,,,,,,,,,,,,,,,,,,,,,,,,,,,,,,,,,,,,,,,,,,,,,,,,,,,,,,,,,,,,,,,,,,,,,,,,
,,,,,,,,,,,,,,,,,,,,,,,,,,,,,,,,,,,,,,,,,,,,,,,,,,,,,,,,,,,,,,,,,,,,,,,,,,,,,,,,,,,,,,,,,,,,,,,,,,,,,,,,,,,,,,,,,,,,,,,,,,,,,,,,,,,,,,
,,,,,,,,,,,,,,,,,,,,,,,,,,,,,,,,,,,,,,,,,,,,,,,,,,,,,,,,,,,,,,,,,,,,,,,,,,,,,,,,,,,,,,,,,,,,,,,,,,,,,,,,,,,,,,,,,,,,,,,,,,,,,,,,,,,,,,
,,,,,,,,,,,,,,,,,,,,,,,,,,,,,,,,,,,,,,,,,,,,,,,,,,,,,,,,,,,,,,,,,,,,,,,,,,,,,,,,,,,,,,,,,,,,,,,,,,,,,,,,,,,,,,,,,,,,,,,,,,,,,,,,,,,,,,
,,,,,,,,,,,,,,,,,,,,,,,,,,,,,,,,,,,,,,,,,,,,,,,,,,,,,,,,,,,,,,,,,,,,,,,,,,,,,,,,,,,,,,,,,,,,,,,,,,,,,,,,,,,,,,,,,,,,,,,,,,,,,,,,,,,,,,
,,,,,,,,,,,,,,,,,,,,,,,,,,,,,,,,,,,,,,,,,,,,,,,,,,,,,,,,,,,,,,,,,,,,,,,,,,,,,,,,,,,,,,,,,,,,,,,,,,,,,,,,,,,,,,,,,,,,,,,,,,,,,,,,,,,,,,
,,,,,,,,,,,,,,,,,,,,,,,,,,,,,,,,,,,,,,,,,,,,,,,,,,,,,,,,,,,,,,,,,,,,,,,,,,,,,,,,,,,,,,,,,,,,,,,,,,,,,,,,,,,,,,,,,,,,,,,,,,,,,,,,,,,,,,
,,,,,,,,,,,,,,,,,,,,,,,,,,,,,,,,,,,,,,,,,,,,,,,,,,,,,,,,,,,,,,,,,,,,,,,,,,,,,,,,,,,,,,,,,,,,,,,,,,,,,,,,,,,,,,,,,,,,,,,,,,,,,,,,,,,,,,
,,,,,,,,,,,,,,,,,,,,,,,,,,,,,,,,,,,,,,,,,,,,,,,,,,,,,,,,,,,,,,,,,,,,,,,,,,,,,,,,,,,,,,,,,,,,,,,,,,,,,,,,,,,,,,,,,,,,,,,,,,,,,,,,,,,,,,
,,,,,,,,,,,,,,,,,,,,,,,,,,,,,,,,,,,,,,,,,,,,,,,,,,,,,,,,,,,,,,,,,,,,,,,,,,,,,,,,,,,,,,,,,,,,,,,,,,,,,,,,,,,,,,,,,,,,,,,,,,,,,,,,,,,,,,
,,,,,,,,,,,,,,,,,,,,,,,,,,,,,,,,,,,,,,,,,,,,,,,,,,,,,,,,,,,,,,,,,,,,,,,,,,,,,,,,,,,,,,,,,,,,,,,,,,,,,,,,,,,,,,,,,,,,,,,,,,,,,,,,,,,,,,
,,,,,,,,,,,,,,,,,,,,,,,,,,,,,,,,,,,,,,,,,,,,,,,,,,,,,,,,,,,,,,,,,,,,,,,,,,,,,,,,,,,,,,,,,,,,,,,,,,,,,,,,,,,,,,,,,,,,,,,,,,,,,,,,,,,,,,
,,,,,,,,,,,,,,,,,,,,,,,,,,,,,,,,,,,,,,,,,,,,,,,,,,,,,,,,,,,,,,,,,,,,,,,,,,,,,,,,,,,,,,,,,,,,,,,,,,,,,,,,,,,,,,,,,,,,,,,,,,,,,,,,,,,,,,
,,,,,,,,,,,,,,,,,,,,,,,,,,,,,,,,,,,,,,,,,,,,,,,,,,,,,,,,,,,,,,,,,,,,,,,,,,,,,,,,,,,,,,,,,,,,,,,,,,,,,,,,,,,,,,,,,,,,,,,,,,,,,,,,,,,,,,
,,,,,,,,,,,,,,,,,,,,,,,,,,,,,,,,,,,,,,,,,,,,,,,,,,,,,,,,,,,,,,,,,,,,,,,,,,,,,,,,,,,,,,,,,,,,,,,,,,,,,,,,,,,,,,,,,,,,,,,,,,,,,,,,,,,,,,
,,,,,,,,,,,,,,,,,,,,,,,,,,,,,,,,,,,,,,,,,,,,,,,,,,,,,,,,,,,,,,,,,,,,,,,,,,,,,,,,,,,,,,,,,,,,,,,,,,,,,,,,,,,,,,,,,,,,,,,,,,,,,,,,,,,,,,
,,,,,,,,,,,,,,,,,,,,,,,,,,,,,,,,,,,,,,,,,,,,,,,,,,,,,,,,,,,,,,,,,,,,,,,,,,,,,,,,,,,,,,,,,,,,,,,,,,,,,,,,,,,,,,,,,,,,,,,,,,,,,,,,,,,,,,
,,,,,,,,,,,,,,,,,,,,,,,,,,,,,,,,,,,,,,,,,,,,,,,,,,,,,,,,,,,,,,,,,,,,,,,,,,,,,,,,,,,,,,,,,,,,,,,,,,,,,,,,,,,,,,,,,,,,,,,,,,,,,,,,,,,,,,
,,,,,,,,,,,,,,,,,,,,,,,,,,,,,,,,,,,,,,,,,,,,,,,,,,,,,,,,,,,,,,,,,,,,,,,,,,,,,,,,,,,,,,,,,,,,,,,,,,,,,,,,,,,,,,,,,,,,,,,,,,,,,,,,,,,,,,
,,,,,,,,,,,,,,,,,,,,,,,,,,,,,,,,,,,,,,,,,,,,,,,,,,,,,,,,,,,,,,,,,,,,,,,,,,,,,,,,,,,,,,,,,,,,,,,,,,,,,,,,,,,,,,,,,,,,,,,,,,,,,,,,,,,,,,
,,,,,,,,,,,,,,,,,,,,,,,,,,,,,,,,,,,,,,,,,,,,,,,,,,,,,,,,,,,,,,,,,,,,,,,,,,,,,,,,,,,,,,,,,,,,,,,,,,,,,,,,,,,,,,,,,,,,,,,,,,,,,,,,,,,,,,
,,,,,,,,,,,,,,,,,,,,,,,,,,,,,,,,,,,,,,,,,,,,,,,,,,,,,,,,,,,,,,,,,,,,,,,,,,,,,,,,,,,,,,,,,,,,,,,,,,,,,,,,,,,,,,,,,,,,,,,,,,,,,,,,,,,,,,
,,,,,,,,,,,,,,,,,,,,,,,,,,,,,,,,,,,,,,,,,,,,,,,,,,,,,,,,,,,,,,,,,,,,,,,,,,,,,,,,,,,,,,,,,,,,,,,,,,,,,,,,,,,,,,,,,,,,,,,,,,,,,,,,,,,,,,
,,,,,,,,,,,,,,,,,,,,,,,,,,,,,,,,,,,,,,,,,,,,,,,,,,,,,,,,,,,,,,,,,,,,,,,,,,,,,,,,,,,,,,,,,,,,,,,,,,,,,,,,,,,,,,,,,,,,,,,,,,,,,,,,,,,,,,
,,,,,,,,,,,,,,,,,,,,,,,,,,,,,,,,,,,,,,,,,,,,,,,,,,,,,,,,,,,,,,,,,,,,,,,,,,,,,,,,,,,,,,,,,,,,,,,,,,,,,,,,,,,,,,,,,,,,,,,,,,,,,,,,,,,,,,
,,,,,,,,,,,,,,,,,,,,,,,,,,,,,,,,,,,,,,,,,,,,,,,,,,,,,,,,,,,,,,,,,,,,,,,,,,,,,,,,,,,,,,,,,,,,,,,,,,,,,,,,,,,,,,,,,,,,,,,,,,,,,,,,,,,,,,
,,,,,,,,,,,,,,,,,,,,,,,,,,,,,,,,,,,,,,,,,,,,,,,,,,,,,,,,,,,,,,,,,,,,,,,,,,,,,,,,,,,,,,,,,,,,,,,,,,,,,,,,,,,,,,,,,,,,,,,,,,,,,,,,,,,,,,
,,,,,,,,,,,,,,,,,,,,,,,,,,,,,,,,,,,,,,,,,,,,,,,,,,,,,,,,,,,,,,,,,,,,,,,,,,,,,,,,,,,,,,,,,,,,,,,,,,,,,,,,,,,,,,,,,,,,,,,,,,,,,,,,,,,,,,
,,,,,,,,,,,,,,,,,,,,,,,,,,,,,,,,,,,,,,,,,,,,,,,,,,,,,,,,,,,,,,,,,,,,,,,,,,,,,,,,,,,,,,,,,,,,,,,,,,,,,,,,,,,,,,,,,,,,,,,,,,,,,,,,,,,,,,
,,,,,,,,,,,,,,,,,,,,,,,,,,,,,,,,,,,,,,,,,,,,,,,,,,,,,,,,,,,,,,,,,,,,,,,,,,,,,,,,,,,,,,,,,,,,,,,,,,,,,,,,,,,,,,,,,,,,,,,,,,,,,,,,,,,,,,
,,,,,,,,,,,,,,,,,,,,,,,,,,,,,,,,,,,,,,,,,,,,,,,,,,,,,,,,,,,,,,,,,,,,,,,,,,,,,,,,,,,,,,,,,,,,,,,,,,,,,,,,,,,,,,,,,,,,,,,,,,,,,,,,,,,,,,
,,,,,,,,,,,,,,,,,,,,,,,,,,,,,,,,,,,,,,,,,,,,,,,,,,,,,,,,,,,,,,,,,,,,,,,,,,,,,,,,,,,,,,,,,,,,,,,,,,,,,,,,,,,,,,,,,,,,,,,,,,,,,,,,,,,,,,
,,,,,,,,,,,,,,,,,,,,,,,,,,,,,,,,,,,,,,,,,,,,,,,,,,,,,,,,,,,,,,,,,,,,,,,,,,,,,,,,,,,,,,,,,,,,,,,,,,,,,,,,,,,,,,,,,,,,,,,,,,,,,,,,,,,,,,
,,,,,,,,,,,,,,,,,,,,,,,,,,,,,,,,,,,,,,,,,,,,,,,,,,,,,,,,,,,,,,,,,,,,,,,,,,,,,,,,,,,,,,,,,,,,,,,,,,,,,,,,,,,,,,,,,,,,,,,,,,,,,,,,,,,,,,
,,,,,,,,,,,,,,,,,,,,,,,,,,,,,,,,,,,,,,,,,,,,,,,,,,,,,,,,,,,,,,,,,,,,,,,,,,,,,,,,,,,,,,,,,,,,,,,,,,,,,,,,,,,,,,,,,,,,,,,,,,,,,,,,,,,,,,
,,,,,,,,,,,,,,,,,,,,,,,,,,,,,,,,,,,,,,,,,,,,,,,,,,,,,,,,,,,,,,,,,,,,,,,,,,,,,,,,,,,,,,,,,,,,,,,,,,,,,,,,,,,,,,,,,,,,,,,,,,,,,,,,,,,,,,
,,,,,,,,,,,,,,,,,,,,,,,,,,,,,,,,,,,,,,,,,,,,,,,,,,,,,,,,,,,,,,,,,,,,,,,,,,,,,,,,,,,,,,,,,,,,,,,,,,,,,,,,,,,,,,,,,,,,,,,,,,,,,,,,,,,,,,
,,,,,,,,,,,,,,,,,,,,,,,,,,,,,,,,,,,,,,,,,,,,,,,,,,,,,,,,,,,,,,,,,,,,,,,,,,,,,,,,,,,,,,,,,,,,,,,,,,,,,,,,,,,,,,,,,,,,,,,,,,,,,,,,,,,,,,
,,,,,,,,,,,,,,,,,,,,,,,,,,,,,,,,,,,,,,,,,,,,,,,,,,,,,,,,,,,,,,,,,,,,,,,,,,,,,,,,,,,,,,,,,,,,,,,,,,,,,,,,,,,,,,,,,,,,,,,,,,,,,,,,,,,,,,
,,,,,,,,,,,,,,,,,,,,,,,,,,,,,,,,,,,,,,,,,,,,,,,,,,,,,,,,,,,,,,,,,,,,,,,,,,,,,,,,,,,,,,,,,,,,,,,,,,,,,,,,,,,,,,,,,,,,,,,,,,,,,,,,,,,,,,
,,,,,,,,,,,,,,,,,,,,,,,,,,,,,,,,,,,,,,,,,,,,,,,,,,,,,,,,,,,,,,,,,,,,,,,,,,,,,,,,,,,,,,,,,,,,,,,,,,,,,,,,,,,,,,,,,,,,,,,,,,,,,,,,,,,,,,
,,,,,,,,,,,,,,,,,,,,,,,,,,,,,,,,,,,,,,,,,,,,,,,,,,,,,,,,,,,,,,,,,,,,,,,,,,,,,,,,,,,,,,,,,,,,,,,,,,,,,,,,,,,,,,,,,,,,,,,,,,,,,,,,,,,,,,
,,,,,,,,,,,,,,,,,,,,,,,,,,,,,,,,,,,,,,,,,,,,,,,,,,,,,,,,,,,,,,,,,,,,,,,,,,,,,,,,,,,,,,,,,,,,,,,,,,,,,,,,,,,,,,,,,,,,,,,,,,,,,,,,,,,,,,
,,,,,,,,,,,,,,,,,,,,,,,,,,,,,,,,,,,,,,,,,,,,,,,,,,,,,,,,,,,,,,,,,,,,,,,,,,,,,,,,,,,,,,,,,,,,,,,,,,,,,,,,,,,,,,,,,,,,,,,,,,,,,,,,,,,,,,
,,,,,,,,,,,,,,,,,,,,,,,,,,,,,,,,,,,,,,,,,,,,,,,,,,,,,,,,,,,,,,,,,,,,,,,,,,,,,,,,,,,,,,,,,,,,,,,,,,,,,,,,,,,,,,,,,,,,,,,,,,,,,,,,,,,,,,
,,,,,,,,,,,,,,,,,,,,,,,,,,,,,,,,,,,,,,,,,,,,,,,,,,,,,,,,,,,,,,,,,,,,,,,,,,,,,,,,,,,,,,,,,,,,,,,,,,,,,,,,,,,,,,,,,,,,,,,,,,,,,,,,,,,,,,
,,,,,,,,,,,,,,,,,,,,,,,,,,,,,,,,,,,,,,,,,,,,,,,,,,,,,,,,,,,,,,,,,,,,,,,,,,,,,,,,,,,,,,,,,,,,,,,,,,,,,,,,,,,,,,,,,,,,,,,,,,,,,,,,,,,,,,
,,,,,,,,,,,,,,,,,,,,,,,,,,,,,,,,,,,,,,,,,,,,,,,,,,,,,,,,,,,,,,,,,,,,,,,,,,,,,,,,,,,,,,,,,,,,,,,,,,,,,,,,,,,,,,,,,,,,,,,,,,,,,,,,,,,,,,
,,,,,,,,,,,,,,,,,,,,,,,,,,,,,,,,,,,,,,,,,,,,,,,,,,,,,,,,,,,,,,,,,,,,,,,,,,,,,,,,,,,,,,,,,,,,,,,,,,,,,,,,,,,,,,,,,,,,,,,,,,,,,,,,,,,,,,
,,,,,,,,,,,,,,,,,,,,,,,,,,,,,,,,,,,,,,,,,,,,,,,,,,,,,,,,,,,,,,,,,,,,,,,,,,,,,,,,,,,,,,,,,,,,,,,,,,,,,,,,,,,,,,,,,,,,,,,,,,,,,,,,,,,,,,
,,,,,,,,,,,,,,,,,,,,,,,,,,,,,,,,,,,,,,,,,,,,,,,,,,,,,,,,,,,,,,,,,,,,,,,,,,,,,,,,,,,,,,,,,,,,,,,,,,,,,,,,,,,,,,,,,,,,,,,,,,,,,,,,,,,,,,
,,,,,,,,,,,,,,,,,,,,,,,,,,,,,,,,,,,,,,,,,,,,,,,,,,,,,,,,,,,,,,,,,,,,,,,,,,,,,,,,,,,,,,,,,,,,,,,,,,,,,,,,,,,,,,,,,,,,,,,,,,,,,,,,,,,,,,
,,,,,,,,,,,,,,,,,,,,,,,,,,,,,,,,,,,,,,,,,,,,,,,,,,,,,,,,,,,,,,,,,,,,,,,,,,,,,,,,,,,,,,,,,,,,,,,,,,,,,,,,,,,,,,,,,,,,,,,,,,,,,,,,,,,,,,
,,,,,,,,,,,,,,,,,,,,,,,,,,,,,,,,,,,,,,,,,,,,,,,,,,,,,,,,,,,,,,,,,,,,,,,,,,,,,,,,,,,,,,,,,,,,,,,,,,,,,,,,,,,,,,,,,,,,,,,,,,,,,,,,,,,,,,
,,,,,,,,,,,,,,,,,,,,,,,,,,,,,,,,,,,,,,,,,,,,,,,,,,,,,,,,,,,,,,,,,,,,,,,,,,,,,,,,,,,,,,,,,,,,,,,,,,,,,,,,,,,,,,,,,,,,,,,,,,,,,,,,,,,,,,
,,,,,,,,,,,,,,,,,,,,,,,,,,,,,,,,,,,,,,,,,,,,,,,,,,,,,,,,,,,,,,,,,,,,,,,,,,,,,,,,,,,,,,,,,,,,,,,,,,,,,,,,,,,,,,,,,,,,,,,,,,,,,,,,,,,,,,
,,,,,,,,,,,,,,,,,,,,,,,,,,,,,,,,,,,,,,,,,,,,,,,,,,,,,,,,,,,,,,,,,,,,,,,,,,,,,,,,,,,,,,,,,,,,,,,,,,,,,,,,,,,,,,,,,,,,,,,,,,,,,,,,,,,,,,
,,,,,,,,,,,,,,,,,,,,,,,,,,,,,,,,,,,,,,,,,,,,,,,,,,,,,,,,,,,,,,,,,,,,,,,,,,,,,,,,,,,,,,,,,,,,,,,,,,,,,,,,,,,,,,,,,,,,,,,,,,,,,,,,,,,,,,
,,,,,,,,,,,,,,,,,,,,,,,,,,,,,,,,,,,,,,,,,,,,,,,,,,,,,,,,,,,,,,,,,,,,,,,,,,,,,,,,,,,,,,,,,,,,,,,,,,,,,,,,,,,,,,,,,,,,,,,,,,,,,,,,,,,,,,
,,,,,,,,,,,,,,,,,,,,,,,,,,,,,,,,,,,,,,,,,,,,,,,,,,,,,,,,,,,,,,,,,,,,,,,,,,,,,,,,,,,,,,,,,,,,,,,,,,,,,,,,,,,,,,,,,,,,,,,,,,,,,,,,,,,,,,
,,,,,,,,,,,,,,,,,,,,,,,,,,,,,,,,,,,,,,,,,,,,,,,,,,,,,,,,,,,,,,,,,,,,,,,,,,,,,,,,,,,,,,,,,,,,,,,,,,,,,,,,,,,,,,,,,,,,,,,,,,,,,,,,,,,,,,
,,,,,,,,,,,,,,,,,,,,,,,,,,,,,,,,,,,,,,,,,,,,,,,,,,,,,,,,,,,,,,,,,,,,,,,,,,,,,,,,,,,,,,,,,,,,,,,,,,,,,,,,,,,,,,,,,,,,,,,,,,,,,,,,,,,,,,
,,,,,,,,,,,,,,,,,,,,,,,,,,,,,,,,,,,,,,,,,,,,,,,,,,,,,,,,,,,,,,,,,,,,,,,,,,,,,,,,,,,,,,,,,,,,,,,,,,,,,,,,,,,,,,,,,,,,,,,,,,,,,,,,,,,,,,
,,,,,,,,,,,,,,,,,,,,,,,,,,,,,,,,,,,,,,,,,,,,,,,,,,,,,,,,,,,,,,,,,,,,,,,,,,,,,,,,,,,,,,,,,,,,,,,,,,,,,,,,,,,,,,,,,,,,,,,,,,,,,,,,,,,,,,
,,,,,,,,,,,,,,,,,,,,,,,,,,,,,,,,,,,,,,,,,,,,,,,,,,,,,,,,,,,,,,,,,,,,,,,,,,,,,,,,,,,,,,,,,,,,,,,,,,,,,,,,,,,,,,,,,,,,,,,,,,,,,,,,,,,,,,
,,,,,,,,,,,,,,,,,,,,,,,,,,,,,,,,,,,,,,,,,,,,,,,,,,,,,,,,,,,,,,,,,,,,,,,,,,,,,,,,,,,,,,,,,,,,,,,,,,,,,,,,,,,,,,,,,,,,,,,,,,,,,,,,,,,,,,
,,,,,,,,,,,,,,,,,,,,,,,,,,,,,,,,,,,,,,,,,,,,,,,,,,,,,,,,,,,,,,,,,,,,,,,,,,,,,,,,,,,,,,,,,,,,,,,,,,,,,,,,,,,,,,,,,,,,,,,,,,,,,,,,,,,,,,
,,,,,,,,,,,,,,,,,,,,,,,,,,,,,,,,,,,,,,,,,,,,,,,,,,,,,,,,,,,,,,,,,,,,,,,,,,,,,,,,,,,,,,,,,,,,,,,,,,,,,,,,,,,,,,,,,,,,,,,,,,,,,,,,,,,,,,
,,,,,,,,,,,,,,,,,,,,,,,,,,,,,,,,,,,,,,,,,,,,,,,,,,,,,,,,,,,,,,,,,,,,,,,,,,,,,,,,,,,,,,,,,,,,,,,,,,,,,,,,,,,,,,,,,,,,,,,,,,,,,,,,,,,,,,
,,,,,,,,,,,,,,,,,,,,,,,,,,,,,,,,,,,,,,,,,,,,,,,,,,,,,,,,,,,,,,,,,,,,,,,,,,,,,,,,,,,,,,,,,,,,,,,,,,,,,,,,,,,,,,,,,,,,,,,,,,,,,,,,,,,,,,
,,,,,,,,,,,,,,,,,,,,,,,,,,,,,,,,,,,,,,,,,,,,,,,,,,,,,,,,,,,,,,,,,,,,,,,,,,,,,,,,,,,,,,,,,,,,,,,,,,,,,,,,,,,,,,,,,,,,,,,,,,,,,,,,,,,,,,
,,,,,,,,,,,,,,,,,,,,,,,,,,,,,,,,,,,,,,,,,,,,,,,,,,,,,,,,,,,,,,,,,,,,,,,,,,,,,,,,,,,,,,,,,,,,,,,,,,,,,,,,,,,,,,,,,,,,,,,,,,,,,,,,,,,,,,
,,,,,,,,,,,,,,,,,,,,,,,,,,,,,,,,,,,,,,,,,,,,,,,,,,,,,,,,,,,,,,,,,,,,,,,,,,,,,,,,,,,,,,,,,,,,,,,,,,,,,,,,,,,,,,,,,,,,,,,,,,,,,,,,,,,,,,
,,,,,,,,,,,,,,,,,,,,,,,,,,,,,,,,,,,,,,,,,,,,,,,,,,,,,,,,,,,,,,,,,,,,,,,,,,,,,,,,,,,,,,,,,,,,,,,,,,,,,,,,,,,,,,,,,,,,,,,,,,,,,,,,,,,,,,
,,,,,,,,,,,,,,,,,,,,,,,,,,,,,,,,,,,,,,,,,,,,,,,,,,,,,,,,,,,,,,,,,,,,,,,,,,,,,,,,,,,,,,,,,,,,,,,,,,,,,,,,,,,,,,,,,,,,,,,,,,,,,,,,,,,,,,
,,,,,,,,,,,,,,,,,,,,,,,,,,,,,,,,,,,,,,,,,,,,,,,,,,,,,,,,,,,,,,,,,,,,,,,,,,,,,,,,,,,,,,,,,,,,,,,,,,,,,,,,,,,,,,,,,,,,,,,,,,,,,,,,,,,,,,
,,,,,,,,,,,,,,,,,,,,,,,,,,,,,,,,,,,,,,,,,,,,,,,,,,,,,,,,,,,,,,,,,,,,,,,,,,,,,,,,,,,,,,,,,,,,,,,,,,,,,,,,,,,,,,,,,,,,,,,,,,,,,,,,,,,,,,
,,,,,,,,,,,,,,,,,,,,,,,,,,,,,,,,,,,,,,,,,,,,,,,,,,,,,,,,,,,,,,,,,,,,,,,,,,,,,,,,,,,,,,,,,,,,,,,,,,,,,,,,,,,,,,,,,,,,,,,,,,,,,,,,,,,,,,
,,,,,,,,,,,,,,,,,,,,,,,,,,,,,,,,,,,,,,,,,,,,,,,,,,,,,,,,,,,,,,,,,,,,,,,,,,,,,,,,,,,,,,,,,,,,,,,,,,,,,,,,,,,,,,,,,,,,,,,,,,,,,,,,,,,,,,
,,,,,,,,,,,,,,,,,,,,,,,,,,,,,,,,,,,,,,,,,,,,,,,,,,,,,,,,,,,,,,,,,,,,,,,,,,,,,,,,,,,,,,,,,,,,,,,,,,,,,,,,,,,,,,,,,,,,,,,,,,,,,,,,,,,,,,
,,,,,,,,,,,,,,,,,,,,,,,,,,,,,,,,,,,,,,,,,,,,,,,,,,,,,,,,,,,,,,,,,,,,,,,,,,,,,,,,,,,,,,,,,,,,,,,,,,,,,,,,,,,,,,,,,,,,,,,,,,,,,,,,,,,,,,
,,,,,,,,,,,,,,,,,,,,,,,,,,,,,,,,,,,,,,,,,,,,,,,,,,,,,,,,,,,,,,,,,,,,,,,,,,,,,,,,,,,,,,,,,,,,,,,,,,,,,,,,,,,,,,,,,,,,,,,,,,,,,,,,,,,,,,
,,,,,,,,,,,,,,,,,,,,,,,,,,,,,,,,,,,,,,,,,,,,,,,,,,,,,,,,,,,,,,,,,,,,,,,,,,,,,,,,,,,,,,,,,,,,,,,,,,,,,,,,,,,,,,,,,,,,,,,,,,,,,,,,,,,,,,
,,,,,,,,,,,,,,,,,,,,,,,,,,,,,,,,,,,,,,,,,,,,,,,,,,,,,,,,,,,,,,,,,,,,,,,,,,,,,,,,,,,,,,,,,,,,,,,,,,,,,,,,,,,,,,,,,,,,,,,,,,,,,,,,,,,,,,
,,,,,,,,,,,,,,,,,,,,,,,,,,,,,,,,,,,,,,,,,,,,,,,,,,,,,,,,,,,,,,,,,,,,,,,,,,,,,,,,,,,,,,,,,,,,,,,,,,,,,,,,,,,,,,,,,,,,,,,,,,,,,,,,,,,,,,
,,,,,,,,,,,,,,,,,,,,,,,,,,,,,,,,,,,,,,,,,,,,,,,,,,,,,,,,,,,,,,,,,,,,,,,,,,,,,,,,,,,,,,,,,,,,,,,,,,,,,,,,,,,,,,,,,,,,,,,,,,,,,,,,,,,,,,
,,,,,,,,,,,,,,,,,,,,,,,,,,,,,,,,,,,,,,,,,,,,,,,,,,,,,,,,,,,,,,,,,,,,,,,,,,,,,,,,,,,,,,,,,,,,,,,,,,,,,,,,,,,,,,,,,,,,,,,,,,,,,,,,,,,,,,
,,,,,,,,,,,,,,,,,,,,,,,,,,,,,,,,,,,,,,,,,,,,,,,,,,,,,,,,,,,,,,,,,,,,,,,,,,,,,,,,,,,,,,,,,,,,,,,,,,,,,,,,,,,,,,,,,,,,,,,,,,,,,,,,,,,,,,
,,,,,,,,,,,,,,,,,,,,,,,,,,,,,,,,,,,,,,,,,,,,,,,,,,,,,,,,,,,,,,,,,,,,,,,,,,,,,,,,,,,,,,,,,,,,,,,,,,,,,,,,,,,,,,,,,,,,,,,,,,,,,,,,,,,,,,
,,,,,,,,,,,,,,,,,,,,,,,,,,,,,,,,,,,,,,,,,,,,,,,,,,,,,,,,,,,,,,,,,,,,,,,,,,,,,,,,,,,,,,,,,,,,,,,,,,,,,,,,,,,,,,,,,,,,,,,,,,,,,,,,,,,,,,
,,,,,,,,,,,,,,,,,,,,,,,,,,,,,,,,,,,,,,,,,,,,,,,,,,,,,,,,,,,,,,,,,,,,,,,,,,,,,,,,,,,,,,,,,,,,,,,,,,,,,,,,,,,,,,,,,,,,,,,,,,,,,,,,,,,,,,
,,,,,,,,,,,,,,,,,,,,,,,,,,,,,,,,,,,,,,,,,,,,,,,,,,,,,,,,,,,,,,,,,,,,,,,,,,,,,,,,,,,,,,,,,,,,,,,,,,,,,,,,,,,,,,,,,,,,,,,,,,,,,,,,,,,,,,
,,,,,,,,,,,,,,,,,,,,,,,,,,,,,,,,,,,,,,,,,,,,,,,,,,,,,,,,,,,,,,,,,,,,,,,,,,,,,,,,,,,,,,,,,,,,,,,,,,,,,,,,,,,,,,,,,,,,,,,,,,,,,,,,,,,,,,
,,,,,,,,,,,,,,,,,,,,,,,,,,,,,,,,,,,,,,,,,,,,,,,,,,,,,,,,,,,,,,,,,,,,,,,,,,,,,,,,,,,,,,,,,,,,,,,,,,,,,,,,,,,,,,,,,,,,,,,,,,,,,,,,,,,,,,
,,,,,,,,,,,,,,,,,,,,,,,,,,,,,,,,,,,,,,,,,,,,,,,,,,,,,,,,,,,,,,,,,,,,,,,,,,,,,,,,,,,,,,,,,,,,,,,,,,,,,,,,,,,,,,,,,,,,,,,,,,,,,,,,,,,,,,
,,,,,,,,,,,,,,,,,,,,,,,,,,,,,,,,,,,,,,,,,,,,,,,,,,,,,,,,,,,,,,,,,,,,,,,,,,,,,,,,,,,,,,,,,,,,,,,,,,,,,,,,,,,,,,,,,,,,,,,,,,,,,,,,,,,,,,
,,,,,,,,,,,,,,,,,,,,,,,,,,,,,,,,,,,,,,,,,,,,,,,,,,,,,,,,,,,,,,,,,,,,,,,,,,,,,,,,,,,,,,,,,,,,,,,,,,,,,,,,,,,,,,,,,,,,,,,,,,,,,,,,,,,,,,
,,,,,,,,,,,,,,,,,,,,,,,,,,,,,,,,,,,,,,,,,,,,,,,,,,,,,,,,,,,,,,,,,,,,,,,,,,,,,,,,,,,,,,,,,,,,,,,,,,,,,,,,,,,,,,,,,,,,,,,,,,,,,,,,,,,,,,
,,,,,,,,,,,,,,,,,,,,,,,,,,,,,,,,,,,,,,,,,,,,,,,,,,,,,,,,,,,,,,,,,,,,,,,,,,,,,,,,,,,,,,,,,,,,,,,,,,,,,,,,,,,,,,,,,,,,,,,,,,,,,,,,,,,,,,
,,,,,,,,,,,,,,,,,,,,,,,,,,,,,,,,,,,,,,,,,,,,,,,,,,,,,,,,,,,,,,,,,,,,,,,,,,,,,,,,,,,,,,,,,,,,,,,,,,,,,,,,,,,,,,,,,,,,,,,,,,,,,,,,,,,,,,
,,,,,,,,,,,,,,,,,,,,,,,,,,,,,,,,,,,,,,,,,,,,,,,,,,,,,,,,,,,,,,,,,,,,,,,,,,,,,,,,,,,,,,,,,,,,,,,,,,,,,,,,,,,,,,,,,,,,,,,,,,,,,,,,,,,,,,
,,,,,,,,,,,,,,,,,,,,,,,,,,,,,,,,,,,,,,,,,,,,,,,,,,,,,,,,,,,,,,,,,,,,,,,,,,,,,,,,,,,,,,,,,,,,,,,,,,,,,,,,,,,,,,,,,,,,,,,,,,,,,,,,,,,,,,
,,,,,,,,,,,,,,,,,,,,,,,,,,,,,,,,,,,,,,,,,,,,,,,,,,,,,,,,,,,,,,,,,,,,,,,,,,,,,,,,,,,,,,,,,,,,,,,,,,,,,,,,,,,,,,,,,,,,,,,,,,,,,,,,,,,,,,
,,,,,,,,,,,,,,,,,,,,,,,,,,,,,,,,,,,,,,,,,,,,,,,,,,,,,,,,,,,,,,,,,,,,,,,,,,,,,,,,,,,,,,,,,,,,,,,,,,,,,,,,,,,,,,,,,,,,,,,,,,,,,,,,,,,,,,
,,,,,,,,,,,,,,,,,,,,,,,,,,,,,,,,,,,,,,,,,,,,,,,,,,,,,,,,,,,,,,,,,,,,,,,,,,,,,,,,,,,,,,,,,,,,,,,,,,,,,,,,,,,,,,,,,,,,,,,,,,,,,,,,,,,,,,
,,,,,,,,,,,,,,,,,,,,,,,,,,,,,,,,,,,,,,,,,,,,,,,,,,,,,,,,,,,,,,,,,,,,,,,,,,,,,,,,,,,,,,,,,,,,,,,,,,,,,,,,,,,,,,,,,,,,,,,,,,,,,,,,,,,,,,
,,,,,,,,,,,,,,,,,,,,,,,,,,,,,,,,,,,,,,,,,,,,,,,,,,,,,,,,,,,,,,,,,,,,,,,,,,,,,,,,,,,,,,,,,,,,,,,,,,,,,,,,,,,,,,,,,,,,,,,,,,,,,,,,,,,,,,
,,,,,,,,,,,,,,,,,,,,,,,,,,,,,,,,,,,,,,,,,,,,,,,,,,,,,,,,,,,,,,,,,,,,,,,,,,,,,,,,,,,,,,,,,,,,,,,,,,,,,,,,,,,,,,,,,,,,,,,,,,,,,,,,,,,,,,
,,,,,,,,,,,,,,,,,,,,,,,,,,,,,,,,,,,,,,,,,,,,,,,,,,,,,,,,,,,,,,,,,,,,,,,,,,,,,,,,,,,,,,,,,,,,,,,,,,,,,,,,,,,,,,,,,,,,,,,,,,,,,,,,,,,,,,
,,,,,,,,,,,,,,,,,,,,,,,,,,,,,,,,,,,,,,,,,,,,,,,,,,,,,,,,,,,,,,,,,,,,,,,,,,,,,,,,,,,,,,,,,,,,,,,,,,,,,,,,,,,,,,,,,,,,,,,,,,,,,,,,,,,,,,
,,,,,,,,,,,,,,,,,,,,,,,,,,,,,,,,,,,,,,,,,,,,,,,,,,,,,,,,,,,,,,,,,,,,,,,,,,,,,,,,,,,,,,,,,,,,,,,,,,,,,,,,,,,,,,,,,,,,,,,,,,,,,,,,,,,,,,
,,,,,,,,,,,,,,,,,,,,,,,,,,,,,,,,,,,,,,,,,,,,,,,,,,,,,,,,,,,,,,,,,,,,,,,,,,,,,,,,,,,,,,,,,,,,,,,,,,,,,,,,,,,,,,,,,,,,,,,,,,,,,,,,,,,,,,
,,,,,,,,,,,,,,,,,,,,,,,,,,,,,,,,,,,,,,,,,,,,,,,,,,,,,,,,,,,,,,,,,,,,,,,,,,,,,,,,,,,,,,,,,,,,,,,,,,,,,,,,,,,,,,,,,,,,,,,,,,,,,,,,,,,,,,
,,,,,,,,,,,,,,,,,,,,,,,,,,,,,,,,,,,,,,,,,,,,,,,,,,,,,,,,,,,,,,,,,,,,,,,,,,,,,,,,,,,,,,,,,,,,,,,,,,,,,,,,,,,,,,,,,,,,,,,,,,,,,,,,,,,,,,
,,,,,,,,,,,,,,,,,,,,,,,,,,,,,,,,,,,,,,,,,,,,,,,,,,,,,,,,,,,,,,,,,,,,,,,,,,,,,,,,,,,,,,,,,,,,,,,,,,,,,,,,,,,,,,,,,,,,,,,,,,,,,,,,,,,,,,
,,,,,,,,,,,,,,,,,,,,,,,,,,,,,,,,,,,,,,,,,,,,,,,,,,,,,,,,,,,,,,,,,,,,,,,,,,,,,,,,,,,,,,,,,,,,,,,,,,,,,,,,,,,,,,,,,,,,,,,,,,,,,,,,,,,,,,
,,,,,,,,,,,,,,,,,,,,,,,,,,,,,,,,,,,,,,,,,,,,,,,,,,,,,,,,,,,,,,,,,,,,,,,,,,,,,,,,,,,,,,,,,,,,,,,,,,,,,,,,,,,,,,,,,,,,,,,,,,,,,,,,,,,,,,
,,,,,,,,,,,,,,,,,,,,,,,,,,,,,,,,,,,,,,,,,,,,,,,,,,,,,,,,,,,,,,,,,,,,,,,,,,,,,,,,,,,,,,,,,,,,,,,,,,,,,,,,,,,,,,,,,,,,,,,,,,,,,,,,,,,,,,
,,,,,,,,,,,,,,,,,,,,,,,,,,,,,,,,,,,,,,,,,,,,,,,,,,,,,,,,,,,,,,,,,,,,,,,,,,,,,,,,,,,,,,,,,,,,,,,,,,,,,,,,,,,,,,,,,,,,,,,,,,,,,,,,,,,,,,
,,,,,,,,,,,,,,,,,,,,,,,,,,,,,,,,,,,,,,,,,,,,,,,,,,,,,,,,,,,,,,,,,,,,,,,,,,,,,,,,,,,,,,,,,,,,,,,,,,,,,,,,,,,,,,,,,,,,,,,,,,,,,,,,,,,,,,
,,,,,,,,,,,,,,,,,,,,,,,,,,,,,,,,,,,,,,,,,,,,,,,,,,,,,,,,,,,,,,,,,,,,,,,,,,,,,,,,,,,,,,,,,,,,,,,,,,,,,,,,,,,,,,,,,,,,,,,,,,,,,,,,,,,,,,
,,,,,,,,,,,,,,,,,,,,,,,,,,,,,,,,,,,,,,,,,,,,,,,,,,,,,,,,,,,,,,,,,,,,,,,,,,,,,,,,,,,,,,,,,,,,,,,,,,,,,,,,,,,,,,,,,,,,,,,,,,,,,,,,,,,,,,
,,,,,,,,,,,,,,,,,,,,,,,,,,,,,,,,,,,,,,,,,,,,,,,,,,,,,,,,,,,,,,,,,,,,,,,,,,,,,,,,,,,,,,,,,,,,,,,,,,,,,,,,,,,,,,,,,,,,,,,,,,,,,,,,,,,,,,
,,,,,,,,,,,,,,,,,,,,,,,,,,,,,,,,,,,,,,,,,,,,,,,,,,,,,,,,,,,,,,,,,,,,,,,,,,,,,,,,,,,,,,,,,,,,,,,,,,,,,,,,,,,,,,,,,,,,,,,,,,,,,,,,,,,,,,
,,,,,,,,,,,,,,,,,,,,,,,,,,,,,,,,,,,,,,,,,,,,,,,,,,,,,,,,,,,,,,,,,,,,,,,,,,,,,,,,,,,,,,,,,,,,,,,,,,,,,,,,,,,,,,,,,,,,,,,,,,,,,,,,,,,,,,
,,,,,,,,,,,,,,,,,,,,,,,,,,,,,,,,,,,,,,,,,,,,,,,,,,,,,,,,,,,,,,,,,,,,,,,,,,,,,,,,,,,,,,,,,,,,,,,,,,,,,,,,,,,,,,,,,,,,,,,,,,,,,,,,,,,,,,
,,,,,,,,,,,,,,,,,,,,,,,,,,,,,,,,,,,,,,,,,,,,,,,,,,,,,,,,,,,,,,,,,,,,,,,,,,,,,,,,,,,,,,,,,,,,,,,,,,,,,,,,,,,,,,,,,,,,,,,,,,,,,,,,,,,,,,
,,,,,,,,,,,,,,,,,,,,,,,,,,,,,,,,,,,,,,,,,,,,,,,,,,,,,,,,,,,,,,,,,,,,,,,,,,,,,,,,,,,,,,,,,,,,,,,,,,,,,,,,,,,,,,,,,,,,,,,,,,,,,,,,,,,,,,
,,,,,,,,,,,,,,,,,,,,,,,,,,,,,,,,,,,,,,,,,,,,,,,,,,,,,,,,,,,,,,,,,,,,,,,,,,,,,,,,,,,,,,,,,,,,,,,,,,,,,,,,,,,,,,,,,,,,,,,,,,,,,,,,,,,,,,
,,,,,,,,,,,,,,,,,,,,,,,,,,,,,,,,,,,,,,,,,,,,,,,,,,,,,,,,,,,,,,,,,,,,,,,,,,,,,,,,,,,,,,,,,,,,,,,,,,,,,,,,,,,,,,,,,,,,,,,,,,,,,,,,,,,,,,
,,,,,,,,,,,,,,,,,,,,,,,,,,,,,,,,,,,,,,,,,,,,,,,,,,,,,,,,,,,,,,,,,,,,,,,,,,,,,,,,,,,,,,,,,,,,,,,,,,,,,,,,,,,,,,,,,,,,,,,,,,,,,,,,,,,,,,
,,,,,,,,,,,,,,,,,,,,,,,,,,,,,,,,,,,,,,,,,,,,,,,,,,,,,,,,,,,,,,,,,,,,,,,,,,,,,,,,,,,,,,,,,,,,,,,,,,,,,,,,,,,,,,,,,,,,,,,,,,,,,,,,,,,,,,
,,,,,,,,,,,,,,,,,,,,,,,,,,,,,,,,,,,,,,,,,,,,,,,,,,,,,,,,,,,,,,,,,,,,,,,,,,,,,,,,,,,,,,,,,,,,,,,,,,,,,,,,,,,,,,,,,,,,,,,,,,,,,,,,,,,,,,
,,,,,,,,,,,,,,,,,,,,,,,,,,,,,,,,,,,,,,,,,,,,,,,,,,,,,,,,,,,,,,,,,,,,,,,,,,,,,,,,,,,,,,,,,,,,,,,,,,,,,,,,,,,,,,,,,,,,,,,,,,,,,,,,,,,,,,
,,,,,,,,,,,,,,,,,,,,,,,,,,,,,,,,,,,,,,,,,,,,,,,,,,,,,,,,,,,,,,,,,,,,,,,,,,,,,,,,,,,,,,,,,,,,,,,,,,,,,,,,,,,,,,,,,,,,,,,,,,,,,,,,,,,,,,
,,,,,,,,,,,,,,,,,,,,,,,,,,,,,,,,,,,,,,,,,,,,,,,,,,,,,,,,,,,,,,,,,,,,,,,,,,,,,,,,,,,,,,,,,,,,,,,,,,,,,,,,,,,,,,,,,,,,,,,,,,,,,,,,,,,,,,
,,,,,,,,,,,,,,,,,,,,,,,,,,,,,,,,,,,,,,,,,,,,,,,,,,,,,,,,,,,,,,,,,,,,,,,,,,,,,,,,,,,,,,,,,,,,,,,,,,,,,,,,,,,,,,,,,,,,,,,,,,,,,,,,,,,,,,
,,,,,,,,,,,,,,,,,,,,,,,,,,,,,,,,,,,,,,,,,,,,,,,,,,,,,,,,,,,,,,,,,,,,,,,,,,,,,,,,,,,,,,,,,,,,,,,,,,,,,,,,,,,,,,,,,,,,,,,,,,,,,,,,,,,,,,
,,,,,,,,,,,,,,,,,,,,,,,,,,,,,,,,,,,,,,,,,,,,,,,,,,,,,,,,,,,,,,,,,,,,,,,,,,,,,,,,,,,,,,,,,,,,,,,,,,,,,,,,,,,,,,,,,,,,,,,,,,,,,,,,,,,,,,
,,,,,,,,,,,,,,,,,,,,,,,,,,,,,,,,,,,,,,,,,,,,,,,,,,,,,,,,,,,,,,,,,,,,,,,,,,,,,,,,,,,,,,,,,,,,,,,,,,,,,,,,,,,,,,,,,,,,,,,,,,,,,,,,,,,,,,
,,,,,,,,,,,,,,,,,,,,,,,,,,,,,,,,,,,,,,,,,,,,,,,,,,,,,,,,,,,,,,,,,,,,,,,,,,,,,,,,,,,,,,,,,,,,,,,,,,,,,,,,,,,,,,,,,,,,,,,,,,,,,,,,,,,,,,
,,,,,,,,,,,,,,,,,,,,,,,,,,,,,,,,,,,,,,,,,,,,,,,,,,,,,,,,,,,,,,,,,,,,,,,,,,,,,,,,,,,,,,,,,,,,,,,,,,,,,,,,,,,,,,,,,,,,,,,,,,,,,,,,,,,,,,
,,,,,,,,,,,,,,,,,,,,,,,,,,,,,,,,,,,,,,,,,,,,,,,,,,,,,,,,,,,,,,,,,,,,,,,,,,,,,,,,,,,,,,,,,,,,,,,,,,,,,,,,,,,,,,,,,,,,,,,,,,,,,,,,,,,,,,
,,,,,,,,,,,,,,,,,,,,,,,,,,,,,,,,,,,,,,,,,,,,,,,,,,,,,,,,,,,,,,,,,,,,,,,,,,,,,,,,,,,,,,,,,,,,,,,,,,,,,,,,,,,,,,,,,,,,,,,,,,,,,,,,,,,,,,
,,,,,,,,,,,,,,,,,,,,,,,,,,,,,,,,,,,,,,,,,,,,,,,,,,,,,,,,,,,,,,,,,,,,,,,,,,,,,,,,,,,,,,,,,,,,,,,,,,,,,,,,,,,,,,,,,,,,,,,,,,,,,,,,,,,,,,
,,,,,,,,,,,,,,,,,,,,,,,,,,,,,,,,,,,,,,,,,,,,,,,,,,,,,,,,,,,,,,,,,,,,,,,,,,,,,,,,,,,,,,,,,,,,,,,,,,,,,,,,,,,,,,,,,,,,,,,,,,,,,,,,,,,,,,
,,,,,,,,,,,,,,,,,,,,,,,,,,,,,,,,,,,,,,,,,,,,,,,,,,,,,,,,,,,,,,,,,,,,,,,,,,,,,,,,,,,,,,,,,,,,,,,,,,,,,,,,,,,,,,,,,,,,,,,,,,,,,,,,,,,,,,
,,,,,,,,,,,,,,,,,,,,,,,,,,,,,,,,,,,,,,,,,,,,,,,,,,,,,,,,,,,,,,,,,,,,,,,,,,,,,,,,,,,,,,,,,,,,,,,,,,,,,,,,,,,,,,,,,,,,,,,,,,,,,,,,,,,,,,
,,,,,,,,,,,,,,,,,,,,,,,,,,,,,,,,,,,,,,,,,,,,,,,,,,,,,,,,,,,,,,,,,,,,,,,,,,,,,,,,,,,,,,,,,,,,,,,,,,,,,,,,,,,,,,,,,,,,,,,,,,,,,,,,,,,,,,
,,,,,,,,,,,,,,,,,,,,,,,,,,,,,,,,,,,,,,,,,,,,,,,,,,,,,,,,,,,,,,,,,,,,,,,,,,,,,,,,,,,,,,,,,,,,,,,,,,,,,,,,,,,,,,,,,,,,,,,,,,,,,,,,,,,,,,
,,,,,,,,,,,,,,,,,,,,,,,,,,,,,,,,,,,,,,,,,,,,,,,,,,,,,,,,,,,,,,,,,,,,,,,,,,,,,,,,,,,,,,,,,,,,,,,,,,,,,,,,,,,,,,,,,,,,,,,,,,,,,,,,,,,,,,
,,,,,,,,,,,,,,,,,,,,,,,,,,,,,,,,,,,,,,,,,,,,,,,,,,,,,,,,,,,,,,,,,,,,,,,,,,,,,,,,,,,,,,,,,,,,,,,,,,,,,,,,,,,,,,,,,,,,,,,,,,,,,,,,,,,,,,
,,,,,,,,,,,,,,,,,,,,,,,,,,,,,,,,,,,,,,,,,,,,,,,,,,,,,,,,,,,,,,,,,,,,,,,,,,,,,,,,,,,,,,,,,,,,,,,,,,,,,,,,,,,,,,,,,,,,,,,,,,,,,,,,,,,,,,
,,,,,,,,,,,,,,,,,,,,,,,,,,,,,,,,,,,,,,,,,,,,,,,,,,,,,,,,,,,,,,,,,,,,,,,,,,,,,,,,,,,,,,,,,,,,,,,,,,,,,,,,,,,,,,,,,,,,,,,,,,,,,,,,,,,,,,
,,,,,,,,,,,,,,,,,,,,,,,,,,,,,,,,,,,,,,,,,,,,,,,,,,,,,,,,,,,,,,,,,,,,,,,,,,,,,,,,,,,,,,,,,,,,,,,,,,,,,,,,,,,,,,,,,,,,,,,,,,,,,,,,,,,,,,
,,,,,,,,,,,,,,,,,,,,,,,,,,,,,,,,,,,,,,,,,,,,,,,,,,,,,,,,,,,,,,,,,,,,,,,,,,,,,,,,,,,,,,,,,,,,,,,,,,,,,,,,,,,,,,,,,,,,,,,,,,,,,,,,,,,,,,
,,,,,,,,,,,,,,,,,,,,,,,,,,,,,,,,,,,,,,,,,,,,,,,,,,,,,,,,,,,,,,,,,,,,,,,,,,,,,,,,,,,,,,,,,,,,,,,,,,,,,,,,,,,,,,,,,,,,,,,,,,,,,,,,,,,,,,
,,,,,,,,,,,,,,,,,,,,,,,,,,,,,,,,,,,,,,,,,,,,,,,,,,,,,,,,,,,,,,,,,,,,,,,,,,,,,,,,,,,,,,,,,,,,,,,,,,,,,,,,,,,,,,,,,,,,,,,,,,,,,,,,,,,,,,
,,,,,,,,,,,,,,,,,,,,,,,,,,,,,,,,,,,,,,,,,,,,,,,,,,,,,,,,,,,,,,,,,,,,,,,,,,,,,,,,,,,,,,,,,,,,,,,,,,,,,,,,,,,,,,,,,,,,,,,,,,,,,,,,,,,,,,
,,,,,,,,,,,,,,,,,,,,,,,,,,,,,,,,,,,,,,,,,,,,,,,,,,,,,,,,,,,,,,,,,,,,,,,,,,,,,,,,,,,,,,,,,,,,,,,,,,,,,,,,,,,,,,,,,,,,,,,,,,,,,,,,,,,,,,
,,,,,,,,,,,,,,,,,,,,,,,,,,,,,,,,,,,,,,,,,,,,,,,,,,,,,,,,,,,,,,,,,,,,,,,,,,,,,,,,,,,,,,,,,,,,,,,,,,,,,,,,,,,,,,,,,,,,,,,,,,,,,,,,,,,,,,
,,,,,,,,,,,,,,,,,,,,,,,,,,,,,,,,,,,,,,,,,,,,,,,,,,,,,,,,,,,,,,,,,,,,,,,,,,,,,,,,,,,,,,,,,,,,,,,,,,,,,,,,,,,,,,,,,,,,,,,,,,,,,,,,,,,,,,
,,,,,,,,,,,,,,,,,,,,,,,,,,,,,,,,,,,,,,,,,,,,,,,,,,,,,,,,,,,,,,,,,,,,,,,,,,,,,,,,,,,,,,,,,,,,,,,,,,,,,,,,,,,,,,,,,,,,,,,,,,,,,,,,,,,,,,
,,,,,,,,,,,,,,,,,,,,,,,,,,,,,,,,,,,,,,,,,,,,,,,,,,,,,,,,,,,,,,,,,,,,,,,,,,,,,,,,,,,,,,,,,,,,,,,,,,,,,,,,,,,,,,,,,,,,,,,,,,,,,,,,,,,,,,
,,,,,,,,,,,,,,,,,,,,,,,,,,,,,,,,,,,,,,,,,,,,,,,,,,,,,,,,,,,,,,,,,,,,,,,,,,,,,,,,,,,,,,,,,,,,,,,,,,,,,,,,,,,,,,,,,,,,,,,,,,,,,,,,,,,,,,
,,,,,,,,,,,,,,,,,,,,,,,,,,,,,,,,,,,,,,,,,,,,,,,,,,,,,,,,,,,,,,,,,,,,,,,,,,,,,,,,,,,,,,,,,,,,,,,,,,,,,,,,,,,,,,,,,,,,,,,,,,,,,,,,,,,,,,
,,,,,,,,,,,,,,,,,,,,,,,,,,,,,,,,,,,,,,,,,,,,,,,,,,,,,,,,,,,,,,,,,,,,,,,,,,,,,,,,,,,,,,,,,,,,,,,,,,,,,,,,,,,,,,,,,,,,,,,,,,,,,,,,,,,,,,
,,,,,,,,,,,,,,,,,,,,,,,,,,,,,,,,,,,,,,,,,,,,,,,,,,,,,,,,,,,,,,,,,,,,,,,,,,,,,,,,,,,,,,,,,,,,,,,,,,,,,,,,,,,,,,,,,,,,,,,,,,,,,,,,,,,,,,
,,,,,,,,,,,,,,,,,,,,,,,,,,,,,,,,,,,,,,,,,,,,,,,,,,,,,,,,,,,,,,,,,,,,,,,,,,,,,,,,,,,,,,,,,,,,,,,,,,,,,,,,,,,,,,,,,,,,,,,,,,,,,,,,,,,,,,
,,,,,,,,,,,,,,,,,,,,,,,,,,,,,,,,,,,,,,,,,,,,,,,,,,,,,,,,,,,,,,,,,,,,,,,,,,,,,,,,,,,,,,,,,,,,,,,,,,,,,,,,,,,,,,,,,,,,,,,,,,,,,,,,,,,,,,
,,,,,,,,,,,,,,,,,,,,,,,,,,,,,,,,,,,,,,,,,,,,,,,,,,,,,,,,,,,,,,,,,,,,,,,,,,,,,,,,,,,,,,,,,,,,,,,,,,,,,,,,,,,,,,,,,,,,,,,,,,,,,,,,,,,,,,
,,,,,,,,,,,,,,,,,,,,,,,,,,,,,,,,,,,,,,,,,,,,,,,,,,,,,,,,,,,,,,,,,,,,,,,,,,,,,,,,,,,,,,,,,,,,,,,,,,,,,,,,,,,,,,,,,,,,,,,,,,,,,,,,,,,,,,
,,,,,,,,,,,,,,,,,,,,,,,,,,,,,,,,,,,,,,,,,,,,,,,,,,,,,,,,,,,,,,,,,,,,,,,,,,,,,,,,,,,,,,,,,,,,,,,,,,,,,,,,,,,,,,,,,,,,,,,,,,,,,,,,,,,,,,
,,,,,,,,,,,,,,,,,,,,,,,,,,,,,,,,,,,,,,,,,,,,,,,,,,,,,,,,,,,,,,,,,,,,,,,,,,,,,,,,,,,,,,,,,,,,,,,,,,,,,,,,,,,,,,,,,,,,,,,,,,,,,,,,,,,,,,
,,,,,,,,,,,,,,,,,,,,,,,,,,,,,,,,,,,,,,,,,,,,,,,,,,,,,,,,,,,,,,,,,,,,,,,,,,,,,,,,,,,,,,,,,,,,,,,,,,,,,,,,,,,,,,,,,,,,,,,,,,,,,,,,,,,,,,
,,,,,,,,,,,,,,,,,,,,,,,,,,,,,,,,,,,,,,,,,,,,,,,,,,,,,,,,,,,,,,,,,,,,,,,,,,,,,,,,,,,,,,,,,,,,,,,,,,,,,,,,,,,,,,,,,,,,,,,,,,,,,,,,,,,,,,
,,,,,,,,,,,,,,,,,,,,,,,,,,,,,,,,,,,,,,,,,,,,,,,,,,,,,,,,,,,,,,,,,,,,,,,,,,,,,,,,,,,,,,,,,,,,,,,,,,,,,,,,,,,,,,,,,,,,,,,,,,,,,,,,,,,,,,
,,,,,,,,,,,,,,,,,,,,,,,,,,,,,,,,,,,,,,,,,,,,,,,,,,,,,,,,,,,,,,,,,,,,,,,,,,,,,,,,,,,,,,,,,,,,,,,,,,,,,,,,,,,,,,,,,,,,,,,,,,,,,,,,,,,,,,
,,,,,,,,,,,,,,,,,,,,,,,,,,,,,,,,,,,,,,,,,,,,,,,,,,,,,,,,,,,,,,,,,,,,,,,,,,,,,,,,,,,,,,,,,,,,,,,,,,,,,,,,,,,,,,,,,,,,,,,,,,,,,,,,,,,,,,
,,,,,,,,,,,,,,,,,,,,,,,,,,,,,,,,,,,,,,,,,,,,,,,,,,,,,,,,,,,,,,,,,,,,,,,,,,,,,,,,,,,,,,,,,,,,,,,,,,,,,,,,,,,,,,,,,,,,,,,,,,,,,,,,,,,,,,
,,,,,,,,,,,,,,,,,,,,,,,,,,,,,,,,,,,,,,,,,,,,,,,,,,,,,,,,,,,,,,,,,,,,,,,,,,,,,,,,,,,,,,,,,,,,,,,,,,,,,,,,,,,,,,,,,,,,,,,,,,,,,,,,,,,,,,
,,,,,,,,,,,,,,,,,,,,,,,,,,,,,,,,,,,,,,,,,,,,,,,,,,,,,,,,,,,,,,,,,,,,,,,,,,,,,,,,,,,,,,,,,,,,,,,,,,,,,,,,,,,,,,,,,,,,,,,,,,,,,,,,,,,,,,
,,,,,,,,,,,,,,,,,,,,,,,,,,,,,,,,,,,,,,,,,,,,,,,,,,,,,,,,,,,,,,,,,,,,,,,,,,,,,,,,,,,,,,,,,,,,,,,,,,,,,,,,,,,,,,,,,,,,,,,,,,,,,,,,,,,,,,
,,,,,,,,,,,,,,,,,,,,,,,,,,,,,,,,,,,,,,,,,,,,,,,,,,,,,,,,,,,,,,,,,,,,,,,,,,,,,,,,,,,,,,,,,,,,,,,,,,,,,,,,,,,,,,,,,,,,,,,,,,,,,,,,,,,,,,
,,,,,,,,,,,,,,,,,,,,,,,,,,,,,,,,,,,,,,,,,,,,,,,,,,,,,,,,,,,,,,,,,,,,,,,,,,,,,,,,,,,,,,,,,,,,,,,,,,,,,,,,,,,,,,,,,,,,,,,,,,,,,,,,,,,,,,
,,,,,,,,,,,,,,,,,,,,,,,,,,,,,,,,,,,,,,,,,,,,,,,,,,,,,,,,,,,,,,,,,,,,,,,,,,,,,,,,,,,,,,,,,,,,,,,,,,,,,,,,,,,,,,,,,,,,,,,,,,,,,,,,,,,,,,
,,,,,,,,,,,,,,,,,,,,,,,,,,,,,,,,,,,,,,,,,,,,,,,,,,,,,,,,,,,,,,,,,,,,,,,,,,,,,,,,,,,,,,,,,,,,,,,,,,,,,,,,,,,,,,,,,,,,,,,,,,,,,,,,,,,,,,
,,,,,,,,,,,,,,,,,,,,,,,,,,,,,,,,,,,,,,,,,,,,,,,,,,,,,,,,,,,,,,,,,,,,,,,,,,,,,,,,,,,,,,,,,,,,,,,,,,,,,,,,,,,,,,,,,,,,,,,,,,,,,,,,,,,,,,
,,,,,,,,,,,,,,,,,,,,,,,,,,,,,,,,,,,,,,,,,,,,,,,,,,,,,,,,,,,,,,,,,,,,,,,,,,,,,,,,,,,,,,,,,,,,,,,,,,,,,,,,,,,,,,,,,,,,,,,,,,,,,,,,,,,,,,
,,,,,,,,,,,,,,,,,,,,,,,,,,,,,,,,,,,,,,,,,,,,,,,,,,,,,,,,,,,,,,,,,,,,,,,,,,,,,,,,,,,,,,,,,,,,,,,,,,,,,,,,,,,,,,,,,,,,,,,,,,,,,,,,,,,,,,
,,,,,,,,,,,,,,,,,,,,,,,,,,,,,,,,,,,,,,,,,,,,,,,,,,,,,,,,,,,,,,,,,,,,,,,,,,,,,,,,,,,,,,,,,,,,,,,,,,,,,,,,,,,,,,,,,,,,,,,,,,,,,,,,,,,,,,
,,,,,,,,,,,,,,,,,,,,,,,,,,,,,,,,,,,,,,,,,,,,,,,,,,,,,,,,,,,,,,,,,,,,,,,,,,,,,,,,,,,,,,,,,,,,,,,,,,,,,,,,,,,,,,,,,,,,,,,,,,,,,,,,,,,,,,
,,,,,,,,,,,,,,,,,,,,,,,,,,,,,,,,,,,,,,,,,,,,,,,,,,,,,,,,,,,,,,,,,,,,,,,,,,,,,,,,,,,,,,,,,,,,,,,,,,,,,,,,,,,,,,,,,,,,,,,,,,,,,,,,,,,,,,
,,,,,,,,,,,,,,,,,,,,,,,,,,,,,,,,,,,,,,,,,,,,,,,,,,,,,,,,,,,,,,,,,,,,,,,,,,,,,,,,,,,,,,,,,,,,,,,,,,,,,,,,,,,,,,,,,,,,,,,,,,,,,,,,,,,,,,
,,,,,,,,,,,,,,,,,,,,,,,,,,,,,,,,,,,,,,,,,,,,,,,,,,,,,,,,,,,,,,,,,,,,,,,,,,,,,,,,,,,,,,,,,,,,,,,,,,,,,,,,,,,,,,,,,,,,,,,,,,,,,,,,,,,,,,
,,,,,,,,,,,,,,,,,,,,,,,,,,,,,,,,,,,,,,,,,,,,,,,,,,,,,,,,,,,,,,,,,,,,,,,,,,,,,,,,,,,,,,,,,,,,,,,,,,,,,,,,,,,,,,,,,,,,,,,,,,,,,,,,,,,,,,
,,,,,,,,,,,,,,,,,,,,,,,,,,,,,,,,,,,,,,,,,,,,,,,,,,,,,,,,,,,,,,,,,,,,,,,,,,,,,,,,,,,,,,,,,,,,,,,,,,,,,,,,,,,,,,,,,,,,,,,,,,,,,,,,,,,,,,
,,,,,,,,,,,,,,,,,,,,,,,,,,,,,,,,,,,,,,,,,,,,,,,,,,,,,,,,,,,,,,,,,,,,,,,,,,,,,,,,,,,,,,,,,,,,,,,,,,,,,,,,,,,,,,,,,,,,,,,,,,,,,,,,,,,,,,
,,,,,,,,,,,,,,,,,,,,,,,,,,,,,,,,,,,,,,,,,,,,,,,,,,,,,,,,,,,,,,,,,,,,,,,,,,,,,,,,,,,,,,,,,,,,,,,,,,,,,,,,,,,,,,,,,,,,,,,,,,,,,,,,,,,,,,
,,,,,,,,,,,,,,,,,,,,,,,,,,,,,,,,,,,,,,,,,,,,,,,,,,,,,,,,,,,,,,,,,,,,,,,,,,,,,,,,,,,,,,,,,,,,,,,,,,,,,,,,,,,,,,,,,,,,,,,,,,,,,,,,,,,,,,
,,,,,,,,,,,,,,,,,,,,,,,,,,,,,,,,,,,,,,,,,,,,,,,,,,,,,,,,,,,,,,,,,,,,,,,,,,,,,,,,,,,,,,,,,,,,,,,,,,,,,,,,,,,,,,,,,,,,,,,,,,,,,,,,,,,,,,
,,,,,,,,,,,,,,,,,,,,,,,,,,,,,,,,,,,,,,,,,,,,,,,,,,,,,,,,,,,,,,,,,,,,,,,,,,,,,,,,,,,,,,,,,,,,,,,,,,,,,,,,,,,,,,,,,,,,,,,,,,,,,,,,,,,,,,
,,,,,,,,,,,,,,,,,,,,,,,,,,,,,,,,,,,,,,,,,,,,,,,,,,,,,,,,,,,,,,,,,,,,,,,,,,,,,,,,,,,,,,,,,,,,,,,,,,,,,,,,,,,,,,,,,,,,,,,,,,,,,,,,,,,,,,
,,,,,,,,,,,,,,,,,,,,,,,,,,,,,,,,,,,,,,,,,,,,,,,,,,,,,,,,,,,,,,,,,,,,,,,,,,,,,,,,,,,,,,,,,,,,,,,,,,,,,,,,,,,,,,,,,,,,,,,,,,,,,,,,,,,,,,
,,,,,,,,,,,,,,,,,,,,,,,,,,,,,,,,,,,,,,,,,,,,,,,,,,,,,,,,,,,,,,,,,,,,,,,,,,,,,,,,,,,,,,,,,,,,,,,,,,,,,,,,,,,,,,,,,,,,,,,,,,,,,,,,,,,,,,
,,,,,,,,,,,,,,,,,,,,,,,,,,,,,,,,,,,,,,,,,,,,,,,,,,,,,,,,,,,,,,,,,,,,,,,,,,,,,,,,,,,,,,,,,,,,,,,,,,,,,,,,,,,,,,,,,,,,,,,,,,,,,,,,,,,,,,
,,,,,,,,,,,,,,,,,,,,,,,,,,,,,,,,,,,,,,,,,,,,,,,,,,,,,,,,,,,,,,,,,,,,,,,,,,,,,,,,,,,,,,,,,,,,,,,,,,,,,,,,,,,,,,,,,,,,,,,,,,,,,,,,,,,,,,
,,,,,,,,,,,,,,,,,,,,,,,,,,,,,,,,,,,,,,,,,,,,,,,,,,,,,,,,,,,,,,,,,,,,,,,,,,,,,,,,,,,,,,,,,,,,,,,,,,,,,,,,,,,,,,,,,,,,,,,,,,,,,,,,,,,,,,
,,,,,,,,,,,,,,,,,,,,,,,,,,,,,,,,,,,,,,,,,,,,,,,,,,,,,,,,,,,,,,,,,,,,,,,,,,,,,,,,,,,,,,,,,,,,,,,,,,,,,,,,,,,,,,,,,,,,,,,,,,,,,,,,,,,,,,
,,,,,,,,,,,,,,,,,,,,,,,,,,,,,,,,,,,,,,,,,,,,,,,,,,,,,,,,,,,,,,,,,,,,,,,,,,,,,,,,,,,,,,,,,,,,,,,,,,,,,,,,,,,,,,,,,,,,,,,,,,,,,,,,,,,,,,
,,,,,,,,,,,,,,,,,,,,,,,,,,,,,,,,,,,,,,,,,,,,,,,,,,,,,,,,,,,,,,,,,,,,,,,,,,,,,,,,,,,,,,,,,,,,,,,,,,,,,,,,,,,,,,,,,,,,,,,,,,,,,,,,,,,,,,
,,,,,,,,,,,,,,,,,,,,,,,,,,,,,,,,,,,,,,,,,,,,,,,,,,,,,,,,,,,,,,,,,,,,,,,,,,,,,,,,,,,,,,,,,,,,,,,,,,,,,,,,,,,,,,,,,,,,,,,,,,,,,,,,,,,,,,
,,,,,,,,,,,,,,,,,,,,,,,,,,,,,,,,,,,,,,,,,,,,,,,,,,,,,,,,,,,,,,,,,,,,,,,,,,,,,,,,,,,,,,,,,,,,,,,,,,,,,,,,,,,,,,,,,,,,,,,,,,,,,,,,,,,,,,
,,,,,,,,,,,,,,,,,,,,,,,,,,,,,,,,,,,,,,,,,,,,,,,,,,,,,,,,,,,,,,,,,,,,,,,,,,,,,,,,,,,,,,,,,,,,,,,,,,,,,,,,,,,,,,,,,,,,,,,,,,,,,,,,,,,,,,
,,,,,,,,,,,,,,,,,,,,,,,,,,,,,,,,,,,,,,,,,,,,,,,,,,,,,,,,,,,,,,,,,,,,,,,,,,,,,,,,,,,,,,,,,,,,,,,,,,,,,,,,,,,,,,,,,,,,,,,,,,,,,,,,,,,,,,
,,,,,,,,,,,,,,,,,,,,,,,,,,,,,,,,,,,,,,,,,,,,,,,,,,,,,,,,,,,,,,,,,,,,,,,,,,,,,,,,,,,,,,,,,,,,,,,,,,,,,,,,,,,,,,,,,,,,,,,,,,,,,,,,,,,,,,
,,,,,,,,,,,,,,,,,,,,,,,,,,,,,,,,,,,,,,,,,,,,,,,,,,,,,,,,,,,,,,,,,,,,,,,,,,,,,,,,,,,,,,,,,,,,,,,,,,,,,,,,,,,,,,,,,,,,,,,,,,,,,,,,,,,,,,
,,,,,,,,,,,,,,,,,,,,,,,,,,,,,,,,,,,,,,,,,,,,,,,,,,,,,,,,,,,,,,,,,,,,,,,,,,,,,,,,,,,,,,,,,,,,,,,,,,,,,,,,,,,,,,,,,,,,,,,,,,,,,,,,,,,,,,
,,,,,,,,,,,,,,,,,,,,,,,,,,,,,,,,,,,,,,,,,,,,,,,,,,,,,,,,,,,,,,,,,,,,,,,,,,,,,,,,,,,,,,,,,,,,,,,,,,,,,,,,,,,,,,,,,,,,,,,,,,,,,,,,,,,,,,
,,,,,,,,,,,,,,,,,,,,,,,,,,,,,,,,,,,,,,,,,,,,,,,,,,,,,,,,,,,,,,,,,,,,,,,,,,,,,,,,,,,,,,,,,,,,,,,,,,,,,,,,,,,,,,,,,,,,,,,,,,,,,,,,,,,,,,
,,,,,,,,,,,,,,,,,,,,,,,,,,,,,,,,,,,,,,,,,,,,,,,,,,,,,,,,,,,,,,,,,,,,,,,,,,,,,,,,,,,,,,,,,,,,,,,,,,,,,,,,,,,,,,,,,,,,,,,,,,,,,,,,,,,,,,
,,,,,,,,,,,,,,,,,,,,,,,,,,,,,,,,,,,,,,,,,,,,,,,,,,,,,,,,,,,,,,,,,,,,,,,,,,,,,,,,,,,,,,,,,,,,,,,,,,,,,,,,,,,,,,,,,,,,,,,,,,,,,,,,,,,,,,
,,,,,,,,,,,,,,,,,,,,,,,,,,,,,,,,,,,,,,,,,,,,,,,,,,,,,,,,,,,,,,,,,,,,,,,,,,,,,,,,,,,,,,,,,,,,,,,,,,,,,,,,,,,,,,,,,,,,,,,,,,,,,,,,,,,,,,
,,,,,,,,,,,,,,,,,,,,,,,,,,,,,,,,,,,,,,,,,,,,,,,,,,,,,,,,,,,,,,,,,,,,,,,,,,,,,,,,,,,,,,,,,,,,,,,,,,,,,,,,,,,,,,,,,,,,,,,,,,,,,,,,,,,,,,
,,,,,,,,,,,,,,,,,,,,,,,,,,,,,,,,,,,,,,,,,,,,,,,,,,,,,,,,,,,,,,,,,,,,,,,,,,,,,,,,,,,,,,,,,,,,,,,,,,,,,,,,,,,,,,,,,,,,,,,,,,,,,,,,,,,,,,
,,,,,,,,,,,,,,,,,,,,,,,,,,,,,,,,,,,,,,,,,,,,,,,,,,,,,,,,,,,,,,,,,,,,,,,,,,,,,,,,,,,,,,,,,,,,,,,,,,,,,,,,,,,,,,,,,,,,,,,,,,,,,,,,,,,,,,
,,,,,,,,,,,,,,,,,,,,,,,,,,,,,,,,,,,,,,,,,,,,,,,,,,,,,,,,,,,,,,,,,,,,,,,,,,,,,,,,,,,,,,,,,,,,,,,,,,,,,,,,,,,,,,,,,,,,,,,,,,,,,,,,,,,,,,
,,,,,,,,,,,,,,,,,,,,,,,,,,,,,,,,,,,,,,,,,,,,,,,,,,,,,,,,,,,,,,,,,,,,,,,,,,,,,,,,,,,,,,,,,,,,,,,,,,,,,,,,,,,,,,,,,,,,,,,,,,,,,,,,,,,,,,
,,,,,,,,,,,,,,,,,,,,,,,,,,,,,,,,,,,,,,,,,,,,,,,,,,,,,,,,,,,,,,,,,,,,,,,,,,,,,,,,,,,,,,,,,,,,,,,,,,,,,,,,,,,,,,,,,,,,,,,,,,,,,,,,,,,,,,
,,,,,,,,,,,,,,,,,,,,,,,,,,,,,,,,,,,,,,,,,,,,,,,,,,,,,,,,,,,,,,,,,,,,,,,,,,,,,,,,,,,,,,,,,,,,,,,,,,,,,,,,,,,,,,,,,,,,,,,,,,,,,,,,,,,,,,
,,,,,,,,,,,,,,,,,,,,,,,,,,,,,,,,,,,,,,,,,,,,,,,,,,,,,,,,,,,,,,,,,,,,,,,,,,,,,,,,,,,,,,,,,,,,,,,,,,,,,,,,,,,,,,,,,,,,,,,,,,,,,,,,,,,,,,
,,,,,,,,,,,,,,,,,,,,,,,,,,,,,,,,,,,,,,,,,,,,,,,,,,,,,,,,,,,,,,,,,,,,,,,,,,,,,,,,,,,,,,,,,,,,,,,,,,,,,,,,,,,,,,,,,,,,,,,,,,,,,,,,,,,,,,
,,,,,,,,,,,,,,,,,,,,,,,,,,,,,,,,,,,,,,,,,,,,,,,,,,,,,,,,,,,,,,,,,,,,,,,,,,,,,,,,,,,,,,,,,,,,,,,,,,,,,,,,,,,,,,,,,,,,,,,,,,,,,,,,,,,,,,
,,,,,,,,,,,,,,,,,,,,,,,,,,,,,,,,,,,,,,,,,,,,,,,,,,,,,,,,,,,,,,,,,,,,,,,,,,,,,,,,,,,,,,,,,,,,,,,,,,,,,,,,,,,,,,,,,,,,,,,,,,,,,,,,,,,,,,
,,,,,,,,,,,,,,,,,,,,,,,,,,,,,,,,,,,,,,,,,,,,,,,,,,,,,,,,,,,,,,,,,,,,,,,,,,,,,,,,,,,,,,,,,,,,,,,,,,,,,,,,,,,,,,,,,,,,,,,,,,,,,,,,,,,,,,
,,,,,,,,,,,,,,,,,,,,,,,,,,,,,,,,,,,,,,,,,,,,,,,,,,,,,,,,,,,,,,,,,,,,,,,,,,,,,,,,,,,,,,,,,,,,,,,,,,,,,,,,,,,,,,,,,,,,,,,,,,,,,,,,,,,,,,
,,,,,,,,,,,,,,,,,,,,,,,,,,,,,,,,,,,,,,,,,,,,,,,,,,,,,,,,,,,,,,,,,,,,,,,,,,,,,,,,,,,,,,,,,,,,,,,,,,,,,,,,,,,,,,,,,,,,,,,,,,,,,,,,,,,,,,
,,,,,,,,,,,,,,,,,,,,,,,,,,,,,,,,,,,,,,,,,,,,,,,,,,,,,,,,,,,,,,,,,,,,,,,,,,,,,,,,,,,,,,,,,,,,,,,,,,,,,,,,,,,,,,,,,,,,,,,,,,,,,,,,,,,,,,
,,,,,,,,,,,,,,,,,,,,,,,,,,,,,,,,,,,,,,,,,,,,,,,,,,,,,,,,,,,,,,,,,,,,,,,,,,,,,,,,,,,,,,,,,,,,,,,,,,,,,,,,,,,,,,,,,,,,,,,,,,,,,,,,,,,,,,
,,,,,,,,,,,,,,,,,,,,,,,,,,,,,,,,,,,,,,,,,,,,,,,,,,,,,,,,,,,,,,,,,,,,,,,,,,,,,,,,,,,,,,,,,,,,,,,,,,,,,,,,,,,,,,,,,,,,,,,,,,,,,,,,,,,,,,
,,,,,,,,,,,,,,,,,,,,,,,,,,,,,,,,,,,,,,,,,,,,,,,,,,,,,,,,,,,,,,,,,,,,,,,,,,,,,,,,,,,,,,,,,,,,,,,,,,,,,,,,,,,,,,,,,,,,,,,,,,,,,,,,,,,,,,
,,,,,,,,,,,,,,,,,,,,,,,,,,,,,,,,,,,,,,,,,,,,,,,,,,,,,,,,,,,,,,,,,,,,,,,,,,,,,,,,,,,,,,,,,,,,,,,,,,,,,,,,,,,,,,,,,,,,,,,,,,,,,,,,,,,,,,
,,,,,,,,,,,,,,,,,,,,,,,,,,,,,,,,,,,,,,,,,,,,,,,,,,,,,,,,,,,,,,,,,,,,,,,,,,,,,,,,,,,,,,,,,,,,,,,,,,,,,,,,,,,,,,,,,,,,,,,,,,,,,,,,,,,,,,
,,,,,,,,,,,,,,,,,,,,,,,,,,,,,,,,,,,,,,,,,,,,,,,,,,,,,,,,,,,,,,,,,,,,,,,,,,,,,,,,,,,,,,,,,,,,,,,,,,,,,,,,,,,,,,,,,,,,,,,,,,,,,,,,,,,,,,
,,,,,,,,,,,,,,,,,,,,,,,,,,,,,,,,,,,,,,,,,,,,,,,,,,,,,,,,,,,,,,,,,,,,,,,,,,,,,,,,,,,,,,,,,,,,,,,,,,,,,,,,,,,,,,,,,,,,,,,,,,,,,,,,,,,,,,
,,,,,,,,,,,,,,,,,,,,,,,,,,,,,,,,,,,,,,,,,,,,,,,,,,,,,,,,,,,,,,,,,,,,,,,,,,,,,,,,,,,,,,,,,,,,,,,,,,,,,,,,,,,,,,,,,,,,,,,,,,,,,,,,,,,,,,
,,,,,,,,,,,,,,,,,,,,,,,,,,,,,,,,,,,,,,,,,,,,,,,,,,,,,,,,,,,,,,,,,,,,,,,,,,,,,,,,,,,,,,,,,,,,,,,,,,,,,,,,,,,,,,,,,,,,,,,,,,,,,,,,,,,,,,
,,,,,,,,,,,,,,,,,,,,,,,,,,,,,,,,,,,,,,,,,,,,,,,,,,,,,,,,,,,,,,,,,,,,,,,,,,,,,,,,,,,,,,,,,,,,,,,,,,,,,,,,,,,,,,,,,,,,,,,,,,,,,,,,,,,,,,
,,,,,,,,,,,,,,,,,,,,,,,,,,,,,,,,,,,,,,,,,,,,,,,,,,,,,,,,,,,,,,,,,,,,,,,,,,,,,,,,,,,,,,,,,,,,,,,,,,,,,,,,,,,,,,,,,,,,,,,,,,,,,,,,,,,,,,
,,,,,,,,,,,,,,,,,,,,,,,,,,,,,,,,,,,,,,,,,,,,,,,,,,,,,,,,,,,,,,,,,,,,,,,,,,,,,,,,,,,,,,,,,,,,,,,,,,,,,,,,,,,,,,,,,,,,,,,,,,,,,,,,,,,,,,
,,,,,,,,,,,,,,,,,,,,,,,,,,,,,,,,,,,,,,,,,,,,,,,,,,,,,,,,,,,,,,,,,,,,,,,,,,,,,,,,,,,,,,,,,,,,,,,,,,,,,,,,,,,,,,,,,,,,,,,,,,,,,,,,,,,,,,
,,,,,,,,,,,,,,,,,,,,,,,,,,,,,,,,,,,,,,,,,,,,,,,,,,,,,,,,,,,,,,,,,,,,,,,,,,,,,,,,,,,,,,,,,,,,,,,,,,,,,,,,,,,,,,,,,,,,,,,,,,,,,,,,,,,,,,
,,,,,,,,,,,,,,,,,,,,,,,,,,,,,,,,,,,,,,,,,,,,,,,,,,,,,,,,,,,,,,,,,,,,,,,,,,,,,,,,,,,,,,,,,,,,,,,,,,,,,,,,,,,,,,,,,,,,,,,,,,,,,,,,,,,,,,
,,,,,,,,,,,,,,,,,,,,,,,,,,,,,,,,,,,,,,,,,,,,,,,,,,,,,,,,,,,,,,,,,,,,,,,,,,,,,,,,,,,,,,,,,,,,,,,,,,,,,,,,,,,,,,,,,,,,,,,,,,,,,,,,,,,,,,
,,,,,,,,,,,,,,,,,,,,,,,,,,,,,,,,,,,,,,,,,,,,,,,,,,,,,,,,,,,,,,,,,,,,,,,,,,,,,,,,,,,,,,,,,,,,,,,,,,,,,,,,,,,,,,,,,,,,,,,,,,,,,,,,,,,,,,
,,,,,,,,,,,,,,,,,,,,,,,,,,,,,,,,,,,,,,,,,,,,,,,,,,,,,,,,,,,,,,,,,,,,,,,,,,,,,,,,,,,,,,,,,,,,,,,,,,,,,,,,,,,,,,,,,,,,,,,,,,,,,,,,,,,,,,
,,,,,,,,,,,,,,,,,,,,,,,,,,,,,,,,,,,,,,,,,,,,,,,,,,,,,,,,,,,,,,,,,,,,,,,,,,,,,,,,,,,,,,,,,,,,,,,,,,,,,,,,,,,,,,,,,,,,,,,,,,,,,,,,,,,,,,
,,,,,,,,,,,,,,,,,,,,,,,,,,,,,,,,,,,,,,,,,,,,,,,,,,,,,,,,,,,,,,,,,,,,,,,,,,,,,,,,,,,,,,,,,,,,,,,,,,,,,,,,,,,,,,,,,,,,,,,,,,,,,,,,,,,,,,
,,,,,,,,,,,,,,,,,,,,,,,,,,,,,,,,,,,,,,,,,,,,,,,,,,,,,,,,,,,,,,,,,,,,,,,,,,,,,,,,,,,,,,,,,,,,,,,,,,,,,,,,,,,,,,,,,,,,,,,,,,,,,,,,,,,,,,
,,,,,,,,,,,,,,,,,,,,,,,,,,,,,,,,,,,,,,,,,,,,,,,,,,,,,,,,,,,,,,,,,,,,,,,,,,,,,,,,,,,,,,,,,,,,,,,,,,,,,,,,,,,,,,,,,,,,,,,,,,,,,,,,,,,,,,
,,,,,,,,,,,,,,,,,,,,,,,,,,,,,,,,,,,,,,,,,,,,,,,,,,,,,,,,,,,,,,,,,,,,,,,,,,,,,,,,,,,,,,,,,,,,,,,,,,,,,,,,,,,,,,,,,,,,,,,,,,,,,,,,,,,,,,
,,,,,,,,,,,,,,,,,,,,,,,,,,,,,,,,,,,,,,,,,,,,,,,,,,,,,,,,,,,,,,,,,,,,,,,,,,,,,,,,,,,,,,,,,,,,,,,,,,,,,,,,,,,,,,,,,,,,,,,,,,,,,,,,,,,,,,
,,,,,,,,,,,,,,,,,,,,,,,,,,,,,,,,,,,,,,,,,,,,,,,,,,,,,,,,,,,,,,,,,,,,,,,,,,,,,,,,,,,,,,,,,,,,,,,,,,,,,,,,,,,,,,,,,,,,,,,,,,,,,,,,,,,,,,
,,,,,,,,,,,,,,,,,,,,,,,,,,,,,,,,,,,,,,,,,,,,,,,,,,,,,,,,,,,,,,,,,,,,,,,,,,,,,,,,,,,,,,,,,,,,,,,,,,,,,,,,,,,,,,,,,,,,,,,,,,,,,,,,,,,,,,
,,,,,,,,,,,,,,,,,,,,,,,,,,,,,,,,,,,,,,,,,,,,,,,,,,,,,,,,,,,,,,,,,,,,,,,,,,,,,,,,,,,,,,,,,,,,,,,,,,,,,,,,,,,,,,,,,,,,,,,,,,,,,,,,,,,,,,
,,,,,,,,,,,,,,,,,,,,,,,,,,,,,,,,,,,,,,,,,,,,,,,,,,,,,,,,,,,,,,,,,,,,,,,,,,,,,,,,,,,,,,,,,,,,,,,,,,,,,,,,,,,,,,,,,,,,,,,,,,,,,,,,,,,,,,
,,,,,,,,,,,,,,,,,,,,,,,,,,,,,,,,,,,,,,,,,,,,,,,,,,,,,,,,,,,,,,,,,,,,,,,,,,,,,,,,,,,,,,,,,,,,,,,,,,,,,,,,,,,,,,,,,,,,,,,,,,,,,,,,,,,,,,
,,,,,,,,,,,,,,,,,,,,,,,,,,,,,,,,,,,,,,,,,,,,,,,,,,,,,,,,,,,,,,,,,,,,,,,,,,,,,,,,,,,,,,,,,,,,,,,,,,,,,,,,,,,,,,,,,,,,,,,,,,,,,,,,,,,,,,
,,,,,,,,,,,,,,,,,,,,,,,,,,,,,,,,,,,,,,,,,,,,,,,,,,,,,,,,,,,,,,,,,,,,,,,,,,,,,,,,,,,,,,,,,,,,,,,,,,,,,,,,,,,,,,,,,,,,,,,,,,,,,,,,,,,,,,
,,,,,,,,,,,,,,,,,,,,,,,,,,,,,,,,,,,,,,,,,,,,,,,,,,,,,,,,,,,,,,,,,,,,,,,,,,,,,,,,,,,,,,,,,,,,,,,,,,,,,,,,,,,,,,,,,,,,,,,,,,,,,,,,,,,,,,
,,,,,,,,,,,,,,,,,,,,,,,,,,,,,,,,,,,,,,,,,,,,,,,,,,,,,,,,,,,,,,,,,,,,,,,,,,,,,,,,,,,,,,,,,,,,,,,,,,,,,,,,,,,,,,,,,,,,,,,,,,,,,,,,,,,,,,
,,,,,,,,,,,,,,,,,,,,,,,,,,,,,,,,,,,,,,,,,,,,,,,,,,,,,,,,,,,,,,,,,,,,,,,,,,,,,,,,,,,,,,,,,,,,,,,,,,,,,,,,,,,,,,,,,,,,,,,,,,,,,,,,,,,,,,
,,,,,,,,,,,,,,,,,,,,,,,,,,,,,,,,,,,,,,,,,,,,,,,,,,,,,,,,,,,,,,,,,,,,,,,,,,,,,,,,,,,,,,,,,,,,,,,,,,,,,,,,,,,,,,,,,,,,,,,,,,,,,,,,,,,,,,
,,,,,,,,,,,,,,,,,,,,,,,,,,,,,,,,,,,,,,,,,,,,,,,,,,,,,,,,,,,,,,,,,,,,,,,,,,,,,,,,,,,,,,,,,,,,,,,,,,,,,,,,,,,,,,,,,,,,,,,,,,,,,,,,,,,,,,
,,,,,,,,,,,,,,,,,,,,,,,,,,,,,,,,,,,,,,,,,,,,,,,,,,,,,,,,,,,,,,,,,,,,,,,,,,,,,,,,,,,,,,,,,,,,,,,,,,,,,,,,,,,,,,,,,,,,,,,,,,,,,,,,,,,,,,
,,,,,,,,,,,,,,,,,,,,,,,,,,,,,,,,,,,,,,,,,,,,,,,,,,,,,,,,,,,,,,,,,,,,,,,,,,,,,,,,,,,,,,,,,,,,,,,,,,,,,,,,,,,,,,,,,,,,,,,,,,,,,,,,,,,,,,
,,,,,,,,,,,,,,,,,,,,,,,,,,,,,,,,,,,,,,,,,,,,,,,,,,,,,,,,,,,,,,,,,,,,,,,,,,,,,,,,,,,,,,,,,,,,,,,,,,,,,,,,,,,,,,,,,,,,,,,,,,,,,,,,,,,,,,
,,,,,,,,,,,,,,,,,,,,,,,,,,,,,,,,,,,,,,,,,,,,,,,,,,,,,,,,,,,,,,,,,,,,,,,,,,,,,,,,,,,,,,,,,,,,,,,,,,,,,,,,,,,,,,,,,,,,,,,,,,,,,,,,,,,,,,
,,,,,,,,,,,,,,,,,,,,,,,,,,,,,,,,,,,,,,,,,,,,,,,,,,,,,,,,,,,,,,,,,,,,,,,,,,,,,,,,,,,,,,,,,,,,,,,,,,,,,,,,,,,,,,,,,,,,,,,,,,,,,,,,,,,,,,
,,,,,,,,,,,,,,,,,,,,,,,,,,,,,,,,,,,,,,,,,,,,,,,,,,,,,,,,,,,,,,,,,,,,,,,,,,,,,,,,,,,,,,,,,,,,,,,,,,,,,,,,,,,,,,,,,,,,,,,,,,,,,,,,,,,,,,
,,,,,,,,,,,,,,,,,,,,,,,,,,,,,,,,,,,,,,,,,,,,,,,,,,,,,,,,,,,,,,,,,,,,,,,,,,,,,,,,,,,,,,,,,,,,,,,,,,,,,,,,,,,,,,,,,,,,,,,,,,,,,,,,,,,,,,
,,,,,,,,,,,,,,,,,,,,,,,,,,,,,,,,,,,,,,,,,,,,,,,,,,,,,,,,,,,,,,,,,,,,,,,,,,,,,,,,,,,,,,,,,,,,,,,,,,,,,,,,,,,,,,,,,,,,,,,,,,,,,,,,,,,,,,
,,,,,,,,,,,,,,,,,,,,,,,,,,,,,,,,,,,,,,,,,,,,,,,,,,,,,,,,,,,,,,,,,,,,,,,,,,,,,,,,,,,,,,,,,,,,,,,,,,,,,,,,,,,,,,,,,,,,,,,,,,,,,,,,,,,,,,
,,,,,,,,,,,,,,,,,,,,,,,,,,,,,,,,,,,,,,,,,,,,,,,,,,,,,,,,,,,,,,,,,,,,,,,,,,,,,,,,,,,,,,,,,,,,,,,,,,,,,,,,,,,,,,,,,,,,,,,,,,,,,,,,,,,,,,
,,,,,,,,,,,,,,,,,,,,,,,,,,,,,,,,,,,,,,,,,,,,,,,,,,,,,,,,,,,,,,,,,,,,,,,,,,,,,,,,,,,,,,,,,,,,,,,,,,,,,,,,,,,,,,,,,,,,,,,,,,,,,,,,,,,,,,
,,,,,,,,,,,,,,,,,,,,,,,,,,,,,,,,,,,,,,,,,,,,,,,,,,,,,,,,,,,,,,,,,,,,,,,,,,,,,,,,,,,,,,,,,,,,,,,,,,,,,,,,,,,,,,,,,,,,,,,,,,,,,,,,,,,,,,
,,,,,,,,,,,,,,,,,,,,,,,,,,,,,,,,,,,,,,,,,,,,,,,,,,,,,,,,,,,,,,,,,,,,,,,,,,,,,,,,,,,,,,,,,,,,,,,,,,,,,,,,,,,,,,,,,,,,,,,,,,,,,,,,,,,,,,
,,,,,,,,,,,,,,,,,,,,,,,,,,,,,,,,,,,,,,,,,,,,,,,,,,,,,,,,,,,,,,,,,,,,,,,,,,,,,,,,,,,,,,,,,,,,,,,,,,,,,,,,,,,,,,,,,,,,,,,,,,,,,,,,,,,,,,
,,,,,,,,,,,,,,,,,,,,,,,,,,,,,,,,,,,,,,,,,,,,,,,,,,,,,,,,,,,,,,,,,,,,,,,,,,,,,,,,,,,,,,,,,,,,,,,,,,,,,,,,,,,,,,,,,,,,,,,,,,,,,,,,,,,,,,
,,,,,,,,,,,,,,,,,,,,,,,,,,,,,,,,,,,,,,,,,,,,,,,,,,,,,,,,,,,,,,,,,,,,,,,,,,,,,,,,,,,,,,,,,,,,,,,,,,,,,,,,,,,,,,,,,,,,,,,,,,,,,,,,,,,,,,
,,,,,,,,,,,,,,,,,,,,,,,,,,,,,,,,,,,,,,,,,,,,,,,,,,,,,,,,,,,,,,,,,,,,,,,,,,,,,,,,,,,,,,,,,,,,,,,,,,,,,,,,,,,,,,,,,,,,,,,,,,,,,,,,,,,,,,
,,,,,,,,,,,,,,,,,,,,,,,,,,,,,,,,,,,,,,,,,,,,,,,,,,,,,,,,,,,,,,,,,,,,,,,,,,,,,,,,,,,,,,,,,,,,,,,,,,,,,,,,,,,,,,,,,,,,,,,,,,,,,,,,,,,,,,
,,,,,,,,,,,,,,,,,,,,,,,,,,,,,,,,,,,,,,,,,,,,,,,,,,,,,,,,,,,,,,,,,,,,,,,,,,,,,,,,,,,,,,,,,,,,,,,,,,,,,,,,,,,,,,,,,,,,,,,,,,,,,,,,,,,,,,
,,,,,,,,,,,,,,,,,,,,,,,,,,,,,,,,,,,,,,,,,,,,,,,,,,,,,,,,,,,,,,,,,,,,,,,,,,,,,,,,,,,,,,,,,,,,,,,,,,,,,,,,,,,,,,,,,,,,,,,,,,,,,,,,,,,,,,
,,,,,,,,,,,,,,,,,,,,,,,,,,,,,,,,,,,,,,,,,,,,,,,,,,,,,,,,,,,,,,,,,,,,,,,,,,,,,,,,,,,,,,,,,,,,,,,,,,,,,,,,,,,,,,,,,,,,,,,,,,,,,,,,,,,,,,
,,,,,,,,,,,,,,,,,,,,,,,,,,,,,,,,,,,,,,,,,,,,,,,,,,,,,,,,,,,,,,,,,,,,,,,,,,,,,,,,,,,,,,,,,,,,,,,,,,,,,,,,,,,,,,,,,,,,,,,,,,,,,,,,,,,,,,
,,,,,,,,,,,,,,,,,,,,,,,,,,,,,,,,,,,,,,,,,,,,,,,,,,,,,,,,,,,,,,,,,,,,,,,,,,,,,,,,,,,,,,,,,,,,,,,,,,,,,,,,,,,,,,,,,,,,,,,,,,,,,,,,,,,,,,
,,,,,,,,,,,,,,,,,,,,,,,,,,,,,,,,,,,,,,,,,,,,,,,,,,,,,,,,,,,,,,,,,,,,,,,,,,,,,,,,,,,,,,,,,,,,,,,,,,,,,,,,,,,,,,,,,,,,,,,,,,,,,,,,,,,,,,
,,,,,,,,,,,,,,,,,,,,,,,,,,,,,,,,,,,,,,,,,,,,,,,,,,,,,,,,,,,,,,,,,,,,,,,,,,,,,,,,,,,,,,,,,,,,,,,,,,,,,,,,,,,,,,,,,,,,,,,,,,,,,,,,,,,,,,
,,,,,,,,,,,,,,,,,,,,,,,,,,,,,,,,,,,,,,,,,,,,,,,,,,,,,,,,,,,,,,,,,,,,,,,,,,,,,,,,,,,,,,,,,,,,,,,,,,,,,,,,,,,,,,,,,,,,,,,,,,,,,,,,,,,,,,
,,,,,,,,,,,,,,,,,,,,,,,,,,,,,,,,,,,,,,,,,,,,,,,,,,,,,,,,,,,,,,,,,,,,,,,,,,,,,,,,,,,,,,,,,,,,,,,,,,,,,,,,,,,,,,,,,,,,,,,,,,,,,,,,,,,,,,
,,,,,,,,,,,,,,,,,,,,,,,,,,,,,,,,,,,,,,,,,,,,,,,,,,,,,,,,,,,,,,,,,,,,,,,,,,,,,,,,,,,,,,,,,,,,,,,,,,,,,,,,,,,,,,,,,,,,,,,,,,,,,,,,,,,,,,
,,,,,,,,,,,,,,,,,,,,,,,,,,,,,,,,,,,,,,,,,,,,,,,,,,,,,,,,,,,,,,,,,,,,,,,,,,,,,,,,,,,,,,,,,,,,,,,,,,,,,,,,,,,,,,,,,,,,,,,,,,,,,,,,,,,,,,
,,,,,,,,,,,,,,,,,,,,,,,,,,,,,,,,,,,,,,,,,,,,,,,,,,,,,,,,,,,,,,,,,,,,,,,,,,,,,,,,,,,,,,,,,,,,,,,,,,,,,,,,,,,,,,,,,,,,,,,,,,,,,,,,,,,,,,
,,,,,,,,,,,,,,,,,,,,,,,,,,,,,,,,,,,,,,,,,,,,,,,,,,,,,,,,,,,,,,,,,,,,,,,,,,,,,,,,,,,,,,,,,,,,,,,,,,,,,,,,,,,,,,,,,,,,,,,,,,,,,,,,,,,,,,
,,,,,,,,,,,,,,,,,,,,,,,,,,,,,,,,,,,,,,,,,,,,,,,,,,,,,,,,,,,,,,,,,,,,,,,,,,,,,,,,,,,,,,,,,,,,,,,,,,,,,,,,,,,,,,,,,,,,,,,,,,,,,,,,,,,,,,
,,,,,,,,,,,,,,,,,,,,,,,,,,,,,,,,,,,,,,,,,,,,,,,,,,,,,,,,,,,,,,,,,,,,,,,,,,,,,,,,,,,,,,,,,,,,,,,,,,,,,,,,,,,,,,,,,,,,,,,,,,,,,,,,,,,,,,
,,,,,,,,,,,,,,,,,,,,,,,,,,,,,,,,,,,,,,,,,,,,,,,,,,,,,,,,,,,,,,,,,,,,,,,,,,,,,,,,,,,,,,,,,,,,,,,,,,,,,,,,,,,,,,,,,,,,,,,,,,,,,,,,,,,,,,
,,,,,,,,,,,,,,,,,,,,,,,,,,,,,,,,,,,,,,,,,,,,,,,,,,,,,,,,,,,,,,,,,,,,,,,,,,,,,,,,,,,,,,,,,,,,,,,,,,,,,,,,,,,,,,,,,,,,,,,,,,,,,,,,,,,,,,
,,,,,,,,,,,,,,,,,,,,,,,,,,,,,,,,,,,,,,,,,,,,,,,,,,,,,,,,,,,,,,,,,,,,,,,,,,,,,,,,,,,,,,,,,,,,,,,,,,,,,,,,,,,,,,,,,,,,,,,,,,,,,,,,,,,,,,
,,,,,,,,,,,,,,,,,,,,,,,,,,,,,,,,,,,,,,,,,,,,,,,,,,,,,,,,,,,,,,,,,,,,,,,,,,,,,,,,,,,,,,,,,,,,,,,,,,,,,,,,,,,,,,,,,,,,,,,,,,,,,,,,,,,,,,
,,,,,,,,,,,,,,,,,,,,,,,,,,,,,,,,,,,,,,,,,,,,,,,,,,,,,,,,,,,,,,,,,,,,,,,,,,,,,,,,,,,,,,,,,,,,,,,,,,,,,,,,,,,,,,,,,,,,,,,,,,,,,,,,,,,,,,
,,,,,,,,,,,,,,,,,,,,,,,,,,,,,,,,,,,,,,,,,,,,,,,,,,,,,,,,,,,,,,,,,,,,,,,,,,,,,,,,,,,,,,,,,,,,,,,,,,,,,,,,,,,,,,,,,,,,,,,,,,,,,,,,,,,,,,
,,,,,,,,,,,,,,,,,,,,,,,,,,,,,,,,,,,,,,,,,,,,,,,,,,,,,,,,,,,,,,,,,,,,,,,,,,,,,,,,,,,,,,,,,,,,,,,,,,,,,,,,,,,,,,,,,,,,,,,,,,,,,,,,,,,,,,
,,,,,,,,,,,,,,,,,,,,,,,,,,,,,,,,,,,,,,,,,,,,,,,,,,,,,,,,,,,,,,,,,,,,,,,,,,,,,,,,,,,,,,,,,,,,,,,,,,,,,,,,,,,,,,,,,,,,,,,,,,,,,,,,,,,,,,
,,,,,,,,,,,,,,,,,,,,,,,,,,,,,,,,,,,,,,,,,,,,,,,,,,,,,,,,,,,,,,,,,,,,,,,,,,,,,,,,,,,,,,,,,,,,,,,,,,,,,,,,,,,,,,,,,,,,,,,,,,,,,,,,,,,,,,
,,,,,,,,,,,,,,,,,,,,,,,,,,,,,,,,,,,,,,,,,,,,,,,,,,,,,,,,,,,,,,,,,,,,,,,,,,,,,,,,,,,,,,,,,,,,,,,,,,,,,,,,,,,,,,,,,,,,,,,,,,,,,,,,,,,,,,
,,,,,,,,,,,,,,,,,,,,,,,,,,,,,,,,,,,,,,,,,,,,,,,,,,,,,,,,,,,,,,,,,,,,,,,,,,,,,,,,,,,,,,,,,,,,,,,,,,,,,,,,,,,,,,,,,,,,,,,,,,,,,,,,,,,,,,
,,,,,,,,,,,,,,,,,,,,,,,,,,,,,,,,,,,,,,,,,,,,,,,,,,,,,,,,,,,,,,,,,,,,,,,,,,,,,,,,,,,,,,,,,,,,,,,,,,,,,,,,,,,,,,,,,,,,,,,,,,,,,,,,,,,,,,
,,,,,,,,,,,,,,,,,,,,,,,,,,,,,,,,,,,,,,,,,,,,,,,,,,,,,,,,,,,,,,,,,,,,,,,,,,,,,,,,,,,,,,,,,,,,,,,,,,,,,,,,,,,,,,,,,,,,,,,,,,,,,,,,,,,,,,
,,,,,,,,,,,,,,,,,,,,,,,,,,,,,,,,,,,,,,,,,,,,,,,,,,,,,,,,,,,,,,,,,,,,,,,,,,,,,,,,,,,,,,,,,,,,,,,,,,,,,,,,,,,,,,,,,,,,,,,,,,,,,,,,,,,,,,
,,,,,,,,,,,,,,,,,,,,,,,,,,,,,,,,,,,,,,,,,,,,,,,,,,,,,,,,,,,,,,,,,,,,,,,,,,,,,,,,,,,,,,,,,,,,,,,,,,,,,,,,,,,,,,,,,,,,,,,,,,,,,,,,,,,,,,
,,,,,,,,,,,,,,,,,,,,,,,,,,,,,,,,,,,,,,,,,,,,,,,,,,,,,,,,,,,,,,,,,,,,,,,,,,,,,,,,,,,,,,,,,,,,,,,,,,,,,,,,,,,,,,,,,,,,,,,,,,,,,,,,,,,,,,
,,,,,,,,,,,,,,,,,,,,,,,,,,,,,,,,,,,,,,,,,,,,,,,,,,,,,,,,,,,,,,,,,,,,,,,,,,,,,,,,,,,,,,,,,,,,,,,,,,,,,,,,,,,,,,,,,,,,,,,,,,,,,,,,,,,,,,
,,,,,,,,,,,,,,,,,,,,,,,,,,,,,,,,,,,,,,,,,,,,,,,,,,,,,,,,,,,,,,,,,,,,,,,,,,,,,,,,,,,,,,,,,,,,,,,,,,,,,,,,,,,,,,,,,,,,,,,,,,,,,,,,,,,,,,
,,,,,,,,,,,,,,,,,,,,,,,,,,,,,,,,,,,,,,,,,,,,,,,,,,,,,,,,,,,,,,,,,,,,,,,,,,,,,,,,,,,,,,,,,,,,,,,,,,,,,,,,,,,,,,,,,,,,,,,,,,,,,,,,,,,,,,
,,,,,,,,,,,,,,,,,,,,,,,,,,,,,,,,,,,,,,,,,,,,,,,,,,,,,,,,,,,,,,,,,,,,,,,,,,,,,,,,,,,,,,,,,,,,,,,,,,,,,,,,,,,,,,,,,,,,,,,,,,,,,,,,,,,,,,
,,,,,,,,,,,,,,,,,,,,,,,,,,,,,,,,,,,,,,,,,,,,,,,,,,,,,,,,,,,,,,,,,,,,,,,,,,,,,,,,,,,,,,,,,,,,,,,,,,,,,,,,,,,,,,,,,,,,,,,,,,,,,,,,,,,,,,
,,,,,,,,,,,,,,,,,,,,,,,,,,,,,,,,,,,,,,,,,,,,,,,,,,,,,,,,,,,,,,,,,,,,,,,,,,,,,,,,,,,,,,,,,,,,,,,,,,,,,,,,,,,,,,,,,,,,,,,,,,,,,,,,,,,,,,
,,,,,,,,,,,,,,,,,,,,,,,,,,,,,,,,,,,,,,,,,,,,,,,,,,,,,,,,,,,,,,,,,,,,,,,,,,,,,,,,,,,,,,,,,,,,,,,,,,,,,,,,,,,,,,,,,,,,,,,,,,,,,,,,,,,,,,
,,,,,,,,,,,,,,,,,,,,,,,,,,,,,,,,,,,,,,,,,,,,,,,,,,,,,,,,,,,,,,,,,,,,,,,,,,,,,,,,,,,,,,,,,,,,,,,,,,,,,,,,,,,,,,,,,,,,,,,,,,,,,,,,,,,,,,
,,,,,,,,,,,,,,,,,,,,,,,,,,,,,,,,,,,,,,,,,,,,,,,,,,,,,,,,,,,,,,,,,,,,,,,,,,,,,,,,,,,,,,,,,,,,,,,,,,,,,,,,,,,,,,,,,,,,,,,,,,,,,,,,,,,,,,
,,,,,,,,,,,,,,,,,,,,,,,,,,,,,,,,,,,,,,,,,,,,,,,,,,,,,,,,,,,,,,,,,,,,,,,,,,,,,,,,,,,,,,,,,,,,,,,,,,,,,,,,,,,,,,,,,,,,,,,,,,,,,,,,,,,,,,
,,,,,,,,,,,,,,,,,,,,,,,,,,,,,,,,,,,,,,,,,,,,,,,,,,,,,,,,,,,,,,,,,,,,,,,,,,,,,,,,,,,,,,,,,,,,,,,,,,,,,,,,,,,,,,,,,,,,,,,,,,,,,,,,,,,,,,
,,,,,,,,,,,,,,,,,,,,,,,,,,,,,,,,,,,,,,,,,,,,,,,,,,,,,,,,,,,,,,,,,,,,,,,,,,,,,,,,,,,,,,,,,,,,,,,,,,,,,,,,,,,,,,,,,,,,,,,,,,,,,,,,,,,,,,
,,,,,,,,,,,,,,,,,,,,,,,,,,,,,,,,,,,,,,,,,,,,,,,,,,,,,,,,,,,,,,,,,,,,,,,,,,,,,,,,,,,,,,,,,,,,,,,,,,,,,,,,,,,,,,,,,,,,,,,,,,,,,,,,,,,,,,
,,,,,,,,,,,,,,,,,,,,,,,,,,,,,,,,,,,,,,,,,,,,,,,,,,,,,,,,,,,,,,,,,,,,,,,,,,,,,,,,,,,,,,,,,,,,,,,,,,,,,,,,,,,,,,,,,,,,,,,,,,,,,,,,,,,,,,
,,,,,,,,,,,,,,,,,,,,,,,,,,,,,,,,,,,,,,,,,,,,,,,,,,,,,,,,,,,,,,,,,,,,,,,,,,,,,,,,,,,,,,,,,,,,,,,,,,,,,,,,,,,,,,,,,,,,,,,,,,,,,,,,,,,,,,
,,,,,,,,,,,,,,,,,,,,,,,,,,,,,,,,,,,,,,,,,,,,,,,,,,,,,,,,,,,,,,,,,,,,,,,,,,,,,,,,,,,,,,,,,,,,,,,,,,,,,,,,,,,,,,,,,,,,,,,,,,,,,,,,,,,,,,
,,,,,,,,,,,,,,,,,,,,,,,,,,,,,,,,,,,,,,,,,,,,,,,,,,,,,,,,,,,,,,,,,,,,,,,,,,,,,,,,,,,,,,,,,,,,,,,,,,,,,,,,,,,,,,,,,,,,,,,,,,,,,,,,,,,,,,
,,,,,,,,,,,,,,,,,,,,,,,,,,,,,,,,,,,,,,,,,,,,,,,,,,,,,,,,,,,,,,,,,,,,,,,,,,,,,,,,,,,,,,,,,,,,,,,,,,,,,,,,,,,,,,,,,,,,,,,,,,,,,,,,,,,,,,
,,,,,,,,,,,,,,,,,,,,,,,,,,,,,,,,,,,,,,,,,,,,,,,,,,,,,,,,,,,,,,,,,,,,,,,,,,,,,,,,,,,,,,,,,,,,,,,,,,,,,,,,,,,,,,,,,,,,,,,,,,,,,,,,,,,,,,
,,,,,,,,,,,,,,,,,,,,,,,,,,,,,,,,,,,,,,,,,,,,,,,,,,,,,,,,,,,,,,,,,,,,,,,,,,,,,,,,,,,,,,,,,,,,,,,,,,,,,,,,,,,,,,,,,,,,,,,,,,,,,,,,,,,,,,
,,,,,,,,,,,,,,,,,,,,,,,,,,,,,,,,,,,,,,,,,,,,,,,,,,,,,,,,,,,,,,,,,,,,,,,,,,,,,,,,,,,,,,,,,,,,,,,,,,,,,,,,,,,,,,,,,,,,,,,,,,,,,,,,,,,,,,
,,,,,,,,,,,,,,,,,,,,,,,,,,,,,,,,,,,,,,,,,,,,,,,,,,,,,,,,,,,,,,,,,,,,,,,,,,,,,,,,,,,,,,,,,,,,,,,,,,,,,,,,,,,,,,,,,,,,,,,,,,,,,,,,,,,,,,
,,,,,,,,,,,,,,,,,,,,,,,,,,,,,,,,,,,,,,,,,,,,,,,,,,,,,,,,,,,,,,,,,,,,,,,,,,,,,,,,,,,,,,,,,,,,,,,,,,,,,,,,,,,,,,,,,,,,,,,,,,,,,,,,,,,,,,
,,,,,,,,,,,,,,,,,,,,,,,,,,,,,,,,,,,,,,,,,,,,,,,,,,,,,,,,,,,,,,,,,,,,,,,,,,,,,,,,,,,,,,,,,,,,,,,,,,,,,,,,,,,,,,,,,,,,,,,,,,,,,,,,,,,,,,
,,,,,,,,,,,,,,,,,,,,,,,,,,,,,,,,,,,,,,,,,,,,,,,,,,,,,,,,,,,,,,,,,,,,,,,,,,,,,,,,,,,,,,,,,,,,,,,,,,,,,,,,,,,,,,,,,,,,,,,,,,,,,,,,,,,,,,
,,,,,,,,,,,,,,,,,,,,,,,,,,,,,,,,,,,,,,,,,,,,,,,,,,,,,,,,,,,,,,,,,,,,,,,,,,,,,,,,,,,,,,,,,,,,,,,,,,,,,,,,,,,,,,,,,,,,,,,,,,,,,,,,,,,,,,
,,,,,,,,,,,,,,,,,,,,,,,,,,,,,,,,,,,,,,,,,,,,,,,,,,,,,,,,,,,,,,,,,,,,,,,,,,,,,,,,,,,,,,,,,,,,,,,,,,,,,,,,,,,,,,,,,,,,,,,,,,,,,,,,,,,,,,
,,,,,,,,,,,,,,,,,,,,,,,,,,,,,,,,,,,,,,,,,,,,,,,,,,,,,,,,,,,,,,,,,,,,,,,,,,,,,,,,,,,,,,,,,,,,,,,,,,,,,,,,,,,,,,,,,,,,,,,,,,,,,,,,,,,,,,
,,,,,,,,,,,,,,,,,,,,,,,,,,,,,,,,,,,,,,,,,,,,,,,,,,,,,,,,,,,,,,,,,,,,,,,,,,,,,,,,,,,,,,,,,,,,,,,,,,,,,,,,,,,,,,,,,,,,,,,,,,,,,,,,,,,,,,
,,,,,,,,,,,,,,,,,,,,,,,,,,,,,,,,,,,,,,,,,,,,,,,,,,,,,,,,,,,,,,,,,,,,,,,,,,,,,,,,,,,,,,,,,,,,,,,,,,,,,,,,,,,,,,,,,,,,,,,,,,,,,,,,,,,,,,
,,,,,,,,,,,,,,,,,,,,,,,,,,,,,,,,,,,,,,,,,,,,,,,,,,,,,,,,,,,,,,,,,,,,,,,,,,,,,,,,,,,,,,,,,,,,,,,,,,,,,,,,,,,,,,,,,,,,,,,,,,,,,,,,,,,,,,
,,,,,,,,,,,,,,,,,,,,,,,,,,,,,,,,,,,,,,,,,,,,,,,,,,,,,,,,,,,,,,,,,,,,,,,,,,,,,,,,,,,,,,,,,,,,,,,,,,,,,,,,,,,,,,,,,,,,,,,,,,,,,,,,,,,,,,
,,,,,,,,,,,,,,,,,,,,,,,,,,,,,,,,,,,,,,,,,,,,,,,,,,,,,,,,,,,,,,,,,,,,,,,,,,,,,,,,,,,,,,,,,,,,,,,,,,,,,,,,,,,,,,,,,,,,,,,,,,,,,,,,,,,,,,
,,,,,,,,,,,,,,,,,,,,,,,,,,,,,,,,,,,,,,,,,,,,,,,,,,,,,,,,,,,,,,,,,,,,,,,,,,,,,,,,,,,,,,,,,,,,,,,,,,,,,,,,,,,,,,,,,,,,,,,,,,,,,,,,,,,,,,
,,,,,,,,,,,,,,,,,,,,,,,,,,,,,,,,,,,,,,,,,,,,,,,,,,,,,,,,,,,,,,,,,,,,,,,,,,,,,,,,,,,,,,,,,,,,,,,,,,,,,,,,,,,,,,,,,,,,,,,,,,,,,,,,,,,,,,
,,,,,,,,,,,,,,,,,,,,,,,,,,,,,,,,,,,,,,,,,,,,,,,,,,,,,,,,,,,,,,,,,,,,,,,,,,,,,,,,,,,,,,,,,,,,,,,,,,,,,,,,,,,,,,,,,,,,,,,,,,,,,,,,,,,,,,
,,,,,,,,,,,,,,,,,,,,,,,,,,,,,,,,,,,,,,,,,,,,,,,,,,,,,,,,,,,,,,,,,,,,,,,,,,,,,,,,,,,,,,,,,,,,,,,,,,,,,,,,,,,,,,,,,,,,,,,,,,,,,,,,,,,,,,
,,,,,,,,,,,,,,,,,,,,,,,,,,,,,,,,,,,,,,,,,,,,,,,,,,,,,,,,,,,,,,,,,,,,,,,,,,,,,,,,,,,,,,,,,,,,,,,,,,,,,,,,,,,,,,,,,,,,,,,,,,,,,,,,,,,,,,
,,,,,,,,,,,,,,,,,,,,,,,,,,,,,,,,,,,,,,,,,,,,,,,,,,,,,,,,,,,,,,,,,,,,,,,,,,,,,,,,,,,,,,,,,,,,,,,,,,,,,,,,,,,,,,,,,,,,,,,,,,,,,,,,,,,,,,
,,,,,,,,,,,,,,,,,,,,,,,,,,,,,,,,,,,,,,,,,,,,,,,,,,,,,,,,,,,,,,,,,,,,,,,,,,,,,,,,,,,,,,,,,,,,,,,,,,,,,,,,,,,,,,,,,,,,,,,,,,,,,,,,,,,,,,
,,,,,,,,,,,,,,,,,,,,,,,,,,,,,,,,,,,,,,,,,,,,,,,,,,,,,,,,,,,,,,,,,,,,,,,,,,,,,,,,,,,,,,,,,,,,,,,,,,,,,,,,,,,,,,,,,,,,,,,,,,,,,,,,,,,,,,
,,,,,,,,,,,,,,,,,,,,,,,,,,,,,,,,,,,,,,,,,,,,,,,,,,,,,,,,,,,,,,,,,,,,,,,,,,,,,,,,,,,,,,,,,,,,,,,,,,,,,,,,,,,,,,,,,,,,,,,,,,,,,,,,,,,,,,
,,,,,,,,,,,,,,,,,,,,,,,,,,,,,,,,,,,,,,,,,,,,,,,,,,,,,,,,,,,,,,,,,,,,,,,,,,,,,,,,,,,,,,,,,,,,,,,,,,,,,,,,,,,,,,,,,,,,,,,,,,,,,,,,,,,,,,
,,,,,,,,,,,,,,,,,,,,,,,,,,,,,,,,,,,,,,,,,,,,,,,,,,,,,,,,,,,,,,,,,,,,,,,,,,,,,,,,,,,,,,,,,,,,,,,,,,,,,,,,,,,,,,,,,,,,,,,,,,,,,,,,,,,,,,
,,,,,,,,,,,,,,,,,,,,,,,,,,,,,,,,,,,,,,,,,,,,,,,,,,,,,,,,,,,,,,,,,,,,,,,,,,,,,,,,,,,,,,,,,,,,,,,,,,,,,,,,,,,,,,,,,,,,,,,,,,,,,,,,,,,,,,
,,,,,,,,,,,,,,,,,,,,,,,,,,,,,,,,,,,,,,,,,,,,,,,,,,,,,,,,,,,,,,,,,,,,,,,,,,,,,,,,,,,,,,,,,,,,,,,,,,,,,,,,,,,,,,,,,,,,,,,,,,,,,,,,,,,,,,
,,,,,,,,,,,,,,,,,,,,,,,,,,,,,,,,,,,,,,,,,,,,,,,,,,,,,,,,,,,,,,,,,,,,,,,,,,,,,,,,,,,,,,,,,,,,,,,,,,,,,,,,,,,,,,,,,,,,,,,,,,,,,,,,,,,,,,
,,,,,,,,,,,,,,,,,,,,,,,,,,,,,,,,,,,,,,,,,,,,,,,,,,,,,,,,,,,,,,,,,,,,,,,,,,,,,,,,,,,,,,,,,,,,,,,,,,,,,,,,,,,,,,,,,,,,,,,,,,,,,,,,,,,,,,
,,,,,,,,,,,,,,,,,,,,,,,,,,,,,,,,,,,,,,,,,,,,,,,,,,,,,,,,,,,,,,,,,,,,,,,,,,,,,,,,,,,,,,,,,,,,,,,,,,,,,,,,,,,,,,,,,,,,,,,,,,,,,,,,,,,,,,
,,,,,,,,,,,,,,,,,,,,,,,,,,,,,,,,,,,,,,,,,,,,,,,,,,,,,,,,,,,,,,,,,,,,,,,,,,,,,,,,,,,,,,,,,,,,,,,,,,,,,,,,,,,,,,,,,,,,,,,,,,,,,,,,,,,,,,
,,,,,,,,,,,,,,,,,,,,,,,,,,,,,,,,,,,,,,,,,,,,,,,,,,,,,,,,,,,,,,,,,,,,,,,,,,,,,,,,,,,,,,,,,,,,,,,,,,,,,,,,,,,,,,,,,,,,,,,,,,,,,,,,,,,,,,
,,,,,,,,,,,,,,,,,,,,,,,,,,,,,,,,,,,,,,,,,,,,,,,,,,,,,,,,,,,,,,,,,,,,,,,,,,,,,,,,,,,,,,,,,,,,,,,,,,,,,,,,,,,,,,,,,,,,,,,,,,,,,,,,,,,,,,
,,,,,,,,,,,,,,,,,,,,,,,,,,,,,,,,,,,,,,,,,,,,,,,,,,,,,,,,,,,,,,,,,,,,,,,,,,,,,,,,,,,,,,,,,,,,,,,,,,,,,,,,,,,,,,,,,,,,,,,,,,,,,,,,,,,,,,
,,,,,,,,,,,,,,,,,,,,,,,,,,,,,,,,,,,,,,,,,,,,,,,,,,,,,,,,,,,,,,,,,,,,,,,,,,,,,,,,,,,,,,,,,,,,,,,,,,,,,,,,,,,,,,,,,,,,,,,,,,,,,,,,,,,,,,
,,,,,,,,,,,,,,,,,,,,,,,,,,,,,,,,,,,,,,,,,,,,,,,,,,,,,,,,,,,,,,,,,,,,,,,,,,,,,,,,,,,,,,,,,,,,,,,,,,,,,,,,,,,,,,,,,,,,,,,,,,,,,,,,,,,,,,
,,,,,,,,,,,,,,,,,,,,,,,,,,,,,,,,,,,,,,,,,,,,,,,,,,,,,,,,,,,,,,,,,,,,,,,,,,,,,,,,,,,,,,,,,,,,,,,,,,,,,,,,,,,,,,,,,,,,,,,,,,,,,,,,,,,,,,
,,,,,,,,,,,,,,,,,,,,,,,,,,,,,,,,,,,,,,,,,,,,,,,,,,,,,,,,,,,,,,,,,,,,,,,,,,,,,,,,,,,,,,,,,,,,,,,,,,,,,,,,,,,,,,,,,,,,,,,,,,,,,,,,,,,,,,
,,,,,,,,,,,,,,,,,,,,,,,,,,,,,,,,,,,,,,,,,,,,,,,,,,,,,,,,,,,,,,,,,,,,,,,,,,,,,,,,,,,,,,,,,,,,,,,,,,,,,,,,,,,,,,,,,,,,,,,,,,,,,,,,,,,,,,
,,,,,,,,,,,,,,,,,,,,,,,,,,,,,,,,,,,,,,,,,,,,,,,,,,,,,,,,,,,,,,,,,,,,,,,,,,,,,,,,,,,,,,,,,,,,,,,,,,,,,,,,,,,,,,,,,,,,,,,,,,,,,,,,,,,,,,
,,,,,,,,,,,,,,,,,,,,,,,,,,,,,,,,,,,,,,,,,,,,,,,,,,,,,,,,,,,,,,,,,,,,,,,,,,,,,,,,,,,,,,,,,,,,,,,,,,,,,,,,,,,,,,,,,,,,,,,,,,,,,,,,,,,,,,
,,,,,,,,,,,,,,,,,,,,,,,,,,,,,,,,,,,,,,,,,,,,,,,,,,,,,,,,,,,,,,,,,,,,,,,,,,,,,,,,,,,,,,,,,,,,,,,,,,,,,,,,,,,,,,,,,,,,,,,,,,,,,,,,,,,,,,
,,,,,,,,,,,,,,,,,,,,,,,,,,,,,,,,,,,,,,,,,,,,,,,,,,,,,,,,,,,,,,,,,,,,,,,,,,,,,,,,,,,,,,,,,,,,,,,,,,,,,,,,,,,,,,,,,,,,,,,,,,,,,,,,,,,,,,
,,,,,,,,,,,,,,,,,,,,,,,,,,,,,,,,,,,,,,,,,,,,,,,,,,,,,,,,,,,,,,,,,,,,,,,,,,,,,,,,,,,,,,,,,,,,,,,,,,,,,,,,,,,,,,,,,,,,,,,,,,,,,,,,,,,,,,
,,,,,,,,,,,,,,,,,,,,,,,,,,,,,,,,,,,,,,,,,,,,,,,,,,,,,,,,,,,,,,,,,,,,,,,,,,,,,,,,,,,,,,,,,,,,,,,,,,,,,,,,,,,,,,,,,,,,,,,,,,,,,,,,,,,,,,
,,,,,,,,,,,,,,,,,,,,,,,,,,,,,,,,,,,,,,,,,,,,,,,,,,,,,,,,,,,,,,,,,,,,,,,,,,,,,,,,,,,,,,,,,,,,,,,,,,,,,,,,,,,,,,,,,,,,,,,,,,,,,,,,,,,,,,
,,,,,,,,,,,,,,,,,,,,,,,,,,,,,,,,,,,,,,,,,,,,,,,,,,,,,,,,,,,,,,,,,,,,,,,,,,,,,,,,,,,,,,,,,,,,,,,,,,,,,,,,,,,,,,,,,,,,,,,,,,,,,,,,,,,,,,
,,,,,,,,,,,,,,,,,,,,,,,,,,,,,,,,,,,,,,,,,,,,,,,,,,,,,,,,,,,,,,,,,,,,,,,,,,,,,,,,,,,,,,,,,,,,,,,,,,,,,,,,,,,,,,,,,,,,,,,,,,,,,,,,,,,,,,
,,,,,,,,,,,,,,,,,,,,,,,,,,,,,,,,,,,,,,,,,,,,,,,,,,,,,,,,,,,,,,,,,,,,,,,,,,,,,,,,,,,,,,,,,,,,,,,,,,,,,,,,,,,,,,,,,,,,,,,,,,,,,,,,,,,,,,
,,,,,,,,,,,,,,,,,,,,,,,,,,,,,,,,,,,,,,,,,,,,,,,,,,,,,,,,,,,,,,,,,,,,,,,,,,,,,,,,,,,,,,,,,,,,,,,,,,,,,,,,,,,,,,,,,,,,,,,,,,,,,,,,,,,,,,
,,,,,,,,,,,,,,,,,,,,,,,,,,,,,,,,,,,,,,,,,,,,,,,,,,,,,,,,,,,,,,,,,,,,,,,,,,,,,,,,,,,,,,,,,,,,,,,,,,,,,,,,,,,,,,,,,,,,,,,,,,,,,,,,,,,,,,
,,,,,,,,,,,,,,,,,,,,,,,,,,,,,,,,,,,,,,,,,,,,,,,,,,,,,,,,,,,,,,,,,,,,,,,,,,,,,,,,,,,,,,,,,,,,,,,,,,,,,,,,,,,,,,,,,,,,,,,,,,,,,,,,,,,,,,
,,,,,,,,,,,,,,,,,,,,,,,,,,,,,,,,,,,,,,,,,,,,,,,,,,,,,,,,,,,,,,,,,,,,,,,,,,,,,,,,,,,,,,,,,,,,,,,,,,,,,,,,,,,,,,,,,,,,,,,,,,,,,,,,,,,,,,
,,,,,,,,,,,,,,,,,,,,,,,,,,,,,,,,,,,,,,,,,,,,,,,,,,,,,,,,,,,,,,,,,,,,,,,,,,,,,,,,,,,,,,,,,,,,,,,,,,,,,,,,,,,,,,,,,,,,,,,,,,,,,,,,,,,,,,
,,,,,,,,,,,,,,,,,,,,,,,,,,,,,,,,,,,,,,,,,,,,,,,,,,,,,,,,,,,,,,,,,,,,,,,,,,,,,,,,,,,,,,,,,,,,,,,,,,,,,,,,,,,,,,,,,,,,,,,,,,,,,,,,,,,,,,
,,,,,,,,,,,,,,,,,,,,,,,,,,,,,,,,,,,,,,,,,,,,,,,,,,,,,,,,,,,,,,,,,,,,,,,,,,,,,,,,,,,,,,,,,,,,,,,,,,,,,,,,,,,,,,,,,,,,,,,,,,,,,,,,,,,,,,
,,,,,,,,,,,,,,,,,,,,,,,,,,,,,,,,,,,,,,,,,,,,,,,,,,,,,,,,,,,,,,,,,,,,,,,,,,,,,,,,,,,,,,,,,,,,,,,,,,,,,,,,,,,,,,,,,,,,,,,,,,,,,,,,,,,,,,
,,,,,,,,,,,,,,,,,,,,,,,,,,,,,,,,,,,,,,,,,,,,,,,,,,,,,,,,,,,,,,,,,,,,,,,,,,,,,,,,,,,,,,,,,,,,,,,,,,,,,,,,,,,,,,,,,,,,,,,,,,,,,,,,,,,,,,
,,,,,,,,,,,,,,,,,,,,,,,,,,,,,,,,,,,,,,,,,,,,,,,,,,,,,,,,,,,,,,,,,,,,,,,,,,,,,,,,,,,,,,,,,,,,,,,,,,,,,,,,,,,,,,,,,,,,,,,,,,,,,,,,,,,,,,
,,,,,,,,,,,,,,,,,,,,,,,,,,,,,,,,,,,,,,,,,,,,,,,,,,,,,,,,,,,,,,,,,,,,,,,,,,,,,,,,,,,,,,,,,,,,,,,,,,,,,,,,,,,,,,,,,,,,,,,,,,,,,,,,,,,,,,
,,,,,,,,,,,,,,,,,,,,,,,,,,,,,,,,,,,,,,,,,,,,,,,,,,,,,,,,,,,,,,,,,,,,,,,,,,,,,,,,,,,,,,,,,,,,,,,,,,,,,,,,,,,,,,,,,,,,,,,,,,,,,,,,,,,,,,
,,,,,,,,,,,,,,,,,,,,,,,,,,,,,,,,,,,,,,,,,,,,,,,,,,,,,,,,,,,,,,,,,,,,,,,,,,,,,,,,,,,,,,,,,,,,,,,,,,,,,,,,,,,,,,,,,,,,,,,,,,,,,,,,,,,,,,
,,,,,,,,,,,,,,,,,,,,,,,,,,,,,,,,,,,,,,,,,,,,,,,,,,,,,,,,,,,,,,,,,,,,,,,,,,,,,,,,,,,,,,,,,,,,,,,,,,,,,,,,,,,,,,,,,,,,,,,,,,,,,,,,,,,,,,
,,,,,,,,,,,,,,,,,,,,,,,,,,,,,,,,,,,,,,,,,,,,,,,,,,,,,,,,,,,,,,,,,,,,,,,,,,,,,,,,,,,,,,,,,,,,,,,,,,,,,,,,,,,,,,,,,,,,,,,,,,,,,,,,,,,,,,
,,,,,,,,,,,,,,,,,,,,,,,,,,,,,,,,,,,,,,,,,,,,,,,,,,,,,,,,,,,,,,,,,,,,,,,,,,,,,,,,,,,,,,,,,,,,,,,,,,,,,,,,,,,,,,,,,,,,,,,,,,,,,,,,,,,,,,
,,,,,,,,,,,,,,,,,,,,,,,,,,,,,,,,,,,,,,,,,,,,,,,,,,,,,,,,,,,,,,,,,,,,,,,,,,,,,,,,,,,,,,,,,,,,,,,,,,,,,,,,,,,,,,,,,,,,,,,,,,,,,,,,,,,,,,
,,,,,,,,,,,,,,,,,,,,,,,,,,,,,,,,,,,,,,,,,,,,,,,,,,,,,,,,,,,,,,,,,,,,,,,,,,,,,,,,,,,,,,,,,,,,,,,,,,,,,,,,,,,,,,,,,,,,,,,,,,,,,,,,,,,,,,
,,,,,,,,,,,,,,,,,,,,,,,,,,,,,,,,,,,,,,,,,,,,,,,,,,,,,,,,,,,,,,,,,,,,,,,,,,,,,,,,,,,,,,,,,,,,,,,,,,,,,,,,,,,,,,,,,,,,,,,,,,,,,,,,,,,,,,
,,,,,,,,,,,,,,,,,,,,,,,,,,,,,,,,,,,,,,,,,,,,,,,,,,,,,,,,,,,,,,,,,,,,,,,,,,,,,,,,,,,,,,,,,,,,,,,,,,,,,,,,,,,,,,,,,,,,,,,,,,,,,,,,,,,,,,
,,,,,,,,,,,,,,,,,,,,,,,,,,,,,,,,,,,,,,,,,,,,,,,,,,,,,,,,,,,,,,,,,,,,,,,,,,,,,,,,,,,,,,,,,,,,,,,,,,,,,,,,,,,,,,,,,,,,,,,,,,,,,,,,,,,,,,
,,,,,,,,,,,,,,,,,,,,,,,,,,,,,,,,,,,,,,,,,,,,,,,,,,,,,,,,,,,,,,,,,,,,,,,,,,,,,,,,,,,,,,,,,,,,,,,,,,,,,,,,,,,,,,,,,,,,,,,,,,,,,,,,,,,,,,
,,,,,,,,,,,,,,,,,,,,,,,,,,,,,,,,,,,,,,,,,,,,,,,,,,,,,,,,,,,,,,,,,,,,,,,,,,,,,,,,,,,,,,,,,,,,,,,,,,,,,,,,,,,,,,,,,,,,,,,,,,,,,,,,,,,,,,
,,,,,,,,,,,,,,,,,,,,,,,,,,,,,,,,,,,,,,,,,,,,,,,,,,,,,,,,,,,,,,,,,,,,,,,,,,,,,,,,,,,,,,,,,,,,,,,,,,,,,,,,,,,,,,,,,,,,,,,,,,,,,,,,,,,,,,
,,,,,,,,,,,,,,,,,,,,,,,,,,,,,,,,,,,,,,,,,,,,,,,,,,,,,,,,,,,,,,,,,,,,,,,,,,,,,,,,,,,,,,,,,,,,,,,,,,,,,,,,,,,,,,,,,,,,,,,,,,,,,,,,,,,,,,
,,,,,,,,,,,,,,,,,,,,,,,,,,,,,,,,,,,,,,,,,,,,,,,,,,,,,,,,,,,,,,,,,,,,,,,,,,,,,,,,,,,,,,,,,,,,,,,,,,,,,,,,,,,,,,,,,,,,,,,,,,,,,,,,,,,,,,
,,,,,,,,,,,,,,,,,,,,,,,,,,,,,,,,,,,,,,,,,,,,,,,,,,,,,,,,,,,,,,,,,,,,,,,,,,,,,,,,,,,,,,,,,,,,,,,,,,,,,,,,,,,,,,,,,,,,,,,,,,,,,,,,,,,,,,
,,,,,,,,,,,,,,,,,,,,,,,,,,,,,,,,,,,,,,,,,,,,,,,,,,,,,,,,,,,,,,,,,,,,,,,,,,,,,,,,,,,,,,,,,,,,,,,,,,,,,,,,,,,,,,,,,,,,,,,,,,,,,,,,,,,,,,
,,,,,,,,,,,,,,,,,,,,,,,,,,,,,,,,,,,,,,,,,,,,,,,,,,,,,,,,,,,,,,,,,,,,,,,,,,,,,,,,,,,,,,,,,,,,,,,,,,,,,,,,,,,,,,,,,,,,,,,,,,,,,,,,,,,,,,
,,,,,,,,,,,,,,,,,,,,,,,,,,,,,,,,,,,,,,,,,,,,,,,,,,,,,,,,,,,,,,,,,,,,,,,,,,,,,,,,,,,,,,,,,,,,,,,,,,,,,,,,,,,,,,,,,,,,,,,,,,,,,,,,,,,,,,
,,,,,,,,,,,,,,,,,,,,,,,,,,,,,,,,,,,,,,,,,,,,,,,,,,,,,,,,,,,,,,,,,,,,,,,,,,,,,,,,,,,,,,,,,,,,,,,,,,,,,,,,,,,,,,,,,,,,,,,,,,,,,,,,,,,,,,
,,,,,,,,,,,,,,,,,,,,,,,,,,,,,,,,,,,,,,,,,,,,,,,,,,,,,,,,,,,,,,,,,,,,,,,,,,,,,,,,,,,,,,,,,,,,,,,,,,,,,,,,,,,,,,,,,,,,,,,,,,,,,,,,,,,,,,
,,,,,,,,,,,,,,,,,,,,,,,,,,,,,,,,,,,,,,,,,,,,,,,,,,,,,,,,,,,,,,,,,,,,,,,,,,,,,,,,,,,,,,,,,,,,,,,,,,,,,,,,,,,,,,,,,,,,,,,,,,,,,,,,,,,,,,
,,,,,,,,,,,,,,,,,,,,,,,,,,,,,,,,,,,,,,,,,,,,,,,,,,,,,,,,,,,,,,,,,,,,,,,,,,,,,,,,,,,,,,,,,,,,,,,,,,,,,,,,,,,,,,,,,,,,,,,,,,,,,,,,,,,,,,
,,,,,,,,,,,,,,,,,,,,,,,,,,,,,,,,,,,,,,,,,,,,,,,,,,,,,,,,,,,,,,,,,,,,,,,,,,,,,,,,,,,,,,,,,,,,,,,,,,,,,,,,,,,,,,,,,,,,,,,,,,,,,,,,,,,,,,
,,,,,,,,,,,,,,,,,,,,,,,,,,,,,,,,,,,,,,,,,,,,,,,,,,,,,,,,,,,,,,,,,,,,,,,,,,,,,,,,,,,,,,,,,,,,,,,,,,,,,,,,,,,,,,,,,,,,,,,,,,,,,,,,,,,,,,
,,,,,,,,,,,,,,,,,,,,,,,,,,,,,,,,,,,,,,,,,,,,,,,,,,,,,,,,,,,,,,,,,,,,,,,,,,,,,,,,,,,,,,,,,,,,,,,,,,,,,,,,,,,,,,,,,,,,,,,,,,,,,,,,,,,,,,
,,,,,,,,,,,,,,,,,,,,,,,,,,,,,,,,,,,,,,,,,,,,,,,,,,,,,,,,,,,,,,,,,,,,,,,,,,,,,,,,,,,,,,,,,,,,,,,,,,,,,,,,,,,,,,,,,,,,,,,,,,,,,,,,,,,,,,
,,,,,,,,,,,,,,,,,,,,,,,,,,,,,,,,,,,,,,,,,,,,,,,,,,,,,,,,,,,,,,,,,,,,,,,,,,,,,,,,,,,,,,,,,,,,,,,,,,,,,,,,,,,,,,,,,,,,,,,,,,,,,,,,,,,,,,
,,,,,,,,,,,,,,,,,,,,,,,,,,,,,,,,,,,,,,,,,,,,,,,,,,,,,,,,,,,,,,,,,,,,,,,,,,,,,,,,,,,,,,,,,,,,,,,,,,,,,,,,,,,,,,,,,,,,,,,,,,,,,,,,,,,,,,
,,,,,,,,,,,,,,,,,,,,,,,,,,,,,,,,,,,,,,,,,,,,,,,,,,,,,,,,,,,,,,,,,,,,,,,,,,,,,,,,,,,,,,,,,,,,,,,,,,,,,,,,,,,,,,,,,,,,,,,,,,,,,,,,,,,,,,
,,,,,,,,,,,,,,,,,,,,,,,,,,,,,,,,,,,,,,,,,,,,,,,,,,,,,,,,,,,,,,,,,,,,,,,,,,,,,,,,,,,,,,,,,,,,,,,,,,,,,,,,,,,,,,,,,,,,,,,,,,,,,,,,,,,,,,
,,,,,,,,,,,,,,,,,,,,,,,,,,,,,,,,,,,,,,,,,,,,,,,,,,,,,,,,,,,,,,,,,,,,,,,,,,,,,,,,,,,,,,,,,,,,,,,,,,,,,,,,,,,,,,,,,,,,,,,,,,,,,,,,,,,,,,
,,,,,,,,,,,,,,,,,,,,,,,,,,,,,,,,,,,,,,,,,,,,,,,,,,,,,,,,,,,,,,,,,,,,,,,,,,,,,,,,,,,,,,,,,,,,,,,,,,,,,,,,,,,,,,,,,,,,,,,,,,,,,,,,,,,,,,
,,,,,,,,,,,,,,,,,,,,,,,,,,,,,,,,,,,,,,,,,,,,,,,,,,,,,,,,,,,,,,,,,,,,,,,,,,,,,,,,,,,,,,,,,,,,,,,,,,,,,,,,,,,,,,,,,,,,,,,,,,,,,,,,,,,,,,
,,,,,,,,,,,,,,,,,,,,,,,,,,,,,,,,,,,,,,,,,,,,,,,,,,,,,,,,,,,,,,,,,,,,,,,,,,,,,,,,,,,,,,,,,,,,,,,,,,,,,,,,,,,,,,,,,,,,,,,,,,,,,,,,,,,,,,
,,,,,,,,,,,,,,,,,,,,,,,,,,,,,,,,,,,,,,,,,,,,,,,,,,,,,,,,,,,,,,,,,,,,,,,,,,,,,,,,,,,,,,,,,,,,,,,,,,,,,,,,,,,,,,,,,,,,,,,,,,,,,,,,,,,,,,
,,,,,,,,,,,,,,,,,,,,,,,,,,,,,,,,,,,,,,,,,,,,,,,,,,,,,,,,,,,,,,,,,,,,,,,,,,,,,,,,,,,,,,,,,,,,,,,,,,,,,,,,,,,,,,,,,,,,,,,,,,,,,,,,,,,,,,
,,,,,,,,,,,,,,,,,,,,,,,,,,,,,,,,,,,,,,,,,,,,,,,,,,,,,,,,,,,,,,,,,,,,,,,,,,,,,,,,,,,,,,,,,,,,,,,,,,,,,,,,,,,,,,,,,,,,,,,,,,,,,,,,,,,,,,
,,,,,,,,,,,,,,,,,,,,,,,,,,,,,,,,,,,,,,,,,,,,,,,,,,,,,,,,,,,,,,,,,,,,,,,,,,,,,,,,,,,,,,,,,,,,,,,,,,,,,,,,,,,,,,,,,,,,,,,,,,,,,,,,,,,,,,
,,,,,,,,,,,,,,,,,,,,,,,,,,,,,,,,,,,,,,,,,,,,,,,,,,,,,,,,,,,,,,,,,,,,,,,,,,,,,,,,,,,,,,,,,,,,,,,,,,,,,,,,,,,,,,,,,,,,,,,,,,,,,,,,,,,,,,
,,,,,,,,,,,,,,,,,,,,,,,,,,,,,,,,,,,,,,,,,,,,,,,,,,,,,,,,,,,,,,,,,,,,,,,,,,,,,,,,,,,,,,,,,,,,,,,,,,,,,,,,,,,,,,,,,,,,,,,,,,,,,,,,,,,,,,
,,,,,,,,,,,,,,,,,,,,,,,,,,,,,,,,,,,,,,,,,,,,,,,,,,,,,,,,,,,,,,,,,,,,,,,,,,,,,,,,,,,,,,,,,,,,,,,,,,,,,,,,,,,,,,,,,,,,,,,,,,,,,,,,,,,,,,
,,,,,,,,,,,,,,,,,,,,,,,,,,,,,,,,,,,,,,,,,,,,,,,,,,,,,,,,,,,,,,,,,,,,,,,,,,,,,,,,,,,,,,,,,,,,,,,,,,,,,,,,,,,,,,,,,,,,,,,,,,,,,,,,,,,,,,
,,,,,,,,,,,,,,,,,,,,,,,,,,,,,,,,,,,,,,,,,,,,,,,,,,,,,,,,,,,,,,,,,,,,,,,,,,,,,,,,,,,,,,,,,,,,,,,,,,,,,,,,,,,,,,,,,,,,,,,,,,,,,,,,,,,,,,
,,,,,,,,,,,,,,,,,,,,,,,,,,,,,,,,,,,,,,,,,,,,,,,,,,,,,,,,,,,,,,,,,,,,,,,,,,,,,,,,,,,,,,,,,,,,,,,,,,,,,,,,,,,,,,,,,,,,,,,,,,,,,,,,,,,,,,
,,,,,,,,,,,,,,,,,,,,,,,,,,,,,,,,,,,,,,,,,,,,,,,,,,,,,,,,,,,,,,,,,,,,,,,,,,,,,,,,,,,,,,,,,,,,,,,,,,,,,,,,,,,,,,,,,,,,,,,,,,,,,,,,,,,,,,
,,,,,,,,,,,,,,,,,,,,,,,,,,,,,,,,,,,,,,,,,,,,,,,,,,,,,,,,,,,,,,,,,,,,,,,,,,,,,,,,,,,,,,,,,,,,,,,,,,,,,,,,,,,,,,,,,,,,,,,,,,,,,,,,,,,,,,
,,,,,,,,,,,,,,,,,,,,,,,,,,,,,,,,,,,,,,,,,,,,,,,,,,,,,,,,,,,,,,,,,,,,,,,,,,,,,,,,,,,,,,,,,,,,,,,,,,,,,,,,,,,,,,,,,,,,,,,,,,,,,,,,,,,,,,
,,,,,,,,,,,,,,,,,,,,,,,,,,,,,,,,,,,,,,,,,,,,,,,,,,,,,,,,,,,,,,,,,,,,,,,,,,,,,,,,,,,,,,,,,,,,,,,,,,,,,,,,,,,,,,,,,,,,,,,,,,,,,,,,,,,,,,
,,,,,,,,,,,,,,,,,,,,,,,,,,,,,,,,,,,,,,,,,,,,,,,,,,,,,,,,,,,,,,,,,,,,,,,,,,,,,,,,,,,,,,,,,,,,,,,,,,,,,,,,,,,,,,,,,,,,,,,,,,,,,,,,,,,,,,
,,,,,,,,,,,,,,,,,,,,,,,,,,,,,,,,,,,,,,,,,,,,,,,,,,,,,,,,,,,,,,,,,,,,,,,,,,,,,,,,,,,,,,,,,,,,,,,,,,,,,,,,,,,,,,,,,,,,,,,,,,,,,,,,,,,,,,
,,,,,,,,,,,,,,,,,,,,,,,,,,,,,,,,,,,,,,,,,,,,,,,,,,,,,,,,,,,,,,,,,,,,,,,,,,,,,,,,,,,,,,,,,,,,,,,,,,,,,,,,,,,,,,,,,,,,,,,,,,,,,,,,,,,,,,
,,,,,,,,,,,,,,,,,,,,,,,,,,,,,,,,,,,,,,,,,,,,,,,,,,,,,,,,,,,,,,,,,,,,,,,,,,,,,,,,,,,,,,,,,,,,,,,,,,,,,,,,,,,,,,,,,,,,,,,,,,,,,,,,,,,,,,
,,,,,,,,,,,,,,,,,,,,,,,,,,,,,,,,,,,,,,,,,,,,,,,,,,,,,,,,,,,,,,,,,,,,,,,,,,,,,,,,,,,,,,,,,,,,,,,,,,,,,,,,,,,,,,,,,,,,,,,,,,,,,,,,,,,,,,
,,,,,,,,,,,,,,,,,,,,,,,,,,,,,,,,,,,,,,,,,,,,,,,,,,,,,,,,,,,,,,,,,,,,,,,,,,,,,,,,,,,,,,,,,,,,,,,,,,,,,,,,,,,,,,,,,,,,,,,,,,,,,,,,,,,,,,
,,,,,,,,,,,,,,,,,,,,,,,,,,,,,,,,,,,,,,,,,,,,,,,,,,,,,,,,,,,,,,,,,,,,,,,,,,,,,,,,,,,,,,,,,,,,,,,,,,,,,,,,,,,,,,,,,,,,,,,,,,,,,,,,,,,,,,
,,,,,,,,,,,,,,,,,,,,,,,,,,,,,,,,,,,,,,,,,,,,,,,,,,,,,,,,,,,,,,,,,,,,,,,,,,,,,,,,,,,,,,,,,,,,,,,,,,,,,,,,,,,,,,,,,,,,,,,,,,,,,,,,,,,,,,
,,,,,,,,,,,,,,,,,,,,,,,,,,,,,,,,,,,,,,,,,,,,,,,,,,,,,,,,,,,,,,,,,,,,,,,,,,,,,,,,,,,,,,,,,,,,,,,,,,,,,,,,,,,,,,,,,,,,,,,,,,,,,,,,,,,,,,
,,,,,,,,,,,,,,,,,,,,,,,,,,,,,,,,,,,,,,,,,,,,,,,,,,,,,,,,,,,,,,,,,,,,,,,,,,,,,,,,,,,,,,,,,,,,,,,,,,,,,,,,,,,,,,,,,,,,,,,,,,,,,,,,,,,,,,
,,,,,,,,,,,,,,,,,,,,,,,,,,,,,,,,,,,,,,,,,,,,,,,,,,,,,,,,,,,,,,,,,,,,,,,,,,,,,,,,,,,,,,,,,,,,,,,,,,,,,,,,,,,,,,,,,,,,,,,,,,,,,,,,,,,,,,
,,,,,,,,,,,,,,,,,,,,,,,,,,,,,,,,,,,,,,,,,,,,,,,,,,,,,,,,,,,,,,,,,,,,,,,,,,,,,,,,,,,,,,,,,,,,,,,,,,,,,,,,,,,,,,,,,,,,,,,,,,,,,,,,,,,,,,
,,,,,,,,,,,,,,,,,,,,,,,,,,,,,,,,,,,,,,,,,,,,,,,,,,,,,,,,,,,,,,,,,,,,,,,,,,,,,,,,,,,,,,,,,,,,,,,,,,,,,,,,,,,,,,,,,,,,,,,,,,,,,,,,,,,,,,
,,,,,,,,,,,,,,,,,,,,,,,,,,,,,,,,,,,,,,,,,,,,,,,,,,,,,,,,,,,,,,,,,,,,,,,,,,,,,,,,,,,,,,,,,,,,,,,,,,,,,,,,,,,,,,,,,,,,,,,,,,,,,,,,,,,,,,
,,,,,,,,,,,,,,,,,,,,,,,,,,,,,,,,,,,,,,,,,,,,,,,,,,,,,,,,,,,,,,,,,,,,,,,,,,,,,,,,,,,,,,,,,,,,,,,,,,,,,,,,,,,,,,,,,,,,,,,,,,,,,,,,,,,,,,
,,,,,,,,,,,,,,,,,,,,,,,,,,,,,,,,,,,,,,,,,,,,,,,,,,,,,,,,,,,,,,,,,,,,,,,,,,,,,,,,,,,,,,,,,,,,,,,,,,,,,,,,,,,,,,,,,,,,,,,,,,,,,,,,,,,,,,
,,,,,,,,,,,,,,,,,,,,,,,,,,,,,,,,,,,,,,,,,,,,,,,,,,,,,,,,,,,,,,,,,,,,,,,,,,,,,,,,,,,,,,,,,,,,,,,,,,,,,,,,,,,,,,,,,,,,,,,,,,,,,,,,,,,,,,
,,,,,,,,,,,,,,,,,,,,,,,,,,,,,,,,,,,,,,,,,,,,,,,,,,,,,,,,,,,,,,,,,,,,,,,,,,,,,,,,,,,,,,,,,,,,,,,,,,,,,,,,,,,,,,,,,,,,,,,,,,,,,,,,,,,,,,
,,,,,,,,,,,,,,,,,,,,,,,,,,,,,,,,,,,,,,,,,,,,,,,,,,,,,,,,,,,,,,,,,,,,,,,,,,,,,,,,,,,,,,,,,,,,,,,,,,,,,,,,,,,,,,,,,,,,,,,,,,,,,,,,,,,,,,
,,,,,,,,,,,,,,,,,,,,,,,,,,,,,,,,,,,,,,,,,,,,,,,,,,,,,,,,,,,,,,,,,,,,,,,,,,,,,,,,,,,,,,,,,,,,,,,,,,,,,,,,,,,,,,,,,,,,,,,,,,,,,,,,,,,,,,
,,,,,,,,,,,,,,,,,,,,,,,,,,,,,,,,,,,,,,,,,,,,,,,,,,,,,,,,,,,,,,,,,,,,,,,,,,,,,,,,,,,,,,,,,,,,,,,,,,,,,,,,,,,,,,,,,,,,,,,,,,,,,,,,,,,,,,
,,,,,,,,,,,,,,,,,,,,,,,,,,,,,,,,,,,,,,,,,,,,,,,,,,,,,,,,,,,,,,,,,,,,,,,,,,,,,,,,,,,,,,,,,,,,,,,,,,,,,,,,,,,,,,,,,,,,,,,,,,,,,,,,,,,,,,
,,,,,,,,,,,,,,,,,,,,,,,,,,,,,,,,,,,,,,,,,,,,,,,,,,,,,,,,,,,,,,,,,,,,,,,,,,,,,,,,,,,,,,,,,,,,,,,,,,,,,,,,,,,,,,,,,,,,,,,,,,,,,,,,,,,,,,
,,,,,,,,,,,,,,,,,,,,,,,,,,,,,,,,,,,,,,,,,,,,,,,,,,,,,,,,,,,,,,,,,,,,,,,,,,,,,,,,,,,,,,,,,,,,,,,,,,,,,,,,,,,,,,,,,,,,,,,,,,,,,,,,,,,,,,
,,,,,,,,,,,,,,,,,,,,,,,,,,,,,,,,,,,,,,,,,,,,,,,,,,,,,,,,,,,,,,,,,,,,,,,,,,,,,,,,,,,,,,,,,,,,,,,,,,,,,,,,,,,,,,,,,,,,,,,,,,,,,,,,,,,,,,
,,,,,,,,,,,,,,,,,,,,,,,,,,,,,,,,,,,,,,,,,,,,,,,,,,,,,,,,,,,,,,,,,,,,,,,,,,,,,,,,,,,,,,,,,,,,,,,,,,,,,,,,,,,,,,,,,,,,,,,,,,,,,,,,,,,,,,
,,,,,,,,,,,,,,,,,,,,,,,,,,,,,,,,,,,,,,,,,,,,,,,,,,,,,,,,,,,,,,,,,,,,,,,,,,,,,,,,,,,,,,,,,,,,,,,,,,,,,,,,,,,,,,,,,,,,,,,,,,,,,,,,,,,,,,
,,,,,,,,,,,,,,,,,,,,,,,,,,,,,,,,,,,,,,,,,,,,,,,,,,,,,,,,,,,,,,,,,,,,,,,,,,,,,,,,,,,,,,,,,,,,,,,,,,,,,,,,,,,,,,,,,,,,,,,,,,,,,,,,,,,,,,
,,,,,,,,,,,,,,,,,,,,,,,,,,,,,,,,,,,,,,,,,,,,,,,,,,,,,,,,,,,,,,,,,,,,,,,,,,,,,,,,,,,,,,,,,,,,,,,,,,,,,,,,,,,,,,,,,,,,,,,,,,,,,,,,,,,,,,
,,,,,,,,,,,,,,,,,,,,,,,,,,,,,,,,,,,,,,,,,,,,,,,,,,,,,,,,,,,,,,,,,,,,,,,,,,,,,,,,,,,,,,,,,,,,,,,,,,,,,,,,,,,,,,,,,,,,,,,,,,,,,,,,,,,,,,
,,,,,,,,,,,,,,,,,,,,,,,,,,,,,,,,,,,,,,,,,,,,,,,,,,,,,,,,,,,,,,,,,,,,,,,,,,,,,,,,,,,,,,,,,,,,,,,,,,,,,,,,,,,,,,,,,,,,,,,,,,,,,,,,,,,,,,
,,,,,,,,,,,,,,,,,,,,,,,,,,,,,,,,,,,,,,,,,,,,,,,,,,,,,,,,,,,,,,,,,,,,,,,,,,,,,,,,,,,,,,,,,,,,,,,,,,,,,,,,,,,,,,,,,,,,,,,,,,,,,,,,,,,,,,
,,,,,,,,,,,,,,,,,,,,,,,,,,,,,,,,,,,,,,,,,,,,,,,,,,,,,,,,,,,,,,,,,,,,,,,,,,,,,,,,,,,,,,,,,,,,,,,,,,,,,,,,,,,,,,,,,,,,,,,,,,,,,,,,,,,,,,
,,,,,,,,,,,,,,,,,,,,,,,,,,,,,,,,,,,,,,,,,,,,,,,,,,,,,,,,,,,,,,,,,,,,,,,,,,,,,,,,,,,,,,,,,,,,,,,,,,,,,,,,,,,,,,,,,,,,,,,,,,,,,,,,,,,,,,
,,,,,,,,,,,,,,,,,,,,,,,,,,,,,,,,,,,,,,,,,,,,,,,,,,,,,,,,,,,,,,,,,,,,,,,,,,,,,,,,,,,,,,,,,,,,,,,,,,,,,,,,,,,,,,,,,,,,,,,,,,,,,,,,,,,,,,
,,,,,,,,,,,,,,,,,,,,,,,,,,,,,,,,,,,,,,,,,,,,,,,,,,,,,,,,,,,,,,,,,,,,,,,,,,,,,,,,,,,,,,,,,,,,,,,,,,,,,,,,,,,,,,,,,,,,,,,,,,,,,,,,,,,,,,
,,,,,,,,,,,,,,,,,,,,,,,,,,,,,,,,,,,,,,,,,,,,,,,,,,,,,,,,,,,,,,,,,,,,,,,,,,,,,,,,,,,,,,,,,,,,,,,,,,,,,,,,,,,,,,,,,,,,,,,,,,,,,,,,,,,,,,
,,,,,,,,,,,,,,,,,,,,,,,,,,,,,,,,,,,,,,,,,,,,,,,,,,,,,,,,,,,,,,,,,,,,,,,,,,,,,,,,,,,,,,,,,,,,,,,,,,,,,,,,,,,,,,,,,,,,,,,,,,,,,,,,,,,,,,
,,,,,,,,,,,,,,,,,,,,,,,,,,,,,,,,,,,,,,,,,,,,,,,,,,,,,,,,,,,,,,,,,,,,,,,,,,,,,,,,,,,,,,,,,,,,,,,,,,,,,,,,,,,,,,,,,,,,,,,,,,,,,,,,,,,,,,
,,,,,,,,,,,,,,,,,,,,,,,,,,,,,,,,,,,,,,,,,,,,,,,,,,,,,,,,,,,,,,,,,,,,,,,,,,,,,,,,,,,,,,,,,,,,,,,,,,,,,,,,,,,,,,,,,,,,,,,,,,,,,,,,,,,,,,
,,,,,,,,,,,,,,,,,,,,,,,,,,,,,,,,,,,,,,,,,,,,,,,,,,,,,,,,,,,,,,,,,,,,,,,,,,,,,,,,,,,,,,,,,,,,,,,,,,,,,,,,,,,,,,,,,,,,,,,,,,,,,,,,,,,,,,
,,,,,,,,,,,,,,,,,,,,,,,,,,,,,,,,,,,,,,,,,,,,,,,,,,,,,,,,,,,,,,,,,,,,,,,,,,,,,,,,,,,,,,,,,,,,,,,,,,,,,,,,,,,,,,,,,,,,,,,,,,,,,,,,,,,,,,
,,,,,,,,,,,,,,,,,,,,,,,,,,,,,,,,,,,,,,,,,,,,,,,,,,,,,,,,,,,,,,,,,,,,,,,,,,,,,,,,,,,,,,,,,,,,,,,,,,,,,,,,,,,,,,,,,,,,,,,,,,,,,,,,,,,,,,
,,,,,,,,,,,,,,,,,,,,,,,,,,,,,,,,,,,,,,,,,,,,,,,,,,,,,,,,,,,,,,,,,,,,,,,,,,,,,,,,,,,,,,,,,,,,,,,,,,,,,,,,,,,,,,,,,,,,,,,,,,,,,,,,,,,,,,
,,,,,,,,,,,,,,,,,,,,,,,,,,,,,,,,,,,,,,,,,,,,,,,,,,,,,,,,,,,,,,,,,,,,,,,,,,,,,,,,,,,,,,,,,,,,,,,,,,,,,,,,,,,,,,,,,,,,,,,,,,,,,,,,,,,,,,
,,,,,,,,,,,,,,,,,,,,,,,,,,,,,,,,,,,,,,,,,,,,,,,,,,,,,,,,,,,,,,,,,,,,,,,,,,,,,,,,,,,,,,,,,,,,,,,,,,,,,,,,,,,,,,,,,,,,,,,,,,,,,,,,,,,,,,
,,,,,,,,,,,,,,,,,,,,,,,,,,,,,,,,,,,,,,,,,,,,,,,,,,,,,,,,,,,,,,,,,,,,,,,,,,,,,,,,,,,,,,,,,,,,,,,,,,,,,,,,,,,,,,,,,,,,,,,,,,,,,,,,,,,,,,
,,,,,,,,,,,,,,,,,,,,,,,,,,,,,,,,,,,,,,,,,,,,,,,,,,,,,,,,,,,,,,,,,,,,,,,,,,,,,,,,,,,,,,,,,,,,,,,,,,,,,,,,,,,,,,,,,,,,,,,,,,,,,,,,,,,,,,
,,,,,,,,,,,,,,,,,,,,,,,,,,,,,,,,,,,,,,,,,,,,,,,,,,,,,,,,,,,,,,,,,,,,,,,,,,,,,,,,,,,,,,,,,,,,,,,,,,,,,,,,,,,,,,,,,,,,,,,,,,,,,,,,,,,,,,
,,,,,,,,,,,,,,,,,,,,,,,,,,,,,,,,,,,,,,,,,,,,,,,,,,,,,,,,,,,,,,,,,,,,,,,,,,,,,,,,,,,,,,,,,,,,,,,,,,,,,,,,,,,,,,,,,,,,,,,,,,,,,,,,,,,,,,
,,,,,,,,,,,,,,,,,,,,,,,,,,,,,,,,,,,,,,,,,,,,,,,,,,,,,,,,,,,,,,,,,,,,,,,,,,,,,,,,,,,,,,,,,,,,,,,,,,,,,,,,,,,,,,,,,,,,,,,,,,,,,,,,,,,,,,
,,,,,,,,,,,,,,,,,,,,,,,,,,,,,,,,,,,,,,,,,,,,,,,,,,,,,,,,,,,,,,,,,,,,,,,,,,,,,,,,,,,,,,,,,,,,,,,,,,,,,,,,,,,,,,,,,,,,,,,,,,,,,,,,,,,,,,
,,,,,,,,,,,,,,,,,,,,,,,,,,,,,,,,,,,,,,,,,,,,,,,,,,,,,,,,,,,,,,,,,,,,,,,,,,,,,,,,,,,,,,,,,,,,,,,,,,,,,,,,,,,,,,,,,,,,,,,,,,,,,,,,,,,,,,
,,,,,,,,,,,,,,,,,,,,,,,,,,,,,,,,,,,,,,,,,,,,,,,,,,,,,,,,,,,,,,,,,,,,,,,,,,,,,,,,,,,,,,,,,,,,,,,,,,,,,,,,,,,,,,,,,,,,,,,,,,,,,,,,,,,,,,
,,,,,,,,,,,,,,,,,,,,,,,,,,,,,,,,,,,,,,,,,,,,,,,,,,,,,,,,,,,,,,,,,,,,,,,,,,,,,,,,,,,,,,,,,,,,,,,,,,,,,,,,,,,,,,,,,,,,,,,,,,,,,,,,,,,,,,
,,,,,,,,,,,,,,,,,,,,,,,,,,,,,,,,,,,,,,,,,,,,,,,,,,,,,,,,,,,,,,,,,,,,,,,,,,,,,,,,,,,,,,,,,,,,,,,,,,,,,,,,,,,,,,,,,,,,,,,,,,,,,,,,,,,,,,
,,,,,,,,,,,,,,,,,,,,,,,,,,,,,,,,,,,,,,,,,,,,,,,,,,,,,,,,,,,,,,,,,,,,,,,,,,,,,,,,,,,,,,,,,,,,,,,,,,,,,,,,,,,,,,,,,,,,,,,,,,,,,,,,,,,,,,
,,,,,,,,,,,,,,,,,,,,,,,,,,,,,,,,,,,,,,,,,,,,,,,,,,,,,,,,,,,,,,,,,,,,,,,,,,,,,,,,,,,,,,,,,,,,,,,,,,,,,,,,,,,,,,,,,,,,,,,,,,,,,,,,,,,,,,
,,,,,,,,,,,,,,,,,,,,,,,,,,,,,,,,,,,,,,,,,,,,,,,,,,,,,,,,,,,,,,,,,,,,,,,,,,,,,,,,,,,,,,,,,,,,,,,,,,,,,,,,,,,,,,,,,,,,,,,,,,,,,,,,,,,,,,
,,,,,,,,,,,,,,,,,,,,,,,,,,,,,,,,,,,,,,,,,,,,,,,,,,,,,,,,,,,,,,,,,,,,,,,,,,,,,,,,,,,,,,,,,,,,,,,,,,,,,,,,,,,,,,,,,,,,,,,,,,,,,,,,,,,,,,
,,,,,,,,,,,,,,,,,,,,,,,,,,,,,,,,,,,,,,,,,,,,,,,,,,,,,,,,,,,,,,,,,,,,,,,,,,,,,,,,,,,,,,,,,,,,,,,,,,,,,,,,,,,,,,,,,,,,,,,,,,,,,,,,,,,,,,
,,,,,,,,,,,,,,,,,,,,,,,,,,,,,,,,,,,,,,,,,,,,,,,,,,,,,,,,,,,,,,,,,,,,,,,,,,,,,,,,,,,,,,,,,,,,,,,,,,,,,,,,,,,,,,,,,,,,,,,,,,,,,,,,,,,,,,
,,,,,,,,,,,,,,,,,,,,,,,,,,,,,,,,,,,,,,,,,,,,,,,,,,,,,,,,,,,,,,,,,,,,,,,,,,,,,,,,,,,,,,,,,,,,,,,,,,,,,,,,,,,,,,,,,,,,,,,,,,,,,,,,,,,,,,
,,,,,,,,,,,,,,,,,,,,,,,,,,,,,,,,,,,,,,,,,,,,,,,,,,,,,,,,,,,,,,,,,,,,,,,,,,,,,,,,,,,,,,,,,,,,,,,,,,,,,,,,,,,,,,,,,,,,,,,,,,,,,,,,,,,,,,
,,,,,,,,,,,,,,,,,,,,,,,,,,,,,,,,,,,,,,,,,,,,,,,,,,,,,,,,,,,,,,,,,,,,,,,,,,,,,,,,,,,,,,,,,,,,,,,,,,,,,,,,,,,,,,,,,,,,,,,,,,,,,,,,,,,,,,
,,,,,,,,,,,,,,,,,,,,,,,,,,,,,,,,,,,,,,,,,,,,,,,,,,,,,,,,,,,,,,,,,,,,,,,,,,,,,,,,,,,,,,,,,,,,,,,,,,,,,,,,,,,,,,,,,,,,,,,,,,,,,,,,,,,,,,
,,,,,,,,,,,,,,,,,,,,,,,,,,,,,,,,,,,,,,,,,,,,,,,,,,,,,,,,,,,,,,,,,,,,,,,,,,,,,,,,,,,,,,,,,,,,,,,,,,,,,,,,,,,,,,,,,,,,,,,,,,,,,,,,,,,,,,
,,,,,,,,,,,,,,,,,,,,,,,,,,,,,,,,,,,,,,,,,,,,,,,,,,,,,,,,,,,,,,,,,,,,,,,,,,,,,,,,,,,,,,,,,,,,,,,,,,,,,,,,,,,,,,,,,,,,,,,,,,,,,,,,,,,,,,
,,,,,,,,,,,,,,,,,,,,,,,,,,,,,,,,,,,,,,,,,,,,,,,,,,,,,,,,,,,,,,,,,,,,,,,,,,,,,,,,,,,,,,,,,,,,,,,,,,,,,,,,,,,,,,,,,,,,,,,,,,,,,,,,,,,,,,
,,,,,,,,,,,,,,,,,,,,,,,,,,,,,,,,,,,,,,,,,,,,,,,,,,,,,,,,,,,,,,,,,,,,,,,,,,,,,,,,,,,,,,,,,,,,,,,,,,,,,,,,,,,,,,,,,,,,,,,,,,,,,,,,,,,,,,
,,,,,,,,,,,,,,,,,,,,,,,,,,,,,,,,,,,,,,,,,,,,,,,,,,,,,,,,,,,,,,,,,,,,,,,,,,,,,,,,,,,,,,,,,,,,,,,,,,,,,,,,,,,,,,,,,,,,,,,,,,,,,,,,,,,,,,
,,,,,,,,,,,,,,,,,,,,,,,,,,,,,,,,,,,,,,,,,,,,,,,,,,,,,,,,,,,,,,,,,,,,,,,,,,,,,,,,,,,,,,,,,,,,,,,,,,,,,,,,,,,,,,,,,,,,,,,,,,,,,,,,,,,,,,
,,,,,,,,,,,,,,,,,,,,,,,,,,,,,,,,,,,,,,,,,,,,,,,,,,,,,,,,,,,,,,,,,,,,,,,,,,,,,,,,,,,,,,,,,,,,,,,,,,,,,,,,,,,,,,,,,,,,,,,,,,,,,,,,,,,,,,
,,,,,,,,,,,,,,,,,,,,,,,,,,,,,,,,,,,,,,,,,,,,,,,,,,,,,,,,,,,,,,,,,,,,,,,,,,,,,,,,,,,,,,,,,,,,,,,,,,,,,,,,,,,,,,,,,,,,,,,,,,,,,,,,,,,,,,
,,,,,,,,,,,,,,,,,,,,,,,,,,,,,,,,,,,,,,,,,,,,,,,,,,,,,,,,,,,,,,,,,,,,,,,,,,,,,,,,,,,,,,,,,,,,,,,,,,,,,,,,,,,,,,,,,,,,,,,,,,,,,,,,,,,,,,
,,,,,,,,,,,,,,,,,,,,,,,,,,,,,,,,,,,,,,,,,,,,,,,,,,,,,,,,,,,,,,,,,,,,,,,,,,,,,,,,,,,,,,,,,,,,,,,,,,,,,,,,,,,,,,,,,,,,,,,,,,,,,,,,,,,,,,
,,,,,,,,,,,,,,,,,,,,,,,,,,,,,,,,,,,,,,,,,,,,,,,,,,,,,,,,,,,,,,,,,,,,,,,,,,,,,,,,,,,,,,,,,,,,,,,,,,,,,,,,,,,,,,,,,,,,,,,,,,,,,,,,,,,,,,
,,,,,,,,,,,,,,,,,,,,,,,,,,,,,,,,,,,,,,,,,,,,,,,,,,,,,,,,,,,,,,,,,,,,,,,,,,,,,,,,,,,,,,,,,,,,,,,,,,,,,,,,,,,,,,,,,,,,,,,,,,,,,,,,,,,,,,
,,,,,,,,,,,,,,,,,,,,,,,,,,,,,,,,,,,,,,,,,,,,,,,,,,,,,,,,,,,,,,,,,,,,,,,,,,,,,,,,,,,,,,,,,,,,,,,,,,,,,,,,,,,,,,,,,,,,,,,,,,,,,,,,,,,,,,
,,,,,,,,,,,,,,,,,,,,,,,,,,,,,,,,,,,,,,,,,,,,,,,,,,,,,,,,,,,,,,,,,,,,,,,,,,,,,,,,,,,,,,,,,,,,,,,,,,,,,,,,,,,,,,,,,,,,,,,,,,,,,,,,,,,,,,
,,,,,,,,,,,,,,,,,,,,,,,,,,,,,,,,,,,,,,,,,,,,,,,,,,,,,,,,,,,,,,,,,,,,,,,,,,,,,,,,,,,,,,,,,,,,,,,,,,,,,,,,,,,,,,,,,,,,,,,,,,,,,,,,,,,,,,
,,,,,,,,,,,,,,,,,,,,,,,,,,,,,,,,,,,,,,,,,,,,,,,,,,,,,,,,,,,,,,,,,,,,,,,,,,,,,,,,,,,,,,,,,,,,,,,,,,,,,,,,,,,,,,,,,,,,,,,,,,,,,,,,,,,,,,
,,,,,,,,,,,,,,,,,,,,,,,,,,,,,,,,,,,,,,,,,,,,,,,,,,,,,,,,,,,,,,,,,,,,,,,,,,,,,,,,,,,,,,,,,,,,,,,,,,,,,,,,,,,,,,,,,,,,,,,,,,,,,,,,,,,,,,
,,,,,,,,,,,,,,,,,,,,,,,,,,,,,,,,,,,,,,,,,,,,,,,,,,,,,,,,,,,,,,,,,,,,,,,,,,,,,,,,,,,,,,,,,,,,,,,,,,,,,,,,,,,,,,,,,,,,,,,,,,,,,,,,,,,,,,
,,,,,,,,,,,,,,,,,,,,,,,,,,,,,,,,,,,,,,,,,,,,,,,,,,,,,,,,,,,,,,,,,,,,,,,,,,,,,,,,,,,,,,,,,,,,,,,,,,,,,,,,,,,,,,,,,,,,,,,,,,,,,,,,,,,,,,
,,,,,,,,,,,,,,,,,,,,,,,,,,,,,,,,,,,,,,,,,,,,,,,,,,,,,,,,,,,,,,,,,,,,,,,,,,,,,,,,,,,,,,,,,,,,,,,,,,,,,,,,,,,,,,,,,,,,,,,,,,,,,,,,,,,,,,
,,,,,,,,,,,,,,,,,,,,,,,,,,,,,,,,,,,,,,,,,,,,,,,,,,,,,,,,,,,,,,,,,,,,,,,,,,,,,,,,,,,,,,,,,,,,,,,,,,,,,,,,,,,,,,,,,,,,,,,,,,,,,,,,,,,,,,
,,,,,,,,,,,,,,,,,,,,,,,,,,,,,,,,,,,,,,,,,,,,,,,,,,,,,,,,,,,,,,,,,,,,,,,,,,,,,,,,,,,,,,,,,,,,,,,,,,,,,,,,,,,,,,,,,,,,,,,,,,,,,,,,,,,,,,
,,,,,,,,,,,,,,,,,,,,,,,,,,,,,,,,,,,,,,,,,,,,,,,,,,,,,,,,,,,,,,,,,,,,,,,,,,,,,,,,,,,,,,,,,,,,,,,,,,,,,,,,,,,,,,,,,,,,,,,,,,,,,,,,,,,,,,
,,,,,,,,,,,,,,,,,,,,,,,,,,,,,,,,,,,,,,,,,,,,,,,,,,,,,,,,,,,,,,,,,,,,,,,,,,,,,,,,,,,,,,,,,,,,,,,,,,,,,,,,,,,,,,,,,,,,,,,,,,,,,,,,,,,,,,
,,,,,,,,,,,,,,,,,,,,,,,,,,,,,,,,,,,,,,,,,,,,,,,,,,,,,,,,,,,,,,,,,,,,,,,,,,,,,,,,,,,,,,,,,,,,,,,,,,,,,,,,,,,,,,,,,,,,,,,,,,,,,,,,,,,,,,
,,,,,,,,,,,,,,,,,,,,,,,,,,,,,,,,,,,,,,,,,,,,,,,,,,,,,,,,,,,,,,,,,,,,,,,,,,,,,,,,,,,,,,,,,,,,,,,,,,,,,,,,,,,,,,,,,,,,,,,,,,,,,,,,,,,,,,
,,,,,,,,,,,,,,,,,,,,,,,,,,,,,,,,,,,,,,,,,,,,,,,,,,,,,,,,,,,,,,,,,,,,,,,,,,,,,,,,,,,,,,,,,,,,,,,,,,,,,,,,,,,,,,,,,,,,,,,,,,,,,,,,,,,,,,
,,,,,,,,,,,,,,,,,,,,,,,,,,,,,,,,,,,,,,,,,,,,,,,,,,,,,,,,,,,,,,,,,,,,,,,,,,,,,,,,,,,,,,,,,,,,,,,,,,,,,,,,,,,,,,,,,,,,,,,,,,,,,,,,,,,,,,
,,,,,,,,,,,,,,,,,,,,,,,,,,,,,,,,,,,,,,,,,,,,,,,,,,,,,,,,,,,,,,,,,,,,,,,,,,,,,,,,,,,,,,,,,,,,,,,,,,,,,,,,,,,,,,,,,,,,,,,,,,,,,,,,,,,,,,
,,,,,,,,,,,,,,,,,,,,,,,,,,,,,,,,,,,,,,,,,,,,,,,,,,,,,,,,,,,,,,,,,,,,,,,,,,,,,,,,,,,,,,,,,,,,,,,,,,,,,,,,,,,,,,,,,,,,,,,,,,,,,,,,,,,,,,
,,,,,,,,,,,,,,,,,,,,,,,,,,,,,,,,,,,,,,,,,,,,,,,,,,,,,,,,,,,,,,,,,,,,,,,,,,,,,,,,,,,,,,,,,,,,,,,,,,,,,,,,,,,,,,,,,,,,,,,,,,,,,,,,,,,,,,
,,,,,,,,,,,,,,,,,,,,,,,,,,,,,,,,,,,,,,,,,,,,,,,,,,,,,,,,,,,,,,,,,,,,,,,,,,,,,,,,,,,,,,,,,,,,,,,,,,,,,,,,,,,,,,,,,,,,,,,,,,,,,,,,,,,,,,
,,,,,,,,,,,,,,,,,,,,,,,,,,,,,,,,,,,,,,,,,,,,,,,,,,,,,,,,,,,,,,,,,,,,,,,,,,,,,,,,,,,,,,,,,,,,,,,,,,,,,,,,,,,,,,,,,,,,,,,,,,,,,,,,,,,,,,
,,,,,,,,,,,,,,,,,,,,,,,,,,,,,,,,,,,,,,,,,,,,,,,,,,,,,,,,,,,,,,,,,,,,,,,,,,,,,,,,,,,,,,,,,,,,,,,,,,,,,,,,,,,,,,,,,,,,,,,,,,,,,,,,,,,,,,
,,,,,,,,,,,,,,,,,,,,,,,,,,,,,,,,,,,,,,,,,,,,,,,,,,,,,,,,,,,,,,,,,,,,,,,,,,,,,,,,,,,,,,,,,,,,,,,,,,,,,,,,,,,,,,,,,,,,,,,,,,,,,,,,,,,,,,
,,,,,,,,,,,,,,,,,,,,,,,,,,,,,,,,,,,,,,,,,,,,,,,,,,,,,,,,,,,,,,,,,,,,,,,,,,,,,,,,,,,,,,,,,,,,,,,,,,,,,,,,,,,,,,,,,,,,,,,,,,,,,,,,,,,,,,
,,,,,,,,,,,,,,,,,,,,,,,,,,,,,,,,,,,,,,,,,,,,,,,,,,,,,,,,,,,,,,,,,,,,,,,,,,,,,,,,,,,,,,,,,,,,,,,,,,,,,,,,,,,,,,,,,,,,,,,,,,,,,,,,,,,,,,
,,,,,,,,,,,,,,,,,,,,,,,,,,,,,,,,,,,,,,,,,,,,,,,,,,,,,,,,,,,,,,,,,,,,,,,,,,,,,,,,,,,,,,,,,,,,,,,,,,,,,,,,,,,,,,,,,,,,,,,,,,,,,,,,,,,,,,
,,,,,,,,,,,,,,,,,,,,,,,,,,,,,,,,,,,,,,,,,,,,,,,,,,,,,,,,,,,,,,,,,,,,,,,,,,,,,,,,,,,,,,,,,,,,,,,,,,,,,,,,,,,,,,,,,,,,,,,,,,,,,,,,,,,,,,
,,,,,,,,,,,,,,,,,,,,,,,,,,,,,,,,,,,,,,,,,,,,,,,,,,,,,,,,,,,,,,,,,,,,,,,,,,,,,,,,,,,,,,,,,,,,,,,,,,,,,,,,,,,,,,,,,,,,,,,,,,,,,,,,,,,,,,
,,,,,,,,,,,,,,,,,,,,,,,,,,,,,,,,,,,,,,,,,,,,,,,,,,,,,,,,,,,,,,,,,,,,,,,,,,,,,,,,,,,,,,,,,,,,,,,,,,,,,,,,,,,,,,,,,,,,,,,,,,,,,,,,,,,,,,
,,,,,,,,,,,,,,,,,,,,,,,,,,,,,,,,,,,,,,,,,,,,,,,,,,,,,,,,,,,,,,,,,,,,,,,,,,,,,,,,,,,,,,,,,,,,,,,,,,,,,,,,,,,,,,,,,,,,,,,,,,,,,,,,,,,,,,
,,,,,,,,,,,,,,,,,,,,,,,,,,,,,,,,,,,,,,,,,,,,,,,,,,,,,,,,,,,,,,,,,,,,,,,,,,,,,,,,,,,,,,,,,,,,,,,,,,,,,,,,,,,,,,,,,,,,,,,,,,,,,,,,,,,,,,
,,,,,,,,,,,,,,,,,,,,,,,,,,,,,,,,,,,,,,,,,,,,,,,,,,,,,,,,,,,,,,,,,,,,,,,,,,,,,,,,,,,,,,,,,,,,,,,,,,,,,,,,,,,,,,,,,,,,,,,,,,,,,,,,,,,,,,
,,,,,,,,,,,,,,,,,,,,,,,,,,,,,,,,,,,,,,,,,,,,,,,,,,,,,,,,,,,,,,,,,,,,,,,,,,,,,,,,,,,,,,,,,,,,,,,,,,,,,,,,,,,,,,,,,,,,,,,,,,,,,,,,,,,,,,
,,,,,,,,,,,,,,,,,,,,,,,,,,,,,,,,,,,,,,,,,,,,,,,,,,,,,,,,,,,,,,,,,,,,,,,,,,,,,,,,,,,,,,,,,,,,,,,,,,,,,,,,,,,,,,,,,,,,,,,,,,,,,,,,,,,,,,
,,,,,,,,,,,,,,,,,,,,,,,,,,,,,,,,,,,,,,,,,,,,,,,,,,,,,,,,,,,,,,,,,,,,,,,,,,,,,,,,,,,,,,,,,,,,,,,,,,,,,,,,,,,,,,,,,,,,,,,,,,,,,,,,,,,,,,
,,,,,,,,,,,,,,,,,,,,,,,,,,,,,,,,,,,,,,,,,,,,,,,,,,,,,,,,,,,,,,,,,,,,,,,,,,,,,,,,,,,,,,,,,,,,,,,,,,,,,,,,,,,,,,,,,,,,,,,,,,,,,,,,,,,,,,
,,,,,,,,,,,,,,,,,,,,,,,,,,,,,,,,,,,,,,,,,,,,,,,,,,,,,,,,,,,,,,,,,,,,,,,,,,,,,,,,,,,,,,,,,,,,,,,,,,,,,,,,,,,,,,,,,,,,,,,,,,,,,,,,,,,,,,
,,,,,,,,,,,,,,,,,,,,,,,,,,,,,,,,,,,,,,,,,,,,,,,,,,,,,,,,,,,,,,,,,,,,,,,,,,,,,,,,,,,,,,,,,,,,,,,,,,,,,,,,,,,,,,,,,,,,,,,,,,,,,,,,,,,,,,
,,,,,,,,,,,,,,,,,,,,,,,,,,,,,,,,,,,,,,,,,,,,,,,,,,,,,,,,,,,,,,,,,,,,,,,,,,,,,,,,,,,,,,,,,,,,,,,,,,,,,,,,,,,,,,,,,,,,,,,,,,,,,,,,,,,,,,
,,,,,,,,,,,,,,,,,,,,,,,,,,,,,,,,,,,,,,,,,,,,,,,,,,,,,,,,,,,,,,,,,,,,,,,,,,,,,,,,,,,,,,,,,,,,,,,,,,,,,,,,,,,,,,,,,,,,,,,,,,,,,,,,,,,,,,
,,,,,,,,,,,,,,,,,,,,,,,,,,,,,,,,,,,,,,,,,,,,,,,,,,,,,,,,,,,,,,,,,,,,,,,,,,,,,,,,,,,,,,,,,,,,,,,,,,,,,,,,,,,,,,,,,,,,,,,,,,,,,,,,,,,,,,
,,,,,,,,,,,,,,,,,,,,,,,,,,,,,,,,,,,,,,,,,,,,,,,,,,,,,,,,,,,,,,,,,,,,,,,,,,,,,,,,,,,,,,,,,,,,,,,,,,,,,,,,,,,,,,,,,,,,,,,,,,,,,,,,,,,,,,
,,,,,,,,,,,,,,,,,,,,,,,,,,,,,,,,,,,,,,,,,,,,,,,,,,,,,,,,,,,,,,,,,,,,,,,,,,,,,,,,,,,,,,,,,,,,,,,,,,,,,,,,,,,,,,,,,,,,,,,,,,,,,,,,,,,,,,
,,,,,,,,,,,,,,,,,,,,,,,,,,,,,,,,,,,,,,,,,,,,,,,,,,,,,,,,,,,,,,,,,,,,,,,,,,,,,,,,,,,,,,,,,,,,,,,,,,,,,,,,,,,,,,,,,,,,,,,,,,,,,,,,,,,,,,
,,,,,,,,,,,,,,,,,,,,,,,,,,,,,,,,,,,,,,,,,,,,,,,,,,,,,,,,,,,,,,,,,,,,,,,,,,,,,,,,,,,,,,,,,,,,,,,,,,,,,,,,,,,,,,,,,,,,,,,,,,,,,,,,,,,,,,
,,,,,,,,,,,,,,,,,,,,,,,,,,,,,,,,,,,,,,,,,,,,,,,,,,,,,,,,,,,,,,,,,,,,,,,,,,,,,,,,,,,,,,,,,,,,,,,,,,,,,,,,,,,,,,,,,,,,,,,,,,,,,,,,,,,,,,
,,,,,,,,,,,,,,,,,,,,,,,,,,,,,,,,,,,,,,,,,,,,,,,,,,,,,,,,,,,,,,,,,,,,,,,,,,,,,,,,,,,,,,,,,,,,,,,,,,,,,,,,,,,,,,,,,,,,,,,,,,,,,,,,,,,,,,
,,,,,,,,,,,,,,,,,,,,,,,,,,,,,,,,,,,,,,,,,,,,,,,,,,,,,,,,,,,,,,,,,,,,,,,,,,,,,,,,,,,,,,,,,,,,,,,,,,,,,,,,,,,,,,,,,,,,,,,,,,,,,,,,,,,,,,
,,,,,,,,,,,,,,,,,,,,,,,,,,,,,,,,,,,,,,,,,,,,,,,,,,,,,,,,,,,,,,,,,,,,,,,,,,,,,,,,,,,,,,,,,,,,,,,,,,,,,,,,,,,,,,,,,,,,,,,,,,,,,,,,,,,,,,
,,,,,,,,,,,,,,,,,,,,,,,,,,,,,,,,,,,,,,,,,,,,,,,,,,,,,,,,,,,,,,,,,,,,,,,,,,,,,,,,,,,,,,,,,,,,,,,,,,,,,,,,,,,,,,,,,,,,,,,,,,,,,,,,,,,,,,
,,,,,,,,,,,,,,,,,,,,,,,,,,,,,,,,,,,,,,,,,,,,,,,,,,,,,,,,,,,,,,,,,,,,,,,,,,,,,,,,,,,,,,,,,,,,,,,,,,,,,,,,,,,,,,,,,,,,,,,,,,,,,,,,,,,,,,
,,,,,,,,,,,,,,,,,,,,,,,,,,,,,,,,,,,,,,,,,,,,,,,,,,,,,,,,,,,,,,,,,,,,,,,,,,,,,,,,,,,,,,,,,,,,,,,,,,,,,,,,,,,,,,,,,,,,,,,,,,,,,,,,,,,,,,
,,,,,,,,,,,,,,,,,,,,,,,,,,,,,,,,,,,,,,,,,,,,,,,,,,,,,,,,,,,,,,,,,,,,,,,,,,,,,,,,,,,,,,,,,,,,,,,,,,,,,,,,,,,,,,,,,,,,,,,,,,,,,,,,,,,,,,
,,,,,,,,,,,,,,,,,,,,,,,,,,,,,,,,,,,,,,,,,,,,,,,,,,,,,,,,,,,,,,,,,,,,,,,,,,,,,,,,,,,,,,,,,,,,,,,,,,,,,,,,,,,,,,,,,,,,,,,,,,,,,,,,,,,,,,
,,,,,,,,,,,,,,,,,,,,,,,,,,,,,,,,,,,,,,,,,,,,,,,,,,,,,,,,,,,,,,,,,,,,,,,,,,,,,,,,,,,,,,,,,,,,,,,,,,,,,,,,,,,,,,,,,,,,,,,,,,,,,,,,,,,,,,
,,,,,,,,,,,,,,,,,,,,,,,,,,,,,,,,,,,,,,,,,,,,,,,,,,,,,,,,,,,,,,,,,,,,,,,,,,,,,,,,,,,,,,,,,,,,,,,,,,,,,,,,,,,,,,,,,,,,,,,,,,,,,,,,,,,,,,
,,,,,,,,,,,,,,,,,,,,,,,,,,,,,,,,,,,,,,,,,,,,,,,,,,,,,,,,,,,,,,,,,,,,,,,,,,,,,,,,,,,,,,,,,,,,,,,,,,,,,,,,,,,,,,,,,,,,,,,,,,,,,,,,,,,,,,
,,,,,,,,,,,,,,,,,,,,,,,,,,,,,,,,,,,,,,,,,,,,,,,,,,,,,,,,,,,,,,,,,,,,,,,,,,,,,,,,,,,,,,,,,,,,,,,,,,,,,,,,,,,,,,,,,,,,,,,,,,,,,,,,,,,,,,
,,,,,,,,,,,,,,,,,,,,,,,,,,,,,,,,,,,,,,,,,,,,,,,,,,,,,,,,,,,,,,,,,,,,,,,,,,,,,,,,,,,,,,,,,,,,,,,,,,,,,,,,,,,,,,,,,,,,,,,,,,,,,,,,,,,,,,
,,,,,,,,,,,,,,,,,,,,,,,,,,,,,,,,,,,,,,,,,,,,,,,,,,,,,,,,,,,,,,,,,,,,,,,,,,,,,,,,,,,,,,,,,,,,,,,,,,,,,,,,,,,,,,,,,,,,,,,,,,,,,,,,,,,,,,
,,,,,,,,,,,,,,,,,,,,,,,,,,,,,,,,,,,,,,,,,,,,,,,,,,,,,,,,,,,,,,,,,,,,,,,,,,,,,,,,,,,,,,,,,,,,,,,,,,,,,,,,,,,,,,,,,,,,,,,,,,,,,,,,,,,,,,
,,,,,,,,,,,,,,,,,,,,,,,,,,,,,,,,,,,,,,,,,,,,,,,,,,,,,,,,,,,,,,,,,,,,,,,,,,,,,,,,,,,,,,,,,,,,,,,,,,,,,,,,,,,,,,,,,,,,,,,,,,,,,,,,,,,,,,
,,,,,,,,,,,,,,,,,,,,,,,,,,,,,,,,,,,,,,,,,,,,,,,,,,,,,,,,,,,,,,,,,,,,,,,,,,,,,,,,,,,,,,,,,,,,,,,,,,,,,,,,,,,,,,,,,,,,,,,,,,,,,,,,,,,,,,
,,,,,,,,,,,,,,,,,,,,,,,,,,,,,,,,,,,,,,,,,,,,,,,,,,,,,,,,,,,,,,,,,,,,,,,,,,,,,,,,,,,,,,,,,,,,,,,,,,,,,,,,,,,,,,,,,,,,,,,,,,,,,,,,,,,,,,
,,,,,,,,,,,,,,,,,,,,,,,,,,,,,,,,,,,,,,,,,,,,,,,,,,,,,,,,,,,,,,,,,,,,,,,,,,,,,,,,,,,,,,,,,,,,,,,,,,,,,,,,,,,,,,,,,,,,,,,,,,,,,,,,,,,,,,
,,,,,,,,,,,,,,,,,,,,,,,,,,,,,,,,,,,,,,,,,,,,,,,,,,,,,,,,,,,,,,,,,,,,,,,,,,,,,,,,,,,,,,,,,,,,,,,,,,,,,,,,,,,,,,,,,,,,,,,,,,,,,,,,,,,,,,
,,,,,,,,,,,,,,,,,,,,,,,,,,,,,,,,,,,,,,,,,,,,,,,,,,,,,,,,,,,,,,,,,,,,,,,,,,,,,,,,,,,,,,,,,,,,,,,,,,,,,,,,,,,,,,,,,,,,,,,,,,,,,,,,,,,,,,
,,,,,,,,,,,,,,,,,,,,,,,,,,,,,,,,,,,,,,,,,,,,,,,,,,,,,,,,,,,,,,,,,,,,,,,,,,,,,,,,,,,,,,,,,,,,,,,,,,,,,,,,,,,,,,,,,,,,,,,,,,,,,,,,,,,,,,
,,,,,,,,,,,,,,,,,,,,,,,,,,,,,,,,,,,,,,,,,,,,,,,,,,,,,,,,,,,,,,,,,,,,,,,,,,,,,,,,,,,,,,,,,,,,,,,,,,,,,,,,,,,,,,,,,,,,,,,,,,,,,,,,,,,,,,
,,,,,,,,,,,,,,,,,,,,,,,,,,,,,,,,,,,,,,,,,,,,,,,,,,,,,,,,,,,,,,,,,,,,,,,,,,,,,,,,,,,,,,,,,,,,,,,,,,,,,,,,,,,,,,,,,,,,,,,,,,,,,,,,,,,,,,
,,,,,,,,,,,,,,,,,,,,,,,,,,,,,,,,,,,,,,,,,,,,,,,,,,,,,,,,,,,,,,,,,,,,,,,,,,,,,,,,,,,,,,,,,,,,,,,,,,,,,,,,,,,,,,,,,,,,,,,,,,,,,,,,,,,,,,
,,,,,,,,,,,,,,,,,,,,,,,,,,,,,,,,,,,,,,,,,,,,,,,,,,,,,,,,,,,,,,,,,,,,,,,,,,,,,,,,,,,,,,,,,,,,,,,,,,,,,,,,,,,,,,,,,,,,,,,,,,,,,,,,,,,,,,
,,,,,,,,,,,,,,,,,,,,,,,,,,,,,,,,,,,,,,,,,,,,,,,,,,,,,,,,,,,,,,,,,,,,,,,,,,,,,,,,,,,,,,,,,,,,,,,,,,,,,,,,,,,,,,,,,,,,,,,,,,,,,,,,,,,,,,
,,,,,,,,,,,,,,,,,,,,,,,,,,,,,,,,,,,,,,,,,,,,,,,,,,,,,,,,,,,,,,,,,,,,,,,,,,,,,,,,,,,,,,,,,,,,,,,,,,,,,,,,,,,,,,,,,,,,,,,,,,,,,,,,,,,,,,
,,,,,,,,,,,,,,,,,,,,,,,,,,,,,,,,,,,,,,,,,,,,,,,,,,,,,,,,,,,,,,,,,,,,,,,,,,,,,,,,,,,,,,,,,,,,,,,,,,,,,,,,,,,,,,,,,,,,,,,,,,,,,,,,,,,,,,
,,,,,,,,,,,,,,,,,,,,,,,,,,,,,,,,,,,,,,,,,,,,,,,,,,,,,,,,,,,,,,,,,,,,,,,,,,,,,,,,,,,,,,,,,,,,,,,,,,,,,,,,,,,,,,,,,,,,,,,,,,,,,,,,,,,,,,
,,,,,,,,,,,,,,,,,,,,,,,,,,,,,,,,,,,,,,,,,,,,,,,,,,,,,,,,,,,,,,,,,,,,,,,,,,,,,,,,,,,,,,,,,,,,,,,,,,,,,,,,,,,,,,,,,,,,,,,,,,,,,,,,,,,,,,
,,,,,,,,,,,,,,,,,,,,,,,,,,,,,,,,,,,,,,,,,,,,,,,,,,,,,,,,,,,,,,,,,,,,,,,,,,,,,,,,,,,,,,,,,,,,,,,,,,,,,,,,,,,,,,,,,,,,,,,,,,,,,,,,,,,,,,
,,,,,,,,,,,,,,,,,,,,,,,,,,,,,,,,,,,,,,,,,,,,,,,,,,,,,,,,,,,,,,,,,,,,,,,,,,,,,,,,,,,,,,,,,,,,,,,,,,,,,,,,,,,,,,,,,,,,,,,,,,,,,,,,,,,,,,
,,,,,,,,,,,,,,,,,,,,,,,,,,,,,,,,,,,,,,,,,,,,,,,,,,,,,,,,,,,,,,,,,,,,,,,,,,,,,,,,,,,,,,,,,,,,,,,,,,,,,,,,,,,,,,,,,,,,,,,,,,,,,,,,,,,,,,
,,,,,,,,,,,,,,,,,,,,,,,,,,,,,,,,,,,,,,,,,,,,,,,,,,,,,,,,,,,,,,,,,,,,,,,,,,,,,,,,,,,,,,,,,,,,,,,,,,,,,,,,,,,,,,,,,,,,,,,,,,,,,,,,,,,,,,
,,,,,,,,,,,,,,,,,,,,,,,,,,,,,,,,,,,,,,,,,,,,,,,,,,,,,,,,,,,,,,,,,,,,,,,,,,,,,,,,,,,,,,,,,,,,,,,,,,,,,,,,,,,,,,,,,,,,,,,,,,,,,,,,,,,,,,
,,,,,,,,,,,,,,,,,,,,,,,,,,,,,,,,,,,,,,,,,,,,,,,,,,,,,,,,,,,,,,,,,,,,,,,,,,,,,,,,,,,,,,,,,,,,,,,,,,,,,,,,,,,,,,,,,,,,,,,,,,,,,,,,,,,,,,
,,,,,,,,,,,,,,,,,,,,,,,,,,,,,,,,,,,,,,,,,,,,,,,,,,,,,,,,,,,,,,,,,,,,,,,,,,,,,,,,,,,,,,,,,,,,,,,,,,,,,,,,,,,,,,,,,,,,,,,,,,,,,,,,,,,,,,
,,,,,,,,,,,,,,,,,,,,,,,,,,,,,,,,,,,,,,,,,,,,,,,,,,,,,,,,,,,,,,,,,,,,,,,,,,,,,,,,,,,,,,,,,,,,,,,,,,,,,,,,,,,,,,,,,,,,,,,,,,,,,,,,,,,,,,
,,,,,,,,,,,,,,,,,,,,,,,,,,,,,,,,,,,,,,,,,,,,,,,,,,,,,,,,,,,,,,,,,,,,,,,,,,,,,,,,,,,,,,,,,,,,,,,,,,,,,,,,,,,,,,,,,,,,,,,,,,,,,,,,,,,,,,
,,,,,,,,,,,,,,,,,,,,,,,,,,,,,,,,,,,,,,,,,,,,,,,,,,,,,,,,,,,,,,,,,,,,,,,,,,,,,,,,,,,,,,,,,,,,,,,,,,,,,,,,,,,,,,,,,,,,,,,,,,,,,,,,,,,,,,
,,,,,,,,,,,,,,,,,,,,,,,,,,,,,,,,,,,,,,,,,,,,,,,,,,,,,,,,,,,,,,,,,,,,,,,,,,,,,,,,,,,,,,,,,,,,,,,,,,,,,,,,,,,,,,,,,,,,,,,,,,,,,,,,,,,,,,
,,,,,,,,,,,,,,,,,,,,,,,,,,,,,,,,,,,,,,,,,,,,,,,,,,,,,,,,,,,,,,,,,,,,,,,,,,,,,,,,,,,,,,,,,,,,,,,,,,,,,,,,,,,,,,,,,,,,,,,,,,,,,,,,,,,,,,
,,,,,,,,,,,,,,,,,,,,,,,,,,,,,,,,,,,,,,,,,,,,,,,,,,,,,,,,,,,,,,,,,,,,,,,,,,,,,,,,,,,,,,,,,,,,,,,,,,,,,,,,,,,,,,,,,,,,,,,,,,,,,,,,,,,,,,
,,,,,,,,,,,,,,,,,,,,,,,,,,,,,,,,,,,,,,,,,,,,,,,,,,,,,,,,,,,,,,,,,,,,,,,,,,,,,,,,,,,,,,,,,,,,,,,,,,,,,,,,,,,,,,,,,,,,,,,,,,,,,,,,,,,,,,
,,,,,,,,,,,,,,,,,,,,,,,,,,,,,,,,,,,,,,,,,,,,,,,,,,,,,,,,,,,,,,,,,,,,,,,,,,,,,,,,,,,,,,,,,,,,,,,,,,,,,,,,,,,,,,,,,,,,,,,,,,,,,,,,,,,,,,
,,,,,,,,,,,,,,,,,,,,,,,,,,,,,,,,,,,,,,,,,,,,,,,,,,,,,,,,,,,,,,,,,,,,,,,,,,,,,,,,,,,,,,,,,,,,,,,,,,,,,,,,,,,,,,,,,,,,,,,,,,,,,,,,,,,,,,
,,,,,,,,,,,,,,,,,,,,,,,,,,,,,,,,,,,,,,,,,,,,,,,,,,,,,,,,,,,,,,,,,,,,,,,,,,,,,,,,,,,,,,,,,,,,,,,,,,,,,,,,,,,,,,,,,,,,,,,,,,,,,,,,,,,,,,
,,,,,,,,,,,,,,,,,,,,,,,,,,,,,,,,,,,,,,,,,,,,,,,,,,,,,,,,,,,,,,,,,,,,,,,,,,,,,,,,,,,,,,,,,,,,,,,,,,,,,,,,,,,,,,,,,,,,,,,,,,,,,,,,,,,,,,
,,,,,,,,,,,,,,,,,,,,,,,,,,,,,,,,,,,,,,,,,,,,,,,,,,,,,,,,,,,,,,,,,,,,,,,,,,,,,,,,,,,,,,,,,,,,,,,,,,,,,,,,,,,,,,,,,,,,,,,,,,,,,,,,,,,,,,
,,,,,,,,,,,,,,,,,,,,,,,,,,,,,,,,,,,,,,,,,,,,,,,,,,,,,,,,,,,,,,,,,,,,,,,,,,,,,,,,,,,,,,,,,,,,,,,,,,,,,,,,,,,,,,,,,,,,,,,,,,,,,,,,,,,,,,
,,,,,,,,,,,,,,,,,,,,,,,,,,,,,,,,,,,,,,,,,,,,,,,,,,,,,,,,,,,,,,,,,,,,,,,,,,,,,,,,,,,,,,,,,,,,,,,,,,,,,,,,,,,,,,,,,,,,,,,,,,,,,,,,,,,,,,
,,,,,,,,,,,,,,,,,,,,,,,,,,,,,,,,,,,,,,,,,,,,,,,,,,,,,,,,,,,,,,,,,,,,,,,,,,,,,,,,,,,,,,,,,,,,,,,,,,,,,,,,,,,,,,,,,,,,,,,,,,,,,,,,,,,,,,
,,,,,,,,,,,,,,,,,,,,,,,,,,,,,,,,,,,,,,,,,,,,,,,,,,,,,,,,,,,,,,,,,,,,,,,,,,,,,,,,,,,,,,,,,,,,,,,,,,,,,,,,,,,,,,,,,,,,,,,,,,,,,,,,,,,,,,
,,,,,,,,,,,,,,,,,,,,,,,,,,,,,,,,,,,,,,,,,,,,,,,,,,,,,,,,,,,,,,,,,,,,,,,,,,,,,,,,,,,,,,,,,,,,,,,,,,,,,,,,,,,,,,,,,,,,,,,,,,,,,,,,,,,,,,
,,,,,,,,,,,,,,,,,,,,,,,,,,,,,,,,,,,,,,,,,,,,,,,,,,,,,,,,,,,,,,,,,,,,,,,,,,,,,,,,,,,,,,,,,,,,,,,,,,,,,,,,,,,,,,,,,,,,,,,,,,,,,,,,,,,,,,
,,,,,,,,,,,,,,,,,,,,,,,,,,,,,,,,,,,,,,,,,,,,,,,,,,,,,,,,,,,,,,,,,,,,,,,,,,,,,,,,,,,,,,,,,,,,,,,,,,,,,,,,,,,,,,,,,,,,,,,,,,,,,,,,,,,,,,
,,,,,,,,,,,,,,,,,,,,,,,,,,,,,,,,,,,,,,,,,,,,,,,,,,,,,,,,,,,,,,,,,,,,,,,,,,,,,,,,,,,,,,,,,,,,,,,,,,,,,,,,,,,,,,,,,,,,,,,,,,,,,,,,,,,,,,
,,,,,,,,,,,,,,,,,,,,,,,,,,,,,,,,,,,,,,,,,,,,,,,,,,,,,,,,,,,,,,,,,,,,,,,,,,,,,,,,,,,,,,,,,,,,,,,,,,,,,,,,,,,,,,,,,,,,,,,,,,,,,,,,,,,,,,
,,,,,,,,,,,,,,,,,,,,,,,,,,,,,,,,,,,,,,,,,,,,,,,,,,,,,,,,,,,,,,,,,,,,,,,,,,,,,,,,,,,,,,,,,,,,,,,,,,,,,,,,,,,,,,,,,,,,,,,,,,,,,,,,,,,,,,
,,,,,,,,,,,,,,,,,,,,,,,,,,,,,,,,,,,,,,,,,,,,,,,,,,,,,,,,,,,,,,,,,,,,,,,,,,,,,,,,,,,,,,,,,,,,,,,,,,,,,,,,,,,,,,,,,,,,,,,,,,,,,,,,,,,,,,
,,,,,,,,,,,,,,,,,,,,,,,,,,,,,,,,,,,,,,,,,,,,,,,,,,,,,,,,,,,,,,,,,,,,,,,,,,,,,,,,,,,,,,,,,,,,,,,,,,,,,,,,,,,,,,,,,,,,,,,,,,,,,,,,,,,,,,
,,,,,,,,,,,,,,,,,,,,,,,,,,,,,,,,,,,,,,,,,,,,,,,,,,,,,,,,,,,,,,,,,,,,,,,,,,,,,,,,,,,,,,,,,,,,,,,,,,,,,,,,,,,,,,,,,,,,,,,,,,,,,,,,,,,,,,
,,,,,,,,,,,,,,,,,,,,,,,,,,,,,,,,,,,,,,,,,,,,,,,,,,,,,,,,,,,,,,,,,,,,,,,,,,,,,,,,,,,,,,,,,,,,,,,,,,,,,,,,,,,,,,,,,,,,,,,,,,,,,,,,,,,,,,
,,,,,,,,,,,,,,,,,,,,,,,,,,,,,,,,,,,,,,,,,,,,,,,,,,,,,,,,,,,,,,,,,,,,,,,,,,,,,,,,,,,,,,,,,,,,,,,,,,,,,,,,,,,,,,,,,,,,,,,,,,,,,,,,,,,,,,
,,,,,,,,,,,,,,,,,,,,,,,,,,,,,,,,,,,,,,,,,,,,,,,,,,,,,,,,,,,,,,,,,,,,,,,,,,,,,,,,,,,,,,,,,,,,,,,,,,,,,,,,,,,,,,,,,,,,,,,,,,,,,,,,,,,,,,
,,,,,,,,,,,,,,,,,,,,,,,,,,,,,,,,,,,,,,,,,,,,,,,,,,,,,,,,,,,,,,,,,,,,,,,,,,,,,,,,,,,,,,,,,,,,,,,,,,,,,,,,,,,,,,,,,,,,,,,,,,,,,,,,,,,,,,
,,,,,,,,,,,,,,,,,,,,,,,,,,,,,,,,,,,,,,,,,,,,,,,,,,,,,,,,,,,,,,,,,,,,,,,,,,,,,,,,,,,,,,,,,,,,,,,,,,,,,,,,,,,,,,,,,,,,,,,,,,,,,,,,,,,,,,
,,,,,,,,,,,,,,,,,,,,,,,,,,,,,,,,,,,,,,,,,,,,,,,,,,,,,,,,,,,,,,,,,,,,,,,,,,,,,,,,,,,,,,,,,,,,,,,,,,,,,,,,,,,,,,,,,,,,,,,,,,,,,,,,,,,,,,
,,,,,,,,,,,,,,,,,,,,,,,,,,,,,,,,,,,,,,,,,,,,,,,,,,,,,,,,,,,,,,,,,,,,,,,,,,,,,,,,,,,,,,,,,,,,,,,,,,,,,,,,,,,,,,,,,,,,,,,,,,,,,,,,,,,,,,
,,,,,,,,,,,,,,,,,,,,,,,,,,,,,,,,,,,,,,,,,,,,,,,,,,,,,,,,,,,,,,,,,,,,,,,,,,,,,,,,,,,,,,,,,,,,,,,,,,,,,,,,,,,,,,,,,,,,,,,,,,,,,,,,,,,,,,
,,,,,,,,,,,,,,,,,,,,,,,,,,,,,,,,,,,,,,,,,,,,,,,,,,,,,,,,,,,,,,,,,,,,,,,,,,,,,,,,,,,,,,,,,,,,,,,,,,,,,,,,,,,,,,,,,,,,,,,,,,,,,,,,,,,,,,
,,,,,,,,,,,,,,,,,,,,,,,,,,,,,,,,,,,,,,,,,,,,,,,,,,,,,,,,,,,,,,,,,,,,,,,,,,,,,,,,,,,,,,,,,,,,,,,,,,,,,,,,,,,,,,,,,,,,,,,,,,,,,,,,,,,,,,
,,,,,,,,,,,,,,,,,,,,,,,,,,,,,,,,,,,,,,,,,,,,,,,,,,,,,,,,,,,,,,,,,,,,,,,,,,,,,,,,,,,,,,,,,,,,,,,,,,,,,,,,,,,,,,,,,,,,,,,,,,,,,,,,,,,,,,
,,,,,,,,,,,,,,,,,,,,,,,,,,,,,,,,,,,,,,,,,,,,,,,,,,,,,,,,,,,,,,,,,,,,,,,,,,,,,,,,,,,,,,,,,,,,,,,,,,,,,,,,,,,,,,,,,,,,,,,,,,,,,,,,,,,,,,
,,,,,,,,,,,,,,,,,,,,,,,,,,,,,,,,,,,,,,,,,,,,,,,,,,,,,,,,,,,,,,,,,,,,,,,,,,,,,,,,,,,,,,,,,,,,,,,,,,,,,,,,,,,,,,,,,,,,,,,,,,,,,,,,,,,,,,
,,,,,,,,,,,,,,,,,,,,,,,,,,,,,,,,,,,,,,,,,,,,,,,,,,,,,,,,,,,,,,,,,,,,,,,,,,,,,,,,,,,,,,,,,,,,,,,,,,,,,,,,,,,,,,,,,,,,,,,,,,,,,,,,,,,,,,
,,,,,,,,,,,,,,,,,,,,,,,,,,,,,,,,,,,,,,,,,,,,,,,,,,,,,,,,,,,,,,,,,,,,,,,,,,,,,,,,,,,,,,,,,,,,,,,,,,,,,,,,,,,,,,,,,,,,,,,,,,,,,,,,,,,,,,
,,,,,,,,,,,,,,,,,,,,,,,,,,,,,,,,,,,,,,,,,,,,,,,,,,,,,,,,,,,,,,,,,,,,,,,,,,,,,,,,,,,,,,,,,,,,,,,,,,,,,,,,,,,,,,,,,,,,,,,,,,,,,,,,,,,,,,
,,,,,,,,,,,,,,,,,,,,,,,,,,,,,,,,,,,,,,,,,,,,,,,,,,,,,,,,,,,,,,,,,,,,,,,,,,,,,,,,,,,,,,,,,,,,,,,,,,,,,,,,,,,,,,,,,,,,,,,,,,,,,,,,,,,,,,
,,,,,,,,,,,,,,,,,,,,,,,,,,,,,,,,,,,,,,,,,,,,,,,,,,,,,,,,,,,,,,,,,,,,,,,,,,,,,,,,,,,,,,,,,,,,,,,,,,,,,,,,,,,,,,,,,,,,,,,,,,,,,,,,,,,,,,
,,,,,,,,,,,,,,,,,,,,,,,,,,,,,,,,,,,,,,,,,,,,,,,,,,,,,,,,,,,,,,,,,,,,,,,,,,,,,,,,,,,,,,,,,,,,,,,,,,,,,,,,,,,,,,,,,,,,,,,,,,,,,,,,,,,,,,
,,,,,,,,,,,,,,,,,,,,,,,,,,,,,,,,,,,,,,,,,,,,,,,,,,,,,,,,,,,,,,,,,,,,,,,,,,,,,,,,,,,,,,,,,,,,,,,,,,,,,,,,,,,,,,,,,,,,,,,,,,,,,,,,,,,,,,
,,,,,,,,,,,,,,,,,,,,,,,,,,,,,,,,,,,,,,,,,,,,,,,,,,,,,,,,,,,,,,,,,,,,,,,,,,,,,,,,,,,,,,,,,,,,,,,,,,,,,,,,,,,,,,,,,,,,,,,,,,,,,,,,,,,,,,
,,,,,,,,,,,,,,,,,,,,,,,,,,,,,,,,,,,,,,,,,,,,,,,,,,,,,,,,,,,,,,,,,,,,,,,,,,,,,,,,,,,,,,,,,,,,,,,,,,,,,,,,,,,,,,,,,,,,,,,,,,,,,,,,,,,,,,
,,,,,,,,,,,,,,,,,,,,,,,,,,,,,,,,,,,,,,,,,,,,,,,,,,,,,,,,,,,,,,,,,,,,,,,,,,,,,,,,,,,,,,,,,,,,,,,,,,,,,,,,,,,,,,,,,,,,,,,,,,,,,,,,,,,,,,
,,,,,,,,,,,,,,,,,,,,,,,,,,,,,,,,,,,,,,,,,,,,,,,,,,,,,,,,,,,,,,,,,,,,,,,,,,,,,,,,,,,,,,,,,,,,,,,,,,,,,,,,,,,,,,,,,,,,,,,,,,,,,,,,,,,,,,
,,,,,,,,,,,,,,,,,,,,,,,,,,,,,,,,,,,,,,,,,,,,,,,,,,,,,,,,,,,,,,,,,,,,,,,,,,,,,,,,,,,,,,,,,,,,,,,,,,,,,,,,,,,,,,,,,,,,,,,,,,,,,,,,,,,,,,
,,,,,,,,,,,,,,,,,,,,,,,,,,,,,,,,,,,,,,,,,,,,,,,,,,,,,,,,,,,,,,,,,,,,,,,,,,,,,,,,,,,,,,,,,,,,,,,,,,,,,,,,,,,,,,,,,,,,,,,,,,,,,,,,,,,,,,
,,,,,,,,,,,,,,,,,,,,,,,,,,,,,,,,,,,,,,,,,,,,,,,,,,,,,,,,,,,,,,,,,,,,,,,,,,,,,,,,,,,,,,,,,,,,,,,,,,,,,,,,,,,,,,,,,,,,,,,,,,,,,,,,,,,,,,
,,,,,,,,,,,,,,,,,,,,,,,,,,,,,,,,,,,,,,,,,,,,,,,,,,,,,,,,,,,,,,,,,,,,,,,,,,,,,,,,,,,,,,,,,,,,,,,,,,,,,,,,,,,,,,,,,,,,,,,,,,,,,,,,,,,,,,
,,,,,,,,,,,,,,,,,,,,,,,,,,,,,,,,,,,,,,,,,,,,,,,,,,,,,,,,,,,,,,,,,,,,,,,,,,,,,,,,,,,,,,,,,,,,,,,,,,,,,,,,,,,,,,,,,,,,,,,,,,,,,,,,,,,,,,
,,,,,,,,,,,,,,,,,,,,,,,,,,,,,,,,,,,,,,,,,,,,,,,,,,,,,,,,,,,,,,,,,,,,,,,,,,,,,,,,,,,,,,,,,,,,,,,,,,,,,,,,,,,,,,,,,,,,,,,,,,,,,,,,,,,,,,
,,,,,,,,,,,,,,,,,,,,,,,,,,,,,,,,,,,,,,,,,,,,,,,,,,,,,,,,,,,,,,,,,,,,,,,,,,,,,,,,,,,,,,,,,,,,,,,,,,,,,,,,,,,,,,,,,,,,,,,,,,,,,,,,,,,,,,
,,,,,,,,,,,,,,,,,,,,,,,,,,,,,,,,,,,,,,,,,,,,,,,,,,,,,,,,,,,,,,,,,,,,,,,,,,,,,,,,,,,,,,,,,,,,,,,,,,,,,,,,,,,,,,,,,,,,,,,,,,,,,,,,,,,,,,
,,,,,,,,,,,,,,,,,,,,,,,,,,,,,,,,,,,,,,,,,,,,,,,,,,,,,,,,,,,,,,,,,,,,,,,,,,,,,,,,,,,,,,,,,,,,,,,,,,,,,,,,,,,,,,,,,,,,,,,,,,,,,,,,,,,,,,
,,,,,,,,,,,,,,,,,,,,,,,,,,,,,,,,,,,,,,,,,,,,,,,,,,,,,,,,,,,,,,,,,,,,,,,,,,,,,,,,,,,,,,,,,,,,,,,,,,,,,,,,,,,,,,,,,,,,,,,,,,,,,,,,,,,,,,
,,,,,,,,,,,,,,,,,,,,,,,,,,,,,,,,,,,,,,,,,,,,,,,,,,,,,,,,,,,,,,,,,,,,,,,,,,,,,,,,,,,,,,,,,,,,,,,,,,,,,,,,,,,,,,,,,,,,,,,,,,,,,,,,,,,,,,
,,,,,,,,,,,,,,,,,,,,,,,,,,,,,,,,,,,,,,,,,,,,,,,,,,,,,,,,,,,,,,,,,,,,,,,,,,,,,,,,,,,,,,,,,,,,,,,,,,,,,,,,,,,,,,,,,,,,,,,,,,,,,,,,,,,,,,
,,,,,,,,,,,,,,,,,,,,,,,,,,,,,,,,,,,,,,,,,,,,,,,,,,,,,,,,,,,,,,,,,,,,,,,,,,,,,,,,,,,,,,,,,,,,,,,,,,,,,,,,,,,,,,,,,,,,,,,,,,,,,,,,,,,,,,
,,,,,,,,,,,,,,,,,,,,,,,,,,,,,,,,,,,,,,,,,,,,,,,,,,,,,,,,,,,,,,,,,,,,,,,,,,,,,,,,,,,,,,,,,,,,,,,,,,,,,,,,,,,,,,,,,,,,,,,,,,,,,,,,,,,,,,
,,,,,,,,,,,,,,,,,,,,,,,,,,,,,,,,,,,,,,,,,,,,,,,,,,,,,,,,,,,,,,,,,,,,,,,,,,,,,,,,,,,,,,,,,,,,,,,,,,,,,,,,,,,,,,,,,,,,,,,,,,,,,,,,,,,,,,
,,,,,,,,,,,,,,,,,,,,,,,,,,,,,,,,,,,,,,,,,,,,,,,,,,,,,,,,,,,,,,,,,,,,,,,,,,,,,,,,,,,,,,,,,,,,,,,,,,,,,,,,,,,,,,,,,,,,,,,,,,,,,,,,,,,,,,
,,,,,,,,,,,,,,,,,,,,,,,,,,,,,,,,,,,,,,,,,,,,,,,,,,,,,,,,,,,,,,,,,,,,,,,,,,,,,,,,,,,,,,,,,,,,,,,,,,,,,,,,,,,,,,,,,,,,,,,,,,,,,,,,,,,,,,
,,,,,,,,,,,,,,,,,,,,,,,,,,,,,,,,,,,,,,,,,,,,,,,,,,,,,,,,,,,,,,,,,,,,,,,,,,,,,,,,,,,,,,,,,,,,,,,,,,,,,,,,,,,,,,,,,,,,,,,,,,,,,,,,,,,,,,
,,,,,,,,,,,,,,,,,,,,,,,,,,,,,,,,,,,,,,,,,,,,,,,,,,,,,,,,,,,,,,,,,,,,,,,,,,,,,,,,,,,,,,,,,,,,,,,,,,,,,,,,,,,,,,,,,,,,,,,,,,,,,,,,,,,,,,
,,,,,,,,,,,,,,,,,,,,,,,,,,,,,,,,,,,,,,,,,,,,,,,,,,,,,,,,,,,,,,,,,,,,,,,,,,,,,,,,,,,,,,,,,,,,,,,,,,,,,,,,,,,,,,,,,,,,,,,,,,,,,,,,,,,,,,
,,,,,,,,,,,,,,,,,,,,,,,,,,,,,,,,,,,,,,,,,,,,,,,,,,,,,,,,,,,,,,,,,,,,,,,,,,,,,,,,,,,,,,,,,,,,,,,,,,,,,,,,,,,,,,,,,,,,,,,,,,,,,,,,,,,,,,
,,,,,,,,,,,,,,,,,,,,,,,,,,,,,,,,,,,,,,,,,,,,,,,,,,,,,,,,,,,,,,,,,,,,,,,,,,,,,,,,,,,,,,,,,,,,,,,,,,,,,,,,,,,,,,,,,,,,,,,,,,,,,,,,,,,,,,
,,,,,,,,,,,,,,,,,,,,,,,,,,,,,,,,,,,,,,,,,,,,,,,,,,,,,,,,,,,,,,,,,,,,,,,,,,,,,,,,,,,,,,,,,,,,,,,,,,,,,,,,,,,,,,,,,,,,,,,,,,,,,,,,,,,,,,
,,,,,,,,,,,,,,,,,,,,,,,,,,,,,,,,,,,,,,,,,,,,,,,,,,,,,,,,,,,,,,,,,,,,,,,,,,,,,,,,,,,,,,,,,,,,,,,,,,,,,,,,,,,,,,,,,,,,,,,,,,,,,,,,,,,,,,
,,,,,,,,,,,,,,,,,,,,,,,,,,,,,,,,,,,,,,,,,,,,,,,,,,,,,,,,,,,,,,,,,,,,,,,,,,,,,,,,,,,,,,,,,,,,,,,,,,,,,,,,,,,,,,,,,,,,,,,,,,,,,,,,,,,,,,
,,,,,,,,,,,,,,,,,,,,,,,,,,,,,,,,,,,,,,,,,,,,,,,,,,,,,,,,,,,,,,,,,,,,,,,,,,,,,,,,,,,,,,,,,,,,,,,,,,,,,,,,,,,,,,,,,,,,,,,,,,,,,,,,,,,,,,
,,,,,,,,,,,,,,,,,,,,,,,,,,,,,,,,,,,,,,,,,,,,,,,,,,,,,,,,,,,,,,,,,,,,,,,,,,,,,,,,,,,,,,,,,,,,,,,,,,,,,,,,,,,,,,,,,,,,,,,,,,,,,,,,,,,,,,
,,,,,,,,,,,,,,,,,,,,,,,,,,,,,,,,,,,,,,,,,,,,,,,,,,,,,,,,,,,,,,,,,,,,,,,,,,,,,,,,,,,,,,,,,,,,,,,,,,,,,,,,,,,,,,,,,,,,,,,,,,,,,,,,,,,,,,
,,,,,,,,,,,,,,,,,,,,,,,,,,,,,,,,,,,,,,,,,,,,,,,,,,,,,,,,,,,,,,,,,,,,,,,,,,,,,,,,,,,,,,,,,,,,,,,,,,,,,,,,,,,,,,,,,,,,,,,,,,,,,,,,,,,,,,
,,,,,,,,,,,,,,,,,,,,,,,,,,,,,,,,,,,,,,,,,,,,,,,,,,,,,,,,,,,,,,,,,,,,,,,,,,,,,,,,,,,,,,,,,,,,,,,,,,,,,,,,,,,,,,,,,,,,,,,,,,,,,,,,,,,,,,
,,,,,,,,,,,,,,,,,,,,,,,,,,,,,,,,,,,,,,,,,,,,,,,,,,,,,,,,,,,,,,,,,,,,,,,,,,,,,,,,,,,,,,,,,,,,,,,,,,,,,,,,,,,,,,,,,,,,,,,,,,,,,,,,,,,,,,
,,,,,,,,,,,,,,,,,,,,,,,,,,,,,,,,,,,,,,,,,,,,,,,,,,,,,,,,,,,,,,,,,,,,,,,,,,,,,,,,,,,,,,,,,,,,,,,,,,,,,,,,,,,,,,,,,,,,,,,,,,,,,,,,,,,,,,
,,,,,,,,,,,,,,,,,,,,,,,,,,,,,,,,,,,,,,,,,,,,,,,,,,,,,,,,,,,,,,,,,,,,,,,,,,,,,,,,,,,,,,,,,,,,,,,,,,,,,,,,,,,,,,,,,,,,,,,,,,,,,,,,,,,,,,
,,,,,,,,,,,,,,,,,,,,,,,,,,,,,,,,,,,,,,,,,,,,,,,,,,,,,,,,,,,,,,,,,,,,,,,,,,,,,,,,,,,,,,,,,,,,,,,,,,,,,,,,,,,,,,,,,,,,,,,,,,,,,,,,,,,,,,
,,,,,,,,,,,,,,,,,,,,,,,,,,,,,,,,,,,,,,,,,,,,,,,,,,,,,,,,,,,,,,,,,,,,,,,,,,,,,,,,,,,,,,,,,,,,,,,,,,,,,,,,,,,,,,,,,,,,,,,,,,,,,,,,,,,,,,
,,,,,,,,,,,,,,,,,,,,,,,,,,,,,,,,,,,,,,,,,,,,,,,,,,,,,,,,,,,,,,,,,,,,,,,,,,,,,,,,,,,,,,,,,,,,,,,,,,,,,,,,,,,,,,,,,,,,,,,,,,,,,,,,,,,,,,
,,,,,,,,,,,,,,,,,,,,,,,,,,,,,,,,,,,,,,,,,,,,,,,,,,,,,,,,,,,,,,,,,,,,,,,,,,,,,,,,,,,,,,,,,,,,,,,,,,,,,,,,,,,,,,,,,,,,,,,,,,,,,,,,,,,,,,
,,,,,,,,,,,,,,,,,,,,,,,,,,,,,,,,,,,,,,,,,,,,,,,,,,,,,,,,,,,,,,,,,,,,,,,,,,,,,,,,,,,,,,,,,,,,,,,,,,,,,,,,,,,,,,,,,,,,,,,,,,,,,,,,,,,,,,
,,,,,,,,,,,,,,,,,,,,,,,,,,,,,,,,,,,,,,,,,,,,,,,,,,,,,,,,,,,,,,,,,,,,,,,,,,,,,,,,,,,,,,,,,,,,,,,,,,,,,,,,,,,,,,,,,,,,,,,,,,,,,,,,,,,,,,
,,,,,,,,,,,,,,,,,,,,,,,,,,,,,,,,,,,,,,,,,,,,,,,,,,,,,,,,,,,,,,,,,,,,,,,,,,,,,,,,,,,,,,,,,,,,,,,,,,,,,,,,,,,,,,,,,,,,,,,,,,,,,,,,,,,,,,
,,,,,,,,,,,,,,,,,,,,,,,,,,,,,,,,,,,,,,,,,,,,,,,,,,,,,,,,,,,,,,,,,,,,,,,,,,,,,,,,,,,,,,,,,,,,,,,,,,,,,,,,,,,,,,,,,,,,,,,,,,,,,,,,,,,,,,
,,,,,,,,,,,,,,,,,,,,,,,,,,,,,,,,,,,,,,,,,,,,,,,,,,,,,,,,,,,,,,,,,,,,,,,,,,,,,,,,,,,,,,,,,,,,,,,,,,,,,,,,,,,,,,,,,,,,,,,,,,,,,,,,,,,,,,
,,,,,,,,,,,,,,,,,,,,,,,,,,,,,,,,,,,,,,,,,,,,,,,,,,,,,,,,,,,,,,,,,,,,,,,,,,,,,,,,,,,,,,,,,,,,,,,,,,,,,,,,,,,,,,,,,,,,,,,,,,,,,,,,,,,,,,
,,,,,,,,,,,,,,,,,,,,,,,,,,,,,,,,,,,,,,,,,,,,,,,,,,,,,,,,,,,,,,,,,,,,,,,,,,,,,,,,,,,,,,,,,,,,,,,,,,,,,,,,,,,,,,,,,,,,,,,,,,,,,,,,,,,,,,
,,,,,,,,,,,,,,,,,,,,,,,,,,,,,,,,,,,,,,,,,,,,,,,,,,,,,,,,,,,,,,,,,,,,,,,,,,,,,,,,,,,,,,,,,,,,,,,,,,,,,,,,,,,,,,,,,,,,,,,,,,,,,,,,,,,,,,
,,,,,,,,,,,,,,,,,,,,,,,,,,,,,,,,,,,,,,,,,,,,,,,,,,,,,,,,,,,,,,,,,,,,,,,,,,,,,,,,,,,,,,,,,,,,,,,,,,,,,,,,,,,,,,,,,,,,,,,,,,,,,,,,,,,,,,
,,,,,,,,,,,,,,,,,,,,,,,,,,,,,,,,,,,,,,,,,,,,,,,,,,,,,,,,,,,,,,,,,,,,,,,,,,,,,,,,,,,,,,,,,,,,,,,,,,,,,,,,,,,,,,,,,,,,,,,,,,,,,,,,,,,,,,
,,,,,,,,,,,,,,,,,,,,,,,,,,,,,,,,,,,,,,,,,,,,,,,,,,,,,,,,,,,,,,,,,,,,,,,,,,,,,,,,,,,,,,,,,,,,,,,,,,,,,,,,,,,,,,,,,,,,,,,,,,,,,,,,,,,,,,
,,,,,,,,,,,,,,,,,,,,,,,,,,,,,,,,,,,,,,,,,,,,,,,,,,,,,,,,,,,,,,,,,,,,,,,,,,,,,,,,,,,,,,,,,,,,,,,,,,,,,,,,,,,,,,,,,,,,,,,,,,,,,,,,,,,,,,
,,,,,,,,,,,,,,,,,,,,,,,,,,,,,,,,,,,,,,,,,,,,,,,,,,,,,,,,,,,,,,,,,,,,,,,,,,,,,,,,,,,,,,,,,,,,,,,,,,,,,,,,,,,,,,,,,,,,,,,,,,,,,,,,,,,,,,
,,,,,,,,,,,,,,,,,,,,,,,,,,,,,,,,,,,,,,,,,,,,,,,,,,,,,,,,,,,,,,,,,,,,,,,,,,,,,,,,,,,,,,,,,,,,,,,,,,,,,,,,,,,,,,,,,,,,,,,,,,,,,,,,,,,,,,
,,,,,,,,,,,,,,,,,,,,,,,,,,,,,,,,,,,,,,,,,,,,,,,,,,,,,,,,,,,,,,,,,,,,,,,,,,,,,,,,,,,,,,,,,,,,,,,,,,,,,,,,,,,,,,,,,,,,,,,,,,,,,,,,,,,,,,
,,,,,,,,,,,,,,,,,,,,,,,,,,,,,,,,,,,,,,,,,,,,,,,,,,,,,,,,,,,,,,,,,,,,,,,,,,,,,,,,,,,,,,,,,,,,,,,,,,,,,,,,,,,,,,,,,,,,,,,,,,,,,,,,,,,,,,
,,,,,,,,,,,,,,,,,,,,,,,,,,,,,,,,,,,,,,,,,,,,,,,,,,,,,,,,,,,,,,,,,,,,,,,,,,,,,,,,,,,,,,,,,,,,,,,,,,,,,,,,,,,,,,,,,,,,,,,,,,,,,,,,,,,,,,
,,,,,,,,,,,,,,,,,,,,,,,,,,,,,,,,,,,,,,,,,,,,,,,,,,,,,,,,,,,,,,,,,,,,,,,,,,,,,,,,,,,,,,,,,,,,,,,,,,,,,,,,,,,,,,,,,,,,,,,,,,,,,,,,,,,,,,
,,,,,,,,,,,,,,,,,,,,,,,,,,,,,,,,,,,,,,,,,,,,,,,,,,,,,,,,,,,,,,,,,,,,,,,,,,,,,,,,,,,,,,,,,,,,,,,,,,,,,,,,,,,,,,,,,,,,,,,,,,,,,,,,,,,,,,
,,,,,,,,,,,,,,,,,,,,,,,,,,,,,,,,,,,,,,,,,,,,,,,,,,,,,,,,,,,,,,,,,,,,,,,,,,,,,,,,,,,,,,,,,,,,,,,,,,,,,,,,,,,,,,,,,,,,,,,,,,,,,,,,,,,,,,
,,,,,,,,,,,,,,,,,,,,,,,,,,,,,,,,,,,,,,,,,,,,,,,,,,,,,,,,,,,,,,,,,,,,,,,,,,,,,,,,,,,,,,,,,,,,,,,,,,,,,,,,,,,,,,,,,,,,,,,,,,,,,,,,,,,,,,
,,,,,,,,,,,,,,,,,,,,,,,,,,,,,,,,,,,,,,,,,,,,,,,,,,,,,,,,,,,,,,,,,,,,,,,,,,,,,,,,,,,,,,,,,,,,,,,,,,,,,,,,,,,,,,,,,,,,,,,,,,,,,,,,,,,,,,
,,,,,,,,,,,,,,,,,,,,,,,,,,,,,,,,,,,,,,,,,,,,,,,,,,,,,,,,,,,,,,,,,,,,,,,,,,,,,,,,,,,,,,,,,,,,,,,,,,,,,,,,,,,,,,,,,,,,,,,,,,,,,,,,,,,"2,380",,,
